{"id": 524925050739490816, "id_str": "524925050739490816", "urls": [{"expanded_url": "http://www.cbc.ca/1.2808710", "url": "http://t.co/pp6hcfWcRw"}], "user": {"geo_enabled": true, "url": "http://t.co/ZLZObOnET1", "favourites_count": 5895, "profile_banner_url": "https://pbs.twimg.com/profile_banners/6433472/1400096610", "name": "CBC News", "profile_image_url_https": "https://pbs.twimg.com/profile_images/957919598749323264/NuYdCE6a_normal.jpg", "created_at": "Wed May 30 05:20:39 +0000 2007", "screen_name": "CBCNews", "followers_count": 2638929, "listed_count": 14329, "description": "Canadian breaking news and analysis from CBCNews.ca, TV and radio.", "id_str": "6433472", "lang": "en", "statuses_count": 204823, "profile_sidebar_fill_color": "FFF7CC", "location": "Canada", "profile_background_image_url": "http://abs.twimg.com/images/themes/theme1/bg.png", "profile_text_color": "0C3E53", "profile_sidebar_border_color": "F2E195", "profile_background_color": "000000", "id": 6433472, "verified": true, "friends_count": 972, "profile_image_url": "http://pbs.twimg.com/profile_images/957919598749323264/NuYdCE6a_normal.jpg", "profile_use_background_image": true, "profile_background_image_url_https": "https://abs.twimg.com/images/themes/theme1/bg.png", "profile_link_color": "FF0000"}, "source": "<a href=\"https://about.twitter.com/products/tweetdeck\" rel=\"nofollow\">TweetDeck</a>", "user_mentions": [], "retweet_count": 244, "created_at": "Wed Oct 22 14:07:39 +0000 2014", "text": "BREAKING NEWS: Soldier shot at National War Memorial in Ottawa http://t.co/pp6hcfWcRw", "hashtags": [], "lang": "en", "favorite_count": 40}