{"id": 524933596113801218, "id_str": "524933596113801218", "urls": [], "user": {"geo_enabled": true, "favourites_count": 634, "profile_sidebar_border_color": "C0DEED", "name": "annie leblanc", "profile_image_url_https": "https://pbs.twimg.com/profile_images/969289202318929926/9sBwHVHs_normal.jpg", "created_at": "Mon May 09 01:57:36 +0000 2011", "screen_name": "annie_mmeAnnie", "default_profile": true, "followers_count": 213, "description": "Teacher/Kindergarten/Primary Core French", "id_str": "295451046", "lang": "fr", "statuses_count": 675, "profile_sidebar_fill_color": "DDEEF6", "profile_background_image_url": "http://abs.twimg.com/images/themes/theme1/bg.png", "profile_text_color": "333333", "profile_banner_url": "https://pbs.twimg.com/profile_banners/295451046/1519931684", "profile_background_color": "C0DEED", "id": 295451046, "friends_count": 190, "profile_image_url": "http://pbs.twimg.com/profile_images/969289202318929926/9sBwHVHs_normal.jpg", "profile_use_background_image": true, "profile_background_image_url_https": "https://abs.twimg.com/images/themes/theme1/bg.png", "profile_link_color": "1DA1F2"}, "user_mentions": [{"id": 8736882, "screen_name": "globeandmail", "name": "The Globe and Mail", "id_str": "8736882"}], "created_at": "Wed Oct 22 14:41:36 +0000 2014", "in_reply_to_status_id": 524925215235911680, "in_reply_to_user_id": 8736882, "text": "@globeandmail", "hashtags": [], "lang": "und", "in_reply_to_screen_name": "globeandmail", "source": "<a href=\"http://twitter.com/download/iphone\" rel=\"nofollow\">Twitter for iPhone</a>"}