{"id": 524933104742723584, "id_str": "524933104742723584", "urls": [], "user": {"profile_text_color": "000000", "id_str": "37632713", "url": "http://t.co/l36e2estQD", "favourites_count": 2421, "profile_sidebar_border_color": "3BAAFF", "name": "Alistair Canlin", "profile_image_url_https": "https://pbs.twimg.com/profile_images/1595193796/04df5833f80e4353a239183392cb6a61_7_normal.jpg", "profile_link_color": "3BAAFF", "screen_name": "alcanlin", "followers_count": 1177, "description": "A struggling writer, who might very well be the next big thing, but I'll have to leave that to you to decide", "created_at": "Mon May 04 10:19:28 +0000 2009", "lang": "en", "profile_background_tile": true, "profile_sidebar_fill_color": "C7DEEF", "profile_background_image_url": "http://abs.twimg.com/images/themes/theme8/bg.gif", "listed_count": 147, "profile_banner_url": "https://pbs.twimg.com/profile_banners/37632713/1371160370", "profile_background_color": "3BAAFF", "id": 37632713, "friends_count": 790, "profile_image_url": "http://pbs.twimg.com/profile_images/1595193796/04df5833f80e4353a239183392cb6a61_7_normal.jpg", "profile_use_background_image": true, "profile_background_image_url_https": "https://abs.twimg.com/images/themes/theme8/bg.gif", "statuses_count": 83117}, "user_mentions": [{"id": 22872643, "screen_name": "kellyoxford", "name": "kelly oxford", "id_str": "22872643"}], "created_at": "Wed Oct 22 14:39:39 +0000 2014", "in_reply_to_status_id": 524932935137628160, "in_reply_to_user_id": 22872643, "text": "@kellyoxford Oh Canada\u2026.", "hashtags": [], "lang": "es", "in_reply_to_screen_name": "kellyoxford", "source": "<a href=\"https://about.twitter.com/products/tweetdeck\" rel=\"nofollow\">TweetDeck</a>"}