{"id": 524967134339022848, "id_str": "524967134339022848", "urls": [], "user": {"geo_enabled": true, "url": "https://t.co/eEIhW2pl2Q", "favourites_count": 12959, "profile_sidebar_border_color": "EEEEEE", "name": "L.M.Pothier \ud83c\udde8\ud83c\udde6", "profile_image_url_https": "https://pbs.twimg.com/profile_images/729725560964796417/OITbuodZ_normal.jpg", "created_at": "Sat Oct 25 02:25:32 +0000 2008", "screen_name": "louern", "followers_count": 434, "listed_count": 10, "description": "i have no brand. i am not afraid. ENTJ raised right. more opinions than Fran Lebowitz.", "id_str": "16960958", "lang": "en", "statuses_count": 17614, "profile_sidebar_fill_color": "F6F6F6", "location": "RT means not much", "profile_background_image_url": "http://abs.twimg.com/images/themes/theme18/bg.gif", "profile_text_color": "333333", "profile_banner_url": "https://pbs.twimg.com/profile_banners/16960958/1507911337", "profile_background_color": "ACDED6", "id": 16960958, "friends_count": 1044, "profile_image_url": "http://pbs.twimg.com/profile_images/729725560964796417/OITbuodZ_normal.jpg", "profile_use_background_image": true, "profile_background_image_url_https": "https://abs.twimg.com/images/themes/theme18/bg.gif", "profile_link_color": "038543"}, "user_mentions": [{"id": 109892126, "screen_name": "TheKirkness", "name": ".", "id_str": "109892126"}], "created_at": "Wed Oct 22 16:54:52 +0000 2014", "in_reply_to_status_id": 524966987169292288, "in_reply_to_user_id": 109892126, "text": "@TheKirkness Radio Canada tweeting same. must be true :-(", "hashtags": [], "lang": "en", "in_reply_to_screen_name": "TheKirkness", "source": "<a href=\"http://twitter.com\" rel=\"nofollow\">Twitter Web Client</a>"}