{"id": 524980744658382848, "id_str": "524980744658382848", "urls": [{"expanded_url": "http://cbc.ca/1.2808710", "url": "http://t.co/kngapKTSCe"}], "user": {"id_str": "19038934", "url": "http://t.co/vAXH6cjeS8", "listed_count": 8271, "name": "CBC News Alerts", "profile_image_url_https": "https://pbs.twimg.com/profile_images/563807705530245120/92toBEKN_normal.jpeg", "created_at": "Thu Jan 15 21:03:19 +0000 2009", "screen_name": "CBCAlerts", "followers_count": 1111328, "description": "Breaking national and international news alerts from CBC News, Canada's TV, radio, online and social media news leader.", "lang": "en", "statuses_count": 113303, "profile_sidebar_fill_color": "FFF7CC", "location": "Toronto", "profile_background_image_url": "http://abs.twimg.com/images/themes/theme7/bg.gif", "profile_text_color": "0C3E53", "profile_sidebar_border_color": "F2E195", "profile_background_color": "000000", "id": 19038934, "verified": true, "friends_count": 585, "profile_image_url": "http://pbs.twimg.com/profile_images/563807705530245120/92toBEKN_normal.jpeg", "profile_use_background_image": true, "profile_background_image_url_https": "https://abs.twimg.com/images/themes/theme7/bg.gif", "profile_link_color": "FF0000"}, "source": "<a href=\"http://twitter.com\" rel=\"nofollow\">Twitter Web Client</a>", "user_mentions": [], "retweet_count": 194, "created_at": "Wed Oct 22 17:48:57 +0000 2014", "text": "#RCMP to hold news conference on #Ottawa shootings at 2 pm ET, 11 am PT. Watch live coverage @ http://t.co/kngapKTSCe", "hashtags": [{"text": "RCMP"}, {"text": "Ottawa"}], "lang": "en", "favorite_count": 53}