{"created_at": "Wed Oct 22 20:40:09 +0000 2014", "id": 525023827513069568, "id_str": "525023827513069568", "urls": [], "text": "@ArmedResearch @xSkylaStarx gross answer", "user": {"id_str": "369318439", "location": "USA", "favourites_count": 25027, "profile_sidebar_border_color": "C0DEED", "name": "d\u00e9bb", "profile_image_url_https": "https://pbs.twimg.com/profile_images/919130168614096897/7B_3_YX2_normal.jpg", "created_at": "Wed Sep 07 04:31:32 +0000 2011", "screen_name": "olfashdeb", "default_profile": true, "followers_count": 7288, "listed_count": 306, "description": "For the underdog..I have your back #Autism #Justice #Truth #Privacy", "lang": "en", "statuses_count": 162849, "profile_sidebar_fill_color": "DDEEF6", "profile_background_image_url": "http://abs.twimg.com/images/themes/theme1/bg.png", "profile_text_color": "333333", "profile_banner_url": "https://pbs.twimg.com/profile_banners/369318439/1348939421", "profile_background_color": "C0DEED", "id": 369318439, "friends_count": 8009, "profile_image_url": "http://pbs.twimg.com/profile_images/919130168614096897/7B_3_YX2_normal.jpg", "profile_use_background_image": true, "profile_background_image_url_https": "https://abs.twimg.com/images/themes/theme1/bg.png", "profile_link_color": "1DA1F2"}, "hashtags": [], "lang": "en", "source": "<a href=\"http://twitter.com/download/iphone\" rel=\"nofollow\">Twitter for iPhone</a>", "user_mentions": [{"id": 2836793474, "screen_name": "xSkylaStarx", "name": "Skyla Star", "id_str": "2836793474"}]}