{"created_at": "Wed Oct 22 20:38:39 +0000 2014", "id": 525023449262333952, "id_str": "525023449262333952", "urls": [], "text": "@ArmedResearch \n\nBBC News - Mr Merizier said that the attacker was of \"Arabic appearance\" and had \"long dark hair and a beard\".", "user": {"id_str": "50524794", "url": "http://t.co/IfxqznAEQn", "favourites_count": 3, "profile_sidebar_border_color": "000000", "name": "Shane Mattenley", "profile_image_url_https": "https://pbs.twimg.com/profile_images/629727494833315840/tHFp1Usp_normal.jpg", "created_at": "Thu Jun 25 02:33:59 +0000 2009", "screen_name": "mattenleys", "followers_count": 65, "description": "A man who endeavors to live to for the right things and die to everything else.", "lang": "en", "statuses_count": 167, "profile_sidebar_fill_color": "000000", "location": "Okanagan-Similkameen", "profile_background_image_url": "http://abs.twimg.com/images/themes/theme13/bg.gif", "profile_text_color": "000000", "profile_banner_url": "https://pbs.twimg.com/profile_banners/50524794/1438982944", "profile_background_color": "000000", "id": 50524794, "friends_count": 14, "profile_image_url": "http://pbs.twimg.com/profile_images/629727494833315840/tHFp1Usp_normal.jpg", "profile_background_image_url_https": "https://abs.twimg.com/images/themes/theme13/bg.gif", "profile_link_color": "FFCC4D"}, "hashtags": [], "lang": "en", "source": "<a href=\"http://twitter.com\" rel=\"nofollow\">Twitter Web Client</a>", "user_mentions": []}