{"id": 544292184476758016, "id_str": "544292184476758016", "urls": [], "user": {"profile_text_color": "333333", "id_str": "26543707", "favourites_count": 3129, "profile_sidebar_border_color": "C0DEED", "name": "dunking dad", "profile_image_url_https": "https://pbs.twimg.com/profile_images/554611092538679296/zRELPN2Y_normal.jpeg", "created_at": "Wed Mar 25 17:29:08 +0000 2009", "screen_name": "dunkingdad", "default_profile": true, "followers_count": 1658, "description": "Consumer. Regrets, I 'ave 'em.", "lang": "en", "statuses_count": 96853, "profile_sidebar_fill_color": "DDEEF6", "profile_background_image_url": "http://abs.twimg.com/images/themes/theme1/bg.png", "listed_count": 71, "profile_banner_url": "https://pbs.twimg.com/profile_banners/26543707/1446696118", "profile_background_color": "C0DEED", "id": 26543707, "friends_count": 1970, "profile_image_url": "http://pbs.twimg.com/profile_images/554611092538679296/zRELPN2Y_normal.jpeg", "profile_use_background_image": true, "profile_background_image_url_https": "https://abs.twimg.com/images/themes/theme1/bg.png", "profile_link_color": "1DA1F2"}, "user_mentions": [{"id": 52327900, "screen_name": "SharriMarkson", "name": "Sharri Markson", "id_str": "52327900"}], "created_at": "Mon Dec 15 00:45:43 +0000 2014", "in_reply_to_status_id": 544291965513134080, "in_reply_to_user_id": 52327900, "text": "What is wrong with you @SharriMarkson?", "hashtags": [], "lang": "en", "in_reply_to_screen_name": "SharriMarkson", "favorite_count": 3, "source": "<a href=\"http://twitter.com/download/iphone\" rel=\"nofollow\">Twitter for iPhone</a>"}