{"id": 544280357760024576, "id_str": "544280357760024576", "urls": [], "user": {"id_str": "2351613186", "location": "Australia", "favourites_count": 73, "profile_sidebar_border_color": "C0DEED", "name": "Ann Droz", "profile_image_url_https": "https://pbs.twimg.com/profile_images/436120889533288449/zREotgBd_normal.jpeg", "created_at": "Wed Feb 19 12:30:20 +0000 2014", "screen_name": "DrozAnn", "default_profile": true, "followers_count": 24, "listed_count": 1, "description": "Humanitarian, Philosopher, Chef", "lang": "en", "statuses_count": 551, "profile_sidebar_fill_color": "DDEEF6", "profile_background_image_url": "http://abs.twimg.com/images/themes/theme1/bg.png", "profile_text_color": "333333", "profile_banner_url": "https://pbs.twimg.com/profile_banners/2351613186/1413936074", "profile_background_color": "C0DEED", "id": 2351613186, "friends_count": 61, "profile_image_url": "http://pbs.twimg.com/profile_images/436120889533288449/zREotgBd_normal.jpeg", "profile_use_background_image": true, "profile_background_image_url_https": "https://abs.twimg.com/images/themes/theme1/bg.png", "profile_link_color": "1DA1F2"}, "user_mentions": [{"id": 16834659, "screen_name": "SkyNewsAust", "name": "Sky News Australia", "id_str": "16834659"}, {"id": 1269181292, "screen_name": "liztilley84", "name": "Elizabeth Tilley", "id_str": "1269181292"}], "retweet_count": 1, "created_at": "Sun Dec 14 23:58:44 +0000 2014", "in_reply_to_status_id": 544277117039837184, "in_reply_to_user_id": 16834659, "text": "@SkyNewsAust @liztilley84 there is something really wrong with these people. Export them back.", "hashtags": [], "lang": "en", "in_reply_to_screen_name": "SkyNewsAust", "favorite_count": 1, "source": "<a href=\"http://twitter.com/download/iphone\" rel=\"nofollow\">Twitter for iPhone</a>"}