{"id": 544277836891033600, "id_str": "544277836891033600", "urls": [], "user": {"geo_enabled": true, "location": "New South Wales, Australia", "favourites_count": 3610, "profile_sidebar_border_color": "C0DEED", "name": "LisaH2610", "profile_image_url_https": "https://pbs.twimg.com/profile_images/911454016525103104/NVVEwMzZ_normal.jpg", "created_at": "Sat Jun 14 02:15:59 +0000 2014", "screen_name": "LisaH12138", "default_profile": true, "followers_count": 75, "listed_count": 5, "description": "Parramatta Eels & GWS Giants fan living in the Illawarra, Master of Professional Accounting Graduate", "id_str": "2566291015", "lang": "en", "statuses_count": 4058, "profile_sidebar_fill_color": "DDEEF6", "profile_background_image_url": "http://abs.twimg.com/images/themes/theme1/bg.png", "profile_text_color": "333333", "profile_banner_url": "https://pbs.twimg.com/profile_banners/2566291015/1506145436", "profile_background_color": "C0DEED", "id": 2566291015, "friends_count": 650, "profile_image_url": "http://pbs.twimg.com/profile_images/911454016525103104/NVVEwMzZ_normal.jpg", "profile_use_background_image": true, "profile_background_image_url_https": "https://abs.twimg.com/images/themes/theme1/bg.png", "profile_link_color": "1DA1F2"}, "user_mentions": [{"id": 16834659, "screen_name": "SkyNewsAust", "name": "Sky News Australia", "id_str": "16834659"}, {"id": 1269181292, "screen_name": "liztilley84", "name": "Elizabeth Tilley", "id_str": "1269181292"}], "created_at": "Sun Dec 14 23:48:43 +0000 2014", "in_reply_to_status_id": 544277117039837184, "in_reply_to_user_id": 16834659, "text": "@SkyNewsAust @liztilley84 \n\nWho cares about the flag, the people being held hostage are more important.", "hashtags": [], "lang": "en", "in_reply_to_screen_name": "SkyNewsAust", "favorite_count": 1, "source": "<a href=\"http://twitter.com/#!/download/ipad\" rel=\"nofollow\">Twitter for iPad</a>"}