{"id": 544287943175983104, "id_str": "544287943175983104", "urls": [{"expanded_url": "http://news.sky.com/story/1391978/live-updates-siege-in-sydney-cafe", "url": "http://t.co/YiKuQUAAWI"}], "user": {"geo_enabled": true, "location": "I s\u00e2y", "favourites_count": 105589, "profile_sidebar_border_color": "BDDCAD", "name": "Ze t\u00eappd\u0646de", "profile_image_url_https": "https://pbs.twimg.com/profile_images/762741517752623104/qSITHVsS_normal.jpg", "created_at": "Sat Nov 15 01:39:06 +0000 2008", "screen_name": "teppdude", "followers_count": 2848, "listed_count": 473, "description": "Pol, \u00c9co, A\u00e9ro. Pilote un liner autour du monde. #Lib\u00e9ral #ThksNS, \u2764\ufe0f64, \ud83c\uddeb\ud83c\uddf7, \ud83c\uddec\ud83c\udde7,\ud83c\uddea\ud83c\uddf8, \ud83c\uddeb\ud83c\uddee. #MSKRUK101 #GoNavy RT not Approval. #NoFN #McGillDad", "id_str": "17400044", "lang": "en", "statuses_count": 294931, "profile_sidebar_fill_color": "DDFFCC", "profile_background_image_url": "http://abs.twimg.com/images/themes/theme1/bg.png", "profile_text_color": "333333", "profile_banner_url": "https://pbs.twimg.com/profile_banners/17400044/1471825299", "profile_background_color": "5858B3", "id": 17400044, "friends_count": 1907, "profile_image_url": "http://pbs.twimg.com/profile_images/762741517752623104/qSITHVsS_normal.jpg", "profile_use_background_image": true, "profile_background_image_url_https": "https://abs.twimg.com/images/themes/theme1/bg.png", "profile_link_color": "0084B4"}, "user_mentions": [{"id": 7587032, "screen_name": "SkyNews", "name": "Sky News", "id_str": "7587032"}], "created_at": "Mon Dec 15 00:28:52 +0000 2014", "in_reply_to_status_id": 544283772569788416, "in_reply_to_user_id": 7587032, "text": "\u201c@SkyNews: Live Updates: Siege in Sydney Cafe http://t.co/YiKuQUAAWI\u201d", "hashtags": [], "lang": "en", "in_reply_to_screen_name": "SkyNews", "source": "<a href=\"http://twitter.com/download/iphone\" rel=\"nofollow\">Twitter for iPhone</a>"}