{"id": 544352859773755392, "id_str": "544352859773755392", "urls": [], "user": {"geo_enabled": true, "location": "Brasil", "favourites_count": 56628, "profile_banner_url": "https://pbs.twimg.com/profile_banners/1085149063/1537074788", "name": "Lannes Del rey  1\ufe0f\u20e33\ufe0f\u20e3", "profile_image_url_https": "https://pbs.twimg.com/profile_images/1035008104642105344/CIS-ooiw_normal.jpg", "created_at": "Sun Jan 13 05:58:35 +0000 2013", "screen_name": "LannesDelRey", "followers_count": 1191352, "listed_count": 1113, "description": "n\u00e3o to afim de bio aqui Email:contatolannestt@gmail.com", "id_str": "1085149063", "lang": "pt", "statuses_count": 101068, "profile_background_tile": true, "profile_sidebar_fill_color": "854D0B", "profile_background_image_url": "http://abs.twimg.com/images/themes/theme1/bg.png", "profile_text_color": "12B67E", "profile_sidebar_border_color": "FFFFFF", "profile_background_color": "ABB8C2", "id": 1085149063, "verified": true, "friends_count": 9300, "profile_image_url": "http://pbs.twimg.com/profile_images/1035008104642105344/CIS-ooiw_normal.jpg", "profile_use_background_image": true, "profile_background_image_url_https": "https://abs.twimg.com/images/themes/theme1/bg.png", "profile_link_color": "DD2E44"}, "user_mentions": [{"id": 929662333, "screen_name": "haurry_stvlles", "name": "Harry Styles.", "id_str": "929662333"}, {"id": 6017542, "screen_name": "BreakingNews", "name": "Breaking News", "id_str": "6017542"}], "created_at": "Mon Dec 15 04:46:50 +0000 2014", "in_reply_to_status_id": 544352796523651073, "in_reply_to_user_id": 929662333, "text": "@haurry_stvlles @BreakingNews hum...", "hashtags": [], "lang": "und", "in_reply_to_screen_name": "haurry_stvlles", "source": "<a href=\"http://twitter.com/download/android\" rel=\"nofollow\">Twitter for Android</a>"}