{"id": 544331790253428738, "id_str": "544331790253428738", "urls": [], "user": {"id_str": "38578151", "url": "https://t.co/bkYijkA0yi", "favourites_count": 15989, "profile_sidebar_border_color": "FFFFFF", "name": "Dr Yobbo", "profile_image_url_https": "https://pbs.twimg.com/profile_images/881417526134964225/COAjGnMq_normal.jpg", "profile_link_color": "CC2121", "screen_name": "DrYobbo", "followers_count": 2677, "listed_count": 157, "description": "Disgraced wellness blogger. \n \nPartly responsible for @theballspodcast.", "created_at": "Fri May 08 01:53:18 +0000 2009", "lang": "en", "profile_background_tile": true, "profile_sidebar_fill_color": "CFCFE6", "location": "The Riviera of the Antarctic", "profile_background_image_url": "http://abs.twimg.com/images/themes/theme9/bg.gif", "profile_text_color": "000000", "profile_banner_url": "https://pbs.twimg.com/profile_banners/38578151/1495453778", "profile_background_color": "FFFFFF", "id": 38578151, "friends_count": 2427, "profile_image_url": "http://pbs.twimg.com/profile_images/881417526134964225/COAjGnMq_normal.jpg", "profile_use_background_image": true, "profile_background_image_url_https": "https://abs.twimg.com/images/themes/theme9/bg.gif", "statuses_count": 284067}, "user_mentions": [{"id": 3616997232, "screen_name": "alfinitum", "name": "Laurie LeBlanc", "id_str": "3616997232"}, {"id": 508110571, "screen_name": "Uber_Sydney", "name": "Now Uber_Australia", "id_str": "508110571"}], "created_at": "Mon Dec 15 03:23:06 +0000 2014", "in_reply_to_status_id": 544331632086224898, "in_reply_to_user_id": 1605344245, "text": "@alfinitum @Uber_Sydney Yeah I think so. They're getting $100+, riders aren't wearing diff. Good gesture. Poor message transmission", "hashtags": [], "lang": "en", "in_reply_to_screen_name": "drdralal", "favorite_count": 1, "source": "<a href=\"https://about.twitter.com/products/tweetdeck\" rel=\"nofollow\">TweetDeck</a>"}