{"id": 544485799149187072, "id_str": "544485799149187072", "urls": [], "user": {"geo_enabled": true, "location": "northampton", "favourites_count": 824, "profile_sidebar_border_color": "EEEEEE", "name": "ian swann", "profile_image_url_https": "https://pbs.twimg.com/profile_images/906158021704867840/i9YLpuuU_normal.jpg", "created_at": "Mon Jan 10 16:19:14 +0000 2011", "screen_name": "ian_swann", "followers_count": 353, "listed_count": 1, "description": "i am a musician love darts homebrewing  and cats #brexit #banislam #bluehandfamily #BritainFirst #trump", "id_str": "236446264", "lang": "en", "statuses_count": 937, "profile_background_tile": true, "profile_sidebar_fill_color": "EFEFEF", "profile_background_image_url": "http://abs.twimg.com/images/themes/theme14/bg.gif", "profile_text_color": "333333", "profile_banner_url": "https://pbs.twimg.com/profile_banners/236446264/1511723968", "profile_background_color": "131516", "id": 236446264, "friends_count": 518, "profile_image_url": "http://pbs.twimg.com/profile_images/906158021704867840/i9YLpuuU_normal.jpg", "profile_use_background_image": true, "profile_background_image_url_https": "https://abs.twimg.com/images/themes/theme14/bg.gif", "profile_link_color": "009999"}, "user_mentions": [{"id": 284033773, "screen_name": "Wossyboo92", "name": "Ross", "id_str": "284033773"}, {"id": 7587032, "screen_name": "SkyNews", "name": "Sky News", "id_str": "7587032"}], "created_at": "Mon Dec 15 13:35:05 +0000 2014", "in_reply_to_status_id": 544477183851630592, "in_reply_to_user_id": 284033773, "text": "@Wossyboo92 @SkyNews If they shoot him in the head no bomb will go off. Islamic scum. These wankers are deranged.", "hashtags": [], "lang": "en", "in_reply_to_screen_name": "Wossyboo92", "source": "<a href=\"http://twitter.com/download/android\" rel=\"nofollow\">Twitter for Android</a>"}