{"id": 544491151118860289, "id_str": "544491151118860289", "urls": [], "user": {"geo_enabled": true, "url": "https://t.co/Q8HIb8qQbq", "favourites_count": 305, "name": "Breaking News Feed", "profile_image_url_https": "https://pbs.twimg.com/profile_images/1021494703039160324/uejuj4rg_normal.jpg", "created_at": "Wed May 04 06:32:13 +0000 2011", "screen_name": "pzf", "followers_count": 227106, "listed_count": 3974, "description": "A global news channel bringing you breaking news as it happens and the most talked about stories, pictures and videos from around the world.", "id_str": "292777349", "lang": "en", "statuses_count": 62468, "profile_sidebar_fill_color": "EADEAA", "location": "ads@PzFeed.com", "profile_background_image_url": "http://abs.twimg.com/images/themes/theme8/bg.gif", "profile_text_color": "333333", "profile_sidebar_border_color": "FFFFFF", "profile_background_color": "8B542B", "id": 292777349, "friends_count": 8907, "profile_image_url": "http://pbs.twimg.com/profile_images/1021494703039160324/uejuj4rg_normal.jpg", "profile_use_background_image": true, "profile_background_image_url_https": "https://abs.twimg.com/images/themes/theme8/bg.gif", "profile_link_color": "9D582E"}, "source": "<a href=\"https://about.twitter.com/products/tweetdeck\" rel=\"nofollow\">TweetDeck</a>", "user_mentions": [], "retweet_count": 101, "created_at": "Mon Dec 15 13:56:21 +0000 2014", "text": "SYDNEY HOSTAGE-TAKER\n- Man Monis, 49\n- Originally from Iran\n- Self-styled sheikh\n- Accused of sexually assaulting 7 women\nDEVELOPING..", "hashtags": [], "lang": "en", "favorite_count": 34}