{"id": 544512664769396736, "id_str": "544512664769396736", "urls": [{"expanded_url": "http://on.rt.com/9keykd", "url": "http://t.co/iuaLgRi7jj"}], "user": {"geo_enabled": true, "url": "http://t.co/bDDyvy9DmR", "favourites_count": 849, "profile_banner_url": "https://pbs.twimg.com/profile_banners/64643056/1531743886", "name": "RT", "profile_image_url_https": "https://pbs.twimg.com/profile_images/1018833905082871808/F7RZerA1_normal.jpg", "created_at": "Tue Aug 11 06:12:45 +0000 2009", "screen_name": "RT_com", "followers_count": 2675575, "listed_count": 21755, "description": "RT, the global news network, broadcasts from Moscow, London, Paris and Washington studios to over 100 countries.", "id_str": "64643056", "lang": "en", "statuses_count": 274867, "profile_sidebar_fill_color": "EBEBEB", "profile_background_image_url": "http://abs.twimg.com/images/themes/theme1/bg.png", "profile_text_color": "000000", "profile_sidebar_border_color": "FFFFFF", "profile_background_color": "1D1D1D", "id": 64643056, "verified": true, "friends_count": 627, "profile_image_url": "http://pbs.twimg.com/profile_images/1018833905082871808/F7RZerA1_normal.jpg", "profile_background_image_url_https": "https://abs.twimg.com/images/themes/theme1/bg.png", "profile_link_color": "3D990F"}, "user_mentions": [], "retweet_count": 226, "created_at": "Mon Dec 15 15:21:50 +0000 2014", "text": "BREAKING: Police enter #Lindt cafe, hostages flee http://t.co/iuaLgRi7jj  #sydneysiege http://t.co/hXZ8EffN3f", "hashtags": [{"text": "Lindt"}, {"text": "sydneysiege"}], "lang": "en", "media": [{"id": 544512662181138432, "display_url": "pic.twitter.com/hXZ8EffN3f", "expanded_url": "https://twitter.com/RT_com/status/544512664769396736/photo/1", "url": "http://t.co/hXZ8EffN3f", "media_url": "http://pbs.twimg.com/media/B45_YZ0CUAA8Cdr.png", "type": "photo", "media_url_https": "https://pbs.twimg.com/media/B45_YZ0CUAA8Cdr.png", "sizes": {"small": {"w": 680, "resize": "fit", "h": 401}, "large": {"w": 842, "resize": "fit", "h": 497}, "medium": {"w": 842, "resize": "fit", "h": 497}, "thumb": {"w": 150, "resize": "crop", "h": 150}}}], "favorite_count": 57, "source": "<a href=\"http://twitter.com\" rel=\"nofollow\">Twitter Web Client</a>"}