{"id": 552794951487352832, "geo": {"type": "Point", "coordinates": [51.52183246, -0.1045888]}, "id_str": "552794951487352832", "coordinates": {"type": "Point", "coordinates": [-0.1045888, 51.52183246]}, "user": {"geo_enabled": true, "url": "https://t.co/qwyfUTAfrZ", "favourites_count": 2198, "name": "Leonie Roderick", "profile_image_url_https": "https://pbs.twimg.com/profile_images/964521586886873088/F50QXADL_normal.jpg", "created_at": "Mon Aug 23 16:09:54 +0000 2010", "screen_name": "LeonieRoderick", "followers_count": 1957, "listed_count": 65, "description": "SEO journalist @thetimes & @thesundaytimes. Ex- @MarketingWeekEd. I don't take naps.", "id_str": "182006778", "lang": "en", "statuses_count": 5692, "profile_sidebar_fill_color": "DDEEF6", "location": "London, England", "profile_background_image_url": "http://abs.twimg.com/images/themes/theme1/bg.png", "profile_text_color": "333333", "profile_sidebar_border_color": "FFFFFF", "profile_background_color": "ACDED6", "id": 182006778, "friends_count": 932, "profile_image_url": "http://pbs.twimg.com/profile_images/964521586886873088/F50QXADL_normal.jpg", "profile_use_background_image": true, "profile_background_image_url_https": "https://abs.twimg.com/images/themes/theme1/bg.png", "profile_link_color": "038543"}, "user_mentions": [{"id": 16343974, "screen_name": "Telegraph", "name": "The Telegraph", "id_str": "16343974"}], "in_reply_to_screen_name": "Telegraph", "created_at": "Wed Jan 07 11:52:41 +0000 2015", "in_reply_to_status_id": 552793679082311680, "in_reply_to_user_id": 16343974, "text": "Sickening \"@Telegraph: 11 confirmed dead, Francois Hollande to visit scene of attack: http://t.co/g1eoeo9iiO http://t.co/spETEzMnQF\u201d", "source": "<a href=\"http://twitter.com/download/iphone\" rel=\"nofollow\">Twitter for iPhone</a>", "hashtags": [], "lang": "en", "place": {"id": "544762ebf7fda780", "full_name": "Islington, London", "url": "https://api.twitter.com/1.1/geo/id/544762ebf7fda780.json", "attributes": {}, "country_code": "GB", "country": "Reino Unido", "name": "Islington", "contained_within": [], "place_type": "city", "bounding_box": {"type": "Polygon", "coordinates": [[[-0.1420579, 51.5185518], [-0.076305, 51.5185518], [-0.076305, 51.575301], [-0.1420579, 51.575301]]]}}, "media": [{"id": 552793613239738368, "display_url": "pic.twitter.com/spETEzMnQF", "expanded_url": "https://twitter.com/Telegraph/status/552793679082311680/photo/1", "url": "http://t.co/spETEzMnQF", "media_url": "http://pbs.twimg.com/media/B6vq3MdCYAAX56O.jpg", "type": "photo", "media_url_https": "https://pbs.twimg.com/media/B6vq3MdCYAAX56O.jpg", "sizes": {"large": {"w": 460, "resize": "fit", "h": 287}, "small": {"w": 460, "resize": "fit", "h": 287}, "medium": {"w": 460, "resize": "fit", "h": 287}, "thumb": {"w": 150, "resize": "crop", "h": 150}}}], "urls": [{"expanded_url": "http://www.telegraph.co.uk/news/worldnews/europe/france/11329976/Paris-Charlie-Hebdo-attack-live.html", "url": "http://t.co/g1eoeo9iiO"}]}