{"id": 552793785747660801, "geo": {"type": "Point", "coordinates": [48.85212439, 2.4252155]}, "id_str": "552793785747660801", "coordinates": {"type": "Point", "coordinates": [2.4252155, 48.85212439]}, "user": {"geo_enabled": true, "url": "https://t.co/5Go262VLxz", "favourites_count": 243, "profile_sidebar_border_color": "FFFFFF", "name": "David Adanero", "profile_image_url_https": "https://pbs.twimg.com/profile_images/3112739393/e6b022307ebd4cfa4278d2c1dacabed4_normal.jpeg", "created_at": "Thu Oct 14 10:13:47 +0000 2010", "screen_name": "DavidAdanero", "followers_count": 215, "listed_count": 12, "description": "G\u00e9rant et dealer de vitamines @lovemecru, cantine 100% bio, v\u00e9g\u00e9tale, crue et instinctive \u00e0 Paris #Belleville. Viens prendre un jus t'es un peu p\u00e2le.", "id_str": "202568095", "lang": "fr", "statuses_count": 2961, "profile_sidebar_fill_color": "252429", "location": "44 rue de Tourtille, Paris 20", "profile_background_image_url": "http://abs.twimg.com/images/themes/theme1/bg.png", "profile_text_color": "666666", "profile_banner_url": "https://pbs.twimg.com/profile_banners/202568095/1358263539", "profile_background_color": "1A1B1F", "id": 202568095, "friends_count": 660, "profile_image_url": "http://pbs.twimg.com/profile_images/3112739393/e6b022307ebd4cfa4278d2c1dacabed4_normal.jpeg", "profile_use_background_image": true, "profile_background_image_url_https": "https://abs.twimg.com/images/themes/theme1/bg.png", "profile_link_color": "630FA8"}, "user_mentions": [{"id": 868112707, "screen_name": "AFPphoto", "name": "AFP Photo", "id_str": "868112707"}, {"id": 491559119, "screen_name": "MartinBureau1", "name": "Martin Bureau", "id_str": "491559119"}], "in_reply_to_screen_name": "AFPphoto", "created_at": "Wed Jan 07 11:48:03 +0000 2015", "in_reply_to_status_id": 552792802309181440, "in_reply_to_user_id": 868112707, "text": "Et merde. \u201c@AFPphoto: #CharlieHebdo -  11 dead including 2 police in Paris shooting. Photo @MartinBureau1 #AFP http://t.co/MFpQhJPBfz\u201d", "source": "<a href=\"http://twitter.com/download/iphone\" rel=\"nofollow\">Twitter for iPhone</a>", "hashtags": [{"text": "CharlieHebdo"}, {"text": "AFP"}], "lang": "en", "place": {"id": "78b12dcc2bb6ea4d", "full_name": "Montreuil, France", "url": "https://api.twitter.com/1.1/geo/id/78b12dcc2bb6ea4d.json", "attributes": {}, "country_code": "FR", "country": "Francia", "name": "Montreuil", "contained_within": [], "place_type": "city", "bounding_box": {"type": "Polygon", "coordinates": [[[2.4153292, 48.8487612], [2.4826468, 48.8487612], [2.4826468, 48.8786458], [2.4153292, 48.8786458]]]}}, "media": [{"id": 552792771195437056, "display_url": "pic.twitter.com/MFpQhJPBfz", "expanded_url": "https://twitter.com/AFPphoto/status/552792802309181440/photo/1", "url": "http://t.co/MFpQhJPBfz", "media_url": "http://pbs.twimg.com/media/B6vqGLmCAAAD26y.jpg", "type": "photo", "media_url_https": "https://pbs.twimg.com/media/B6vqGLmCAAAD26y.jpg", "sizes": {"small": {"w": 680, "resize": "fit", "h": 456}, "large": {"w": 1918, "resize": "fit", "h": 1286}, "medium": {"w": 1200, "resize": "fit", "h": 805}, "thumb": {"w": 150, "resize": "crop", "h": 150}}}], "urls": []}