{"id": 552793901866971136, "id_str": "552793901866971136", "urls": [], "user": {"geo_enabled": true, "url": "https://t.co/YFsQhqKBQT", "favourites_count": 10570, "profile_sidebar_border_color": "000000", "name": "Alexis Verger", "profile_image_url_https": "https://pbs.twimg.com/profile_images/835124540644687872/cGunCLz9_normal.jpg", "created_at": "Fri Mar 16 09:50:32 +0000 2012", "screen_name": "Alexis_Verger", "followers_count": 4900, "listed_count": 212, "description": "Molecular Biologist at @CNRS with a big respect for Transcription Factors & Mediator complex - Advocating for #basicresearch #OA #preprint #womeninscience", "id_str": "526226529", "lang": "en-gb", "statuses_count": 19128, "profile_sidebar_fill_color": "DDEEF6", "location": "Lille, France.", "profile_background_image_url": "http://abs.twimg.com/images/themes/theme1/bg.png", "profile_text_color": "333333", "profile_banner_url": "https://pbs.twimg.com/profile_banners/526226529/1485536177", "profile_background_color": "C0DEED", "id": 526226529, "friends_count": 1286, "profile_image_url": "http://pbs.twimg.com/profile_images/835124540644687872/cGunCLz9_normal.jpg", "profile_use_background_image": true, "profile_background_image_url_https": "https://abs.twimg.com/images/themes/theme1/bg.png", "profile_link_color": "0084B4"}, "user_mentions": [{"id": 868112707, "screen_name": "AFPphoto", "name": "AFP Photo", "id_str": "868112707"}], "retweet_count": 1, "in_reply_to_screen_name": "AFPphoto", "created_at": "Wed Jan 07 11:48:31 +0000 2015", "in_reply_to_status_id": 552792802309181440, "in_reply_to_user_id": 868112707, "text": "Oh my God !!! RT @AFPphoto  #CharlieHebdo - 11 dead including 2 police in Paris shooting. http://t.co/tzgCctKshB", "hashtags": [{"text": "CharlieHebdo"}], "lang": "en", "media": [{"id": 552792771195437056, "display_url": "pic.twitter.com/tzgCctKshB", "expanded_url": "https://twitter.com/AFPphoto/status/552792802309181440/photo/1", "url": "http://t.co/tzgCctKshB", "media_url": "http://pbs.twimg.com/media/B6vqGLmCAAAD26y.jpg", "type": "photo", "media_url_https": "https://pbs.twimg.com/media/B6vqGLmCAAAD26y.jpg", "sizes": {"small": {"w": 680, "resize": "fit", "h": 456}, "large": {"w": 1918, "resize": "fit", "h": 1286}, "medium": {"w": 1200, "resize": "fit", "h": 805}, "thumb": {"w": 150, "resize": "crop", "h": 150}}}], "source": "<a href=\"http://twitter.com\" rel=\"nofollow\">Twitter Web Client</a>"}