{"created_at": "Wed Jan 07 13:57:48 +0000 2015", "id": 552826438798172160, "id_str": "552826438798172160", "urls": [], "text": "@jayanthkumarak @cnni Sad sad day", "user": {"geo_enabled": true, "url": "https://t.co/v0yp3kIT4V", "favourites_count": 7042, "profile_sidebar_border_color": "FFFFFF", "name": "Dalan Mendonca", "profile_image_url_https": "https://pbs.twimg.com/profile_images/884344973541244928/aJ-SL7a8_normal.jpg", "created_at": "Wed Apr 29 18:57:21 +0000 2009", "screen_name": "dalanMendonca", "followers_count": 1207, "listed_count": 37, "description": "I like creating elegant things that solve problems and delight people. Currently learning business @ISBedu. Hipster. Product Nerd. Biblophile. Philosopher.", "id_str": "36442545", "lang": "en", "statuses_count": 9271, "profile_background_tile": true, "profile_sidebar_fill_color": "EFEFEF", "location": "Bangalore", "profile_background_image_url": "http://abs.twimg.com/images/themes/theme14/bg.gif", "profile_text_color": "333333", "profile_banner_url": "https://pbs.twimg.com/profile_banners/36442545/1509454260", "profile_background_color": "FFFFFF", "id": 36442545, "friends_count": 1310, "profile_image_url": "http://pbs.twimg.com/profile_images/884344973541244928/aJ-SL7a8_normal.jpg", "profile_use_background_image": true, "profile_background_image_url_https": "https://abs.twimg.com/images/themes/theme14/bg.gif", "profile_link_color": "E81C4F"}, "hashtags": [], "lang": "en", "source": "<a href=\"https://about.twitter.com/products/tweetdeck\" rel=\"nofollow\">TweetDeck</a>", "user_mentions": [{"id": 998690288083206144, "screen_name": "jayanthkumarak", "name": "Jayanth Kumar", "id_str": "998690288083206144"}, {"id": 2097571, "screen_name": "cnni", "name": "CNN International", "id_str": "2097571"}]}