{"id": 552822921698500608, "id_str": "552822921698500608", "urls": [], "user": {"geo_enabled": true, "location": "Nairobi, Kenya", "favourites_count": 18188, "profile_banner_url": "https://pbs.twimg.com/profile_banners/38699733/1522920763", "name": "Hon. Esther M Passaris", "profile_image_url_https": "https://pbs.twimg.com/profile_images/981824462625693696/i23dc4sn_normal.jpg", "created_at": "Fri May 08 16:52:44 +0000 2009", "screen_name": "EstherPassaris", "followers_count": 347156, "listed_count": 148, "description": "County 047 Member Of the National Assembly. \nSet to define the role of Woman Rep in Parliament.", "id_str": "38699733", "lang": "en", "statuses_count": 28813, "profile_sidebar_fill_color": "9C9C9C", "profile_background_image_url": "http://abs.twimg.com/images/themes/theme1/bg.png", "profile_text_color": "000000", "profile_sidebar_border_color": "FFFFFF", "profile_background_color": "000000", "id": 38699733, "verified": true, "friends_count": 2727, "profile_image_url": "http://pbs.twimg.com/profile_images/981824462625693696/i23dc4sn_normal.jpg", "profile_use_background_image": true, "profile_background_image_url_https": "https://abs.twimg.com/images/themes/theme1/bg.png", "profile_link_color": "000000"}, "user_mentions": [{"id": 3108351, "screen_name": "WSJ", "name": "The Wall Street Journal", "id_str": "3108351"}], "created_at": "Wed Jan 07 13:43:50 +0000 2015", "in_reply_to_status_id": 552811386259386370, "in_reply_to_user_id": 3108351, "text": "@WSJ RIP some actions are beyond comprehension. Sadly the dead most likely had nothing to do with the anger &amp; twisted mind of the gunmen.", "hashtags": [], "lang": "en", "in_reply_to_screen_name": "WSJ", "source": "<a href=\"http://twitter.com/download/android\" rel=\"nofollow\">Twitter for Android</a>"}