{"id": 553167760579379201, "id_str": "553167760579379201", "urls": [], "user": {"id_str": "465046002", "location": "Fort Lauderdale, FL", "favourites_count": 106815, "profile_sidebar_border_color": "FFFFFF", "name": "DeeMarie Therese", "profile_image_url_https": "https://pbs.twimg.com/profile_images/510020821008400384/01ZH2rTE_normal.jpeg", "profile_link_color": "F58EA8", "screen_name": "Peony459", "followers_count": 1168, "listed_count": 15, "description": "LivePD. Police chases. Royal watching. Odd news. Animals. Trolls blocked.", "created_at": "Sun Jan 15 22:17:44 +0000 2012", "lang": "en", "profile_background_tile": true, "profile_sidebar_fill_color": "EFEFEF", "profile_background_image_url": "http://abs.twimg.com/images/themes/theme14/bg.gif", "profile_text_color": "4B127A", "profile_banner_url": "https://pbs.twimg.com/profile_banners/465046002/1408500240", "profile_background_color": "EBE6CD", "id": 465046002, "friends_count": 929, "profile_image_url": "http://pbs.twimg.com/profile_images/510020821008400384/01ZH2rTE_normal.jpeg", "profile_background_image_url_https": "https://abs.twimg.com/images/themes/theme14/bg.gif", "statuses_count": 49321}, "user_mentions": [{"id": 28785486, "screen_name": "ABC", "name": "ABC News", "id_str": "28785486"}], "created_at": "Thu Jan 08 12:34:06 +0000 2015", "in_reply_to_status_id": 553160652567498752, "in_reply_to_user_id": 28785486, "text": "@ABC Dead eyes.  No soul to these guys.", "hashtags": [], "lang": "en", "in_reply_to_screen_name": "ABC", "source": "<a href=\"http://twitter.com\" rel=\"nofollow\">Twitter Web Client</a>"}