{"id": 553590836588740609, "id_str": "553590836588740609", "urls": [], "user": {"geo_enabled": true, "location": "Milano-Isca Calabria Italy", "favourites_count": 7157, "profile_sidebar_border_color": "C0DEED", "name": "Anna Lola Nardi", "profile_image_url_https": "https://pbs.twimg.com/profile_images/536305787669606400/FH4mMMwc_normal.jpeg", "created_at": "Thu Apr 16 15:17:50 +0000 2009", "screen_name": "annalolanardi", "followers_count": 851, "listed_count": 19, "description": "Giornalista professionista.                                           \u2665 Qui e ora.", "id_str": "31882493", "lang": "it", "statuses_count": 4989, "profile_background_tile": true, "profile_sidebar_fill_color": "DDEEF6", "profile_background_image_url": "http://abs.twimg.com/images/themes/theme1/bg.png", "profile_text_color": "333333", "profile_banner_url": "https://pbs.twimg.com/profile_banners/31882493/1386451701", "profile_background_color": "D9152F", "id": 31882493, "friends_count": 988, "profile_image_url": "http://pbs.twimg.com/profile_images/536305787669606400/FH4mMMwc_normal.jpeg", "profile_use_background_image": true, "profile_background_image_url_https": "https://abs.twimg.com/images/themes/theme1/bg.png", "profile_link_color": "DB28B1"}, "user_mentions": [{"id": 868112707, "screen_name": "AFPphoto", "name": "AFP Photo", "id_str": "868112707"}], "retweet_count": 3, "in_reply_to_screen_name": "AFPphoto", "created_at": "Fri Jan 09 16:35:15 +0000 2015", "in_reply_to_status_id": 553590459688570880, "in_reply_to_user_id": 868112707, "text": "\u201c@AFPphoto: Several hostages freed at Jewish supermarket in Paris. Photo Thomas Samson #AFP http://t.co/6tu1DRAVmm\u201d\n\nLiberi!", "hashtags": [{"text": "AFP"}], "lang": "en", "media": [{"id": 553590458992328705, "display_url": "pic.twitter.com/6tu1DRAVmm", "expanded_url": "https://twitter.com/AFPphoto/status/553590459688570880/photo/1", "url": "http://t.co/6tu1DRAVmm", "media_url": "http://pbs.twimg.com/media/B66_luNIgAELLwF.jpg", "type": "photo", "media_url_https": "https://pbs.twimg.com/media/B66_luNIgAELLwF.jpg", "sizes": {"small": {"w": 680, "resize": "fit", "h": 502}, "large": {"w": 1920, "resize": "fit", "h": 1416}, "medium": {"w": 1200, "resize": "fit", "h": 885}, "thumb": {"w": 150, "resize": "crop", "h": 150}}}], "favorite_count": 2, "source": "<a href=\"http://twitter.com/#!/download/ipad\" rel=\"nofollow\">Twitter for iPad</a>"}