{"id": 553587882741747713, "id_str": "553587882741747713", "urls": [], "user": {"geo_enabled": true, "url": "https://t.co/BpMnSdroyo", "favourites_count": 25999, "profile_sidebar_border_color": "FFFFFF", "name": "Cindy \ud83c\udf38", "profile_image_url_https": "https://pbs.twimg.com/profile_images/999002272485945344/d0ISR2Nr_normal.jpg", "created_at": "Thu Mar 03 21:01:40 +0000 2011", "screen_name": "notsorocknroll", "followers_count": 2158, "listed_count": 41, "description": "24 years old interior designer/architect & series addict. I usually talk too much.", "id_str": "260413367", "lang": "fr", "statuses_count": 144882, "profile_background_tile": true, "profile_sidebar_fill_color": "F0CA7F", "location": "Strasbourg, France", "profile_background_image_url": "http://abs.twimg.com/images/themes/theme5/bg.gif", "profile_text_color": "DCE3B3", "profile_banner_url": "https://pbs.twimg.com/profile_banners/260413367/1536581332", "profile_background_color": "F7F2F7", "id": 260413367, "friends_count": 1496, "profile_image_url": "http://pbs.twimg.com/profile_images/999002272485945344/d0ISR2Nr_normal.jpg", "profile_use_background_image": true, "profile_background_image_url_https": "https://abs.twimg.com/images/themes/theme5/bg.gif", "profile_link_color": "91D2FA"}, "user_mentions": [{"id": 152396951, "screen_name": "Callum_SR", "name": "Saint Raymond", "id_str": "152396951"}, {"id": 380648579, "screen_name": "AFP", "name": "AFP news agency", "id_str": "380648579"}], "created_at": "Fri Jan 09 16:23:31 +0000 2015", "in_reply_to_status_id": 553587387889373186, "in_reply_to_user_id": 152396951, "text": "@Callum_SR @AFP Callum I'm so happy I was so scared!! Thanks for the support", "hashtags": [], "lang": "en", "in_reply_to_screen_name": "Callum_SR", "source": "<a href=\"http://twitter.com/download/iphone\" rel=\"nofollow\">Twitter for iPhone</a>"}