{"id": 553593201756762113, "id_str": "553593201756762113", "urls": [{"expanded_url": "http://news.sky.com/story/1405106/paris-supermarket-siege-explosions-heard", "url": "http://t.co/r9aB3ojKXP"}], "user": {"geo_enabled": true, "url": "https://t.co/W8oYpfOLA5", "favourites_count": 150, "profile_sidebar_border_color": "C0DEED", "name": "Benita Levin", "profile_image_url_https": "https://pbs.twimg.com/profile_images/1676901887/bb_normal.jpg", "created_at": "Fri Jul 31 09:08:02 +0000 2009", "screen_name": "benitalevin", "default_profile": true, "followers_count": 11215, "listed_count": 174, "description": "Tv & radio news anchor. Columnist. Radio News Editor. Communication Consultant. Martha Beck Life Coach. MC. Voice overs. Family. Food fundi. Caffeine!", "id_str": "61731433", "lang": "en", "statuses_count": 9025, "profile_sidebar_fill_color": "DDEEF6", "profile_background_image_url": "http://abs.twimg.com/images/themes/theme1/bg.png", "profile_text_color": "333333", "profile_banner_url": "https://pbs.twimg.com/profile_banners/61731433/1508317216", "profile_background_color": "C0DEED", "id": 61731433, "friends_count": 332, "profile_image_url": "http://pbs.twimg.com/profile_images/1676901887/bb_normal.jpg", "profile_use_background_image": true, "profile_background_image_url_https": "https://abs.twimg.com/images/themes/theme1/bg.png", "profile_link_color": "1DA1F2"}, "user_mentions": [{"id": 7587032, "screen_name": "SkyNews", "name": "Sky News", "id_str": "7587032"}], "in_reply_to_screen_name": "SkyNews", "created_at": "Fri Jan 09 16:44:39 +0000 2015", "in_reply_to_status_id": 553590835850514433, "in_reply_to_user_id": 7587032, "text": "#ParisAttacks - \"@SkyNews: Hostage-taker in supermarket siege killed, reports say. http://t.co/r9aB3ojKXP http://t.co/Icz7wdlUPs\u201d", "hashtags": [{"text": "ParisAttacks"}], "lang": "en", "media": [{"id": 553590782901248000, "display_url": "pic.twitter.com/Icz7wdlUPs", "expanded_url": "https://twitter.com/SkyNews/status/553590835850514433/photo/1", "url": "http://t.co/Icz7wdlUPs", "media_url": "http://pbs.twimg.com/media/B66_4k3CYAAWD5G.jpg", "type": "photo", "media_url_https": "https://pbs.twimg.com/media/B66_4k3CYAAWD5G.jpg", "sizes": {"large": {"w": 1000, "resize": "fit", "h": 618}, "small": {"w": 680, "resize": "fit", "h": 420}, "medium": {"w": 1000, "resize": "fit", "h": 618}, "thumb": {"w": 150, "resize": "crop", "h": 150}}}], "source": "<a href=\"http://twitter.com/download/iphone\" rel=\"nofollow\">Twitter for iPhone</a>"}