{"id": 553589038196981760, "id_str": "553589038196981760", "urls": [], "user": {"geo_enabled": true, "url": "https://t.co/E06pWRysKa", "favourites_count": 4301, "profile_sidebar_border_color": "FFFFFF", "name": "Chester M. Diaz \ud83c\udde8\ud83c\udde6", "profile_image_url_https": "https://pbs.twimg.com/profile_images/1023771544835653632/NHoYI8W0_normal.jpg", "created_at": "Fri Jan 22 01:47:56 +0000 2010", "screen_name": "iamchesterdiaz", "followers_count": 373, "listed_count": 31, "description": "My Official Twitter Account | Christian | Bible Reader | Author of #ChesQuotes | @siArianneyan Fan | Youscooper | Photographer | CCFer | Forever with God!", "id_str": "107273605", "lang": "en", "statuses_count": 28949, "profile_sidebar_fill_color": "F6FFD1", "location": "Toronto, Ontario, Canada.", "profile_background_image_url": "http://abs.twimg.com/images/themes/theme19/bg.gif", "profile_text_color": "333333", "profile_banner_url": "https://pbs.twimg.com/profile_banners/107273605/1532181353", "profile_background_color": "FFF04D", "id": 107273605, "friends_count": 1734, "profile_image_url": "http://pbs.twimg.com/profile_images/1023771544835653632/NHoYI8W0_normal.jpg", "profile_use_background_image": true, "profile_background_image_url_https": "https://abs.twimg.com/images/themes/theme19/bg.gif", "profile_link_color": "0099CC"}, "user_mentions": [{"id": 854402779879804928, "screen_name": "HuffingtonPost", "name": "HuffPost", "id_str": "854402779879804928"}], "created_at": "Fri Jan 09 16:28:06 +0000 2015", "in_reply_to_status_id": 553588178687655936, "in_reply_to_user_id": 14511951, "text": "@HuffingtonPost Can you confirm the reports that those suspects were killed by French police?", "hashtags": [], "lang": "en", "in_reply_to_screen_name": "HuffPost", "source": "<a href=\"https://about.twitter.com/products/tweetdeck\" rel=\"nofollow\">TweetDeck</a>"}