{"id": 553587467409162240, "id_str": "553587467409162240", "urls": [], "user": {"geo_enabled": true, "location": "London & Los Angeles", "favourites_count": 15686, "profile_sidebar_border_color": "000000", "name": "ciarand78", "profile_image_url_https": "https://pbs.twimg.com/profile_images/759907641946624000/Eyyuae0r_normal.jpg", "created_at": "Wed Mar 04 13:22:36 +0000 2009", "screen_name": "ciarand78", "followers_count": 339, "listed_count": 19, "description": "ex tv executive and now a movie executive in Hollywood", "id_str": "22769015", "lang": "en", "statuses_count": 9896, "profile_sidebar_fill_color": "000000", "profile_background_image_url": "http://abs.twimg.com/images/themes/theme8/bg.gif", "profile_text_color": "000000", "profile_banner_url": "https://pbs.twimg.com/profile_banners/22769015/1463882749", "profile_background_color": "000000", "id": 22769015, "friends_count": 1675, "profile_image_url": "http://pbs.twimg.com/profile_images/759907641946624000/Eyyuae0r_normal.jpg", "profile_background_image_url_https": "https://abs.twimg.com/images/themes/theme8/bg.gif", "profile_link_color": "3B94D9"}, "user_mentions": [{"id": 1299769218, "screen_name": "KayBurley", "name": "Kay Burley", "id_str": "1299769218"}], "created_at": "Fri Jan 09 16:21:52 +0000 2015", "in_reply_to_status_id": 553586860334010368, "in_reply_to_user_id": 1299769218, "text": "@KayBurley great news great reporting Kay one of the best in the business", "hashtags": [], "lang": "en", "in_reply_to_screen_name": "KayBurley", "source": "<a href=\"http://twitter.com/download/iphone\" rel=\"nofollow\">Twitter for iPhone</a>"}