{"id": 553567980354031616, "id_str": "553567980354031616", "urls": [], "user": {"geo_enabled": true, "favourites_count": 849, "profile_sidebar_border_color": "C0DEED", "name": "Patrick Duff", "profile_image_url_https": "https://pbs.twimg.com/profile_images/835702890954006530/xaGeaz6Q_normal.jpg", "created_at": "Sun Aug 09 02:37:42 +0000 2009", "screen_name": "NeoJohnBrown", "default_profile": true, "followers_count": 162, "listed_count": 11, "id_str": "64094267", "lang": "en", "statuses_count": 5000, "profile_sidebar_fill_color": "DDEEF6", "profile_background_image_url": "http://abs.twimg.com/images/themes/theme1/bg.png", "profile_text_color": "333333", "profile_banner_url": "https://pbs.twimg.com/profile_banners/64094267/1526500837", "profile_background_color": "C0DEED", "id": 64094267, "friends_count": 323, "profile_image_url": "http://pbs.twimg.com/profile_images/835702890954006530/xaGeaz6Q_normal.jpg", "profile_use_background_image": true, "profile_background_image_url_https": "https://abs.twimg.com/images/themes/theme1/bg.png", "profile_link_color": "1DA1F2"}, "user_mentions": [{"id": 28785486, "screen_name": "ABC", "name": "ABC News", "id_str": "28785486"}], "created_at": "Fri Jan 09 15:04:25 +0000 2015", "in_reply_to_status_id": 553566026030272512, "in_reply_to_user_id": 28785486, "text": "@ABC Of course they are, fear is best sold in bundles!", "hashtags": [], "lang": "en", "in_reply_to_screen_name": "ABC", "source": "<a href=\"http://twitter.com\" rel=\"nofollow\">Twitter Web Client</a>"}