{"id": 604652381511360513, "id_str": "604652381511360513", "urls": [], "user": {"geo_enabled": true, "url": "https://t.co/Cd1WnCEBEF", "favourites_count": 43687, "profile_sidebar_border_color": "C0DEED", "name": "Outis", "profile_image_url_https": "https://pbs.twimg.com/profile_images/539630697745358848/mXPehZMD_normal.jpeg", "created_at": "Tue Dec 02 03:45:50 +0000 2014", "screen_name": "Outis169", "default_profile": true, "followers_count": 309, "listed_count": 10, "description": "The flamingo with the yoyo; Flamingo photo (C) Tatiana Adamenko, Caters News Agency; background pic (C) me; I'm not hardcore about followbacks.", "id_str": "2901817601", "lang": "en", "statuses_count": 39253, "profile_sidebar_fill_color": "DDEEF6", "location": "Orlando, FL", "profile_background_image_url": "http://abs.twimg.com/images/themes/theme1/bg.png", "profile_text_color": "333333", "profile_banner_url": "https://pbs.twimg.com/profile_banners/2901817601/1417492596", "profile_background_color": "C0DEED", "id": 2901817601, "friends_count": 557, "profile_image_url": "http://pbs.twimg.com/profile_images/539630697745358848/mXPehZMD_normal.jpeg", "profile_use_background_image": true, "profile_background_image_url_https": "https://abs.twimg.com/images/themes/theme1/bg.png", "profile_link_color": "1DA1F2"}, "user_mentions": [{"id": 1122192223, "screen_name": "_FloridaMan", "name": "Florida Man", "id_str": "1122192223"}], "created_at": "Sat May 30 14:15:36 +0000 2015", "in_reply_to_status_id": 604642913188872192, "in_reply_to_user_id": 1122192223, "text": "@_FloridaMan That's happened to me. More common a problem than you'd think.", "hashtags": [], "lang": "en", "in_reply_to_screen_name": "_FloridaMan", "source": "<a href=\"http://twitter.com/download/android\" rel=\"nofollow\">Twitter for Android</a>"}