{"id": 604656828493008897, "id_str": "604656828493008897", "urls": [], "user": {"id_str": "121843115", "location": "Illinois", "favourites_count": 3880, "profile_sidebar_border_color": "000000", "name": "Alex Stallwitz", "profile_image_url_https": "https://pbs.twimg.com/profile_images/837857517233283072/P-G6uRSw_normal.jpg", "created_at": "Wed Mar 10 19:36:50 +0000 2010", "screen_name": "AStallwitz", "followers_count": 766, "listed_count": 11, "description": "Gentleman of the World and has a PHD in Worthless Trivia  Half-gay Pansexual person.  Enjoyer of  Fine foods, and Books, Horror and PC games. Wannabe Supehero", "lang": "en", "statuses_count": 21937, "profile_sidebar_fill_color": "000000", "profile_background_image_url": "http://abs.twimg.com/images/themes/theme14/bg.gif", "profile_text_color": "000000", "profile_banner_url": "https://pbs.twimg.com/profile_banners/121843115/1530018675", "profile_background_color": "000000", "id": 121843115, "friends_count": 1193, "profile_image_url": "http://pbs.twimg.com/profile_images/837857517233283072/P-G6uRSw_normal.jpg", "profile_background_image_url_https": "https://abs.twimg.com/images/themes/theme14/bg.gif", "profile_link_color": "981CEB"}, "user_mentions": [{"id": 1122192223, "screen_name": "_FloridaMan", "name": "Florida Man", "id_str": "1122192223"}], "created_at": "Sat May 30 14:33:16 +0000 2015", "in_reply_to_status_id": 604642913188872192, "in_reply_to_user_id": 1122192223, "text": "@_FloridaMan someone asked him if he was up for anything, sadly it was \"walk down the street in the nude\"", "hashtags": [], "lang": "en", "in_reply_to_screen_name": "_FloridaMan", "source": "<a href=\"http://twitter.com\" rel=\"nofollow\">Twitter Web Client</a>"}