{"id": 605939276568625152, "id_str": "605939276568625152", "urls": [], "user": {"geo_enabled": true, "url": "https://t.co/XpsBsOdp1h", "favourites_count": 1343, "profile_sidebar_border_color": "EEEEEE", "name": "Phillip Blancher", "profile_image_url_https": "https://pbs.twimg.com/profile_images/999505382908215296/tOATtsR0_normal.jpg", "created_at": "Thu Mar 05 01:57:10 +0000 2009", "screen_name": "phillipblancher", "followers_count": 404, "listed_count": 14, "description": "Mediocre photographer; Drivel spewer; Slayer of sacred cows; Wandering aimlessly; Caravan herdsman; Tuesday hater; Centrist; Journalist; Opinionated; et cetera;", "id_str": "22863219", "lang": "en", "statuses_count": 17379, "profile_sidebar_fill_color": "EFEFEF", "location": "Morrisburg, Ontario", "profile_background_image_url": "http://abs.twimg.com/images/themes/theme14/bg.gif", "profile_text_color": "333333", "profile_banner_url": "https://pbs.twimg.com/profile_banners/22863219/1527135660", "profile_background_color": "131516", "id": 22863219, "friends_count": 99, "profile_image_url": "http://pbs.twimg.com/profile_images/999505382908215296/tOATtsR0_normal.jpg", "profile_use_background_image": true, "profile_background_image_url_https": "https://abs.twimg.com/images/themes/theme14/bg.gif", "profile_link_color": "002E62"}, "user_mentions": [{"id": 1122192223, "screen_name": "_FloridaMan", "name": "Florida Man", "id_str": "1122192223"}, {"id": 14165525, "screen_name": "daowens", "name": "David Owens", "id_str": "14165525"}], "created_at": "Wed Jun 03 03:29:15 +0000 2015", "in_reply_to_status_id": 604642913188872192, "in_reply_to_user_id": 1122192223, "text": "@_FloridaMan @daowens Sign says \"No Shoes, No Shirt, No Service\". It did not say \"No Pants\".", "hashtags": [], "lang": "en", "place": {"id": "83b920d2cc274c6e", "full_name": "Stormont, Dundas and Glengarry, Ontario", "url": "https://api.twitter.com/1.1/geo/id/83b920d2cc274c6e.json", "attributes": {}, "country_code": "CA", "country": "Canad\u00e1", "name": "Stormont, Dundas and Glengarry", "contained_within": [], "place_type": "admin", "bounding_box": {"type": "Polygon", "coordinates": [[[-75.59503, 44.797352], [-74.339383, 44.797352], [-74.339383, 45.509277], [-75.59503, 45.509277]]]}}, "in_reply_to_screen_name": "_FloridaMan", "source": "<a href=\"http://twitter.com\" rel=\"nofollow\">Twitter Web Client</a>"}