{"id": 611057944390533121, "id_str": "611057944390533121", "urls": [], "user": {"geo_enabled": true, "favourites_count": 21, "name": "PG", "profile_image_url_https": "https://abs.twimg.com/sticky/default_profile_images/default_profile_normal.png", "created_at": "Thu Aug 13 01:48:14 +0000 2009", "screen_name": "INAGANY1", "default_profile": true, "followers_count": 2, "id_str": "65235561", "lang": "en", "statuses_count": 18, "profile_sidebar_fill_color": "DDEEF6", "default_profile_image": true, "profile_background_image_url": "http://abs.twimg.com/images/themes/theme1/bg.png", "profile_text_color": "333333", "profile_sidebar_border_color": "C0DEED", "profile_background_color": "C0DEED", "id": 65235561, "friends_count": 97, "profile_image_url": "http://abs.twimg.com/sticky/default_profile_images/default_profile_normal.png", "profile_use_background_image": true, "profile_background_image_url_https": "https://abs.twimg.com/images/themes/theme1/bg.png", "profile_link_color": "1DA1F2"}, "user_mentions": [{"id": 2097571, "screen_name": "cnni", "name": "CNN International", "id_str": "2097571"}], "created_at": "Wed Jun 17 06:29:01 +0000 2015", "in_reply_to_status_id": 611039775856812032, "in_reply_to_user_id": 2097571, "text": "@cnni", "hashtags": [], "lang": "und", "place": {"id": "5e80ee08ea361155", "full_name": "Roselle, IL", "url": "https://api.twitter.com/1.1/geo/id/5e80ee08ea361155.json", "attributes": {}, "country_code": "US", "country": "Estados Unidos", "name": "Roselle", "contained_within": [], "place_type": "city", "bounding_box": {"type": "Polygon", "coordinates": [[[-88.1249957, 41.9495573], [-88.0315147, 41.9495573], [-88.0315147, 42.000647], [-88.1249957, 42.000647]]]}}, "in_reply_to_screen_name": "cnni", "source": "<a href=\"http://twitter.com/download/iphone\" rel=\"nofollow\">Twitter for iPhone</a>"}