{"id": 612571437639962624, "id_str": "612571437639962624", "urls": [], "user": {"profile_text_color": "333333", "id_str": "1546267874", "favourites_count": 63423, "profile_sidebar_border_color": "C0DEED", "name": "Plantsmantx \ud83d\udd96\ud83c\udffe", "profile_image_url_https": "https://pbs.twimg.com/profile_images/1008431636784898048/Sc8rfgFc_normal.jpg", "created_at": "Tue Jun 25 17:33:48 +0000 2013", "screen_name": "Plantsmantx", "default_profile": true, "followers_count": 787, "lang": "en", "statuses_count": 123286, "profile_sidebar_fill_color": "DDEEF6", "profile_background_image_url": "http://abs.twimg.com/images/themes/theme1/bg.png", "listed_count": 48, "profile_banner_url": "https://pbs.twimg.com/profile_banners/1546267874/1398310929", "profile_background_color": "C0DEED", "id": 1546267874, "friends_count": 578, "profile_image_url": "http://pbs.twimg.com/profile_images/1008431636784898048/Sc8rfgFc_normal.jpg", "profile_use_background_image": true, "profile_background_image_url_https": "https://abs.twimg.com/images/themes/theme1/bg.png", "profile_link_color": "1DA1F2"}, "user_mentions": [{"id": 594907949, "screen_name": "JamesOverholt", "name": "James Overholt", "id_str": "594907949"}, {"id": 3218894223, "screen_name": "tchopstl", "name": "Corazon Giorno", "id_str": "3218894223"}], "created_at": "Sun Jun 21 10:43:06 +0000 2015", "in_reply_to_status_id": 612458177586573312, "in_reply_to_user_id": 594907949, "text": "@JamesOverholt @tchopStL They were transporting him- not interrogating him.", "hashtags": [], "lang": "en", "in_reply_to_screen_name": "JamesOverholt", "source": "<a href=\"http://twitter.com\" rel=\"nofollow\">Twitter Web Client</a>"}