{"id": 612558880787185664, "id_str": "612558880787185664", "urls": [], "user": {"geo_enabled": true, "favourites_count": 24, "name": "Gordon Kohler", "profile_image_url_https": "https://pbs.twimg.com/profile_images/555748383923511297/bWuzHXou_normal.jpeg", "created_at": "Thu Jan 15 14:13:54 +0000 2015", "screen_name": "indoctrinaire", "default_profile": true, "followers_count": 4, "id_str": "2979839470", "lang": "en", "statuses_count": 120, "profile_sidebar_fill_color": "DDEEF6", "profile_background_image_url": "http://abs.twimg.com/images/themes/theme1/bg.png", "profile_text_color": "333333", "profile_sidebar_border_color": "C0DEED", "profile_background_color": "C0DEED", "id": 2979839470, "friends_count": 46, "profile_image_url": "http://pbs.twimg.com/profile_images/555748383923511297/bWuzHXou_normal.jpeg", "profile_use_background_image": true, "profile_background_image_url_https": "https://abs.twimg.com/images/themes/theme1/bg.png", "profile_link_color": "1DA1F2"}, "user_mentions": [], "created_at": "Sun Jun 21 09:53:12 +0000 2015", "in_reply_to_status_id": 612444642186010624, "in_reply_to_user_id": 37048835, "text": "@marabout40 Nope.  No sane human being does, ma'am.", "hashtags": [], "lang": "en", "in_reply_to_screen_name": "TheObamaphile", "source": "<a href=\"http://twitter.com/download/iphone\" rel=\"nofollow\">Twitter for iPhone</a>"}