{"id": 612662136591003652, "id_str": "612662136591003652", "urls": [], "user": {"geo_enabled": true, "favourites_count": 3988, "profile_sidebar_border_color": "FFFFFF", "name": "myeezy \ud83d\udcb0", "profile_image_url_https": "https://pbs.twimg.com/profile_images/1047587132259389442/Yn3uzbQQ_normal.jpg", "created_at": "Mon Jul 11 21:52:26 +0000 2011", "screen_name": "Mya_Kamari", "followers_count": 1706, "listed_count": 3, "description": "#txsu22 \ud83d\udc2f", "id_str": "333660759", "lang": "en", "statuses_count": 32247, "profile_background_tile": true, "profile_sidebar_fill_color": "7AC3EE", "profile_background_image_url": "http://abs.twimg.com/images/themes/theme1/bg.png", "profile_text_color": "3D1957", "profile_banner_url": "https://pbs.twimg.com/profile_banners/333660759/1529248963", "profile_background_color": "642D8B", "id": 333660759, "friends_count": 493, "profile_image_url": "http://pbs.twimg.com/profile_images/1047587132259389442/Yn3uzbQQ_normal.jpg", "profile_use_background_image": true, "profile_background_image_url_https": "https://abs.twimg.com/images/themes/theme1/bg.png", "profile_link_color": "9266CC"}, "user_mentions": [{"id": 110396781, "screen_name": "ajplus", "name": "AJ+", "id_str": "110396781"}], "created_at": "Sun Jun 21 16:43:30 +0000 2015", "in_reply_to_status_id": 612646796355960832, "in_reply_to_user_id": 110396781, "text": "@ajplus this cannot be true", "hashtags": [], "lang": "en", "in_reply_to_screen_name": "ajplus", "source": "<a href=\"http://twitter.com/download/iphone\" rel=\"nofollow\">Twitter for iPhone</a>"}