{"id": 612654942575144960, "id_str": "612654942575144960", "urls": [], "user": {"id_str": "333178453", "location": "Kangarooster Meadows", "favourites_count": 1598, "profile_sidebar_border_color": "C0DEED", "name": "matt graves", "profile_image_url_https": "https://pbs.twimg.com/profile_images/1022978243153076231/Ad0wLUHf_normal.jpg", "created_at": "Mon Jul 11 03:32:32 +0000 2011", "screen_name": "GingerOvermind", "default_profile": true, "followers_count": 160, "listed_count": 3, "description": "Bot account.", "lang": "en", "statuses_count": 1454, "profile_sidebar_fill_color": "DDEEF6", "profile_background_image_url": "http://abs.twimg.com/images/themes/theme1/bg.png", "profile_text_color": "333333", "profile_banner_url": "https://pbs.twimg.com/profile_banners/333178453/1532732099", "profile_background_color": "C0DEED", "id": 333178453, "friends_count": 565, "profile_image_url": "http://pbs.twimg.com/profile_images/1022978243153076231/Ad0wLUHf_normal.jpg", "profile_use_background_image": true, "profile_background_image_url_https": "https://abs.twimg.com/images/themes/theme1/bg.png", "profile_link_color": "1DA1F2"}, "user_mentions": [{"id": 110396781, "screen_name": "ajplus", "name": "AJ+", "id_str": "110396781"}, {"id": 279390084, "screen_name": "YourAnonNews", "name": "Anonymous", "id_str": "279390084"}, {"id": 8695932, "screen_name": "theobserver", "name": "The Charlotte Observer", "id_str": "8695932"}], "created_at": "Sun Jun 21 16:14:55 +0000 2015", "in_reply_to_status_id": 612646796355960832, "in_reply_to_user_id": 110396781, "text": "@ajplus @YourAnonNews @theobserver Was it a #PieceOfBurger ?", "hashtags": [{"text": "PieceOfBurger"}], "lang": "en", "in_reply_to_screen_name": "ajplus", "favorite_count": 1, "source": "<a href=\"http://twitter.com/download/iphone\" rel=\"nofollow\">Twitter for iPhone</a>"}