{"id": 612766207456882688, "id_str": "612766207456882688", "urls": [], "user": {"geo_enabled": true, "url": "https://t.co/gtHyPjDJNT", "favourites_count": 3496, "profile_sidebar_border_color": "000000", "name": "David Taylor", "profile_image_url_https": "https://pbs.twimg.com/profile_images/1038217932067590144/G6iNtZso_normal.jpg", "created_at": "Wed Feb 13 06:38:55 +0000 2013", "screen_name": "SirDavidTaylor", "followers_count": 237, "listed_count": 12, "description": "@BYUadlab, @Disney Corporate alumni. Poll worker. \ud83c\uddf5\ud83c\udded speaker. Never won a @Cannes_Lions.", "id_str": "1174132262", "lang": "en", "statuses_count": 2749, "profile_background_tile": true, "profile_sidebar_fill_color": "DDEEF6", "location": "California, USA", "profile_background_image_url": "http://abs.twimg.com/images/themes/theme1/bg.png", "profile_text_color": "333333", "profile_banner_url": "https://pbs.twimg.com/profile_banners/1174132262/1521854152", "profile_background_color": "C0DEED", "id": 1174132262, "friends_count": 551, "profile_image_url": "http://pbs.twimg.com/profile_images/1038217932067590144/G6iNtZso_normal.jpg", "profile_use_background_image": true, "profile_background_image_url_https": "https://abs.twimg.com/images/themes/theme1/bg.png", "profile_link_color": "FA743E"}, "user_mentions": [{"id": 2377815434, "screen_name": "ClickHole", "name": "ClickHole", "id_str": "2377815434"}], "created_at": "Sun Jun 21 23:37:03 +0000 2015", "in_reply_to_status_id": 612741808125120513, "in_reply_to_user_id": 2377815434, "text": "@ClickHole We've all been there...", "hashtags": [], "lang": "en", "in_reply_to_screen_name": "ClickHole", "source": "<a href=\"http://twitter.com\" rel=\"nofollow\">Twitter Web Client</a>"}