{"id": 613092300231589889, "id_str": "613092300231589889", "urls": [], "user": {"profile_text_color": "333333", "id_str": "978283423", "favourites_count": 6, "name": "sam smith", "profile_image_url_https": "https://abs.twimg.com/sticky/default_profile_images/default_profile_normal.png", "created_at": "Thu Nov 29 12:44:04 +0000 2012", "screen_name": "SamSammy750", "default_profile": true, "followers_count": 54, "description": "Fighting for the people of this nation. Trying to get them to vote smart and defeat Republicans", "lang": "en", "statuses_count": 6271, "profile_sidebar_fill_color": "DDEEF6", "default_profile_image": true, "profile_background_image_url": "http://abs.twimg.com/images/themes/theme1/bg.png", "listed_count": 7, "profile_sidebar_border_color": "C0DEED", "profile_background_color": "C0DEED", "id": 978283423, "friends_count": 288, "profile_image_url": "http://abs.twimg.com/sticky/default_profile_images/default_profile_normal.png", "profile_use_background_image": true, "profile_background_image_url_https": "https://abs.twimg.com/images/themes/theme1/bg.png", "profile_link_color": "1DA1F2"}, "user_mentions": [{"id": 13850422, "screen_name": "CNNPolitics", "name": "CNN Politics", "id_str": "13850422"}, {"id": 2976598347, "screen_name": "RepMiaLove", "name": "Rep. Mia Love", "id_str": "2976598347"}], "created_at": "Mon Jun 22 21:12:49 +0000 2015", "in_reply_to_status_id": 613023744454475776, "in_reply_to_user_id": 13850422, "text": "@CNNPolitics @RepMiaLove The presidential donations were reported by The Guardian on Sunday. Holt gave $1,750 to Paul and $8,500 to Cruz's", "hashtags": [], "lang": "en", "in_reply_to_screen_name": "CNNPolitics", "source": "<a href=\"http://twitter.com\" rel=\"nofollow\">Twitter Web Client</a>"}