{"id": 613442318834790400, "id_str": "613442318834790400", "urls": [], "user": {"geo_enabled": true, "location": "new york city usa ", "favourites_count": 78101, "profile_sidebar_border_color": "65B0DA", "name": "isobel.lowther", "profile_image_url_https": "https://pbs.twimg.com/profile_images/884964024357498880/fz8yscNH_normal.jpg", "created_at": "Sat May 02 15:31:35 +0000 2009", "screen_name": "zarafa", "followers_count": 2760, "listed_count": 412, "description": "artist film-maker activist U.N Representative former Solar Systems Ambassador NASA/JPL facilitator of re-tweets for important issues and OWS information", "id_str": "37216886", "lang": "en", "statuses_count": 206766, "profile_background_tile": true, "profile_sidebar_fill_color": "7AC3EE", "profile_background_image_url": "http://abs.twimg.com/images/themes/theme10/bg.gif", "profile_text_color": "3D1957", "profile_banner_url": "https://pbs.twimg.com/profile_banners/37216886/1399590757", "profile_background_color": "642D8B", "id": 37216886, "friends_count": 3683, "profile_image_url": "http://pbs.twimg.com/profile_images/884964024357498880/fz8yscNH_normal.jpg", "profile_use_background_image": true, "profile_background_image_url_https": "https://abs.twimg.com/images/themes/theme10/bg.gif", "profile_link_color": "464AA8"}, "user_mentions": [{"id": 35326924, "screen_name": "chriskingstl", "name": "Chris King", "id_str": "35326924"}, {"id": 487600344, "screen_name": "Bipartisanism", "name": "Bipartisan Report", "id_str": "487600344"}], "created_at": "Tue Jun 23 20:23:40 +0000 2015", "in_reply_to_status_id": 612842617122897920, "in_reply_to_user_id": 35326924, "text": "@chriskingstl @Bipartisanism I could not agree w. you more thank you for saying it ~", "hashtags": [], "lang": "en", "in_reply_to_screen_name": "chriskingstl", "source": "<a href=\"http://twitter.com\" rel=\"nofollow\">Twitter Web Client</a>"}