{"id": 614077921330921473, "id_str": "614077921330921473", "urls": [{"expanded_url": "https://newswatch33.com/news/charleston-church-shooter-dylann-roof-receives-4-million-in-donations-from-supporters", "url": "https://t.co/x1myPWCxv7"}], "user": {"geo_enabled": true, "url": "https://t.co/goc0cSEsmC", "favourites_count": 4662, "profile_sidebar_border_color": "000000", "name": "M\u2019Fatku Jones", "profile_image_url_https": "https://pbs.twimg.com/profile_images/1036371251932147713/dJb838NF_normal.jpg", "created_at": "Wed Jan 14 03:41:01 +0000 2009", "screen_name": "NeekRoode", "followers_count": 1686, "listed_count": 97, "description": "Co-Star of the blockbuster movie 'Someone Stole Donald Trump's Wig And Wore It To Club Hypnotic On Grown And Sexy Night'", "id_str": "18965750", "lang": "en", "statuses_count": 322183, "profile_background_tile": true, "profile_sidebar_fill_color": "FCFDFF", "location": "Eastside Wakanda", "profile_background_image_url": "http://abs.twimg.com/images/themes/theme15/bg.png", "profile_text_color": "0A0A0A", "profile_banner_url": "https://pbs.twimg.com/profile_banners/18965750/1529461006", "profile_background_color": "050005", "id": 18965750, "friends_count": 1927, "profile_image_url": "http://pbs.twimg.com/profile_images/1036371251932147713/dJb838NF_normal.jpg", "profile_use_background_image": true, "profile_background_image_url_https": "https://abs.twimg.com/images/themes/theme15/bg.png", "profile_link_color": "3579CC"}, "user_mentions": [], "possibly_sensitive": true, "retweet_count": 1, "created_at": "Thu Jun 25 14:29:20 +0000 2015", "in_reply_to_status_id": 614054616154550273, "in_reply_to_user_id": 343051698, "text": "WTF AMERICA \u201c@NewsWatch33: Charleston Church Shooter Dylann Roof Receives $4 Million in Donations From Supporters - https://t.co/x1myPWCxv7\u201d", "hashtags": [], "lang": "en", "in_reply_to_screen_name": "Currentish", "source": "<a href=\"http://itunes.apple.com/us/app/twitter/id409789998?mt=12\" rel=\"nofollow\">Twitter for Mac</a>"}