{"id": 614116083398610944, "id_str": "614116083398610944", "urls": [], "user": {"id_str": "2775768325", "location": "somewhere in washington", "favourites_count": 8530, "profile_sidebar_border_color": "C0DEED", "name": "bluefridaygal", "profile_image_url_https": "https://pbs.twimg.com/profile_images/566837292539469824/uRivx_Rm_normal.jpeg", "created_at": "Thu Aug 28 04:43:04 +0000 2014", "screen_name": "UBERTWLV", "default_profile": true, "followers_count": 546, "listed_count": 21, "description": "GOD*MY KIDS* MY HAWKS * LONG ON THOUGHTS SHORT ON ATTENTION. I WISH FOOTBALL WAS YEAR ROUND", "lang": "en", "statuses_count": 6919, "profile_sidebar_fill_color": "DDEEF6", "profile_background_image_url": "http://abs.twimg.com/images/themes/theme1/bg.png", "profile_text_color": "333333", "profile_banner_url": "https://pbs.twimg.com/profile_banners/2775768325/1422782022", "profile_background_color": "C0DEED", "id": 2775768325, "friends_count": 1087, "profile_image_url": "http://pbs.twimg.com/profile_images/566837292539469824/uRivx_Rm_normal.jpeg", "profile_use_background_image": true, "profile_background_image_url_https": "https://abs.twimg.com/images/themes/theme1/bg.png", "profile_link_color": "1DA1F2"}, "user_mentions": [{"id": 184976312, "screen_name": "DaliaDk", "name": "DALIA   \u062f\u0627\u0644\u064a\u0627", "id_str": "184976312"}], "created_at": "Thu Jun 25 17:00:58 +0000 2015", "in_reply_to_status_id": 614067939558432768, "in_reply_to_user_id": 184976312, "text": "@DaliaDk @Hafsaaaj @NewsWatch33 expensive electric chair.", "hashtags": [], "lang": "en", "in_reply_to_screen_name": "DaliaDk", "source": "<a href=\"http://twitter.com/download/android\" rel=\"nofollow\">Twitter for Android</a>"}