{"id": 614297718060486656, "id_str": "614297718060486656", "urls": [], "user": {"id_str": "325275379", "location": "Anywhere but N.E. Hemisphere", "favourites_count": 6874, "profile_sidebar_border_color": "181A1E", "name": "SeriousOne", "profile_image_url_https": "https://pbs.twimg.com/profile_images/899156795641405440/mHBNilZR_normal.jpg", "created_at": "Tue Jun 28 01:19:19 +0000 2011", "screen_name": "SeriousOne1975", "followers_count": 546, "listed_count": 91, "description": "I traveled around the world from the USA 2 a 14 day stay in Singapore & a 3 month stay in Jakarta, Bandung & Bali Indonesia", "lang": "en", "statuses_count": 64888, "profile_sidebar_fill_color": "252429", "profile_background_image_url": "http://abs.twimg.com/images/themes/theme9/bg.gif", "profile_text_color": "666666", "profile_banner_url": "https://pbs.twimg.com/profile_banners/325275379/1456985280", "profile_background_color": "1A1B1F", "id": 325275379, "friends_count": 240, "profile_image_url": "http://pbs.twimg.com/profile_images/899156795641405440/mHBNilZR_normal.jpg", "profile_use_background_image": true, "profile_background_image_url_https": "https://abs.twimg.com/images/themes/theme9/bg.gif", "profile_link_color": "2FC2EF"}, "user_mentions": [{"id": 41984111, "screen_name": "bimmerella", "name": "Bimmerella #KavaNOPE\ud83c\udf0a", "id_str": "41984111"}, {"id": 2437574094, "screen_name": "SDavld", "name": "\ud83d\udc99 S U S A N \ud83d\udc99", "id_str": "2437574094"}, {"id": 2160199430, "screen_name": "Soul_Be_It", "name": "No_Apologies", "id_str": "2160199430"}, {"id": 63144098, "screen_name": "DanteB4u", "name": "Dante Boykin", "id_str": "63144098"}], "created_at": "Fri Jun 26 05:02:43 +0000 2015", "in_reply_to_status_id": 614284545840517120, "in_reply_to_user_id": 41984111, "text": "@bimmerella @SDavld @Soul_Be_It @DanteB4u \n\nI have 4 Twitter accounts because I am such a research geek....", "hashtags": [], "lang": "en", "in_reply_to_screen_name": "bimmerella", "favorite_count": 2, "source": "<a href=\"http://twitter.com/#!/download/ipad\" rel=\"nofollow\">Twitter for iPad</a>"}