{"id": 614597229869944832, "id_str": "614597229869944832", "urls": [], "user": {"id_str": "1152083816", "location": "Belleville, ON", "favourites_count": 13, "name": "Oz Ghent", "profile_image_url_https": "https://pbs.twimg.com/profile_images/378800000458545334/a0acc09d87b914d3b35174a747d05a72_normal.jpeg", "created_at": "Tue Feb 05 21:14:10 +0000 2013", "screen_name": "LittleOzz", "default_profile": true, "followers_count": 298, "listed_count": 16, "description": "Radio Guy & Sports Fan... Also enjoy Music, TV, Traveling & Beer", "lang": "en", "statuses_count": 6158, "profile_sidebar_fill_color": "DDEEF6", "profile_background_image_url": "http://abs.twimg.com/images/themes/theme1/bg.png", "profile_text_color": "333333", "profile_sidebar_border_color": "C0DEED", "profile_background_color": "C0DEED", "id": 1152083816, "friends_count": 322, "profile_image_url": "http://pbs.twimg.com/profile_images/378800000458545334/a0acc09d87b914d3b35174a747d05a72_normal.jpeg", "profile_use_background_image": true, "profile_background_image_url_https": "https://abs.twimg.com/images/themes/theme1/bg.png", "profile_link_color": "1DA1F2"}, "user_mentions": [{"id": 18939358, "screen_name": "hunterschwarz", "name": "Hunter Schwarz", "id_str": "18939358"}, {"id": 86002394, "screen_name": "bruce_arthur", "name": "Bruce Arthur", "id_str": "86002394"}], "created_at": "Sat Jun 27 00:52:52 +0000 2015", "in_reply_to_status_id": 614595181845839873, "in_reply_to_user_id": 18939358, "text": "@hunterschwarz @bruce_arthur Obama has really been fantastic in his final year.", "hashtags": [], "lang": "en", "in_reply_to_screen_name": "hunterschwarz", "source": "<a href=\"http://twitter.com/download/android\" rel=\"nofollow\">Twitter for Android</a>"}