{"id": 614598732701638656, "id_str": "614598732701638656", "urls": [], "user": {"geo_enabled": true, "location": "Clayton, NC", "favourites_count": 216, "profile_sidebar_border_color": "C0DEED", "name": "Jeff", "profile_image_url_https": "https://pbs.twimg.com/profile_images/625678884286144512/4HLbFl7c_normal.jpg", "created_at": "Sat Jan 22 13:34:59 +0000 2011", "screen_name": "turfboy08", "default_profile": true, "followers_count": 209, "listed_count": 4, "description": "Christian, father and turf freak. Huge Florida Gator fan. Love and adore my daughter Kaley.", "id_str": "241525457", "lang": "en", "statuses_count": 3390, "profile_sidebar_fill_color": "DDEEF6", "profile_background_image_url": "http://abs.twimg.com/images/themes/theme1/bg.png", "profile_text_color": "333333", "profile_banner_url": "https://pbs.twimg.com/profile_banners/241525457/1438008445", "profile_background_color": "C0DEED", "id": 241525457, "friends_count": 461, "profile_image_url": "http://pbs.twimg.com/profile_images/625678884286144512/4HLbFl7c_normal.jpg", "profile_use_background_image": true, "profile_background_image_url_https": "https://abs.twimg.com/images/themes/theme1/bg.png", "profile_link_color": "1DA1F2"}, "user_mentions": [{"id": 18939358, "screen_name": "hunterschwarz", "name": "Hunter Schwarz", "id_str": "18939358"}, {"id": 48562720, "screen_name": "Shannon_Penn", "name": "Shannon Penn", "id_str": "48562720"}], "retweet_count": 2, "created_at": "Sat Jun 27 00:58:51 +0000 2015", "in_reply_to_status_id": 614595181845839873, "in_reply_to_user_id": 18939358, "text": "@hunterschwarz @Shannon_Penn he was against gay marriage just a few years ago. He's an idiot", "hashtags": [], "lang": "en", "place": {"id": "8be443177c442246", "full_name": "Clayton, NC", "url": "https://api.twitter.com/1.1/geo/id/8be443177c442246.json", "attributes": {}, "country_code": "US", "country": "Estados Unidos", "name": "Clayton", "contained_within": [], "place_type": "city", "bounding_box": {"type": "Polygon", "coordinates": [[[-78.509067, 35.61845], [-78.410712, 35.61845], [-78.410712, 35.676602], [-78.509067, 35.676602]]]}}, "in_reply_to_screen_name": "hunterschwarz", "favorite_count": 3, "source": "<a href=\"http://twitter.com/download/iphone\" rel=\"nofollow\">Twitter for iPhone</a>"}