{"id": 614596390639894528, "id_str": "614596390639894528", "urls": [], "user": {"id_str": "467801852", "location": "Lost in Kentucky", "favourites_count": 5982, "profile_sidebar_border_color": "C0DEED", "name": "Fat Sephiroth", "profile_image_url_https": "https://pbs.twimg.com/profile_images/860564657127424004/esIGuMyp_normal.jpg", "created_at": "Wed Jan 18 21:25:05 +0000 2012", "screen_name": "Mr_Yahtzee", "default_profile": true, "followers_count": 114, "listed_count": 3, "description": "The Peace Walker of people", "lang": "en", "statuses_count": 14517, "profile_sidebar_fill_color": "DDEEF6", "profile_background_image_url": "http://abs.twimg.com/images/themes/theme1/bg.png", "profile_text_color": "333333", "profile_banner_url": "https://pbs.twimg.com/profile_banners/467801852/1494009578", "profile_background_color": "C0DEED", "id": 467801852, "friends_count": 1004, "profile_image_url": "http://pbs.twimg.com/profile_images/860564657127424004/esIGuMyp_normal.jpg", "profile_use_background_image": true, "profile_background_image_url_https": "https://abs.twimg.com/images/themes/theme1/bg.png", "profile_link_color": "1DA1F2"}, "user_mentions": [{"id": 22077368, "screen_name": "lesleyclark", "name": "lesley clark", "id_str": "22077368"}], "in_reply_to_screen_name": "lesleyclark", "created_at": "Sat Jun 27 00:49:32 +0000 2015", "in_reply_to_status_id": 614595106906226688, "in_reply_to_user_id": 22077368, "text": "\u201c@lesleyclark: The White House bathed in rainbow #SCOTUSgaymarriage http://t.co/RDCHr0Xr3p\u201d @megspires", "hashtags": [{"text": "SCOTUSgaymarriage"}], "lang": "en", "media": [{"id": 614595106834878464, "display_url": "pic.twitter.com/RDCHr0Xr3p", "expanded_url": "https://twitter.com/lesleyclark/status/614595106906226688/photo/1", "url": "http://t.co/RDCHr0Xr3p", "media_url": "http://pbs.twimg.com/media/CId6_k-WEAA8JAU.jpg", "type": "photo", "media_url_https": "https://pbs.twimg.com/media/CId6_k-WEAA8JAU.jpg", "sizes": {"small": {"w": 680, "resize": "fit", "h": 510}, "large": {"w": 1212, "resize": "fit", "h": 909}, "medium": {"w": 1200, "resize": "fit", "h": 900}, "thumb": {"w": 150, "resize": "crop", "h": 150}}}], "source": "<a href=\"http://twitter.com/download/iphone\" rel=\"nofollow\">Twitter for iPhone</a>"}