{"id": 614611560950968320, "id_str": "614611560950968320", "urls": [], "user": {"geo_enabled": true, "location": "Auburn, MA", "favourites_count": 152, "name": "Marie \u274c", "profile_image_url_https": "https://abs.twimg.com/sticky/default_profile_images/default_profile_normal.png", "created_at": "Tue Jun 26 02:44:31 +0000 2012", "screen_name": "DMarie1953", "default_profile": true, "followers_count": 208, "listed_count": 23, "id_str": "618738927", "lang": "en", "statuses_count": 84795, "profile_sidebar_fill_color": "DDEEF6", "default_profile_image": true, "profile_background_image_url": "http://abs.twimg.com/images/themes/theme1/bg.png", "profile_text_color": "333333", "profile_sidebar_border_color": "C0DEED", "profile_background_color": "C0DEED", "id": 618738927, "friends_count": 344, "profile_image_url": "http://abs.twimg.com/sticky/default_profile_images/default_profile_normal.png", "profile_use_background_image": true, "profile_background_image_url_https": "https://abs.twimg.com/images/themes/theme1/bg.png", "profile_link_color": "1DA1F2"}, "user_mentions": [{"id": 16311797, "screen_name": "WSJPolitics", "name": "Capital Journal", "id_str": "16311797"}, {"id": 18646108, "screen_name": "BretBaier", "name": "Bret Baier", "id_str": "18646108"}], "created_at": "Sat Jun 27 01:49:49 +0000 2015", "in_reply_to_status_id": 614609560658161664, "in_reply_to_user_id": 16311797, "text": "@WSJPolitics @BretBaier putrid", "hashtags": [], "lang": "en", "in_reply_to_screen_name": "WSJPolitics", "source": "<a href=\"http://twitter.com/download/iphone\" rel=\"nofollow\">Twitter for iPhone</a>"}