{"id": 614604147988402176, "id_str": "614604147988402176", "urls": [], "user": {"id_str": "56933871", "url": "https://t.co/ESPM1ifsgk", "favourites_count": 9243, "profile_sidebar_border_color": "EEEEEE", "name": "Bad Nano", "profile_image_url_https": "https://pbs.twimg.com/profile_images/1019816255753105408/e66O45JU_normal.jpg", "profile_link_color": "009999", "screen_name": "bycon11", "followers_count": 327, "listed_count": 27, "description": "..IDIOCRACY ... it was meant to be a comedy, not a blueprint ....Dotards..!!.      #sarcasm", "created_at": "Wed Jul 15 05:17:40 +0000 2009", "lang": "en", "profile_background_tile": true, "profile_sidebar_fill_color": "EFEFEF", "location": "Some where in Murikkka", "profile_background_image_url": "http://abs.twimg.com/images/themes/theme14/bg.gif", "profile_text_color": "333333", "profile_banner_url": "https://pbs.twimg.com/profile_banners/56933871/1537554492", "profile_background_color": "131516", "id": 56933871, "friends_count": 107, "profile_image_url": "http://pbs.twimg.com/profile_images/1019816255753105408/e66O45JU_normal.jpg", "profile_use_background_image": true, "profile_background_image_url_https": "https://abs.twimg.com/images/themes/theme14/bg.gif", "statuses_count": 35281}, "user_mentions": [{"id": 1367531, "screen_name": "FoxNews", "name": "Fox News", "id_str": "1367531"}], "created_at": "Sat Jun 27 01:20:22 +0000 2015", "in_reply_to_status_id": 614599619310407680, "in_reply_to_user_id": 1367531, "text": "@FoxNews ..\ud83d\ude02\ud83d\ude02\ud83d\ude02.. I bet native Americans are having a good laught of so call #Christians \ud83d\ude18 #gop #patriots #RedNationRising", "hashtags": [{"text": "Christians"}, {"text": "gop"}, {"text": "patriots"}, {"text": "RedNationRising"}], "lang": "en", "in_reply_to_screen_name": "FoxNews", "source": "<a href=\"http://twitter.com/download/iphone\" rel=\"nofollow\">Twitter for iPhone</a>"}