{"id": 614671961801785344, "id_str": "614671961801785344", "urls": [{"expanded_url": "http://politi.co/1JbDKsS", "url": "http://t.co/P70LL6c0qC"}], "user": {"geo_enabled": true, "url": "https://t.co/PPMyQsPlIg", "favourites_count": 45, "profile_banner_url": "https://pbs.twimg.com/profile_banners/9300262/1479760803", "name": "POLITICO", "profile_image_url_https": "https://pbs.twimg.com/profile_images/677177503694237697/y6yTzWn6_normal.png", "created_at": "Mon Oct 08 00:29:38 +0000 2007", "screen_name": "politico", "followers_count": 3646195, "listed_count": 38275, "description": "Nobody knows politics like POLITICO. Got a news tip for us? \n\ud83d\udc49 https://t.co/fp9nugJuND", "id_str": "9300262", "lang": "en", "statuses_count": 287281, "profile_background_tile": true, "profile_sidebar_fill_color": "DDEEF6", "location": "Washington, D.C.", "profile_background_image_url": "http://abs.twimg.com/images/themes/theme1/bg.png", "profile_text_color": "333333", "profile_sidebar_border_color": "FFFFFF", "profile_background_color": "E6E6E6", "id": 9300262, "verified": true, "friends_count": 1382, "profile_image_url": "http://pbs.twimg.com/profile_images/677177503694237697/y6yTzWn6_normal.png", "profile_background_image_url_https": "https://abs.twimg.com/images/themes/theme1/bg.png", "profile_link_color": "DD2E44"}, "user_mentions": [], "retweet_count": 225, "created_at": "Sat Jun 27 05:49:50 +0000 2015", "text": "The White House is glowing with pride http://t.co/P70LL6c0qC | AP Photo http://t.co/utZc8r9IFs", "hashtags": [], "lang": "en", "media": [{"id": 614671961046691841, "display_url": "pic.twitter.com/utZc8r9IFs", "expanded_url": "https://twitter.com/politico/status/614671961801785344/photo/1", "url": "http://t.co/utZc8r9IFs", "media_url": "http://pbs.twimg.com/media/CIfA5FOUsAEjUrO.jpg", "type": "photo", "media_url_https": "https://pbs.twimg.com/media/CIfA5FOUsAEjUrO.jpg", "sizes": {"large": {"w": 956, "resize": "fit", "h": 519}, "small": {"w": 680, "resize": "fit", "h": 369}, "medium": {"w": 956, "resize": "fit", "h": 519}, "thumb": {"w": 150, "resize": "crop", "h": 150}}}], "favorite_count": 252, "source": "<a href=\"http://www.socialflow.com\" rel=\"nofollow\">SocialFlow</a>"}