{"id": 614607609119797248, "id_str": "614607609119797248", "urls": [], "user": {"geo_enabled": true, "location": "Wilmington NC", "favourites_count": 10141, "profile_sidebar_border_color": "524500", "name": "Debora Hutchens", "profile_image_url_https": "https://pbs.twimg.com/profile_images/1028307209556570112/aEZ6JqcS_normal.jpg", "created_at": "Thu May 21 21:17:49 +0000 2009", "screen_name": "deborahutchens", "followers_count": 910, "listed_count": 65, "description": "A simple, conservative girl, who lives a very simple life. I love Jesus (\ud83c\udf9a), Singing in the Choir (\ud83c\udfb6), Dogs(\ud83d\udc36), Cats (\ud83d\udc31), & Golf (\u26f3\ufe0f), John 10:10.", "id_str": "41680263", "lang": "en", "statuses_count": 47899, "profile_sidebar_fill_color": "E6DA98", "profile_background_image_url": "http://abs.twimg.com/images/themes/theme4/bg.gif", "profile_text_color": "000000", "profile_banner_url": "https://pbs.twimg.com/profile_banners/41680263/1533950257", "profile_background_color": "000000", "id": 41680263, "friends_count": 318, "profile_image_url": "http://pbs.twimg.com/profile_images/1028307209556570112/aEZ6JqcS_normal.jpg", "profile_use_background_image": true, "profile_background_image_url_https": "https://abs.twimg.com/images/themes/theme4/bg.gif", "profile_link_color": "806B00"}, "user_mentions": [{"id": 1367531, "screen_name": "FoxNews", "name": "Fox News", "id_str": "1367531"}], "created_at": "Sat Jun 27 01:34:07 +0000 2015", "in_reply_to_status_id": 614599619310407680, "in_reply_to_user_id": 1367531, "text": "@FoxNews I bet Heaven is not aglow with LGBT colors!", "hashtags": [], "lang": "en", "place": {"id": "4c2935f27ba8fcf5", "full_name": "Murraysville, NC", "url": "https://api.twitter.com/1.1/geo/id/4c2935f27ba8fcf5.json", "attributes": {}, "country_code": "US", "country": "Estados Unidos", "name": "Murraysville", "contained_within": [], "place_type": "city", "bounding_box": {"type": "Polygon", "coordinates": [[[-77.8718291, 34.262342], [-77.809786, 34.262342], [-77.809786, 34.3185807], [-77.8718291, 34.3185807]]]}}, "in_reply_to_screen_name": "FoxNews", "source": "<a href=\"http://twitter.com/download/iphone\" rel=\"nofollow\">Twitter for iPhone</a>"}