{"id": 614603921814720512, "id_str": "614603921814720512", "urls": [], "user": {"geo_enabled": true, "favourites_count": 118, "name": "william", "profile_image_url_https": "https://pbs.twimg.com/profile_images/575371055881064448/JMsrHsUt_normal.jpeg", "created_at": "Wed Feb 01 05:54:32 +0000 2012", "screen_name": "dallboys9", "default_profile": true, "followers_count": 74, "listed_count": 4, "id_str": "480167286", "lang": "en", "statuses_count": 1237, "profile_sidebar_fill_color": "DDEEF6", "profile_background_image_url": "http://abs.twimg.com/images/themes/theme1/bg.png", "profile_text_color": "333333", "profile_sidebar_border_color": "C0DEED", "profile_background_color": "C0DEED", "id": 480167286, "friends_count": 430, "profile_image_url": "http://pbs.twimg.com/profile_images/575371055881064448/JMsrHsUt_normal.jpeg", "profile_use_background_image": true, "profile_background_image_url_https": "https://abs.twimg.com/images/themes/theme1/bg.png", "profile_link_color": "1DA1F2"}, "user_mentions": [{"id": 34701524, "screen_name": "richeisen", "name": "Rich Eisen", "id_str": "34701524"}, {"id": 18939358, "screen_name": "hunterschwarz", "name": "Hunter Schwarz", "id_str": "18939358"}], "created_at": "Sat Jun 27 01:19:28 +0000 2015", "in_reply_to_status_id": 614597265303470080, "in_reply_to_user_id": 34701524, "text": "@richeisen @hunterschwarz sad day for America", "hashtags": [], "lang": "en", "in_reply_to_screen_name": "richeisen", "source": "<a href=\"http://twitter.com/download/android\" rel=\"nofollow\">Twitter for Android</a>"}