{"id": 614626833116569600, "id_str": "614626833116569600", "urls": [], "user": {"id_str": "55671134", "location": "Camp Henderson, CA", "favourites_count": 92, "profile_sidebar_border_color": "D3D2CF", "name": "Sgt.Carter", "profile_image_url_https": "https://pbs.twimg.com/profile_images/307541838/sargecarter_normal.jpg", "created_at": "Fri Jul 10 21:35:38 +0000 2009", "screen_name": "SergeantCarter", "followers_count": 37, "description": "Drill Instructor. Leader of dozens of honor platoons and always an admirer of all that is rare and beautiful in nature.", "lang": "en", "statuses_count": 2239, "profile_sidebar_fill_color": "E3E2DE", "profile_background_image_url": "http://abs.twimg.com/images/themes/theme3/bg.gif", "profile_text_color": "634047", "profile_banner_url": "https://pbs.twimg.com/profile_banners/55671134/1408292139", "profile_background_color": "EDECE9", "id": 55671134, "friends_count": 183, "profile_image_url": "http://pbs.twimg.com/profile_images/307541838/sargecarter_normal.jpg", "profile_use_background_image": true, "profile_background_image_url_https": "https://abs.twimg.com/images/themes/theme3/bg.gif", "profile_link_color": "088253"}, "user_mentions": [{"id": 28785486, "screen_name": "ABC", "name": "ABC News", "id_str": "28785486"}, {"id": 44099900, "screen_name": "RupintaABC11", "name": "@AmberRupinta (ABC11", "id_str": "44099900"}], "created_at": "Sat Jun 27 02:50:30 +0000 2015", "in_reply_to_status_id": 614620298877513729, "in_reply_to_user_id": 28785486, "text": "@ABC @RupintaABC11 this is the insanity you get when you elect a socialist", "hashtags": [], "lang": "en", "in_reply_to_screen_name": "ABC", "source": "<a href=\"http://twitter.com\" rel=\"nofollow\">Twitter Web Client</a>"}