{"id": 614616756791803905, "id_str": "614616756791803905", "urls": [], "user": {"geo_enabled": true, "location": "Tennessee", "favourites_count": 2046, "profile_sidebar_border_color": "EEEEEE", "name": "Matthew Stafford", "profile_image_url_https": "https://pbs.twimg.com/profile_images/945318744728981504/GsOCo_Od_normal.jpg", "created_at": "Tue Apr 09 18:37:12 +0000 2013", "screen_name": "TitansFan2013_2", "followers_count": 137, "listed_count": 1, "id_str": "1339878318", "lang": "en", "statuses_count": 1263, "profile_sidebar_fill_color": "F6F6F6", "profile_background_image_url": "http://abs.twimg.com/images/themes/theme18/bg.gif", "profile_text_color": "333333", "profile_banner_url": "https://pbs.twimg.com/profile_banners/1339878318/1402427164", "profile_background_color": "ACDED6", "id": 1339878318, "friends_count": 1843, "profile_image_url": "http://pbs.twimg.com/profile_images/945318744728981504/GsOCo_Od_normal.jpg", "profile_use_background_image": true, "profile_background_image_url_https": "https://abs.twimg.com/images/themes/theme18/bg.gif", "profile_link_color": "038543"}, "user_mentions": [{"id": 17446621, "screen_name": "THR", "name": "Hollywood Reporter", "id_str": "17446621"}], "created_at": "Sat Jun 27 02:10:28 +0000 2015", "in_reply_to_status_id": 614608936491188225, "in_reply_to_user_id": 17446621, "text": "@THR Why in the hell is the white house doing this, he needs to be worried about the growing threat of ISIS", "hashtags": [], "lang": "en", "in_reply_to_screen_name": "THR", "favorite_count": 1, "source": "<a href=\"http://twitter.com\" rel=\"nofollow\">Twitter Web Client</a>"}