{"id": 614637901318647808, "id_str": "614637901318647808", "urls": [], "user": {"geo_enabled": true, "location": "Morristown,Tennessee", "favourites_count": 25070, "profile_sidebar_border_color": "C0DEED", "name": "Jason Byrd", "profile_image_url_https": "https://pbs.twimg.com/profile_images/1013445465130532865/njZVkBum_normal.jpg", "created_at": "Sun May 23 00:11:16 +0000 2010", "screen_name": "JasonByrdUTvols", "default_profile": true, "followers_count": 915, "listed_count": 25, "description": "#GBO\ud83c\udf4a", "id_str": "147010847", "lang": "en", "statuses_count": 27539, "profile_sidebar_fill_color": "DDEEF6", "profile_background_image_url": "http://abs.twimg.com/images/themes/theme1/bg.png", "profile_text_color": "333333", "profile_banner_url": "https://pbs.twimg.com/profile_banners/147010847/1521339089", "profile_background_color": "C0DEED", "id": 147010847, "friends_count": 1324, "profile_image_url": "http://pbs.twimg.com/profile_images/1013445465130532865/njZVkBum_normal.jpg", "profile_use_background_image": true, "profile_background_image_url_https": "https://abs.twimg.com/images/themes/theme1/bg.png", "profile_link_color": "1DA1F2"}, "user_mentions": [{"id": 14173315, "screen_name": "NBCNews", "name": "NBC News", "id_str": "14173315"}], "created_at": "Sat Jun 27 03:34:29 +0000 2015", "in_reply_to_status_id": 614614133410033664, "in_reply_to_user_id": 14173315, "text": "@NBCNews White House attacked by Rainbow Brite! Lmao", "hashtags": [], "lang": "en", "in_reply_to_screen_name": "NBCNews", "favorite_count": 1, "source": "<a href=\"http://twitter.com/download/iphone\" rel=\"nofollow\">Twitter for iPhone</a>"}