{"id": 614602591675281408, "id_str": "614602591675281408", "urls": [], "user": {"profile_text_color": "333333", "id_str": "2186815733", "favourites_count": 1234, "profile_sidebar_border_color": "C0DEED", "name": "David", "profile_image_url_https": "https://pbs.twimg.com/profile_images/378800000836383274/7a8325f8253aa95c0b59b4a86ecae9c5_normal.jpeg", "created_at": "Tue Nov 19 02:40:06 +0000 2013", "screen_name": "usa1forme", "default_profile": true, "followers_count": 153, "description": "Follow #harley - #technology - #veterans - #conservatives - #porsche", "lang": "en", "statuses_count": 1213, "profile_sidebar_fill_color": "DDEEF6", "profile_background_image_url": "http://abs.twimg.com/images/themes/theme1/bg.png", "listed_count": 2, "profile_banner_url": "https://pbs.twimg.com/profile_banners/2186815733/1421164483", "profile_background_color": "C0DEED", "id": 2186815733, "friends_count": 432, "profile_image_url": "http://pbs.twimg.com/profile_images/378800000836383274/7a8325f8253aa95c0b59b4a86ecae9c5_normal.jpeg", "profile_use_background_image": true, "profile_background_image_url_https": "https://abs.twimg.com/images/themes/theme1/bg.png", "profile_link_color": "1DA1F2"}, "user_mentions": [{"id": 18939358, "screen_name": "hunterschwarz", "name": "Hunter Schwarz", "id_str": "18939358"}, {"id": 208083510, "screen_name": "Callisto1947", "name": "DR. TWEET, Ph.D.", "id_str": "208083510"}], "created_at": "Sat Jun 27 01:14:11 +0000 2015", "in_reply_to_status_id": 614595181845839873, "in_reply_to_user_id": 18939358, "text": "@hunterschwarz @Callisto1947 total crap the white house doesnt show that much support 4 our veterans Go ahead piss all over the constitution", "hashtags": [], "lang": "en", "in_reply_to_screen_name": "hunterschwarz", "source": "<a href=\"http://twitter.com\" rel=\"nofollow\">Twitter Web Client</a>"}