{"id": 614615664452485120, "id_str": "614615664452485120", "urls": [], "user": {"id_str": "54014477", "location": "San Diego, CA", "favourites_count": 11400, "name": "2Kozy Clutter", "profile_image_url_https": "https://pbs.twimg.com/profile_images/2353318384/azrdb3f6e35ffp2n55uq_normal.gif", "profile_link_color": "0E22A0", "screen_name": "2KozyClutter", "followers_count": 1784, "listed_count": 25, "description": "Conservative American.  Self-employed small business owner.  All opinions my own.  \ud83c\uddfa\ud83c\uddf8AMERICA FIRST & MAGA\ud83c\uddfa\ud83c\uddf8 \ud83d\udc6e\u200d\u2642\ufe0fSupport Law & Order\ud83d\udc6e\u200d\u2640\ufe0f \u2665\ufe0fMy family \u26be\ufe0f\ud83d\udc3e\ud83d\udc31\ud83d\udc36", "created_at": "Sun Jul 05 21:36:11 +0000 2009", "lang": "en", "profile_background_tile": true, "profile_sidebar_fill_color": "D9B27E", "profile_background_image_url": "http://abs.twimg.com/images/themes/theme8/bg.gif", "profile_text_color": "3D1704", "profile_sidebar_border_color": "8B552B", "profile_background_color": "EADEAA", "id": 54014477, "friends_count": 2113, "profile_image_url": "http://pbs.twimg.com/profile_images/2353318384/azrdb3f6e35ffp2n55uq_normal.gif", "profile_use_background_image": true, "profile_background_image_url_https": "https://abs.twimg.com/images/themes/theme8/bg.gif", "statuses_count": 30458}, "user_mentions": [{"id": 1917731, "screen_name": "thehill", "name": "The Hill", "id_str": "1917731"}], "retweet_count": 1, "created_at": "Sat Jun 27 02:06:08 +0000 2015", "in_reply_to_status_id": 614615157730357248, "in_reply_to_user_id": 1917731, "text": "@thehill Surrre....why not make a clown house out of the White House!  DISGRACEFUL!!!", "hashtags": [], "lang": "en", "in_reply_to_screen_name": "thehill", "favorite_count": 1, "source": "<a href=\"http://twitter.com\" rel=\"nofollow\">Twitter Web Client</a>"}