{"id": 614622087005777921, "id_str": "614622087005777921", "urls": [], "user": {"id_str": "14116100", "url": "https://t.co/AMZARei7QC", "favourites_count": 13334, "profile_sidebar_border_color": "000000", "name": "CurtMcCormick", "profile_image_url_https": "https://pbs.twimg.com/profile_images/954062687243329536/VrvHc1r0_normal.jpg", "created_at": "Mon Mar 10 18:16:43 +0000 2008", "screen_name": "CurtMcCormick", "followers_count": 792, "listed_count": 4, "description": "Mktg Comm Exec, Inova Mount Vernon Hosp @InovaHealth. My 3 Sons. AT Hiker. Bad at Powerball so far. Q.O. Red Army. Let's Go Caps! Tweets & dreams: Mine-All-Mine", "lang": "en", "statuses_count": 3854, "profile_sidebar_fill_color": "000000", "location": "Severely misplaced in the DMV", "profile_background_image_url": "http://abs.twimg.com/images/themes/theme1/bg.png", "profile_text_color": "000000", "profile_banner_url": "https://pbs.twimg.com/profile_banners/14116100/1524493216", "profile_background_color": "000000", "id": 14116100, "friends_count": 3000, "profile_image_url": "http://pbs.twimg.com/profile_images/954062687243329536/VrvHc1r0_normal.jpg", "profile_background_image_url_https": "https://abs.twimg.com/images/themes/theme1/bg.png", "profile_link_color": "1B95E0"}, "user_mentions": [{"id": 16311797, "screen_name": "WSJPolitics", "name": "Capital Journal", "id_str": "16311797"}], "created_at": "Sat Jun 27 02:31:39 +0000 2015", "in_reply_to_status_id": 614609560658161664, "in_reply_to_user_id": 16311797, "text": "@WSJPolitics Wow!  #LoveWins", "hashtags": [{"text": "LoveWins"}], "lang": "und", "in_reply_to_screen_name": "WSJPolitics", "source": "<a href=\"https://mobile.twitter.com\" rel=\"nofollow\">Twitter Lite</a>"}