{"id": 614617448810057729, "id_str": "614617448810057729", "urls": [], "user": {"geo_enabled": true, "url": "https://t.co/lYRnzk1GCM", "favourites_count": 6546, "profile_sidebar_border_color": "D3D2CF", "name": "Peggy McClain", "profile_image_url_https": "https://pbs.twimg.com/profile_images/1038974554641555456/Gljgc-mM_normal.jpg", "created_at": "Sat Jun 20 22:57:12 +0000 2009", "screen_name": "redwildcat", "followers_count": 2477, "listed_count": 45, "description": "Catholic & \ud83c\uddfa\ud83c\uddf8. Straw User. #Kavanaugh  Pro-Human Life. Constitution, \ud83d\udc36, \ud83d\udc34, \ud83c\udf3a, & The University of Arizona. Contributor: https://t.co/kqa4mEBlhG", "id_str": "49149829", "lang": "en", "statuses_count": 21824, "profile_sidebar_fill_color": "E3E2DE", "location": "No On Tempe Prop 418, AZ", "profile_background_image_url": "http://abs.twimg.com/images/themes/theme1/bg.png", "profile_text_color": "634047", "profile_banner_url": "https://pbs.twimg.com/profile_banners/49149829/1537844627", "profile_background_color": "E8E9EB", "id": 49149829, "friends_count": 2392, "profile_image_url": "http://pbs.twimg.com/profile_images/1038974554641555456/Gljgc-mM_normal.jpg", "profile_use_background_image": true, "profile_background_image_url_https": "https://abs.twimg.com/images/themes/theme1/bg.png", "profile_link_color": "088253"}, "user_mentions": [{"id": 51241574, "screen_name": "AP", "name": "The Associated Press", "id_str": "51241574"}, {"id": 822215673812119553, "screen_name": "WhiteHouse", "name": "The White House", "id_str": "822215673812119553"}], "created_at": "Sat Jun 27 02:13:13 +0000 2015", "in_reply_to_status_id": 614605997953404929, "in_reply_to_user_id": 51241574, "text": "@AP And I'm sure the @WhiteHouse will be lit in green and red in December, correct? #loveloses", "hashtags": [{"text": "loveloses"}], "lang": "en", "in_reply_to_screen_name": "AP", "source": "<a href=\"http://twitter.com/#!/download/ipad\" rel=\"nofollow\">Twitter for iPad</a>"}