{"id": 614606358822805504, "id_str": "614606358822805504", "urls": [], "user": {"id_str": "523355375", "location": "In the northern part.", "favourites_count": 450, "profile_sidebar_border_color": "000000", "name": "Marco earl", "profile_image_url_https": "https://pbs.twimg.com/profile_images/1043143030717509632/o-w-43iN_normal.jpg", "created_at": "Tue Mar 13 15:15:38 +0000 2012", "screen_name": "MarcoEarl", "followers_count": 44, "listed_count": 2, "description": "Chilling. Everything I tweet or like is my own opinion. Retweets are not an endorsement.singer for @LIfeissmoke. solo artist. media observer.", "lang": "en", "statuses_count": 534, "profile_sidebar_fill_color": "DF6F30", "profile_background_image_url": "http://abs.twimg.com/images/themes/theme1/bg.png", "profile_text_color": "000000", "profile_banner_url": "https://pbs.twimg.com/profile_banners/523355375/1500688452", "profile_background_color": "FFFFFF", "id": 523355375, "friends_count": 367, "profile_image_url": "http://pbs.twimg.com/profile_images/1043143030717509632/o-w-43iN_normal.jpg", "profile_use_background_image": true, "profile_background_image_url_https": "https://abs.twimg.com/images/themes/theme1/bg.png", "profile_link_color": "1B95E0"}, "user_mentions": [{"id": 51241574, "screen_name": "AP", "name": "The Associated Press", "id_str": "51241574"}], "created_at": "Sat Jun 27 01:29:09 +0000 2015", "in_reply_to_status_id": 614605997953404929, "in_reply_to_user_id": 51241574, "text": "@AP that was quick......like they knew it would pass before hand..lol", "hashtags": [], "lang": "en", "in_reply_to_screen_name": "AP", "source": "<a href=\"http://twitter.com\" rel=\"nofollow\">Twitter Web Client</a>"}