{"id": 614631821364441089, "id_str": "614631821364441089", "urls": [], "user": {"geo_enabled": true, "url": "https://t.co/cSrPHLgByX", "favourites_count": 468, "profile_sidebar_border_color": "F5A503", "name": "Renee'", "profile_image_url_https": "https://pbs.twimg.com/profile_images/486725086582300672/oh7Vm6zd_normal.jpeg", "created_at": "Sun Mar 18 15:14:35 +0000 2012", "screen_name": "Nene0572", "followers_count": 113, "listed_count": 1, "description": "Mom to 4 boys. 3 here & 1 in heaven! Wife to an awesome, patient, loving hubby! https://t.co/ZiRp6H4Hat", "id_str": "528592684", "lang": "en", "statuses_count": 1133, "profile_background_tile": true, "profile_sidebar_fill_color": "F2385A", "location": "DFW, Texas", "profile_background_image_url": "http://abs.twimg.com/images/themes/theme1/bg.png", "profile_text_color": "E9F1DF", "profile_banner_url": "https://pbs.twimg.com/profile_banners/528592684/1435355787", "profile_background_color": "3AA1BF", "id": 528592684, "friends_count": 411, "profile_image_url": "http://pbs.twimg.com/profile_images/486725086582300672/oh7Vm6zd_normal.jpeg", "profile_use_background_image": true, "profile_background_image_url_https": "https://abs.twimg.com/images/themes/theme1/bg.png", "profile_link_color": "56D9CD"}, "user_mentions": [{"id": 288215711, "screen_name": "JustAGirIThing", "name": "Girl Posts \ud83d\udc85\ud83c\udffb", "id_str": "288215711"}], "created_at": "Sat Jun 27 03:10:20 +0000 2015", "in_reply_to_status_id": 614616994499788800, "in_reply_to_user_id": 288215711, "text": "@JustAGirIThing @_MakaylaReed_ there was a rainbow over Arlington too!!!  \ud83d\ude04\ud83c\udf08\ud83d\udc8d", "hashtags": [], "lang": "en", "in_reply_to_screen_name": "JustAGirIThing", "source": "<a href=\"http://twitter.com/download/iphone\" rel=\"nofollow\">Twitter for iPhone</a>"}