{"id": 614622611541114880, "id_str": "614622611541114880", "urls": [], "user": {"geo_enabled": true, "favourites_count": 1084, "profile_sidebar_border_color": "000000", "name": "TheServantLeader", "profile_image_url_https": "https://pbs.twimg.com/profile_images/547615984501018624/Ze2jSnDv_normal.jpeg", "created_at": "Tue Feb 18 18:09:01 +0000 2014", "screen_name": "ServantsLead", "followers_count": 134, "listed_count": 11, "description": "I know the Word and He's all I need", "id_str": "2350490029", "lang": "en", "statuses_count": 22703, "profile_sidebar_fill_color": "000000", "profile_background_image_url": "http://abs.twimg.com/images/themes/theme1/bg.png", "profile_text_color": "000000", "profile_banner_url": "https://pbs.twimg.com/profile_banners/2350490029/1420266200", "profile_background_color": "000000", "id": 2350490029, "friends_count": 170, "profile_image_url": "http://pbs.twimg.com/profile_images/547615984501018624/Ze2jSnDv_normal.jpeg", "profile_background_image_url_https": "https://abs.twimg.com/images/themes/theme1/bg.png", "profile_link_color": "DD2E44"}, "user_mentions": [{"id": 1367531, "screen_name": "FoxNews", "name": "Fox News", "id_str": "1367531"}], "created_at": "Sat Jun 27 02:33:44 +0000 2015", "in_reply_to_status_id": 614599619310407680, "in_reply_to_user_id": 1367531, "text": "@FoxNews take some blame for 2days ruling. If U didn't serve so much H8 more people wouldn't tune out&amp;perhaps listen up. #MarriageEquaility", "hashtags": [{"text": "MarriageEquaility"}], "lang": "en", "in_reply_to_screen_name": "FoxNews", "source": "<a href=\"http://twitter.com/#!/download/ipad\" rel=\"nofollow\">Twitter for iPad</a>"}