{"id": 614621327778033664, "id_str": "614621327778033664", "urls": [], "user": {"profile_text_color": "333333", "id_str": "562693677", "favourites_count": 252, "name": "Patricia Rosas", "profile_image_url_https": "https://pbs.twimg.com/profile_images/594909637801029632/3PVksdCI_normal.jpg", "created_at": "Wed Apr 25 05:17:43 +0000 2012", "screen_name": "pattyrgs", "default_profile": true, "followers_count": 38, "lang": "es", "statuses_count": 703, "profile_sidebar_fill_color": "DDEEF6", "profile_background_image_url": "http://abs.twimg.com/images/themes/theme1/bg.png", "listed_count": 1, "profile_sidebar_border_color": "C0DEED", "profile_background_color": "C0DEED", "id": 562693677, "friends_count": 209, "profile_image_url": "http://pbs.twimg.com/profile_images/594909637801029632/3PVksdCI_normal.jpg", "profile_use_background_image": true, "profile_background_image_url_https": "https://abs.twimg.com/images/themes/theme1/bg.png", "profile_link_color": "1DA1F2"}, "user_mentions": [{"id": 14173315, "screen_name": "NBCNews", "name": "NBC News", "id_str": "14173315"}], "created_at": "Sat Jun 27 02:28:38 +0000 2015", "in_reply_to_status_id": 614614133410033664, "in_reply_to_user_id": 14173315, "text": "@NBCNews genial hasta las l\u00e1grimas!!!", "hashtags": [], "lang": "es", "in_reply_to_screen_name": "NBCNews", "source": "<a href=\"http://twitter.com/download/android\" rel=\"nofollow\">Twitter for Android</a>"}