{"id": 614611551157395456, "id_str": "614611551157395456", "urls": [], "user": {"geo_enabled": true, "favourites_count": 52017, "profile_sidebar_border_color": "C0DEED", "name": "me", "profile_image_url_https": "https://pbs.twimg.com/profile_images/648859482634764293/fejo8cwl_normal.jpg", "created_at": "Fri Jun 26 14:39:06 +0000 2009", "screen_name": "rentrikin", "default_profile": true, "followers_count": 394, "listed_count": 8, "description": "a strong woman who doesnt need feminists to fight her battles. I love God,my family,America.. in that order. I believe in right and wrong.No gray areas for me.", "id_str": "51080960", "lang": "en", "statuses_count": 37989, "profile_sidebar_fill_color": "DDEEF6", "profile_background_image_url": "http://abs.twimg.com/images/themes/theme1/bg.png", "profile_text_color": "333333", "profile_banner_url": "https://pbs.twimg.com/profile_banners/51080960/1443535219", "profile_background_color": "C0DEED", "id": 51080960, "friends_count": 348, "profile_image_url": "http://pbs.twimg.com/profile_images/648859482634764293/fejo8cwl_normal.jpg", "profile_use_background_image": true, "profile_background_image_url_https": "https://abs.twimg.com/images/themes/theme1/bg.png", "profile_link_color": "1DA1F2"}, "user_mentions": [{"id": 1917731, "screen_name": "thehill", "name": "The Hill", "id_str": "1917731"}], "created_at": "Sat Jun 27 01:49:47 +0000 2015", "in_reply_to_status_id": 614604580601597953, "in_reply_to_user_id": 1917731, "text": "@thehill obviously not a president of ALL the people.", "hashtags": [], "lang": "en", "in_reply_to_screen_name": "thehill", "favorite_count": 2, "source": "<a href=\"http://twitter.com/download/iphone\" rel=\"nofollow\">Twitter for iPhone</a>"}