{"id": 614648955738173440, "id_str": "614648955738173440", "urls": [], "user": {"id_str": "33572003", "url": "http://t.co/acUtAAU7cW", "favourites_count": 61146, "profile_sidebar_border_color": "5E98DC", "name": "Jennylogic", "profile_image_url_https": "https://pbs.twimg.com/profile_images/1039662535560097794/860tKqMS_normal.jpg", "profile_link_color": "0027B9", "screen_name": "Jennyablue", "followers_count": 2484, "listed_count": 278, "description": "Simple pleasures amuse me like beer, flowers and traveling the Milky Way on spaceship Earth.", "created_at": "Mon Apr 20 16:33:43 +0000 2009", "lang": "en", "profile_background_tile": true, "profile_sidebar_fill_color": "7FA3EB", "location": "Big Picture, Gravity Sucks", "profile_background_image_url": "http://abs.twimg.com/images/themes/theme4/bg.gif", "profile_text_color": "393A40", "profile_banner_url": "https://pbs.twimg.com/profile_banners/33572003/1398740660", "profile_background_color": "004AB9", "id": 33572003, "friends_count": 2561, "profile_image_url": "http://pbs.twimg.com/profile_images/1039662535560097794/860tKqMS_normal.jpg", "profile_use_background_image": true, "profile_background_image_url_https": "https://abs.twimg.com/images/themes/theme4/bg.gif", "statuses_count": 184275}, "user_mentions": [{"id": 21980816, "screen_name": "cody_k", "name": "Cody LaDiablita \u2620\ufe0f\u2693\ufe0f", "id_str": "21980816"}], "created_at": "Sat Jun 27 04:18:25 +0000 2015", "in_reply_to_status_id": 614646837753040897, "in_reply_to_user_id": 21980816, "text": "@cody_k aw, so cool. Thx xo", "hashtags": [], "lang": "en", "in_reply_to_screen_name": "cody_k", "source": "<a href=\"https://about.twitter.com/products/tweetdeck\" rel=\"nofollow\">TweetDeck</a>"}