{"id": 614793319097483264, "id_str": "614793319097483264", "urls": [], "user": {"profile_text_color": "333333", "id_str": "207985091", "favourites_count": 21806, "profile_sidebar_border_color": "C0DEED", "name": "miss Jackson", "profile_image_url_https": "https://pbs.twimg.com/profile_images/1039759931824594946/boSekT1T_normal.jpg", "created_at": "Tue Oct 26 12:18:54 +0000 2010", "screen_name": "irenekoj", "default_profile": true, "followers_count": 1690, "description": "okay so what are you doing on my https://t.co/UvX66otrtf twitter, my tweets, my choice.. #TEAMLH", "lang": "en", "statuses_count": 16759, "profile_sidebar_fill_color": "DDEEF6", "profile_background_image_url": "http://abs.twimg.com/images/themes/theme1/bg.png", "listed_count": 13, "profile_banner_url": "https://pbs.twimg.com/profile_banners/207985091/1527084978", "profile_background_color": "C0DEED", "id": 207985091, "friends_count": 357, "profile_image_url": "http://pbs.twimg.com/profile_images/1039759931824594946/boSekT1T_normal.jpg", "profile_use_background_image": true, "profile_background_image_url_https": "https://abs.twimg.com/images/themes/theme1/bg.png", "profile_link_color": "1DA1F2"}, "user_mentions": [{"id": 14293310, "screen_name": "TIME", "name": "TIME", "id_str": "14293310"}], "retweet_count": 1, "created_at": "Sat Jun 27 13:52:04 +0000 2015", "in_reply_to_status_id": 614790312955904000, "in_reply_to_user_id": 14293310, "text": "@TIME interesting times we are living in,historic legacy of the black man in the white house.", "hashtags": [], "lang": "en", "in_reply_to_screen_name": "TIME", "favorite_count": 2, "source": "<a href=\"http://twitter.com/download/android\" rel=\"nofollow\">Twitter for Android</a>"}