{"id": 614773709648343040, "id_str": "614773709648343040", "urls": [], "user": {"geo_enabled": true, "url": "https://t.co/NJxiHaeFth", "favourites_count": 329099, "profile_banner_url": "https://pbs.twimg.com/profile_banners/350842716/1517129284", "name": "Fabio Manuel Mulas", "profile_image_url_https": "https://pbs.twimg.com/profile_images/1044335425790324737/KNk5QNRS_normal.jpg", "created_at": "Mon Aug 08 11:49:59 +0000 2011", "screen_name": "FabManuelMulas", "followers_count": 45214, "listed_count": 152, "description": "Produttore Regista Scrittore \nDirettore della Nuragica Films Distribution #IlsequestroLucaLocci #BandidoSeBalentes https://t.co/9zo4ub8Zos", "id_str": "350842716", "lang": "it", "statuses_count": 116459, "profile_sidebar_fill_color": "DDEEF6", "location": "Italia", "profile_background_image_url": "http://abs.twimg.com/images/themes/theme1/bg.png", "profile_text_color": "333333", "profile_sidebar_border_color": "FFFFFF", "profile_background_color": "C0DEED", "id": 350842716, "verified": true, "friends_count": 2548, "profile_image_url": "http://pbs.twimg.com/profile_images/1044335425790324737/KNk5QNRS_normal.jpg", "profile_use_background_image": true, "profile_background_image_url_https": "https://abs.twimg.com/images/themes/theme1/bg.png", "profile_link_color": "B31B00"}, "user_mentions": [{"id": 2884771, "screen_name": "Newsweek", "name": "Newsweek", "id_str": "2884771"}, {"id": 813286, "screen_name": "BarackObama", "name": "Barack Obama", "id_str": "813286"}, {"id": 18762875, "screen_name": "matteorenzi", "name": "Matteo Renzi", "id_str": "18762875"}], "created_at": "Sat Jun 27 12:34:08 +0000 2015", "in_reply_to_status_id": 614618682543616000, "in_reply_to_user_id": 2884771, "text": "@Newsweek @BarackObama dillo al tuo Amico @matteorenzi che non capisce bene!!", "hashtags": [], "lang": "it", "in_reply_to_screen_name": "Newsweek", "source": "<a href=\"http://twitter.com\" rel=\"nofollow\">Twitter Web Client</a>"}