{"id": 614843045037613056, "id_str": "614843045037613056", "urls": [], "user": {"profile_text_color": "333333", "id_str": "87758913", "favourites_count": 542, "profile_sidebar_border_color": "FFFFFF", "name": "Anton", "profile_image_url_https": "https://pbs.twimg.com/profile_images/942672597237592064/1DSVR2td_normal.jpg", "created_at": "Thu Nov 05 19:11:40 +0000 2009", "screen_name": "Antaruch", "followers_count": 7, "lang": "ru", "statuses_count": 628, "profile_sidebar_fill_color": "DDEEF6", "profile_background_image_url": "http://abs.twimg.com/images/themes/theme1/bg.png", "listed_count": 2, "profile_banner_url": "https://pbs.twimg.com/profile_banners/87758913/1513585511", "profile_background_color": "89C9FA", "id": 87758913, "friends_count": 111, "profile_image_url": "http://pbs.twimg.com/profile_images/942672597237592064/1DSVR2td_normal.jpg", "profile_use_background_image": true, "profile_background_image_url_https": "https://abs.twimg.com/images/themes/theme1/bg.png", "profile_link_color": "1B95E0"}, "user_mentions": [{"id": 14293310, "screen_name": "TIME", "name": "TIME", "id_str": "14293310"}], "created_at": "Sat Jun 27 17:09:39 +0000 2015", "in_reply_to_status_id": 614790312955904000, "in_reply_to_user_id": 14293310, "text": "@TIME \nSodom and Gomorrah...", "hashtags": [], "lang": "en", "in_reply_to_screen_name": "TIME", "source": "<a href=\"http://twitter.com\" rel=\"nofollow\">Twitter Web Client</a>"}