{"id": 615148354352345088, "id_str": "615148354352345088", "urls": [], "user": {"id_str": "714947334", "location": "United States", "favourites_count": 533244, "profile_sidebar_border_color": "FFFFFF", "name": "MarieTweets", "profile_image_url_https": "https://pbs.twimg.com/profile_images/968836298189438981/isQyouLU_normal.jpg", "profile_link_color": "DB143C", "screen_name": "mkues65", "followers_count": 20973, "listed_count": 536, "description": "Independent, thankful to live in a Red State #BuildTheWall #MAGA Thank you border patrol & ICE #TheGreatAwakening Love our Military\ud83c\uddfa\ud83c\uddf8", "created_at": "Tue Jul 24 21:21:14 +0000 2012", "lang": "en", "profile_background_tile": true, "profile_sidebar_fill_color": "1C1939", "profile_background_image_url": "http://abs.twimg.com/images/themes/theme1/bg.png", "profile_text_color": "D60000", "profile_banner_url": "https://pbs.twimg.com/profile_banners/714947334/1538729258", "profile_background_color": "030103", "id": 714947334, "friends_count": 8977, "profile_image_url": "http://pbs.twimg.com/profile_images/968836298189438981/isQyouLU_normal.jpg", "profile_use_background_image": true, "profile_background_image_url_https": "https://abs.twimg.com/images/themes/theme1/bg.png", "statuses_count": 549226}, "user_mentions": [{"id": 14293310, "screen_name": "TIME", "name": "TIME", "id_str": "14293310"}, {"id": 896163348315725824, "screen_name": "miceemouse", "name": "OpSec101", "id_str": "896163348315725824"}], "retweet_count": 1, "created_at": "Sun Jun 28 13:22:51 +0000 2015", "in_reply_to_status_id": 614790312955904000, "in_reply_to_user_id": 14293310, "text": "@TIME @MiceeMouse some people may find this photo offensive so it should be banned", "hashtags": [], "lang": "en", "in_reply_to_screen_name": "TIME", "source": "<a href=\"http://twitter.com/download/iphone\" rel=\"nofollow\">Twitter for iPhone</a>"}