{"id": 615236967207284736, "id_str": "615236967207284736", "urls": [], "user": {"profile_sidebar_fill_color": "000000", "name": "Patti Anderson", "id_str": "2901884119", "statuses_count": 18, "profile_background_image_url": "http://abs.twimg.com/images/themes/theme1/bg.png", "profile_text_color": "000000", "profile_sidebar_border_color": "000000", "profile_image_url_https": "https://pbs.twimg.com/profile_images/534024372088885250/0HU71P-G_normal.jpeg", "profile_background_color": "000000", "created_at": "Sun Nov 16 16:20:58 +0000 2014", "screen_name": "MudbabyMt", "followers_count": 4, "friends_count": 3, "profile_image_url": "http://pbs.twimg.com/profile_images/534024372088885250/0HU71P-G_normal.jpeg", "id": 2901884119, "lang": "en", "profile_background_image_url_https": "https://abs.twimg.com/images/themes/theme1/bg.png", "profile_link_color": "3B94D9"}, "user_mentions": [{"id": 39600882, "screen_name": "ErikEstep", "name": "Erik Estep", "id_str": "39600882"}, {"id": 42958829, "screen_name": "CBSEveningNews", "name": "CBS Evening News", "id_str": "42958829"}, {"id": 822215673812119553, "screen_name": "WhiteHouse", "name": "The White House", "id_str": "822215673812119553"}], "created_at": "Sun Jun 28 19:14:58 +0000 2015", "in_reply_to_status_id": 614775275138715648, "in_reply_to_user_id": 39600882, "text": "@ErikEstep @CBSEveningNews @WhiteHouse....For God is the main issue, not us Christians.  It isn't about us!", "hashtags": [], "lang": "en", "in_reply_to_screen_name": "ErikEstep", "source": "<a href=\"http://twitter.com\" rel=\"nofollow\">Twitter Web Client</a>"}