{"id": 615587559889072128, "id_str": "615587559889072128", "urls": [], "user": {"id_str": "3214431839", "location": "Chicago Suburbs", "favourites_count": 76875, "profile_sidebar_border_color": "C0DEED", "name": "This Isn't Normal!", "profile_image_url_https": "https://pbs.twimg.com/profile_images/760223007117864964/ecdNp7le_normal.jpg", "created_at": "Mon Apr 27 17:54:43 +0000 2015", "screen_name": "SlyDurin", "default_profile": true, "followers_count": 534, "listed_count": 13, "description": "Concerned citizen", "lang": "en", "statuses_count": 7322, "profile_sidebar_fill_color": "DDEEF6", "profile_background_image_url": "http://abs.twimg.com/images/themes/theme1/bg.png", "profile_text_color": "333333", "profile_banner_url": "https://pbs.twimg.com/profile_banners/3214431839/1538315273", "profile_background_color": "C0DEED", "id": 3214431839, "friends_count": 936, "profile_image_url": "http://pbs.twimg.com/profile_images/760223007117864964/ecdNp7le_normal.jpg", "profile_use_background_image": true, "profile_background_image_url_https": "https://abs.twimg.com/images/themes/theme1/bg.png", "profile_link_color": "1DA1F2"}, "user_mentions": [{"id": 184976312, "screen_name": "DaliaDk", "name": "DALIA   \u062f\u0627\u0644\u064a\u0627", "id_str": "184976312"}], "created_at": "Mon Jun 29 18:28:05 +0000 2015", "in_reply_to_status_id": 614063576915902464, "in_reply_to_user_id": 352568665, "text": "@Hafsaaaj @NewsWatch33 @DaliaDk It is a joke. Bogus site with fake story,  but nobody is laughing.", "hashtags": [], "lang": "en", "in_reply_to_screen_name": "HafiaJay", "source": "<a href=\"http://twitter.com/download/android\" rel=\"nofollow\">Twitter for Android</a>"}