{"id": 615689290706595840, "id_str": "615689290706595840", "urls": [{"expanded_url": "http://Facebook.com/franklingraham", "url": "http://t.co/SxyILnPxmr"}], "user": {"geo_enabled": true, "url": "http://t.co/YmFid3UivL", "favourites_count": 175, "profile_banner_url": "https://pbs.twimg.com/profile_banners/44945327/1427740621", "name": "Franklin Graham", "profile_image_url_https": "https://pbs.twimg.com/profile_images/801022847371984896/6ygXVUj1_normal.jpg", "created_at": "Fri Jun 05 17:29:55 +0000 2009", "screen_name": "Franklin_Graham", "followers_count": 1771042, "listed_count": 2842, "description": "Official Twitter account for the President of Samaritan's Purse and the Billy Graham Evangelistic Association.", "id_str": "44945327", "lang": "en", "statuses_count": 10106, "profile_background_tile": true, "profile_sidebar_fill_color": "EFEFEF", "profile_background_image_url": "http://abs.twimg.com/images/themes/theme14/bg.gif", "profile_text_color": "333333", "profile_sidebar_border_color": "EEEEEE", "profile_background_color": "131516", "id": 44945327, "verified": true, "friends_count": 86, "profile_image_url": "http://pbs.twimg.com/profile_images/801022847371984896/6ygXVUj1_normal.jpg", "profile_use_background_image": true, "profile_background_image_url_https": "https://abs.twimg.com/images/themes/theme14/bg.gif", "profile_link_color": "009999"}, "source": "<a href=\"http://twitter.com/download/iphone\" rel=\"nofollow\">Twitter for iPhone</a>", "user_mentions": [{"id": 822215673812119553, "screen_name": "WhiteHouse", "name": "The White House", "id_str": "822215673812119553"}], "retweet_count": 353, "created_at": "Tue Jun 30 01:12:20 +0000 2015", "text": ".@WhiteHouse in rainbow colors for #SCOTUSMarriage? Here's what I think about that decision: http://t.co/SxyILnPxmr", "hashtags": [{"text": "SCOTUSMarriage"}], "lang": "en", "favorite_count": 633}