{"id": 615690913474457600, "id_str": "615690913474457600", "urls": [], "user": {"id_str": "3260101820", "location": "Seattle, WA", "favourites_count": 1, "profile_sidebar_border_color": "C0DEED", "name": "Righteous Thoughts", "profile_image_url_https": "https://pbs.twimg.com/profile_images/615559771899363328/xKZMLBvJ_normal.jpg", "created_at": "Mon Jun 29 16:34:08 +0000 2015", "screen_name": "RighteousBastrd", "default_profile": true, "followers_count": 2, "description": "Opinionated, sarcastic, inappropriate, politically incorrect, and I absolutely love stereotyping. My intent is never malicious.", "lang": "en", "statuses_count": 9, "profile_sidebar_fill_color": "DDEEF6", "profile_background_image_url": "http://abs.twimg.com/images/themes/theme1/bg.png", "profile_text_color": "333333", "profile_banner_url": "https://pbs.twimg.com/profile_banners/3260101820/1435596414", "profile_background_color": "C0DEED", "id": 3260101820, "friends_count": 20, "profile_image_url": "http://pbs.twimg.com/profile_images/615559771899363328/xKZMLBvJ_normal.jpg", "profile_use_background_image": true, "profile_background_image_url_https": "https://abs.twimg.com/images/themes/theme1/bg.png", "profile_link_color": "1DA1F2"}, "user_mentions": [{"id": 44945327, "screen_name": "Franklin_Graham", "name": "Franklin Graham", "id_str": "44945327"}, {"id": 822215673812119553, "screen_name": "WhiteHouse", "name": "The White House", "id_str": "822215673812119553"}, {"id": 834281252, "screen_name": "CrossFit", "name": "CrossFit", "id_str": "834281252"}], "created_at": "Tue Jun 30 01:18:47 +0000 2015", "in_reply_to_status_id": 615689290706595840, "in_reply_to_user_id": 44945327, "text": "@Franklin_Graham @WhiteHouse That's pretty gay, like @CrossFit #PrideMonth #FuckinObama #crossfit #pride", "hashtags": [{"text": "PrideMonth"}, {"text": "FuckinObama"}, {"text": "crossfit"}, {"text": "pride"}], "lang": "en", "in_reply_to_screen_name": "Franklin_Graham", "source": "<a href=\"http://twitter.com/download/iphone\" rel=\"nofollow\">Twitter for iPhone</a>"}