{"id": 616092796089315328, "id_str": "616092796089315328", "urls": [], "user": {"profile_text_color": "333333", "id_str": "3090920659", "url": "https://t.co/9HDrmnYg4n", "favourites_count": 4228, "profile_sidebar_border_color": "C0DEED", "name": "Debs", "profile_image_url_https": "https://pbs.twimg.com/profile_images/835352146010857472/-L5ls9ZI_normal.jpg", "created_at": "Mon Mar 16 20:12:44 +0000 2015", "screen_name": "qbic427", "default_profile": true, "followers_count": 336, "description": "I will not apologize for my life nor will I ask you to justify yours! Our fight as Women continues. Stand with me as I will you. retweets not endorsements", "lang": "en", "statuses_count": 6858, "profile_sidebar_fill_color": "DDEEF6", "profile_background_image_url": "http://abs.twimg.com/images/themes/theme1/bg.png", "listed_count": 13, "profile_banner_url": "https://pbs.twimg.com/profile_banners/3090920659/1439187675", "profile_background_color": "C0DEED", "id": 3090920659, "friends_count": 447, "profile_image_url": "http://pbs.twimg.com/profile_images/835352146010857472/-L5ls9ZI_normal.jpg", "profile_use_background_image": true, "profile_background_image_url_https": "https://abs.twimg.com/images/themes/theme1/bg.png", "profile_link_color": "1DA1F2"}, "user_mentions": [{"id": 363330887, "screen_name": "wlmiii", "name": "wlmiii", "id_str": "363330887"}, {"id": 14173315, "screen_name": "NBCNews", "name": "NBC News", "id_str": "14173315"}], "created_at": "Wed Jul 01 03:55:43 +0000 2015", "in_reply_to_status_id": 614620634916589568, "in_reply_to_user_id": 363330887, "text": "@wlmiii @airplanez101 @NBCNews we voted on it twice and President Obama won both times.", "hashtags": [], "lang": "en", "in_reply_to_screen_name": "wlmiii", "source": "<a href=\"http://twitter.com/#!/download/ipad\" rel=\"nofollow\">Twitter for iPad</a>"}