{"id": 616321835718721536, "id_str": "616321835718721536", "urls": [], "user": {"id_str": "115889208", "url": "https://t.co/8YLz4exfnb", "favourites_count": 752, "name": "Emilie Jackson", "profile_image_url_https": "https://pbs.twimg.com/profile_images/948028211832729600/5kdk3K1E_normal.jpg", "created_at": "Sat Feb 20 09:37:30 +0000 2010", "screen_name": "emilie_jackson4", "default_profile": true, "followers_count": 62, "listed_count": 1, "description": "Artist. Published author. Weirdness enthusiast.\n\n'Imagination is the only weapon in the war against reality.'", "lang": "en", "statuses_count": 2845, "profile_sidebar_fill_color": "DDEEF6", "location": "Texas", "profile_background_image_url": "http://abs.twimg.com/images/themes/theme1/bg.png", "profile_text_color": "333333", "profile_sidebar_border_color": "C0DEED", "profile_background_color": "C0DEED", "id": 115889208, "friends_count": 179, "profile_image_url": "http://pbs.twimg.com/profile_images/948028211832729600/5kdk3K1E_normal.jpg", "profile_use_background_image": true, "profile_background_image_url_https": "https://abs.twimg.com/images/themes/theme1/bg.png", "profile_link_color": "1DA1F2"}, "user_mentions": [{"id": 26659703, "screen_name": "MeredithFrost", "name": "Meredith Frost", "id_str": "26659703"}, {"id": 349108588, "screen_name": "TheBrandonQuinn", "name": "Brandon Quinn", "id_str": "349108588"}], "created_at": "Wed Jul 01 19:05:50 +0000 2015", "in_reply_to_status_id": 616311563071434753, "in_reply_to_user_id": 26659703, "text": "@MeredithFrost @TheBrandonQuinn Don't apologize. That's incredible no matter how many times you see it. Beautiful shot and great timing!", "hashtags": [], "lang": "en", "in_reply_to_screen_name": "MeredithFrost", "source": "<a href=\"http://twitter.com\" rel=\"nofollow\">Twitter Web Client</a>"}