{"id": 616372208638763009, "id_str": "616372208638763009", "urls": [], "user": {"geo_enabled": true, "favourites_count": 8017, "profile_sidebar_border_color": "000000", "name": "sum_guy", "profile_image_url_https": "https://pbs.twimg.com/profile_images/1349985306/200317_1006253529176_1610040128_34979_5957_n_normal.jpg", "created_at": "Fri Mar 25 03:43:22 +0000 2011", "screen_name": "ursus_blancus", "followers_count": 95, "listed_count": 3, "description": "excel guru, cpa, steel bike aficionado, i'm as easy as three point one four one five nine.", "id_str": "271755104", "lang": "en", "statuses_count": 8319, "profile_sidebar_fill_color": "000000", "profile_background_image_url": "http://abs.twimg.com/images/themes/theme18/bg.gif", "profile_text_color": "000000", "profile_banner_url": "https://pbs.twimg.com/profile_banners/271755104/1419045564", "profile_background_color": "000000", "id": 271755104, "friends_count": 86, "profile_image_url": "http://pbs.twimg.com/profile_images/1349985306/200317_1006253529176_1610040128_34979_5957_n_normal.jpg", "profile_background_image_url_https": "https://abs.twimg.com/images/themes/theme18/bg.gif", "profile_link_color": "ABB8C2"}, "user_mentions": [{"id": 26659703, "screen_name": "MeredithFrost", "name": "Meredith Frost", "id_str": "26659703"}, {"id": 410227630, "screen_name": "Just_Phintastic", "name": "Phinned Tweet", "id_str": "410227630"}], "created_at": "Wed Jul 01 22:26:00 +0000 2015", "in_reply_to_status_id": 616311563071434753, "in_reply_to_user_id": 26659703, "text": "@MeredithFrost @Just_Phintastic the stuff people will to take the HOV lane", "hashtags": [], "lang": "en", "in_reply_to_screen_name": "MeredithFrost", "source": "<a href=\"http://twitter.com/download/android\" rel=\"nofollow\">Twitter for Android</a>"}