{"id": 622860654400049153, "id_str": "622860654400049153", "urls": [], "user": {"id_str": "186933571", "location": "Tennessee", "favourites_count": 4385, "profile_sidebar_border_color": "BFBFBF", "name": "Suzy", "profile_image_url_https": "https://pbs.twimg.com/profile_images/761359580416712704/Ao7dFMc5_normal.jpg", "profile_link_color": "C34242", "screen_name": "la_SUZANITA", "followers_count": 519, "listed_count": 49, "description": "bless your heart.", "created_at": "Sat Sep 04 20:12:41 +0000 2010", "lang": "en", "profile_background_tile": true, "profile_sidebar_fill_color": "C9C9C9", "profile_background_image_url": "http://abs.twimg.com/images/themes/theme19/bg.gif", "profile_text_color": "1C1F23", "profile_banner_url": "https://pbs.twimg.com/profile_banners/186933571/1469289651", "profile_background_color": "07090B", "id": 186933571, "friends_count": 634, "profile_image_url": "http://pbs.twimg.com/profile_images/761359580416712704/Ao7dFMc5_normal.jpg", "profile_use_background_image": true, "profile_background_image_url_https": "https://abs.twimg.com/images/themes/theme19/bg.gif", "statuses_count": 24957}, "user_mentions": [{"id": 23173615, "screen_name": "sammyrhodes", "name": "Sammy Rhodes", "id_str": "23173615"}], "created_at": "Sun Jul 19 20:08:46 +0000 2015", "in_reply_to_status_id": 622858454949040128, "in_reply_to_user_id": 23173615, "text": "@sammyrhodes hobby lobby too", "hashtags": [], "lang": "en", "in_reply_to_screen_name": "sammyrhodes", "favorite_count": 1, "source": "<a href=\"http://twitter.com/download/iphone\" rel=\"nofollow\">Twitter for iPhone</a>"}