{"id": 623576507949125632, "id_str": "623576507949125632", "urls": [], "user": {"geo_enabled": true, "favourites_count": 216, "profile_sidebar_border_color": "C0DEED", "name": "yidel", "profile_image_url_https": "https://pbs.twimg.com/profile_images/1014736965860839424/fOrJ1U8p_normal.jpg", "created_at": "Thu Sep 02 06:25:35 +0000 2010", "screen_name": "Yidel5", "default_profile": true, "followers_count": 78, "listed_count": 1, "id_str": "185950340", "lang": "en", "statuses_count": 7627, "profile_sidebar_fill_color": "DDEEF6", "profile_background_image_url": "http://abs.twimg.com/images/themes/theme1/bg.png", "profile_text_color": "333333", "profile_banner_url": "https://pbs.twimg.com/profile_banners/185950340/1530767121", "profile_background_color": "C0DEED", "id": 185950340, "friends_count": 31, "profile_image_url": "http://pbs.twimg.com/profile_images/1014736965860839424/fOrJ1U8p_normal.jpg", "profile_use_background_image": true, "profile_background_image_url_https": "https://abs.twimg.com/images/themes/theme1/bg.png", "profile_link_color": "1DA1F2"}, "user_mentions": [{"id": 11616202, "screen_name": "JayCaruso", "name": "Jay Caruso", "id_str": "11616202"}, {"id": 17995040, "screen_name": "benshapiro", "name": "Ben Shapiro", "id_str": "17995040"}], "created_at": "Tue Jul 21 19:33:19 +0000 2015", "in_reply_to_status_id": 623533663947517952, "in_reply_to_user_id": 11616202, "text": "@JayCaruso @benshapiro oh that's because of budget cuts,they didn't have the resources", "hashtags": [], "lang": "en", "in_reply_to_screen_name": "JayCaruso", "source": "<a href=\"http://twitter.com/download/iphone\" rel=\"nofollow\">Twitter for iPhone</a>"}