{"id": 623603271505018880, "id_str": "623603271505018880", "urls": [], "user": {"geo_enabled": true, "location": "Phoenix and Los Angeles ", "favourites_count": 12880, "profile_sidebar_border_color": "C0DEED", "name": "K9-Commander", "profile_image_url_https": "https://pbs.twimg.com/profile_images/1040834464362856448/cbCPWJ2g_normal.jpg", "created_at": "Fri May 02 04:05:15 +0000 2014", "screen_name": "GSD_Guardian", "followers_count": 8055, "listed_count": 51, "description": "45\u2b06\ufe0fNRA\u2b06\ufe0fCONSERVATIVE\u2b06\ufe0fBLUE LIVES MATTER, \u2b06\ufe0f\ud83c\udf89PROUD PAPA\ud83c\udf89 \ud83d\udc40'Felt sorry for myself because I had no shoes until I met a man who had no feet'\ud83d\udc40", "id_str": "2473416096", "lang": "en", "statuses_count": 50766, "profile_sidebar_fill_color": "DDEEF6", "profile_background_image_url": "http://abs.twimg.com/images/themes/theme1/bg.png", "profile_text_color": "333333", "profile_banner_url": "https://pbs.twimg.com/profile_banners/2473416096/1536986930", "profile_background_color": "C0DEED", "id": 2473416096, "friends_count": 8130, "profile_image_url": "http://pbs.twimg.com/profile_images/1040834464362856448/cbCPWJ2g_normal.jpg", "profile_use_background_image": true, "profile_background_image_url_https": "https://abs.twimg.com/images/themes/theme1/bg.png", "profile_link_color": "0084B4"}, "user_mentions": [{"id": 18643437, "screen_name": "PrisonPlanet", "name": "Paul Joseph Watson", "id_str": "18643437"}, {"id": 3233655642, "screen_name": "Kathryn20789564", "name": "Dr. Nefario", "id_str": "3233655642"}], "retweet_count": 1, "created_at": "Tue Jul 21 21:19:40 +0000 2015", "in_reply_to_status_id": 623599854661541888, "in_reply_to_user_id": 18643437, "text": "@PrisonPlanet @Kathryn20789564  O had to prepare for Gay light up. Must have known SCOTUS'S decision in advance...", "hashtags": [], "lang": "en", "in_reply_to_screen_name": "PrisonPlanet", "favorite_count": 1, "source": "<a href=\"http://twitter.com/download/android\" rel=\"nofollow\">Twitter for Android</a>"}