{"id": 623604693155995648, "id_str": "623604693155995648", "urls": [], "user": {"geo_enabled": true, "url": "https://t.co/AU7JGn0bX2", "favourites_count": 24232, "profile_sidebar_border_color": "C0DEED", "name": "=M@rio\ud83d\udcbbNews=", "profile_image_url_https": "https://pbs.twimg.com/profile_images/875806330384199687/OW2Kuqoe_normal.jpg", "created_at": "Tue Aug 05 16:37:29 +0000 2014", "screen_name": "marionews1", "default_profile": true, "followers_count": 6962, "listed_count": 162, "description": "They FEAR Those With Knowledge And Control Those Without.\n   \ud83d\udd34\u26aa\ud83d\udd35Support @JulianAssange Of @wikileaks\ud83d\udd34\u26aa\ud83d\udd35\nhttps://t.co/oQpMA8pjpA \u23eaOpen\n#MUSICJEEP\u23eaOpen", "id_str": "2709795373", "lang": "en", "statuses_count": 17170, "profile_sidebar_fill_color": "DDEEF6", "profile_background_image_url": "http://abs.twimg.com/images/themes/theme1/bg.png", "profile_text_color": "333333", "profile_banner_url": "https://pbs.twimg.com/profile_banners/2709795373/1497644843", "profile_background_color": "C0DEED", "id": 2709795373, "friends_count": 7164, "profile_image_url": "http://pbs.twimg.com/profile_images/875806330384199687/OW2Kuqoe_normal.jpg", "profile_use_background_image": true, "profile_background_image_url_https": "https://abs.twimg.com/images/themes/theme1/bg.png", "profile_link_color": "1DA1F2"}, "user_mentions": [{"id": 18643437, "screen_name": "PrisonPlanet", "name": "Paul Joseph Watson", "id_str": "18643437"}], "in_reply_to_screen_name": "PrisonPlanet", "created_at": "Tue Jul 21 21:25:19 +0000 2015", "in_reply_to_status_id": 623599854661541888, "in_reply_to_user_id": 18643437, "text": "@PrisonPlanet The Face Of America.\u26ab\u26ab\u26ab\u26ab\u26ab\u26ab\u26ab\u26ab\u26ab\u26ab\u26ab\u26ab\u26ab\u26ab\u26ab\u26ab\u26ab\u26ab\u26ab\u26ab\u26ab\u26ab\u26ab\u26ab\u26ab\u26ab\u26ab\u26ab\u26ab\u26ab\u26ab\u26ab\u26ab\u26ab\u26ab\u26ab\u26ab\u26ab\u26ab\u26ab\u26ab\u26ab Take Pride Democrats And #WakeUpAmerica http://t.co/FpT65f1qXn", "hashtags": [{"text": "WakeUpAmerica"}], "lang": "en", "media": [{"id": 623604689850896384, "display_url": "pic.twitter.com/FpT65f1qXn", "expanded_url": "https://twitter.com/EatorganicMv/status/623604693155995648/photo/1", "url": "http://t.co/FpT65f1qXn", "media_url": "http://pbs.twimg.com/media/CKd9KVLUkAAu1QH.jpg", "type": "photo", "media_url_https": "https://pbs.twimg.com/media/CKd9KVLUkAAu1QH.jpg", "sizes": {"large": {"w": 499, "resize": "fit", "h": 401}, "small": {"w": 499, "resize": "fit", "h": 401}, "medium": {"w": 499, "resize": "fit", "h": 401}, "thumb": {"w": 150, "resize": "crop", "h": 150}}}], "source": "<a href=\"http://twitter.com/download/android\" rel=\"nofollow\">Twitter for Android</a>"}