{"id": 623708063166369793, "id_str": "623708063166369793", "urls": [], "user": {"geo_enabled": true, "url": "https://t.co/2Q78gYIKmP", "favourites_count": 66060, "profile_sidebar_border_color": "C0DEED", "name": "John Brosnan", "profile_image_url_https": "https://pbs.twimg.com/profile_images/1022688754455080960/LOo2lKzk_normal.jpg", "created_at": "Fri May 09 10:06:08 +0000 2008", "screen_name": "birdflyoverlake", "default_profile": true, "followers_count": 5281, "listed_count": 99, "description": "Lifelong liberal and deadhead living in Oregon previously from MN.  I write about Parental Alienation and tweet about dumping Trump and the GOP. #resist \ud83c\udf0a", "id_str": "14711728", "lang": "en", "statuses_count": 54256, "profile_sidebar_fill_color": "DDEEF6", "location": "Eugene, OR", "profile_background_image_url": "http://abs.twimg.com/images/themes/theme1/bg.png", "profile_text_color": "333333", "profile_banner_url": "https://pbs.twimg.com/profile_banners/14711728/1390907762", "profile_background_color": "C0DEED", "id": 14711728, "friends_count": 5064, "profile_image_url": "http://pbs.twimg.com/profile_images/1022688754455080960/LOo2lKzk_normal.jpg", "profile_use_background_image": true, "profile_background_image_url_https": "https://abs.twimg.com/images/themes/theme1/bg.png", "profile_link_color": "1DA1F2"}, "user_mentions": [{"id": 11616202, "screen_name": "JayCaruso", "name": "Jay Caruso", "id_str": "11616202"}], "created_at": "Wed Jul 22 04:16:04 +0000 2015", "in_reply_to_status_id": 623533663947517952, "in_reply_to_user_id": 11616202, "text": "@JayCaruso - Yeah. Boy. I'll bet he was too busy planning the Texas invasion. Probably a gay invasion too!", "hashtags": [], "lang": "en", "in_reply_to_screen_name": "JayCaruso", "source": "<a href=\"http://twitter.com\" rel=\"nofollow\">Twitter Web Client</a>"}