{"id": 623822547465936898, "id_str": "623822547465936898", "urls": [], "user": {"id_str": "898125295", "location": "England, United Kingdom", "favourites_count": 316, "profile_sidebar_border_color": "FFFFFF", "name": "Andy Venn!", "profile_image_url_https": "https://pbs.twimg.com/profile_images/756199145757548550/0xMGXT-s_normal.jpg", "profile_link_color": "000000", "screen_name": "TheMachXC", "followers_count": 46, "listed_count": 1, "description": "Interior designer | Concept designer | Full time Structural Design Engineer", "created_at": "Mon Oct 22 18:20:51 +0000 2012", "lang": "en", "profile_background_tile": true, "profile_sidebar_fill_color": "DDEEF6", "profile_background_image_url": "http://abs.twimg.com/images/themes/theme1/bg.png", "profile_text_color": "333333", "profile_banner_url": "https://pbs.twimg.com/profile_banners/898125295/1435521859", "profile_background_color": "6AA6D4", "id": 898125295, "friends_count": 220, "profile_image_url": "http://pbs.twimg.com/profile_images/756199145757548550/0xMGXT-s_normal.jpg", "profile_use_background_image": true, "profile_background_image_url_https": "https://abs.twimg.com/images/themes/theme1/bg.png", "statuses_count": 380}, "user_mentions": [], "created_at": "Wed Jul 22 11:51:00 +0000 2015", "in_reply_to_status_id": 623818627054206977, "in_reply_to_user_id": 343051698, "text": "@NewsWatch33 bullshit", "hashtags": [], "lang": "en", "in_reply_to_screen_name": "Currentish", "favorite_count": 2, "source": "<a href=\"http://twitter.com/download/android\" rel=\"nofollow\">Twitter for Android</a>"}