{"id": 624058128309600257, "id_str": "624058128309600257", "urls": [], "user": {"id_str": "987588392", "location": "Deplorableville 603", "favourites_count": 5616, "profile_sidebar_border_color": "C0DEED", "name": "MoldyCyrus", "profile_image_url_https": "https://pbs.twimg.com/profile_images/567503306701172736/5VlMvvN7_normal.jpeg", "created_at": "Mon Dec 03 22:52:59 +0000 2012", "screen_name": "1bustedlung", "default_profile": true, "followers_count": 38, "listed_count": 9, "description": "Twitter brother to @Kaaaat__  you know dats real/ 603\nCall me Deplorable.\nNot a safe space.", "lang": "en", "statuses_count": 13736, "profile_sidebar_fill_color": "DDEEF6", "profile_background_image_url": "http://abs.twimg.com/images/themes/theme1/bg.png", "profile_text_color": "333333", "profile_banner_url": "https://pbs.twimg.com/profile_banners/987588392/1497060622", "profile_background_color": "C0DEED", "id": 987588392, "friends_count": 139, "profile_image_url": "http://pbs.twimg.com/profile_images/567503306701172736/5VlMvvN7_normal.jpeg", "profile_use_background_image": true, "profile_background_image_url_https": "https://abs.twimg.com/images/themes/theme1/bg.png", "profile_link_color": "1DA1F2"}, "user_mentions": [], "created_at": "Thu Jul 23 03:27:06 +0000 2015", "in_reply_to_status_id": 623818627054206977, "in_reply_to_user_id": 343051698, "text": "@NewsWatch33 \nNot possible.", "hashtags": [], "lang": "en", "in_reply_to_screen_name": "Currentish", "source": "<a href=\"http://twitter.com/download/android\" rel=\"nofollow\">Twitter for Android</a>"}