{"id": 626548126870941696, "id_str": "626548126870941696", "urls": [], "user": {"geo_enabled": true, "favourites_count": 40592, "profile_sidebar_border_color": "65B0DA", "name": "\ud835\udcda\ud835\udcf2\ud835\udcea\ud835\udcfb\ud835\udcfb\ud835\udcea", "profile_image_url_https": "https://pbs.twimg.com/profile_images/975460561130369024/KlPl9Bj1_normal.jpg", "created_at": "Wed Aug 12 22:25:26 +0000 2009", "screen_name": "jetweettweet", "followers_count": 382, "listed_count": 8, "description": "Reclaiming my time.|JW|", "id_str": "65182738", "lang": "en", "statuses_count": 15234, "profile_background_tile": true, "profile_sidebar_fill_color": "7AC3EE", "profile_background_image_url": "http://abs.twimg.com/images/themes/theme10/bg.gif", "profile_text_color": "3D1957", "profile_banner_url": "https://pbs.twimg.com/profile_banners/65182738/1505494795", "profile_background_color": "642D8B", "id": 65182738, "friends_count": 2501, "profile_image_url": "http://pbs.twimg.com/profile_images/975460561130369024/KlPl9Bj1_normal.jpg", "profile_use_background_image": true, "profile_background_image_url_https": "https://abs.twimg.com/images/themes/theme10/bg.gif", "profile_link_color": "FF0000"}, "user_mentions": [{"id": 5695632, "screen_name": "BuzzFeed", "name": "BuzzFeed", "id_str": "5695632"}], "created_at": "Thu Jul 30 00:21:28 +0000 2015", "in_reply_to_status_id": 626546123713474560, "in_reply_to_user_id": 5695632, "text": "@BuzzFeed wow.... I mean I'd definitely be scared to take the escalator after the accident, but this is taking it to a new level", "hashtags": [], "lang": "en", "in_reply_to_screen_name": "BuzzFeed", "source": "<a href=\"http://twitter.com/download/iphone\" rel=\"nofollow\">Twitter for iPhone</a>"}