{"id": 626546123713474560, "id_str": "626546123713474560", "urls": [{"expanded_url": "http://bzfd.it/1IsJbF2", "url": "http://t.co/jM8huypiMm"}], "user": {"geo_enabled": true, "url": "https://t.co/UhQYtFIPIq", "favourites_count": 3813, "profile_banner_url": "https://pbs.twimg.com/profile_banners/5695632/1520351759", "name": "BuzzFeed", "profile_image_url_https": "https://pbs.twimg.com/profile_images/687767655214891008/n9pHVYUl_normal.png", "created_at": "Tue May 01 21:40:03 +0000 2007", "screen_name": "BuzzFeed", "followers_count": 6513219, "listed_count": 23363, "description": "@BuzzFeed", "id_str": "5695632", "lang": "en", "statuses_count": 199981, "profile_background_tile": true, "profile_sidebar_fill_color": "EEEEEE", "location": "New York", "profile_background_image_url": "http://abs.twimg.com/images/themes/theme1/bg.png", "profile_text_color": "000000", "profile_sidebar_border_color": "FFFFFF", "profile_background_color": "FFFFFF", "id": 5695632, "verified": true, "friends_count": 2935, "profile_image_url": "http://pbs.twimg.com/profile_images/687767655214891008/n9pHVYUl_normal.png", "profile_use_background_image": true, "profile_background_image_url_https": "https://abs.twimg.com/images/themes/theme1/bg.png", "profile_link_color": "0077CC"}, "user_mentions": [], "retweet_count": 316, "created_at": "Thu Jul 30 00:13:31 +0000 2015", "text": "This is how people in China are riding escalators after a horrific accident http://t.co/jM8huypiMm http://t.co/UOUJ1gDv8B", "hashtags": [], "lang": "en", "media": [{"id": 626544267771559936, "display_url": "pic.twitter.com/UOUJ1gDv8B", "expanded_url": "https://twitter.com/BuzzFeed/status/626546123713474560/photo/1", "url": "http://t.co/UOUJ1gDv8B", "media_url": "http://pbs.twimg.com/media/CLHusSSUwAA7Hha.jpg", "type": "photo", "media_url_https": "https://pbs.twimg.com/media/CLHusSSUwAA7Hha.jpg", "sizes": {"small": {"w": 440, "resize": "fit", "h": 420}, "large": {"w": 440, "resize": "fit", "h": 420}, "medium": {"w": 440, "resize": "fit", "h": 420}, "thumb": {"w": 150, "resize": "crop", "h": 150}}}, {"id": 626544284808785921, "display_url": "pic.twitter.com/UOUJ1gDv8B", "expanded_url": "https://twitter.com/BuzzFeed/status/626546123713474560/photo/1", "url": "http://t.co/UOUJ1gDv8B", "media_url": "http://pbs.twimg.com/media/CLHutRwUMAEc0Fb.jpg", "type": "photo", "media_url_https": "https://pbs.twimg.com/media/CLHutRwUMAEc0Fb.jpg", "sizes": {"large": {"w": 440, "resize": "fit", "h": 293}, "small": {"w": 440, "resize": "fit", "h": 293}, "medium": {"w": 440, "resize": "fit", "h": 293}, "thumb": {"w": 150, "resize": "crop", "h": 150}}}], "favorite_count": 417, "source": "<a href=\"https://about.twitter.com/products/tweetdeck\" rel=\"nofollow\">TweetDeck</a>"}