{"id": 626899968180228096, "id_str": "626899968180228096", "urls": [], "user": {"geo_enabled": true, "url": "https://t.co/dUc3lkp9eJ", "favourites_count": 3964, "profile_sidebar_border_color": "C0DEED", "name": "\ud83c\udd7f\ufe0frav Early", "profile_image_url_https": "https://pbs.twimg.com/profile_images/1024553461088641025/zfzaFyLf_normal.jpg", "created_at": "Thu Mar 10 02:54:14 +0000 2011", "screen_name": "PravEarly", "followers_count": 993, "listed_count": 49, "description": "\u2728NEW\u2728LOOSIE APESHIT RMX NOW ON \ud83d\udebcSOUNDCLOUD! | IG: PravEarly | #92Niggz\ud83c\udf0e | #PravEarlyRaps\ud83c\udf9e | BUY MY SINGLE DO IT ON iTUNES! \u2b07\ufe0f", "id_str": "263466419", "lang": "en", "statuses_count": 23480, "profile_background_tile": true, "profile_sidebar_fill_color": "DDEEF6", "location": "Booth, Studio City", "profile_background_image_url": "http://abs.twimg.com/images/themes/theme1/bg.png", "profile_text_color": "333333", "profile_banner_url": "https://pbs.twimg.com/profile_banners/263466419/1502738723", "profile_background_color": "C0DEED", "id": 263466419, "friends_count": 830, "profile_image_url": "http://pbs.twimg.com/profile_images/1024553461088641025/zfzaFyLf_normal.jpg", "profile_use_background_image": true, "profile_background_image_url_https": "https://abs.twimg.com/images/themes/theme1/bg.png", "profile_link_color": "0084B4"}, "user_mentions": [{"id": 524657792, "screen_name": "FunnyPicsDepot", "name": "FunnyPicsDepot", "id_str": "524657792"}], "created_at": "Thu Jul 30 23:39:34 +0000 2015", "in_reply_to_status_id": 626898253900943360, "in_reply_to_user_id": 524657792, "text": "BRUH \ud83d\ude06@FunnyPicsDepot", "hashtags": [], "lang": "en", "in_reply_to_screen_name": "FunnyPicsDepot", "source": "<a href=\"http://twitter.com/download/iphone\" rel=\"nofollow\">Twitter for iPhone</a>"}