{"id": 627237470363611136, "id_str": "627237470363611136", "urls": [], "user": {"geo_enabled": true, "url": "https://t.co/H9sg5mQRKM", "favourites_count": 2466, "profile_sidebar_border_color": "181A1E", "name": "DreLawProductions\ud83c\udfac", "profile_image_url_https": "https://pbs.twimg.com/profile_images/781945566653734912/uSXWIYsO_normal.jpg", "created_at": "Thu Sep 24 12:47:40 +0000 2009", "screen_name": "DreLaw_Lewis", "followers_count": 7491, "listed_count": 126, "description": "C.E.O,Actor,Promoter,Writer @ DirtyMouthRecords, #DreLawProductions Host of Deep Penetration, Event Host for Booking Email: Drelawproductions@yahoo.com", "id_str": "76930768", "lang": "en", "statuses_count": 26950, "profile_sidebar_fill_color": "252429", "location": "#DetroitMichigan  #TeamTejada ", "profile_background_image_url": "http://abs.twimg.com/images/themes/theme9/bg.gif", "profile_text_color": "666666", "profile_banner_url": "https://pbs.twimg.com/profile_banners/76930768/1354372639", "profile_background_color": "1A1B1F", "id": 76930768, "friends_count": 7673, "profile_image_url": "http://pbs.twimg.com/profile_images/781945566653734912/uSXWIYsO_normal.jpg", "profile_use_background_image": true, "profile_background_image_url_https": "https://abs.twimg.com/images/themes/theme9/bg.gif", "profile_link_color": "4A913C"}, "user_mentions": [{"id": 2385975014, "screen_name": "WeAreTMZ", "name": "TMZ", "id_str": "2385975014"}], "created_at": "Fri Jul 31 22:00:41 +0000 2015", "in_reply_to_status_id": 626897206717624320, "in_reply_to_user_id": 2385975014, "text": "@WeAreTMZ @_KayGoddess_ They need to #stopit.", "hashtags": [{"text": "stopit"}], "lang": "en", "in_reply_to_screen_name": "WeAreTMZ", "favorite_count": 1, "source": "<a href=\"http://twitter.com/download/android\" rel=\"nofollow\">Twitter for Android</a>"}