{"id": 628323976121487360, "id_str": "628323976121487360", "urls": [], "user": {"id_str": "245587515", "location": "Narnia", "favourites_count": 8062, "profile_sidebar_border_color": "FFFFFF", "name": "Anita", "profile_image_url_https": "https://pbs.twimg.com/profile_images/839667511176151046/-YY8l9M6_normal.jpg", "profile_link_color": "0084B4", "screen_name": "AnitaM86", "followers_count": 807, "listed_count": 25, "description": "I like coffee, TV, politics, tennis, football (the real one) and sometimes, people.", "created_at": "Tue Feb 01 01:17:48 +0000 2011", "lang": "en", "profile_background_tile": true, "profile_sidebar_fill_color": "DDEEF6", "profile_background_image_url": "http://abs.twimg.com/images/themes/theme1/bg.png", "profile_text_color": "333333", "profile_banner_url": "https://pbs.twimg.com/profile_banners/245587515/1531947124", "profile_background_color": "9AE4E8", "id": 245587515, "friends_count": 764, "profile_image_url": "http://pbs.twimg.com/profile_images/839667511176151046/-YY8l9M6_normal.jpg", "profile_use_background_image": true, "profile_background_image_url_https": "https://abs.twimg.com/images/themes/theme1/bg.png", "statuses_count": 139179}, "user_mentions": [{"id": 5695632, "screen_name": "BuzzFeed", "name": "BuzzFeed", "id_str": "5695632"}], "created_at": "Mon Aug 03 21:58:04 +0000 2015", "in_reply_to_status_id": 628319096606732290, "in_reply_to_user_id": 5695632, "text": "@BuzzFeed Ew. Just wait until the NYT decides to put peas on it", "hashtags": [], "lang": "en", "in_reply_to_screen_name": "BuzzFeed", "favorite_count": 1, "source": "<a href=\"http://twitter.com/download/iphone\" rel=\"nofollow\">Twitter for iPhone</a>"}