{"id": 628326592394170369, "id_str": "628326592394170369", "urls": [], "user": {"profile_text_color": "333333", "id_str": "3401378877", "favourites_count": 13195, "profile_sidebar_border_color": "C0DEED", "name": "Options Hammer", "profile_image_url_https": "https://pbs.twimg.com/profile_images/628251835866877952/S0ZEn_z4_normal.png", "created_at": "Mon Aug 03 15:36:53 +0000 2015", "screen_name": "OptionsHammer1", "default_profile": true, "followers_count": 245, "description": "Hammering Options... well ... sometimes.", "lang": "en", "statuses_count": 4062, "profile_sidebar_fill_color": "DDEEF6", "profile_background_image_url": "http://abs.twimg.com/images/themes/theme1/bg.png", "listed_count": 14, "profile_banner_url": "https://pbs.twimg.com/profile_banners/3401378877/1438652775", "profile_background_color": "C0DEED", "id": 3401378877, "friends_count": 473, "profile_image_url": "http://pbs.twimg.com/profile_images/628251835866877952/S0ZEn_z4_normal.png", "profile_use_background_image": true, "profile_background_image_url_https": "https://abs.twimg.com/images/themes/theme1/bg.png", "profile_link_color": "1DA1F2"}, "user_mentions": [{"id": 5695632, "screen_name": "BuzzFeed", "name": "BuzzFeed", "id_str": "5695632"}, {"id": 37469211, "screen_name": "PipsToDollars", "name": "Leilani Pips\u2122", "id_str": "37469211"}], "created_at": "Mon Aug 03 22:08:28 +0000 2015", "in_reply_to_status_id": 628319096606732290, "in_reply_to_user_id": 5695632, "text": "@BuzzFeed @PipsToDollars Time to short asparagus?", "hashtags": [], "lang": "en", "in_reply_to_screen_name": "BuzzFeed", "favorite_count": 1, "source": "<a href=\"http://twitter.com/#!/download/ipad\" rel=\"nofollow\">Twitter for iPad</a>"}