{"id": 628319096606732290, "id_str": "628319096606732290", "urls": [{"expanded_url": "http://www.eater.com/2015/8/3/9090797/whole-foods-asparagus-water-wtf", "url": "http://t.co/Zzq6rieu9v"}], "user": {"geo_enabled": true, "url": "https://t.co/UhQYtFIPIq", "favourites_count": 3812, "profile_banner_url": "https://pbs.twimg.com/profile_banners/5695632/1520351759", "name": "BuzzFeed", "profile_image_url_https": "https://pbs.twimg.com/profile_images/687767655214891008/n9pHVYUl_normal.png", "created_at": "Tue May 01 21:40:03 +0000 2007", "screen_name": "BuzzFeed", "followers_count": 6514145, "listed_count": 23373, "description": "@BuzzFeed", "id_str": "5695632", "lang": "en", "statuses_count": 200063, "profile_background_tile": true, "profile_sidebar_fill_color": "EEEEEE", "location": "New York", "profile_background_image_url": "http://abs.twimg.com/images/themes/theme1/bg.png", "profile_text_color": "000000", "profile_sidebar_border_color": "FFFFFF", "profile_background_color": "FFFFFF", "id": 5695632, "verified": true, "friends_count": 2935, "profile_image_url": "http://pbs.twimg.com/profile_images/687767655214891008/n9pHVYUl_normal.png", "profile_use_background_image": true, "profile_background_image_url_https": "https://abs.twimg.com/images/themes/theme1/bg.png", "profile_link_color": "0077CC"}, "user_mentions": [], "retweet_count": 909, "created_at": "Mon Aug 03 21:38:40 +0000 2015", "text": "Whole Foods' $6 asparagus water is just water with three stalks of asparagus in it http://t.co/Zzq6rieu9v http://t.co/5eKwzGEIiW", "hashtags": [], "lang": "en", "media": [{"id": 628319095591669762, "display_url": "pic.twitter.com/5eKwzGEIiW", "expanded_url": "https://twitter.com/BuzzFeed/status/628319096606732290/photo/1", "url": "http://t.co/5eKwzGEIiW", "media_url": "http://pbs.twimg.com/media/CLg843JWEAIFFLG.jpg", "type": "photo", "media_url_https": "https://pbs.twimg.com/media/CLg843JWEAIFFLG.jpg", "sizes": {"small": {"w": 599, "resize": "fit", "h": 516}, "large": {"w": 599, "resize": "fit", "h": 516}, "medium": {"w": 599, "resize": "fit", "h": 516}, "thumb": {"w": 150, "resize": "crop", "h": 150}}}], "favorite_count": 1277, "source": "<a href=\"http://twitter.com\" rel=\"nofollow\">Twitter Web Client</a>"}