{"id": 629505481254440965, "id_str": "629505481254440965", "urls": [], "user": {"geo_enabled": true, "favourites_count": 12664, "profile_sidebar_border_color": "FFFFFF", "name": "darby gilliland", "profile_image_url_https": "https://pbs.twimg.com/profile_images/975174210522927104/yU9y9djC_normal.jpg", "created_at": "Sun Sep 09 05:24:42 +0000 2012", "screen_name": "darbygilliland", "followers_count": 369, "listed_count": 2, "description": "Start wearing purple UArk '21", "id_str": "812422584", "lang": "en", "statuses_count": 3441, "profile_sidebar_fill_color": "DDEEF6", "profile_background_image_url": "http://abs.twimg.com/images/themes/theme17/bg.gif", "profile_text_color": "333333", "profile_banner_url": "https://pbs.twimg.com/profile_banners/812422584/1521335880", "profile_background_color": "F5DE5A", "id": 812422584, "friends_count": 200, "profile_image_url": "http://pbs.twimg.com/profile_images/975174210522927104/yU9y9djC_normal.jpg", "profile_use_background_image": true, "profile_background_image_url_https": "https://abs.twimg.com/images/themes/theme17/bg.gif", "profile_link_color": "CC3366"}, "user_mentions": [{"id": 1547119022, "screen_name": "payton_gannaway", "name": "Payton Gannaway", "id_str": "1547119022"}], "created_at": "Fri Aug 07 04:12:57 +0000 2015", "in_reply_to_status_id": 629503919098429440, "in_reply_to_user_id": 1547119022, "text": "@payton_gannaway NOT COOL MAN", "hashtags": [], "lang": "en", "in_reply_to_screen_name": "payton_gannaway", "favorite_count": 6, "source": "<a href=\"http://twitter.com/download/iphone\" rel=\"nofollow\">Twitter for iPhone</a>"}