{"id": 633969065246113792, "id_str": "633969065246113792", "urls": [], "user": {"statuses_count": 121, "profile_sidebar_fill_color": "DDEEF6", "name": "Alison Stott", "id_str": "3228029990", "favourites_count": 3, "profile_background_image_url": "http://abs.twimg.com/images/themes/theme1/bg.png", "profile_text_color": "333333", "profile_sidebar_border_color": "C0DEED", "profile_image_url_https": "https://pbs.twimg.com/profile_images/603478845056880640/edERDYeC_normal.png", "profile_background_color": "C0DEED", "created_at": "Wed May 27 08:31:15 +0000 2015", "screen_name": "agstott1961", "default_profile": true, "followers_count": 17, "friends_count": 235, "profile_image_url": "http://pbs.twimg.com/profile_images/603478845056880640/edERDYeC_normal.png", "id": 3228029990, "profile_use_background_image": true, "lang": "en", "profile_background_image_url_https": "https://abs.twimg.com/images/themes/theme1/bg.png", "profile_link_color": "1DA1F2"}, "user_mentions": [{"id": 13850422, "screen_name": "CNNPolitics", "name": "CNN Politics", "id_str": "13850422"}, {"id": 428333, "screen_name": "cnnbrk", "name": "CNN Breaking News", "id_str": "428333"}, {"id": 1339835893, "screen_name": "HillaryClinton", "name": "Hillary Clinton", "id_str": "1339835893"}, {"id": 25073877, "screen_name": "realDonaldTrump", "name": "Donald J. Trump", "id_str": "25073877"}], "created_at": "Wed Aug 19 11:49:38 +0000 2015", "in_reply_to_status_id": 633961125126668288, "in_reply_to_user_id": 13850422, "text": "@CNNPolitics @cnnbrk @HillaryClinton @realDonaldTrump who cares Hilary rules", "hashtags": [], "lang": "en", "in_reply_to_screen_name": "CNNPolitics", "source": "<a href=\"http://twitter.com/download/android\" rel=\"nofollow\">Twitter for Android</a>"}