{"id": 634018349962424324, "id_str": "634018349962424324", "urls": [], "user": {"geo_enabled": true, "location": "Long Island, NY ", "favourites_count": 7526, "profile_sidebar_border_color": "C0DEED", "name": "Alexis Rae", "profile_image_url_https": "https://pbs.twimg.com/profile_images/1022477065138909184/vrX07uJb_normal.jpg", "created_at": "Mon Aug 19 01:05:59 +0000 2013", "screen_name": "alexisrae_photo", "default_profile": true, "followers_count": 1056, "listed_count": 89, "description": "Photographer from Long Island, NY. Family, faith & freedom! Thirsty to learn + inspire. Yankees, music, politics, SoMed & coffee. #alexisraephoto #MAGA", "id_str": "1681980798", "lang": "en", "statuses_count": 8129, "profile_sidebar_fill_color": "DDEEF6", "profile_background_image_url": "http://abs.twimg.com/images/themes/theme1/bg.png", "profile_text_color": "333333", "profile_banner_url": "https://pbs.twimg.com/profile_banners/1681980798/1519150828", "profile_background_color": "C0DEED", "id": 1681980798, "friends_count": 939, "profile_image_url": "http://pbs.twimg.com/profile_images/1022477065138909184/vrX07uJb_normal.jpg", "profile_use_background_image": true, "profile_background_image_url_https": "https://abs.twimg.com/images/themes/theme1/bg.png", "profile_link_color": "1DA1F2"}, "user_mentions": [{"id": 13850422, "screen_name": "CNNPolitics", "name": "CNN Politics", "id_str": "13850422"}, {"id": 759251, "screen_name": "CNN", "name": "CNN", "id_str": "759251"}, {"id": 155934445, "screen_name": "jennagiesta", "name": "Jennifer Agiesta", "id_str": "155934445"}, {"id": 1339835893, "screen_name": "HillaryClinton", "name": "Hillary Clinton", "id_str": "1339835893"}, {"id": 25073877, "screen_name": "realDonaldTrump", "name": "Donald J. Trump", "id_str": "25073877"}], "created_at": "Wed Aug 19 15:05:28 +0000 2015", "in_reply_to_status_id": 633949800761700352, "in_reply_to_user_id": 13850422, "text": "@CNNPolitics @CNN @jennagiesta If it came down to @HillaryClinton &amp; @realDonaldTrump I'd choose his ego over her treason. #justsaying", "hashtags": [{"text": "justsaying"}], "lang": "en", "in_reply_to_screen_name": "CNNPolitics", "source": "<a href=\"http://twitter.com/download/iphone\" rel=\"nofollow\">Twitter for iPhone</a>"}