{"id": 634009514019307520, "id_str": "634009514019307520", "urls": [], "user": {"geo_enabled": true, "favourites_count": 78268, "name": "Gwen Lewis-Rouse", "profile_image_url_https": "https://pbs.twimg.com/profile_images/378800000595558303/6a551c5c8f96abce0d293e53d18de42c_normal.jpeg", "created_at": "Tue Apr 28 03:37:51 +0000 2009", "screen_name": "lynrouse1", "default_profile": true, "followers_count": 1057, "listed_count": 55, "id_str": "35976790", "lang": "en", "statuses_count": 110716, "profile_sidebar_fill_color": "DDEEF6", "profile_background_image_url": "http://abs.twimg.com/images/themes/theme1/bg.png", "profile_text_color": "333333", "profile_sidebar_border_color": "C0DEED", "profile_background_color": "C0DEED", "id": 35976790, "friends_count": 565, "profile_image_url": "http://pbs.twimg.com/profile_images/378800000595558303/6a551c5c8f96abce0d293e53d18de42c_normal.jpeg", "profile_use_background_image": true, "profile_background_image_url_https": "https://abs.twimg.com/images/themes/theme1/bg.png", "profile_link_color": "1DA1F2"}, "user_mentions": [{"id": 13850422, "screen_name": "CNNPolitics", "name": "CNN Politics", "id_str": "13850422"}, {"id": 428333, "screen_name": "cnnbrk", "name": "CNN Breaking News", "id_str": "428333"}, {"id": 1339835893, "screen_name": "HillaryClinton", "name": "Hillary Clinton", "id_str": "1339835893"}, {"id": 25073877, "screen_name": "realDonaldTrump", "name": "Donald J. Trump", "id_str": "25073877"}], "created_at": "Wed Aug 19 14:30:22 +0000 2015", "in_reply_to_status_id": 633961125126668288, "in_reply_to_user_id": 13850422, "text": "@CNNPolitics @cnnbrk @HillaryClinton @realDonaldTrump Blacks will never vote for Trump.", "hashtags": [], "lang": "en", "in_reply_to_screen_name": "CNNPolitics", "source": "<a href=\"http://twitter.com\" rel=\"nofollow\">Twitter Web Client</a>"}