{"id": 634143702773067776, "id_str": "634143702773067776", "urls": [], "user": {"geo_enabled": true, "url": "https://t.co/uTodRgg6QC", "favourites_count": 31738, "profile_sidebar_border_color": "C0DEED", "name": "Miguel A Fernandez", "profile_image_url_https": "https://pbs.twimg.com/profile_images/940405249084411904/9gb1QQ80_normal.jpg", "created_at": "Tue Jul 10 20:31:59 +0000 2012", "screen_name": "maftf1956", "default_profile": true, "followers_count": 2616, "listed_count": 10, "description": "Was Independent now Republican, Hispanic, US Citizen, Married, We have 3 sons in the Army and extremely proud of them. Wife, sister, bro In laws are veterans.", "id_str": "632294767", "lang": "en", "statuses_count": 39593, "profile_sidebar_fill_color": "DDEEF6", "location": "Plantation, FL. 33324", "profile_background_image_url": "http://abs.twimg.com/images/themes/theme1/bg.png", "profile_text_color": "333333", "profile_banner_url": "https://pbs.twimg.com/profile_banners/632294767/1527021782", "profile_background_color": "C0DEED", "id": 632294767, "friends_count": 4996, "profile_image_url": "http://pbs.twimg.com/profile_images/940405249084411904/9gb1QQ80_normal.jpg", "profile_use_background_image": true, "profile_background_image_url_https": "https://abs.twimg.com/images/themes/theme1/bg.png", "profile_link_color": "1DA1F2"}, "user_mentions": [{"id": 13850422, "screen_name": "CNNPolitics", "name": "CNN Politics", "id_str": "13850422"}, {"id": 155934445, "screen_name": "jennagiesta", "name": "Jennifer Agiesta", "id_str": "155934445"}], "created_at": "Wed Aug 19 23:23:35 +0000 2015", "in_reply_to_status_id": 633949800761700352, "in_reply_to_user_id": 13850422, "text": "@CNNPolitics @jennagiesta \nGo get them Don", "hashtags": [], "lang": "en", "in_reply_to_screen_name": "CNNPolitics", "source": "<a href=\"http://twitter.com/download/android\" rel=\"nofollow\">Twitter for Android</a>"}