{"id": 634431860848766976, "id_str": "634431860848766976", "urls": [], "user": {"id_str": "2567842008", "url": "https://t.co/nJG3xjoFUw", "favourites_count": 189169, "profile_sidebar_border_color": "000000", "name": "SanBernieDingDong", "profile_image_url_https": "https://pbs.twimg.com/profile_images/966202234919882752/mITu1mRI_normal.jpg", "created_at": "Sat Jun 14 22:10:51 +0000 2014", "screen_name": "noreallyhowcome", "followers_count": 5586, "listed_count": 317, "description": "Rather be a rebel than a Dem Party slave. Woke Black/Asian DACA, DAPL, Flint, BLM, Animals r ppl too, esp dogs/Speak for the voiceless/Scream for the silenced", "lang": "en", "statuses_count": 113733, "profile_sidebar_fill_color": "000000", "location": "Blue State, USA", "profile_background_image_url": "http://abs.twimg.com/images/themes/theme1/bg.png", "profile_text_color": "000000", "profile_banner_url": "https://pbs.twimg.com/profile_banners/2567842008/1407867721", "profile_background_color": "000000", "id": 2567842008, "friends_count": 3993, "profile_image_url": "http://pbs.twimg.com/profile_images/966202234919882752/mITu1mRI_normal.jpg", "profile_background_image_url_https": "https://abs.twimg.com/images/themes/theme1/bg.png", "profile_link_color": "0F0767"}, "user_mentions": [{"id": 422305556, "screen_name": "oceanCRIES", "name": "clicks n' whistles", "id_str": "422305556"}, {"id": 14075928, "screen_name": "TheOnion", "name": "The Onion", "id_str": "14075928"}], "created_at": "Thu Aug 20 18:28:37 +0000 2015", "in_reply_to_status_id": 634408830944854017, "in_reply_to_user_id": 422305556, "text": "@oceanCRIES @TheOnion and after #elephants, human beings!", "hashtags": [{"text": "elephants"}], "lang": "en", "in_reply_to_screen_name": "oceanCRIES", "source": "<a href=\"http://twitter.com/download/iphone\" rel=\"nofollow\">Twitter for iPhone</a>"}