{"id": 636950324905820162, "id_str": "636950324905820162", "urls": [], "user": {"geo_enabled": true, "location": "Cleveland", "favourites_count": 9780, "profile_sidebar_border_color": "C0DEED", "name": "Greg Sopko", "profile_image_url_https": "https://pbs.twimg.com/profile_images/812685523240288257/6X5R6JOq_normal.jpg", "created_at": "Sun Jul 31 17:08:49 +0000 2011", "screen_name": "GregSopko", "default_profile": true, "followers_count": 2731, "listed_count": 52, "description": "Mostly harmless, known for random bursts of sarcasm.  Rabid fan of Cleveland teams.", "id_str": "346056886", "lang": "en", "statuses_count": 112549, "profile_sidebar_fill_color": "DDEEF6", "profile_background_image_url": "http://abs.twimg.com/images/themes/theme1/bg.png", "profile_text_color": "333333", "profile_banner_url": "https://pbs.twimg.com/profile_banners/346056886/1496110862", "profile_background_color": "C0DEED", "id": 346056886, "friends_count": 1865, "profile_image_url": "http://pbs.twimg.com/profile_images/812685523240288257/6X5R6JOq_normal.jpg", "profile_use_background_image": true, "profile_background_image_url_https": "https://abs.twimg.com/images/themes/theme1/bg.png", "profile_link_color": "1DA1F2"}, "user_mentions": [{"id": 14294848, "screen_name": "snopes", "name": "snopes.com", "id_str": "14294848"}, {"id": 14267944, "screen_name": "clevelanddotcom", "name": "clevelanddotcom", "id_str": "14267944"}], "created_at": "Thu Aug 27 17:16:06 +0000 2015", "in_reply_to_status_id": 636925368927064064, "in_reply_to_user_id": 14294848, "text": "@snopes @clevelanddotcom I bet hes pleased to read that tweet", "hashtags": [], "lang": "en", "in_reply_to_screen_name": "snopes", "favorite_count": 2, "source": "<a href=\"http://twitter.com\" rel=\"nofollow\">Twitter Web Client</a>"}