{"id": 637868242560638980, "id_str": "637868242560638980", "urls": [{"expanded_url": "https://daveweasel.wordpress.com/2015/08/30/woman-stabs-boyfriend-for-not-liking-instagram-selfie-fast-enough", "url": "https://t.co/YXQdIuJwlL"}], "user": {"id_str": "3369234799", "url": "https://t.co/YgZgsK8orp", "favourites_count": 10039, "profile_sidebar_border_color": "000000", "name": "The Valley Report", "profile_image_url_https": "https://pbs.twimg.com/profile_images/880618967080902656/oVWpXCMI_normal.jpg", "created_at": "Fri Aug 28 09:43:52 +0000 2015", "screen_name": "TheValleyReport", "followers_count": 23631, "listed_count": 137, "description": "The truth is out there, but this is more amusing.", "lang": "en", "statuses_count": 184, "profile_sidebar_fill_color": "000000", "location": "Los Angeles, CA", "profile_background_image_url": "http://abs.twimg.com/images/themes/theme1/bg.png", "profile_text_color": "000000", "profile_banner_url": "https://pbs.twimg.com/profile_banners/3369234799/1498790251", "profile_background_color": "000000", "id": 3369234799, "friends_count": 17613, "profile_image_url": "http://pbs.twimg.com/profile_images/880618967080902656/oVWpXCMI_normal.jpg", "profile_background_image_url_https": "https://abs.twimg.com/images/themes/theme1/bg.png", "profile_link_color": "002664"}, "user_mentions": [], "retweet_count": 3741, "created_at": "Sun Aug 30 06:03:34 +0000 2015", "text": "Woman stabs boyfriend for not liking Instagram selfie fast\u00a0enough https://t.co/YXQdIuJwlL http://t.co/1pDKANPOr0", "hashtags": [], "lang": "en", "media": [{"id": 637868241453387776, "display_url": "pic.twitter.com/1pDKANPOr0", "expanded_url": "https://twitter.com/TheValleyReport/status/637868242560638980/photo/1", "url": "http://t.co/1pDKANPOr0", "media_url": "http://pbs.twimg.com/media/CNopyTlVEAAXJND.png", "type": "photo", "media_url_https": "https://pbs.twimg.com/media/CNopyTlVEAAXJND.png", "sizes": {"small": {"w": 680, "resize": "fit", "h": 508}, "large": {"w": 810, "resize": "fit", "h": 605}, "medium": {"w": 810, "resize": "fit", "h": 605}, "thumb": {"w": 150, "resize": "crop", "h": 150}}}], "favorite_count": 3785, "source": "<a href=\"http://publicize.wp.com/\" rel=\"nofollow\">WordPress.com</a>"}