{"id": 638099330914721794, "id_str": "638099330914721794", "urls": [], "user": {"geo_enabled": true, "location": "Richmond, VA", "favourites_count": 36768, "profile_sidebar_border_color": "000000", "name": "David", "profile_image_url_https": "https://pbs.twimg.com/profile_images/968899166624722944/Hl6XkNDc_normal.jpg", "created_at": "Sat Nov 15 01:49:42 +0000 2014", "screen_name": "BiggerShaun321", "followers_count": 1032, "listed_count": 3, "description": "probably with @emma_parkerr", "id_str": "2877370001", "lang": "en", "statuses_count": 10236, "profile_sidebar_fill_color": "000000", "profile_background_image_url": "http://abs.twimg.com/images/themes/theme1/bg.png", "profile_text_color": "000000", "profile_banner_url": "https://pbs.twimg.com/profile_banners/2877370001/1533688098", "profile_background_color": "000000", "id": 2877370001, "friends_count": 638, "profile_image_url": "http://pbs.twimg.com/profile_images/968899166624722944/Hl6XkNDc_normal.jpg", "profile_background_image_url_https": "https://abs.twimg.com/images/themes/theme1/bg.png", "profile_link_color": "FF691F"}, "user_mentions": [{"id": 3369234799, "screen_name": "TheValleyReport", "name": "The Valley Report", "id_str": "3369234799"}, {"id": 581852473, "screen_name": "PettyMan15", "name": "DJ Petty \ud83c\uddec\ud83c\uddfe", "id_str": "581852473"}], "retweet_count": 1, "created_at": "Sun Aug 30 21:21:50 +0000 2015", "in_reply_to_status_id": 637868242560638980, "in_reply_to_user_id": 3369234799, "text": "@TheValleyReport @PettyMan15 \"just do it\"", "hashtags": [], "lang": "en", "in_reply_to_screen_name": "TheValleyReport", "source": "<a href=\"http://twitter.com/download/android\" rel=\"nofollow\">Twitter for Android</a>"}