{"id": 638057401766178817, "id_str": "638057401766178817", "urls": [], "user": {"profile_text_color": "333333", "id_str": "2802146240", "favourites_count": 91, "profile_sidebar_border_color": "C0DEED", "name": "Gonzalo", "profile_image_url_https": "https://pbs.twimg.com/profile_images/648981612831502336/D5zhtAM7_normal.jpg", "created_at": "Wed Sep 10 17:19:01 +0000 2014", "screen_name": "Ganso2k", "default_profile": true, "followers_count": 23, "description": "Take a picture of my rear end, so you won't forget my ass. Picture me trollin'... Sports and current events.", "lang": "en", "statuses_count": 4165, "profile_sidebar_fill_color": "DDEEF6", "profile_background_image_url": "http://abs.twimg.com/images/themes/theme1/bg.png", "listed_count": 2, "profile_banner_url": "https://pbs.twimg.com/profile_banners/2802146240/1410369785", "profile_background_color": "C0DEED", "id": 2802146240, "friends_count": 78, "profile_image_url": "http://pbs.twimg.com/profile_images/648981612831502336/D5zhtAM7_normal.jpg", "profile_use_background_image": true, "profile_background_image_url_https": "https://abs.twimg.com/images/themes/theme1/bg.png", "profile_link_color": "1DA1F2"}, "user_mentions": [{"id": 759251, "screen_name": "CNN", "name": "CNN", "id_str": "759251"}], "created_at": "Sun Aug 30 18:35:13 +0000 2015", "in_reply_to_status_id": 638050997340893184, "in_reply_to_user_id": 759251, "text": "@CNN This is awkward for me... I thought he had already died a while ago.", "hashtags": [], "lang": "en", "in_reply_to_screen_name": "CNN", "source": "<a href=\"http://twitter.com/download/android\" rel=\"nofollow\">Twitter for Android</a>"}