{"created_at": "Sun Aug 30 17:27:40 +0000 2015", "id": 638040399416819712, "id_str": "638040399416819712", "urls": [], "text": "@RubyRose @TheValleyReport @bryanboy wtf http://t.co/r342jCXGwi", "user": {"profile_text_color": "333333", "id_str": "3182123725", "favourites_count": 5914, "profile_sidebar_border_color": "C0DEED", "name": "\u25c1\u25b7Bliss\u25c1\u25b7", "profile_image_url_https": "https://pbs.twimg.com/profile_images/1037036189805498369/q6nX5z3q_normal.jpg", "created_at": "Fri May 01 19:41:08 +0000 2015", "screen_name": "Qx_Bliss", "default_profile": true, "followers_count": 422, "description": "Trying to find my faith I geuss\n#ARMY", "lang": "en", "statuses_count": 4810, "profile_sidebar_fill_color": "DDEEF6", "profile_background_image_url": "http://abs.twimg.com/images/themes/theme1/bg.png", "listed_count": 1, "profile_banner_url": "https://pbs.twimg.com/profile_banners/3182123725/1536083689", "profile_background_color": "C0DEED", "id": 3182123725, "friends_count": 291, "profile_image_url": "http://pbs.twimg.com/profile_images/1037036189805498369/q6nX5z3q_normal.jpg", "profile_use_background_image": true, "profile_background_image_url_https": "https://abs.twimg.com/images/themes/theme1/bg.png", "profile_link_color": "1DA1F2"}, "hashtags": [], "lang": "und", "media": [{"id": 638040373005193216, "display_url": "pic.twitter.com/r342jCXGwi", "expanded_url": "https://twitter.com/rubysnipples/status/638040399416819712/photo/1", "url": "http://t.co/r342jCXGwi", "media_url": "http://pbs.twimg.com/media/CNrGVrlVEAAozzP.jpg", "type": "photo", "media_url_https": "https://pbs.twimg.com/media/CNrGVrlVEAAozzP.jpg", "sizes": {"large": {"w": 584, "resize": "fit", "h": 328}, "small": {"w": 584, "resize": "fit", "h": 328}, "medium": {"w": 584, "resize": "fit", "h": 328}, "thumb": {"w": 150, "resize": "crop", "h": 150}}}, {"id": 638040397478932481, "display_url": "pic.twitter.com/r342jCXGwi", "expanded_url": "https://twitter.com/rubysnipples/status/638040399416819712/photo/1", "url": "http://t.co/r342jCXGwi", "media_url": "http://pbs.twimg.com/media/CNrGXGwUsAExEog.jpg", "type": "photo", "media_url_https": "https://pbs.twimg.com/media/CNrGXGwUsAExEog.jpg", "sizes": {"large": {"w": 584, "resize": "fit", "h": 328}, "small": {"w": 584, "resize": "fit", "h": 328}, "medium": {"w": 584, "resize": "fit", "h": 328}, "thumb": {"w": 150, "resize": "crop", "h": 150}}}], "source": "<a href=\"http://twitter.com/download/android\" rel=\"nofollow\">Twitter for Android</a>", "user_mentions": [{"id": 3369234799, "screen_name": "TheValleyReport", "name": "The Valley Report", "id_str": "3369234799"}, {"id": 7092102, "screen_name": "bryanboy", "name": "bryanboy", "id_str": "7092102"}]}