{"id": 638478386977898496, "id_str": "638478386977898496", "urls": [], "user": {"geo_enabled": true, "location": "Portland, OR", "favourites_count": 15681, "profile_sidebar_border_color": "C0DEED", "name": "hay", "profile_image_url_https": "https://pbs.twimg.com/profile_images/842793428203139072/gI4d2FW7_normal.jpg", "created_at": "Tue Jun 25 23:07:06 +0000 2013", "screen_name": "Hayleyruple", "default_profile": true, "followers_count": 500, "listed_count": 3, "description": "Jan 4\u2764\ufe0f love sees no clolor", "id_str": "1546825968", "lang": "en", "statuses_count": 23735, "profile_sidebar_fill_color": "DDEEF6", "profile_background_image_url": "http://abs.twimg.com/images/themes/theme1/bg.png", "profile_text_color": "333333", "profile_banner_url": "https://pbs.twimg.com/profile_banners/1546825968/1489772542", "profile_background_color": "C0DEED", "id": 1546825968, "friends_count": 446, "profile_image_url": "http://pbs.twimg.com/profile_images/842793428203139072/gI4d2FW7_normal.jpg", "profile_use_background_image": true, "profile_background_image_url_https": "https://abs.twimg.com/images/themes/theme1/bg.png", "profile_link_color": "1DA1F2"}, "user_mentions": [{"id": 3369234799, "screen_name": "TheValleyReport", "name": "The Valley Report", "id_str": "3369234799"}, {"id": 3149046468, "screen_name": "InTheBush420", "name": "Fernando Ordo\u00f1ez", "id_str": "3149046468"}], "retweet_count": 1, "created_at": "Mon Aug 31 22:28:04 +0000 2015", "in_reply_to_status_id": 637868242560638980, "in_reply_to_user_id": 3369234799, "text": "@TheValleyReport @InTheBush420  me", "hashtags": [], "lang": "und", "in_reply_to_screen_name": "TheValleyReport", "favorite_count": 1, "source": "<a href=\"http://twitter.com/download/iphone\" rel=\"nofollow\">Twitter for iPhone</a>"}