{"id": 639300434394415104, "id_str": "639300434394415104", "urls": [], "user": {"geo_enabled": true, "url": "https://t.co/sG9TIGVIFY", "favourites_count": 43938, "profile_sidebar_border_color": "000000", "name": "Peter the \u24b6gorist", "profile_image_url_https": "https://pbs.twimg.com/profile_images/808776869545771008/YuYWz_D4_normal.jpg", "created_at": "Fri Jan 31 03:55:48 +0000 2014", "screen_name": "PAKallman", "followers_count": 2545, "listed_count": 232, "description": "Finally my years of writing AIM Away Messages will pay off~ | dancing is my higher power | Love Is All We Need #Agorism #Voluntaryism @Mises\u270c\ud83d\udda4\ud83c\udff4", "id_str": "2320182572", "lang": "en", "statuses_count": 36636, "profile_sidebar_fill_color": "252429", "location": "The Present", "profile_background_image_url": "http://abs.twimg.com/images/themes/theme9/bg.gif", "profile_text_color": "666666", "profile_banner_url": "https://pbs.twimg.com/profile_banners/2320182572/1435384732", "profile_background_color": "1A1B1F", "id": 2320182572, "friends_count": 414, "profile_image_url": "http://pbs.twimg.com/profile_images/808776869545771008/YuYWz_D4_normal.jpg", "profile_use_background_image": true, "profile_background_image_url_https": "https://abs.twimg.com/images/themes/theme9/bg.gif", "profile_link_color": "4A5C7D"}, "user_mentions": [{"id": 3369234799, "screen_name": "TheValleyReport", "name": "The Valley Report", "id_str": "3369234799"}, {"id": 574023889, "screen_name": "DaveWeasel", "name": "Dave Weasel", "id_str": "574023889"}], "in_reply_to_screen_name": "TheValleyReport", "created_at": "Thu Sep 03 04:54:35 +0000 2015", "in_reply_to_status_id": 637868242560638980, "in_reply_to_user_id": 3369234799, "text": "@TheValleyReport @DaveWeasel http://t.co/z73Awg2KbZ", "hashtags": [], "lang": "und", "place": {"id": "3b77caf94bfc81fe", "full_name": "Los Angeles, CA", "url": "https://api.twitter.com/1.1/geo/id/3b77caf94bfc81fe.json", "attributes": {}, "country_code": "US", "country": "Estados Unidos", "name": "Los Angeles", "contained_within": [], "place_type": "city", "bounding_box": {"type": "Polygon", "coordinates": [[[-118.668404, 33.704538], [-118.155409, 33.704538], [-118.155409, 34.337041], [-118.668404, 34.337041]]]}}, "media": [{"id": 639300433974968320, "display_url": "pic.twitter.com/z73Awg2KbZ", "expanded_url": "https://twitter.com/PAKallman/status/639300434394415104/photo/1", "url": "http://t.co/z73Awg2KbZ", "media_url": "http://pbs.twimg.com/media/CN9AW4fUwAAEHN_.jpg", "type": "photo", "media_url_https": "https://pbs.twimg.com/media/CN9AW4fUwAAEHN_.jpg", "sizes": {"large": {"w": 486, "resize": "fit", "h": 479}, "small": {"w": 486, "resize": "fit", "h": 479}, "medium": {"w": 486, "resize": "fit", "h": 479}, "thumb": {"w": 150, "resize": "crop", "h": 150}}}], "favorite_count": 1, "source": "<a href=\"http://twitter.com\" rel=\"nofollow\">Twitter Web Client</a>"}