{"id": 640189732916301824, "id_str": "640189732916301824", "urls": [], "user": {"geo_enabled": true, "favourites_count": 26948, "name": "Yoko Nakagawa", "profile_image_url_https": "https://pbs.twimg.com/profile_images/2345083314/8eypn7m7kbpkye9gefzy_normal.gif", "created_at": "Mon Apr 27 23:36:37 +0000 2009", "screen_name": "yokonaka", "default_profile": true, "followers_count": 193, "listed_count": 8, "description": "Passionate about mobile and politics as well as comments on fashion and pop culture", "id_str": "35906465", "lang": "en", "statuses_count": 11784, "profile_sidebar_fill_color": "DDEEF6", "profile_background_image_url": "http://abs.twimg.com/images/themes/theme1/bg.png", "profile_text_color": "333333", "profile_sidebar_border_color": "C0DEED", "profile_background_color": "C0DEED", "id": 35906465, "friends_count": 264, "profile_image_url": "http://pbs.twimg.com/profile_images/2345083314/8eypn7m7kbpkye9gefzy_normal.gif", "profile_use_background_image": true, "profile_background_image_url_https": "https://abs.twimg.com/images/themes/theme1/bg.png", "profile_link_color": "1DA1F2"}, "user_mentions": [{"id": 20562637, "screen_name": "businessinsider", "name": "Business Insider", "id_str": "20562637"}, {"id": 15164565, "screen_name": "Slate", "name": "Slate", "id_str": "15164565"}], "created_at": "Sat Sep 05 15:48:21 +0000 2015", "in_reply_to_status_id": 640118021101604864, "in_reply_to_user_id": 20562637, "text": "@businessinsider @Slate  Barbaric and another reason no longer interested in visiting China again", "hashtags": [], "lang": "en", "in_reply_to_screen_name": "businessinsider", "source": "<a href=\"http://twitter.com/download/android\" rel=\"nofollow\">Twitter for Android</a>"}