{"id": 641090178514206720, "id_str": "641090178514206720", "urls": [], "user": {"geo_enabled": true, "url": "https://t.co/rZipxVt1wa", "favourites_count": 3678, "profile_sidebar_border_color": "C0DEED", "name": "Justin Muller", "profile_image_url_https": "https://pbs.twimg.com/profile_images/1577664470/x0ozECts_normal", "created_at": "Sun Mar 27 01:21:59 +0000 2011", "screen_name": "1burnman", "default_profile": true, "followers_count": 240, "listed_count": 10, "description": "I am a 49ers fan I love Icarly I love sports I love music and books and to laugh I love Jennette McCurdy as well   #theResistance", "id_str": "272707196", "lang": "en", "statuses_count": 32108, "profile_sidebar_fill_color": "DDEEF6", "location": "st louis ", "profile_background_image_url": "http://abs.twimg.com/images/themes/theme1/bg.png", "profile_text_color": "333333", "profile_banner_url": "https://pbs.twimg.com/profile_banners/272707196/1388715682", "profile_background_color": "C0DEED", "id": 272707196, "friends_count": 617, "profile_image_url": "http://pbs.twimg.com/profile_images/1577664470/x0ozECts_normal", "profile_use_background_image": true, "profile_background_image_url_https": "https://abs.twimg.com/images/themes/theme1/bg.png", "profile_link_color": "1DA1F2"}, "user_mentions": [{"id": 807095, "screen_name": "nytimes", "name": "The New York Times", "id_str": "807095"}], "created_at": "Tue Sep 08 03:26:24 +0000 2015", "in_reply_to_status_id": 641082932740947972, "in_reply_to_user_id": 807095, "text": "@nytimes very sad", "hashtags": [], "lang": "en", "in_reply_to_screen_name": "nytimes", "favorite_count": 1, "source": "<a href=\"http://twitter.com/download/android\" rel=\"nofollow\">Twitter for Android</a>"}