{"id": 641049905826537472, "id_str": "641049905826537472", "urls": [], "user": {"geo_enabled": true, "location": "Branford CT", "favourites_count": 13, "name": "Peter Eirich", "profile_image_url_https": "https://pbs.twimg.com/profile_images/639114505998483456/LUby_5uH_normal.jpg", "created_at": "Sat Mar 06 21:44:38 +0000 2010", "screen_name": "zabac57", "followers_count": 414, "listed_count": 3, "description": "Pro-America, Pro-Trump, Pro 2nd Amendment, Pro-Death Penalty", "id_str": "120573832", "lang": "en", "statuses_count": 1067, "profile_background_tile": true, "profile_sidebar_fill_color": "000000", "profile_background_image_url": "http://abs.twimg.com/images/themes/theme10/bg.gif", "profile_text_color": "000000", "profile_sidebar_border_color": "000000", "profile_background_color": "FFCC4D", "id": 120573832, "friends_count": 1155, "profile_image_url": "http://pbs.twimg.com/profile_images/639114505998483456/LUby_5uH_normal.jpg", "profile_use_background_image": true, "profile_background_image_url_https": "https://abs.twimg.com/images/themes/theme10/bg.gif", "profile_link_color": "9266CC"}, "user_mentions": [{"id": 17525171, "screen_name": "Variety", "name": "Variety", "id_str": "17525171"}], "created_at": "Tue Sep 08 00:46:22 +0000 2015", "in_reply_to_status_id": 640967537178472448, "in_reply_to_user_id": 17525171, "text": "Her light burned bright - for a short time. RIP @Variety #judycarne", "hashtags": [{"text": "judycarne"}], "lang": "en", "place": {"id": "e86b380cfefcced5", "full_name": "Connecticut, USA", "url": "https://api.twitter.com/1.1/geo/id/e86b380cfefcced5.json", "attributes": {}, "country_code": "US", "country": "Estados Unidos", "name": "Connecticut", "contained_within": [], "place_type": "admin", "bounding_box": {"type": "Polygon", "coordinates": [[[-73.727776, 40.950918], [-71.786994, 40.950918], [-71.786994, 42.050588], [-73.727776, 42.050588]]]}}, "in_reply_to_screen_name": "Variety", "source": "<a href=\"http://twitter.com\" rel=\"nofollow\">Twitter Web Client</a>"}