{"id": 641005780339195904, "id_str": "641005780339195904", "urls": [], "user": {"geo_enabled": true, "favourites_count": 9764, "profile_sidebar_border_color": "87BC44", "name": "redsonja64", "profile_image_url_https": "https://pbs.twimg.com/profile_images/974074458574123009/daNQwPom_normal.jpg", "created_at": "Fri Apr 18 15:51:36 +0000 2008", "screen_name": "redsonja64", "followers_count": 108, "listed_count": 10, "description": "Allons-y!", "id_str": "14434444", "lang": "en", "statuses_count": 2972, "profile_sidebar_fill_color": "E0FF93", "profile_background_image_url": "http://abs.twimg.com/images/themes/theme1/bg.png", "profile_text_color": "000000", "profile_banner_url": "https://pbs.twimg.com/profile_banners/14434444/1521072424", "profile_background_color": "9AE4E8", "id": 14434444, "friends_count": 298, "profile_image_url": "http://pbs.twimg.com/profile_images/974074458574123009/daNQwPom_normal.jpg", "profile_use_background_image": true, "profile_background_image_url_https": "https://abs.twimg.com/images/themes/theme1/bg.png", "profile_link_color": "0000FF"}, "user_mentions": [{"id": 17525171, "screen_name": "Variety", "name": "Variety", "id_str": "17525171"}], "created_at": "Mon Sep 07 21:51:02 +0000 2015", "in_reply_to_status_id": 640967537178472448, "in_reply_to_user_id": 17525171, "text": "@Variety that's too young!!!\ud83d\udc94", "hashtags": [], "lang": "en", "in_reply_to_screen_name": "Variety", "source": "<a href=\"http://twitter.com/download/iphone\" rel=\"nofollow\">Twitter for iPhone</a>"}