{"id": 642067687292715008, "id_str": "642067687292715008", "urls": [], "user": {"id_str": "309174772", "location": " ", "favourites_count": 10571, "name": "elizabeth perry", "profile_image_url_https": "https://pbs.twimg.com/profile_images/643945855708299264/KeVYxjUT_normal.jpg", "created_at": "Wed Jun 01 17:15:18 +0000 2011", "screen_name": "lizaperri", "default_profile": true, "followers_count": 200, "listed_count": 7, "lang": "en", "statuses_count": 13035, "profile_sidebar_fill_color": "DDEEF6", "profile_background_image_url": "http://abs.twimg.com/images/themes/theme1/bg.png", "profile_text_color": "333333", "profile_sidebar_border_color": "C0DEED", "profile_background_color": "C0DEED", "id": 309174772, "friends_count": 50, "profile_image_url": "http://pbs.twimg.com/profile_images/643945855708299264/KeVYxjUT_normal.jpg", "profile_use_background_image": true, "profile_background_image_url_https": "https://abs.twimg.com/images/themes/theme1/bg.png", "profile_link_color": "1DA1F2"}, "user_mentions": [{"id": 13850422, "screen_name": "CNNPolitics", "name": "CNN Politics", "id_str": "13850422"}, {"id": 216776631, "screen_name": "BernieSanders", "name": "Bernie Sanders", "id_str": "216776631"}, {"id": 25073877, "screen_name": "realDonaldTrump", "name": "Donald J. Trump", "id_str": "25073877"}], "created_at": "Thu Sep 10 20:10:40 +0000 2015", "in_reply_to_status_id": 642027433693171712, "in_reply_to_user_id": 13850422, "text": "@CNNPolitics @BernieSanders @realDonaldTrump Illegal immigrant isn't a race", "hashtags": [], "lang": "en", "in_reply_to_screen_name": "CNNPolitics", "source": "<a href=\"http://twitter.com\" rel=\"nofollow\">Twitter Web Client</a>"}