{"id": 642149413226348545, "id_str": "642149413226348545", "urls": [], "user": {"geo_enabled": true, "location": "Brownsville Texas USA", "favourites_count": 8888, "name": "David Guajardo", "profile_image_url_https": "https://pbs.twimg.com/profile_images/3012608052/a227f272132d2ff0f0d8ddb332ab11d7_normal.jpeg", "created_at": "Tue Mar 17 16:46:19 +0000 2009", "screen_name": "dguajardo", "followers_count": 268, "listed_count": 18, "description": "Business man from Brownsville Texas. Love my God, family, business and country. supporting Donald Trump in 2016.", "id_str": "24910402", "lang": "en", "statuses_count": 6587, "profile_sidebar_fill_color": "95E8EC", "profile_background_image_url": "http://abs.twimg.com/images/themes/theme4/bg.gif", "profile_text_color": "3C3940", "profile_sidebar_border_color": "5ED4DC", "profile_background_color": "0099B9", "id": 24910402, "friends_count": 632, "profile_image_url": "http://pbs.twimg.com/profile_images/3012608052/a227f272132d2ff0f0d8ddb332ab11d7_normal.jpeg", "profile_use_background_image": true, "profile_background_image_url_https": "https://abs.twimg.com/images/themes/theme4/bg.gif", "profile_link_color": "0099B9"}, "user_mentions": [{"id": 759251, "screen_name": "CNN", "name": "CNN", "id_str": "759251"}, {"id": 1339835893, "screen_name": "HillaryClinton", "name": "Hillary Clinton", "id_str": "1339835893"}, {"id": 216776631, "screen_name": "BernieSanders", "name": "Bernie Sanders", "id_str": "216776631"}], "created_at": "Fri Sep 11 01:35:25 +0000 2015", "in_reply_to_status_id": 642145732435292160, "in_reply_to_user_id": 759251, "text": "@CNN @HillaryClinton @BernieSanders change is really coming. Donald Trump 2016", "hashtags": [], "lang": "en", "place": {"id": "d48f32df6ecc8aaa", "full_name": "Brownsville, TX", "url": "https://api.twitter.com/1.1/geo/id/d48f32df6ecc8aaa.json", "attributes": {}, "country_code": "US", "country": "Estados Unidos", "name": "Brownsville", "contained_within": [], "place_type": "city", "bounding_box": {"type": "Polygon", "coordinates": [[[-97.5800852, 25.8587233], [-97.374767, 25.8587233], [-97.374767, 26.085488], [-97.5800852, 26.085488]]]}}, "in_reply_to_screen_name": "CNN", "source": "<a href=\"http://twitter.com/download/iphone\" rel=\"nofollow\">Twitter for iPhone</a>"}