{"id": 642650169079648256, "id_str": "642650169079648256", "urls": [], "user": {"geo_enabled": true, "url": "https://t.co/yEg9pazkLS", "favourites_count": 258, "profile_sidebar_border_color": "C0DEED", "name": "Jurie Post", "profile_image_url_https": "https://pbs.twimg.com/profile_images/1020695357108506625/Jh8V0nMO_normal.jpg", "created_at": "Thu Sep 01 18:51:59 +0000 2011", "screen_name": "JuriePost1", "default_profile": true, "followers_count": 213, "listed_count": 5, "description": "De God nu des vredes zal weldra de duivel onder uw voeten vertreden. Romeinen 16:20", "id_str": "366192744", "lang": "nl", "statuses_count": 6549, "profile_sidebar_fill_color": "DDEEF6", "profile_background_image_url": "http://abs.twimg.com/images/themes/theme1/bg.png", "profile_text_color": "333333", "profile_banner_url": "https://pbs.twimg.com/profile_banners/366192744/1522779771", "profile_background_color": "C0DEED", "id": 366192744, "friends_count": 260, "profile_image_url": "http://pbs.twimg.com/profile_images/1020695357108506625/Jh8V0nMO_normal.jpg", "profile_use_background_image": true, "profile_background_image_url_https": "https://abs.twimg.com/images/themes/theme1/bg.png", "profile_link_color": "1DA1F2"}, "user_mentions": [{"id": 31435069, "screen_name": "Eccentrie", "name": "MaryEllen Rendine", "id_str": "31435069"}, {"id": 129235890, "screen_name": "Lrihendry", "name": "Lori Hendry", "id_str": "129235890"}], "created_at": "Sat Sep 12 10:45:14 +0000 2015", "in_reply_to_status_id": 642494509176066048, "in_reply_to_user_id": 31435069, "text": "@Eccentrie @Lrihendry i think you were a Christian nation....(non offending)", "hashtags": [], "lang": "en", "in_reply_to_screen_name": "Eccentrie", "source": "<a href=\"http://twitter.com/download/android\" rel=\"nofollow\">Twitter for Android</a>"}