{"id": 642937547916726272, "id_str": "642937547916726272", "urls": [], "user": {"geo_enabled": true, "favourites_count": 12524, "profile_sidebar_border_color": "C0DEED", "name": "Lisa Loves America", "profile_image_url_https": "https://pbs.twimg.com/profile_images/870181596560838656/NWsJEKm5_normal.jpg", "created_at": "Mon Nov 10 05:53:46 +0000 2014", "screen_name": "lisajeannemill1", "default_profile": true, "followers_count": 3577, "listed_count": 29, "description": "Conservative, Love family, my country, and animals. #KeepAmericansSafe #GodBlessAmerica, support #Vets #Constitution #Trump2020 I Bleed Red White and Blue", "id_str": "2895293826", "lang": "en", "statuses_count": 15531, "profile_sidebar_fill_color": "DDEEF6", "profile_background_image_url": "http://abs.twimg.com/images/themes/theme1/bg.png", "profile_text_color": "333333", "profile_banner_url": "https://pbs.twimg.com/profile_banners/2895293826/1455874889", "profile_background_color": "C0DEED", "id": 2895293826, "friends_count": 4585, "profile_image_url": "http://pbs.twimg.com/profile_images/870181596560838656/NWsJEKm5_normal.jpg", "profile_use_background_image": true, "profile_background_image_url_https": "https://abs.twimg.com/images/themes/theme1/bg.png", "profile_link_color": "1DA1F2"}, "user_mentions": [{"id": 129235890, "screen_name": "Lrihendry", "name": "Lori Hendry", "id_str": "129235890"}, {"id": 3225585152, "screen_name": "OldFolks2", "name": "Geezer", "id_str": "3225585152"}], "created_at": "Sun Sep 13 05:47:11 +0000 2015", "in_reply_to_status_id": 642465192408940544, "in_reply_to_user_id": 129235890, "text": "@Lrihendry @OldFolks2 you are absolutely right! It's ridiculous!", "hashtags": [], "lang": "en", "in_reply_to_screen_name": "Lrihendry", "favorite_count": 1, "source": "<a href=\"http://twitter.com/download/android\" rel=\"nofollow\">Twitter for Android</a>"}