{"id": 643063899407937536, "id_str": "643063899407937536", "urls": [], "user": {"geo_enabled": true, "location": "Realtor & Tax Advisor", "favourites_count": 30935, "profile_sidebar_border_color": "C0DEED", "name": "Diane Fithchellaigh \u274c", "profile_image_url_https": "https://pbs.twimg.com/profile_images/1031021987060240385/w6RiRlfo_normal.jpg", "created_at": "Mon Feb 18 00:01:17 +0000 2013", "screen_name": "feehily_diane", "default_profile": true, "followers_count": 4542, "listed_count": 49, "description": "if you're temperamental, I don't need ya!  Followed by Sean Hannity", "id_str": "1191511122", "lang": "en", "statuses_count": 41393, "profile_sidebar_fill_color": "DDEEF6", "profile_background_image_url": "http://abs.twimg.com/images/themes/theme1/bg.png", "profile_text_color": "333333", "profile_banner_url": "https://pbs.twimg.com/profile_banners/1191511122/1532291578", "profile_background_color": "C0DEED", "id": 1191511122, "friends_count": 5002, "profile_image_url": "http://pbs.twimg.com/profile_images/1031021987060240385/w6RiRlfo_normal.jpg", "profile_use_background_image": true, "profile_background_image_url_https": "https://abs.twimg.com/images/themes/theme1/bg.png", "profile_link_color": "1DA1F2"}, "user_mentions": [{"id": 129235890, "screen_name": "Lrihendry", "name": "Lori Hendry", "id_str": "129235890"}, {"id": 905898240, "screen_name": "SharonMcCutchan", "name": "Sharon McCutchan", "id_str": "905898240"}], "created_at": "Sun Sep 13 14:09:15 +0000 2015", "in_reply_to_status_id": 642465192408940544, "in_reply_to_user_id": 129235890, "text": "@Lrihendry @SharonMcCutchan have they passed out burkhas yet?", "hashtags": [], "lang": "en", "in_reply_to_screen_name": "Lrihendry", "source": "<a href=\"http://twitter.com/#!/download/ipad\" rel=\"nofollow\">Twitter for iPad</a>"}