{"id": 643114623173029888, "id_str": "643114623173029888", "urls": [], "user": {"profile_text_color": "333333", "id_str": "1007101814", "favourites_count": 40709, "name": "Larry bird \u274c", "profile_image_url_https": "https://pbs.twimg.com/profile_images/622783818672373764/SDM4hmqO_normal.jpg", "created_at": "Wed Dec 12 19:18:02 +0000 2012", "screen_name": "BirdJlo400", "default_profile": true, "followers_count": 1253, "description": "194th Armored 1976-79. NRA. 2nd generation Proud American. Native New Yorker", "lang": "en", "statuses_count": 17463, "profile_sidebar_fill_color": "DDEEF6", "profile_background_image_url": "http://abs.twimg.com/images/themes/theme1/bg.png", "listed_count": 21, "profile_sidebar_border_color": "C0DEED", "profile_background_color": "C0DEED", "id": 1007101814, "friends_count": 1258, "profile_image_url": "http://pbs.twimg.com/profile_images/622783818672373764/SDM4hmqO_normal.jpg", "profile_use_background_image": true, "profile_background_image_url_https": "https://abs.twimg.com/images/themes/theme1/bg.png", "profile_link_color": "1DA1F2"}, "user_mentions": [{"id": 237403203, "screen_name": "AllenWest", "name": "Allen West", "id_str": "237403203"}], "created_at": "Sun Sep 13 17:30:49 +0000 2015", "in_reply_to_status_id": 643103859729166337, "in_reply_to_user_id": 237403203, "text": "@AllenWest You have to be crazy to take these people in", "hashtags": [], "lang": "en", "in_reply_to_screen_name": "AllenWest", "source": "<a href=\"http://twitter.com/#!/download/ipad\" rel=\"nofollow\">Twitter for iPad</a>"}