{"id": 643228230418169856, "id_str": "643228230418169856", "urls": [{"expanded_url": "http://azzasedky.typepad.com/egypt/2015/09/accepting-them-with-open-armsthe-new-strategy-on-syrian-refugees.html", "url": "http://t.co/fpbo8EpLB5"}], "user": {"id_str": "258485695", "url": "http://t.co/d8LZTiu67R", "favourites_count": 4780, "profile_sidebar_border_color": "829D5E", "name": "Azza Radwan Sedky", "profile_image_url_https": "https://pbs.twimg.com/profile_images/730161607716671489/6ZI9rZRG_normal.jpg", "created_at": "Sun Feb 27 20:49:08 +0000 2011", "screen_name": "azzasedky", "followers_count": 2389, "listed_count": 75, "description": "Academic, political analyst, writer, and author of Cairo Rewind, the first two years of Egypt's Revolution, 2011-2013. https://t.co/pgHkjBEcK5", "lang": "en", "statuses_count": 41907, "profile_sidebar_fill_color": "99CC33", "location": "Cairo/Vancouver", "profile_background_image_url": "http://abs.twimg.com/images/themes/theme5/bg.gif", "profile_text_color": "3E4415", "profile_banner_url": "https://pbs.twimg.com/profile_banners/258485695/1374526124", "profile_background_color": "352726", "id": 258485695, "friends_count": 902, "profile_image_url": "http://pbs.twimg.com/profile_images/730161607716671489/6ZI9rZRG_normal.jpg", "profile_use_background_image": true, "profile_background_image_url_https": "https://abs.twimg.com/images/themes/theme5/bg.gif", "profile_link_color": "D02B55"}, "user_mentions": [{"id": 3300205033, "screen_name": "LibertyUSA1776", "name": "Saving Liberty \ud83c\uddfa\ud83c\uddf8", "id_str": "3300205033"}], "retweet_count": 1, "created_at": "Mon Sep 14 01:02:15 +0000 2015", "in_reply_to_status_id": 643225207705075716, "in_reply_to_user_id": 3300205033, "text": "@LibertyUSA1776 @HarroldWSmith I knew it. Here comes the backfire. Too soon though. \"With open arms\" http://t.co/fpbo8EpLB5", "hashtags": [], "lang": "en", "in_reply_to_screen_name": "LibertyUSA1776", "source": "<a href=\"http://twitter.com\" rel=\"nofollow\">Twitter Web Client</a>"}