{"id": 643395103357165568, "id_str": "643395103357165568", "urls": [], "user": {"id_str": "520866404", "location": "#DiamondValleyUSA", "favourites_count": 15163, "profile_sidebar_border_color": "C0DEED", "name": "j", "profile_image_url_https": "https://pbs.twimg.com/profile_images/673198873255350272/188b-EN7_normal.jpg", "created_at": "Sun Mar 11 00:37:47 +0000 2012", "screen_name": "RestoreAmericaj", "default_profile": true, "followers_count": 1478, "listed_count": 68, "description": "#FUNcity #back2TheFuture", "lang": "en", "statuses_count": 35734, "profile_sidebar_fill_color": "DDEEF6", "profile_background_image_url": "http://abs.twimg.com/images/themes/theme1/bg.png", "profile_text_color": "333333", "profile_banner_url": "https://pbs.twimg.com/profile_banners/520866404/1455689466", "profile_background_color": "C0DEED", "id": 520866404, "friends_count": 3740, "profile_image_url": "http://pbs.twimg.com/profile_images/673198873255350272/188b-EN7_normal.jpg", "profile_use_background_image": true, "profile_background_image_url_https": "https://abs.twimg.com/images/themes/theme1/bg.png", "profile_link_color": "1DA1F2"}, "user_mentions": [{"id": 3300205033, "screen_name": "LibertyUSA1776", "name": "Saving Liberty \ud83c\uddfa\ud83c\uddf8", "id_str": "3300205033"}], "created_at": "Mon Sep 14 12:05:21 +0000 2015", "in_reply_to_status_id": 643225207705075716, "in_reply_to_user_id": 3300205033, "text": "@LibertyUSA1776 well we knew it was happening...didn't we...", "hashtags": [], "lang": "en", "in_reply_to_screen_name": "LibertyUSA1776", "source": "<a href=\"http://twitter.com/download/android\" rel=\"nofollow\">Twitter for Android</a>"}