{"id": 645304316434231296, "id_str": "645304316434231296", "urls": [], "user": {"id_str": "710725758", "location": "Toronto", "favourites_count": 34, "profile_sidebar_border_color": "C0DEED", "name": "Miss", "profile_image_url_https": "https://pbs.twimg.com/profile_images/642189035176267776/f34u1GBi_normal.jpg", "created_at": "Sun Jul 22 13:55:08 +0000 2012", "screen_name": "mkemeczy", "default_profile": true, "followers_count": 44, "description": "it is what it is", "lang": "en", "statuses_count": 1795, "profile_sidebar_fill_color": "DDEEF6", "profile_background_image_url": "http://abs.twimg.com/images/themes/theme1/bg.png", "profile_text_color": "333333", "profile_banner_url": "https://pbs.twimg.com/profile_banners/710725758/1368067020", "profile_background_color": "C0DEED", "id": 710725758, "friends_count": 40, "profile_image_url": "http://pbs.twimg.com/profile_images/642189035176267776/f34u1GBi_normal.jpg", "profile_use_background_image": true, "profile_background_image_url_https": "https://abs.twimg.com/images/themes/theme1/bg.png", "profile_link_color": "1DA1F2"}, "user_mentions": [{"id": 129235890, "screen_name": "Lrihendry", "name": "Lori Hendry", "id_str": "129235890"}, {"id": 1348990304, "screen_name": "rsc233", "name": "LeRay soreass", "id_str": "1348990304"}], "created_at": "Sat Sep 19 18:31:52 +0000 2015", "in_reply_to_status_id": 642465192408940544, "in_reply_to_user_id": 129235890, "text": "@Lrihendry @rsc233 we need to put a stop to this NOW the world will become Muslim if we don't do something about it NOW", "hashtags": [], "lang": "en", "in_reply_to_screen_name": "Lrihendry", "source": "<a href=\"http://twitter.com/download/android\" rel=\"nofollow\">Twitter for Android</a>"}