{"id": 649898523413073920, "id_str": "649898523413073920", "urls": [], "user": {"profile_text_color": "333333", "id_str": "409600225", "favourites_count": 113839, "profile_sidebar_border_color": "C0DEED", "name": "matt", "profile_image_url_https": "https://pbs.twimg.com/profile_images/535598867140861953/joO8gCb8_normal.jpeg", "created_at": "Thu Nov 10 23:52:25 +0000 2011", "screen_name": "NothappyMatt", "default_profile": true, "followers_count": 888, "description": "#paramedicissues Former military, documentary movies, Roman and Greek history, Cassowary Birds.", "lang": "en", "statuses_count": 62309, "profile_sidebar_fill_color": "DDEEF6", "profile_background_image_url": "http://abs.twimg.com/images/themes/theme1/bg.png", "listed_count": 18, "profile_banner_url": "https://pbs.twimg.com/profile_banners/409600225/1425420060", "profile_background_color": "C0DEED", "id": 409600225, "friends_count": 352, "profile_image_url": "http://pbs.twimg.com/profile_images/535598867140861953/joO8gCb8_normal.jpeg", "profile_use_background_image": true, "profile_background_image_url_https": "https://abs.twimg.com/images/themes/theme1/bg.png", "profile_link_color": "1DA1F2"}, "user_mentions": [{"id": 807095, "screen_name": "nytimes", "name": "The New York Times", "id_str": "807095"}], "created_at": "Fri Oct 02 10:47:37 +0000 2015", "in_reply_to_status_id": 649889459836710912, "in_reply_to_user_id": 807095, "text": "@nytimes Pope gives aid and comfort to pedophile priests, so how could this possibly be so bad?", "hashtags": [], "lang": "en", "in_reply_to_screen_name": "nytimes", "source": "<a href=\"http://twitter.com/download/iphone\" rel=\"nofollow\">Twitter for iPhone</a>"}