{"id": 649974631764393987, "id_str": "649974631764393987", "urls": [], "user": {"profile_text_color": "000000", "id_str": "3439497340", "url": "http://t.co/vf1rrat4PL", "favourites_count": 11787, "profile_sidebar_border_color": "000000", "name": "Yehudah Mirsky", "profile_image_url_https": "https://pbs.twimg.com/profile_images/636578482642784256/RDE6MsTG_normal.jpg", "created_at": "Tue Aug 25 17:53:31 +0000 2015", "screen_name": "YehudahMirsky", "followers_count": 1367, "description": "Brandeis U prof, Amer-Israeli, fmr State Dept official. politics, religion, human rights, other sweet sorrows. author, Rav Kook: Mystic in a Time of Revolution", "lang": "en", "statuses_count": 5833, "profile_sidebar_fill_color": "000000", "profile_background_image_url": "http://abs.twimg.com/images/themes/theme1/bg.png", "listed_count": 17, "profile_banner_url": "https://pbs.twimg.com/profile_banners/3439497340/1491792505", "profile_background_color": "000000", "id": 3439497340, "friends_count": 640, "profile_image_url": "http://pbs.twimg.com/profile_images/636578482642784256/RDE6MsTG_normal.jpg", "profile_background_image_url_https": "https://abs.twimg.com/images/themes/theme1/bg.png", "profile_link_color": "4A913C"}, "user_mentions": [{"id": 1652541, "screen_name": "Reuters", "name": "Reuters Top News", "id_str": "1652541"}, {"id": 17225962, "screen_name": "dick_nixon", "name": "Richard M. Nixon", "id_str": "17225962"}], "retweet_count": 1, "created_at": "Fri Oct 02 15:50:02 +0000 2015", "in_reply_to_status_id": 649974380416618496, "in_reply_to_user_id": 1652541, "text": "@Reuters \n@dick_nixon was this a wise move?", "hashtags": [], "lang": "en", "in_reply_to_screen_name": "Reuters", "favorite_count": 2, "source": "<a href=\"https://about.twitter.com/products/tweetdeck\" rel=\"nofollow\">TweetDeck</a>"}