{"id": 649975259970543616, "id_str": "649975259970543616", "urls": [], "user": {"id_str": "17225962", "url": "https://t.co/X6YWjg8rNV", "favourites_count": 197100, "profile_sidebar_border_color": "BDDCAD", "name": "Richard M. Nixon", "profile_image_url_https": "https://pbs.twimg.com/profile_images/378800000485238891/308f21fcff4de7bb9ec18124cc38f942_normal.jpeg", "profile_link_color": "0084B4", "screen_name": "dick_nixon", "followers_count": 46812, "listed_count": 865, "description": "37th President of the United States. Messages from the President unsigned, others from Ronald Ziegler. richardnixonoffice@gmail.com FAQ: http://t.co/zn1oJcQs1L", "created_at": "Fri Nov 07 03:59:22 +0000 2008", "lang": "en", "profile_background_tile": true, "profile_sidebar_fill_color": "DDFFCC", "location": "Woodcliff Lake, NJ", "profile_background_image_url": "http://abs.twimg.com/images/themes/theme1/bg.png", "profile_text_color": "333333", "profile_banner_url": "https://pbs.twimg.com/profile_banners/17225962/1355592846", "profile_background_color": "9AE4E8", "id": 17225962, "friends_count": 1010, "profile_image_url": "http://pbs.twimg.com/profile_images/378800000485238891/308f21fcff4de7bb9ec18124cc38f942_normal.jpeg", "profile_use_background_image": true, "profile_background_image_url_https": "https://abs.twimg.com/images/themes/theme1/bg.png", "statuses_count": 71466}, "user_mentions": [{"id": 3439497340, "screen_name": "YehudahMirsky", "name": "Yehudah Mirsky", "id_str": "3439497340"}], "created_at": "Fri Oct 02 15:52:32 +0000 2015", "in_reply_to_status_id": 649974631764393987, "in_reply_to_user_id": 3439497340, "text": "@YehudahMirsky If he doesn't admit it then those who are after his neck get away scot-free.", "hashtags": [], "lang": "en", "in_reply_to_screen_name": "YehudahMirsky", "favorite_count": 1, "source": "<a href=\"http://twitter.com\" rel=\"nofollow\">Twitter Web Client</a>"}