{"id": 650128399256584192, "id_str": "650128399256584192", "urls": [], "user": {"geo_enabled": true, "url": "https://t.co/XeCOXQ6fZu", "favourites_count": 1294, "profile_sidebar_border_color": "000000", "name": "Andrew Paul Wood\ud83e\udd14\ud83d\ude12", "profile_image_url_https": "https://pbs.twimg.com/profile_images/949423288656191488/EJviFdCD_normal.jpg", "created_at": "Tue Sep 18 11:36:21 +0000 2012", "screen_name": "AndrewPaulWood", "followers_count": 1207, "listed_count": 48, "description": "'einem der wenigen Intellektuellen im Land der Schafe...' - TAZ.de. 'fancypants & unnatural' - @beckeleven Opinions own, retweets \u2260 endorsements", "id_str": "830875519", "lang": "en", "statuses_count": 62796, "profile_background_tile": true, "profile_sidebar_fill_color": "000000", "location": "Christchurch City, New Zealand", "profile_background_image_url": "http://abs.twimg.com/images/themes/theme1/bg.png", "profile_text_color": "000000", "profile_banner_url": "https://pbs.twimg.com/profile_banners/830875519/1517677907", "profile_background_color": "FFF04D", "id": 830875519, "friends_count": 2078, "profile_image_url": "http://pbs.twimg.com/profile_images/949423288656191488/EJviFdCD_normal.jpg", "profile_use_background_image": true, "profile_background_image_url_https": "https://abs.twimg.com/images/themes/theme1/bg.png", "profile_link_color": "0099CC"}, "user_mentions": [{"id": 807095, "screen_name": "nytimes", "name": "The New York Times", "id_str": "807095"}], "created_at": "Sat Oct 03 02:01:03 +0000 2015", "in_reply_to_status_id": 650128194209730561, "in_reply_to_user_id": 807095, "text": "@nytimes Ain't Grindr grand", "hashtags": [], "lang": "en", "in_reply_to_screen_name": "nytimes", "favorite_count": 1, "source": "<a href=\"http://twitter.com\" rel=\"nofollow\">Twitter Web Client</a>"}