{"id": 650953491888893952, "id_str": "650953491888893952", "urls": [], "user": {"profile_text_color": "333333", "id_str": "3195261238", "favourites_count": 218, "profile_sidebar_border_color": "C0DEED", "name": "Andrew Hardingham", "profile_image_url_https": "https://pbs.twimg.com/profile_images/590912811703873537/moj9MWVo_normal.jpg", "created_at": "Wed Apr 22 16:11:44 +0000 2015", "screen_name": "AndrewHardingh1", "default_profile": true, "followers_count": 48, "description": "cricket nut all opinions my own", "lang": "en", "statuses_count": 3628, "profile_sidebar_fill_color": "DDEEF6", "profile_background_image_url": "http://abs.twimg.com/images/themes/theme1/bg.png", "listed_count": 2, "profile_banner_url": "https://pbs.twimg.com/profile_banners/3195261238/1429719567", "profile_background_color": "C0DEED", "id": 3195261238, "friends_count": 145, "profile_image_url": "http://pbs.twimg.com/profile_images/590912811703873537/moj9MWVo_normal.jpg", "profile_use_background_image": true, "profile_background_image_url_https": "https://abs.twimg.com/images/themes/theme1/bg.png", "profile_link_color": "1DA1F2"}, "user_mentions": [{"id": 18668407, "screen_name": "thedailymash", "name": "The Daily Mash", "id_str": "18668407"}, {"id": 355063388, "screen_name": "TheCricketGeek", "name": "Peter Miller", "id_str": "355063388"}], "created_at": "Mon Oct 05 08:39:41 +0000 2015", "in_reply_to_status_id": 650952376954650629, "in_reply_to_user_id": 18668407, "text": "@thedailymash @TheCricketGeek lady in my local shop this morning moaning about it.Its only 5 p for f**ks sake", "hashtags": [], "lang": "en", "in_reply_to_screen_name": "thedailymash", "source": "<a href=\"http://twitter.com/#!/download/ipad\" rel=\"nofollow\">Twitter for iPad</a>"}