{"id": 650983838336860160, "id_str": "650983838336860160", "urls": [], "user": {"id_str": "18725068", "location": "UK", "favourites_count": 238, "profile_sidebar_border_color": "C0DEED", "name": "amensteppa", "profile_image_url_https": "https://pbs.twimg.com/profile_images/2145539658/eae9148d-59ae-49c2-b8c4-2f876e14000a_normal.png", "profile_link_color": "0084B4", "screen_name": "amensteppa", "followers_count": 56, "listed_count": 1, "description": "Vaguely human. Any disagreeable opinions expressed are those of my employer.", "created_at": "Wed Jan 07 15:37:57 +0000 2009", "lang": "en", "profile_background_tile": true, "profile_sidebar_fill_color": "DDEEF6", "profile_background_image_url": "http://abs.twimg.com/images/themes/theme1/bg.png", "profile_text_color": "333333", "profile_banner_url": "https://pbs.twimg.com/profile_banners/18725068/1440346386", "profile_background_color": "C0DEED", "id": 18725068, "friends_count": 277, "profile_image_url": "http://pbs.twimg.com/profile_images/2145539658/eae9148d-59ae-49c2-b8c4-2f876e14000a_normal.png", "profile_use_background_image": true, "profile_background_image_url_https": "https://abs.twimg.com/images/themes/theme1/bg.png", "statuses_count": 3841}, "user_mentions": [{"id": 22084427, "screen_name": "robdelaney", "name": "rob delaney", "id_str": "22084427"}], "created_at": "Mon Oct 05 10:40:16 +0000 2015", "in_reply_to_status_id": 650975967146602496, "in_reply_to_user_id": 22084427, "text": "@robdelaney just another low blow for the autoerotic asphyxiation community. They love a bit of that.", "hashtags": [], "lang": "en", "in_reply_to_screen_name": "robdelaney", "source": "<a href=\"http://klinkerapps.com\" rel=\"nofollow\">Talon Plus</a>"}