{"id": 650988330113454080, "id_str": "650988330113454080", "urls": [], "user": {"id_str": "155354125", "url": "https://t.co/F07Te46z6C", "favourites_count": 48552, "profile_sidebar_border_color": "181A1E", "name": "\ud83c\udde9\ud83c\uddf0Some call me...Pru", "profile_image_url_https": "https://pbs.twimg.com/profile_images/968999832135393280/Q_6YMje1_normal.jpg", "created_at": "Sun Jun 13 22:40:27 +0000 2010", "screen_name": "PruPruh", "followers_count": 676, "listed_count": 23, "description": "Scandinavian Queen of Melodrama. Procrastinatress.\r\nSelf-proclaimed Miss Hissyfit of the Universe 1978 through 2016. Rpg MtG Bellydancer She/her", "lang": "en", "statuses_count": 14316, "profile_sidebar_fill_color": "252429", "location": "Denmark", "profile_background_image_url": "http://abs.twimg.com/images/themes/theme9/bg.gif", "profile_text_color": "666666", "profile_banner_url": "https://pbs.twimg.com/profile_banners/155354125/1380222644", "profile_background_color": "1A1B1F", "id": 155354125, "friends_count": 1203, "profile_image_url": "http://pbs.twimg.com/profile_images/968999832135393280/Q_6YMje1_normal.jpg", "profile_use_background_image": true, "profile_background_image_url_https": "https://abs.twimg.com/images/themes/theme9/bg.gif", "profile_link_color": "2FC2EF"}, "user_mentions": [{"id": 1747646089, "screen_name": "krisjacob89", "name": "Kris Jacob", "id_str": "1747646089"}, {"id": 22084427, "screen_name": "robdelaney", "name": "rob delaney", "id_str": "22084427"}], "created_at": "Mon Oct 05 10:58:07 +0000 2015", "in_reply_to_status_id": 650982564224700416, "in_reply_to_user_id": 1747646089, "text": "@krisjacob89 @robdelaney Heh. We Danes have had that for at least a decade too. Brief twisting of undies at first. Then just less waste.", "hashtags": [], "lang": "en", "in_reply_to_screen_name": "krisjacob89", "source": "<a href=\"http://twitter.com/download/android\" rel=\"nofollow\">Twitter for Android</a>"}