{"id": 651041697573421057, "id_str": "651041697573421057", "urls": [], "user": {"geo_enabled": true, "location": "Oakland, CA", "favourites_count": 13695, "profile_sidebar_border_color": "C0DEED", "name": "Mike Winstanley", "profile_image_url_https": "https://pbs.twimg.com/profile_images/862571841444958208/QrI900Uy_normal.jpg", "created_at": "Thu Oct 08 03:22:06 +0000 2009", "screen_name": "Shaqapopolis", "default_profile": true, "followers_count": 70, "listed_count": 27, "description": "Padre fan first. Baseball fan second. Go Padres. Go A's. San Diego has the best Mexican food (outside of Mexico of course).", "id_str": "80753920", "lang": "en", "statuses_count": 7650, "profile_sidebar_fill_color": "DDEEF6", "profile_background_image_url": "http://abs.twimg.com/images/themes/theme1/bg.png", "profile_text_color": "333333", "profile_banner_url": "https://pbs.twimg.com/profile_banners/80753920/1375406308", "profile_background_color": "C0DEED", "id": 80753920, "friends_count": 194, "profile_image_url": "http://pbs.twimg.com/profile_images/862571841444958208/QrI900Uy_normal.jpg", "profile_use_background_image": true, "profile_background_image_url_https": "https://abs.twimg.com/images/themes/theme1/bg.png", "profile_link_color": "1DA1F2"}, "user_mentions": [{"id": 22084427, "screen_name": "robdelaney", "name": "rob delaney", "id_str": "22084427"}], "in_reply_to_screen_name": "robdelaney", "created_at": "Mon Oct 05 14:30:11 +0000 2015", "in_reply_to_status_id": 650975967146602496, "in_reply_to_user_id": 22084427, "text": "@robdelaney it's chaos here, send diapers! http://t.co/ddetrykLyA", "hashtags": [], "lang": "en", "media": [{"id": 651041694654136320, "display_url": "pic.twitter.com/ddetrykLyA", "expanded_url": "https://twitter.com/Shaqapopolis/status/651041697573421057/photo/1", "url": "http://t.co/ddetrykLyA", "media_url": "http://pbs.twimg.com/media/CQj2-M_UAAANcrQ.jpg", "type": "photo", "media_url_https": "https://pbs.twimg.com/media/CQj2-M_UAAANcrQ.jpg", "sizes": {"small": {"w": 634, "resize": "fit", "h": 429}, "large": {"w": 634, "resize": "fit", "h": 429}, "medium": {"w": 634, "resize": "fit", "h": 429}, "thumb": {"w": 150, "resize": "crop", "h": 150}}}], "source": "<a href=\"http://twitter.com/download/iphone\" rel=\"nofollow\">Twitter for iPhone</a>"}