{"id": 651432330028933120, "id_str": "651432330028933120", "urls": [], "user": {"geo_enabled": true, "favourites_count": 7016, "profile_sidebar_border_color": "000000", "name": "Kakoli Bandyopadhyay", "profile_image_url_https": "https://pbs.twimg.com/profile_images/666675798850465792/jyGQBj29_normal.jpg", "created_at": "Mon Nov 18 06:31:15 +0000 2013", "screen_name": "Kakolimrini", "followers_count": 88, "listed_count": 9, "description": "Chenashonar kon baire jekhane path nai nai rey,  amar Swapno ghire nache matal jutey -:)", "id_str": "2200772010", "lang": "en", "statuses_count": 19778, "profile_sidebar_fill_color": "000000", "profile_background_image_url": "http://abs.twimg.com/images/themes/theme1/bg.png", "profile_text_color": "000000", "profile_banner_url": "https://pbs.twimg.com/profile_banners/2200772010/1432230280", "profile_background_color": "000000", "id": 2200772010, "friends_count": 69, "profile_image_url": "http://pbs.twimg.com/profile_images/666675798850465792/jyGQBj29_normal.jpg", "profile_background_image_url_https": "https://abs.twimg.com/images/themes/theme1/bg.png", "profile_link_color": "0084B4"}, "user_mentions": [{"id": 30973, "screen_name": "Starbucks", "name": "Starbucks Coffee", "id_str": "30973"}, {"id": 822215673812119553, "screen_name": "WhiteHouse", "name": "The White House", "id_str": "822215673812119553"}, {"id": 30973, "screen_name": "Starbucks", "name": "Starbucks Coffee", "id_str": "30973"}], "created_at": "Tue Oct 06 16:22:25 +0000 2015", "in_reply_to_status_id": 651402689352351744, "in_reply_to_user_id": 30973, "text": "@Starbucks @WhiteHouse Better you @Starbucks help people by paying your adequate share of tax.", "hashtags": [], "lang": "en", "in_reply_to_screen_name": "Starbucks", "favorite_count": 1, "source": "<a href=\"http://twitter.com\" rel=\"nofollow\">Twitter Web Client</a>"}