{"id": 651995814898720768, "id_str": "651995814898720768", "urls": [], "user": {"geo_enabled": true, "url": "https://t.co/frLp6ryRgG", "favourites_count": 63211, "profile_sidebar_border_color": "000000", "name": "\ud83c\udf0e\ud83c\udf19\u2604\ufe0f", "profile_image_url_https": "https://pbs.twimg.com/profile_images/1019132285105332225/6hre9Zl__normal.jpg", "created_at": "Sat Jan 11 21:22:37 +0000 2014", "screen_name": "Acidsbomb", "followers_count": 1257, "listed_count": 12, "description": "who cares?", "id_str": "2287194134", "lang": "en", "statuses_count": 31765, "profile_sidebar_fill_color": "000000", "location": "Compton, CA", "profile_background_image_url": "http://abs.twimg.com/images/themes/theme1/bg.png", "profile_text_color": "000000", "profile_banner_url": "https://pbs.twimg.com/profile_banners/2287194134/1537865613", "profile_background_color": "000000", "id": 2287194134, "friends_count": 997, "profile_image_url": "http://pbs.twimg.com/profile_images/1019132285105332225/6hre9Zl__normal.jpg", "profile_background_image_url_https": "https://abs.twimg.com/images/themes/theme1/bg.png", "profile_link_color": "ABB8C2"}, "user_mentions": [{"id": 784467, "screen_name": "complexmag", "name": "...", "id_str": "784467"}], "created_at": "Thu Oct 08 05:41:30 +0000 2015", "in_reply_to_status_id": 651959206287908868, "in_reply_to_user_id": 13049362, "text": "@ComplexMag \ud83d\udd2b\ud83d\udc40 it lit!!", "hashtags": [], "lang": "en", "in_reply_to_screen_name": "Complex", "source": "<a href=\"http://twitter.com/download/iphone\" rel=\"nofollow\">Twitter for iPhone</a>"}