{"id": 652349980070543360, "id_str": "652349980070543360", "urls": [], "user": {"favourites_count": 308, "profile_sidebar_fill_color": "000000", "name": "pietdezwart", "id_str": "3232684035", "listed_count": 6, "profile_background_image_url": "http://abs.twimg.com/images/themes/theme1/bg.png", "profile_text_color": "000000", "profile_sidebar_border_color": "000000", "profile_image_url_https": "https://pbs.twimg.com/profile_images/651673644213518337/_-QC9NPH_normal.jpg", "profile_background_color": "000000", "created_at": "Mon May 04 05:51:36 +0000 2015", "screen_name": "pietdezwart2", "statuses_count": 12055, "followers_count": 85, "friends_count": 278, "profile_image_url": "http://pbs.twimg.com/profile_images/651673644213518337/_-QC9NPH_normal.jpg", "id": 3232684035, "lang": "nl", "profile_background_image_url_https": "https://abs.twimg.com/images/themes/theme1/bg.png", "profile_link_color": "4A913C"}, "user_mentions": [{"id": 854402779879804928, "screen_name": "HuffingtonPost", "name": "HuffPost", "id_str": "854402779879804928"}], "retweet_count": 1, "created_at": "Fri Oct 09 05:08:49 +0000 2015", "in_reply_to_status_id": 652349108653551616, "in_reply_to_user_id": 14511951, "text": "@HuffingtonPost You are not a vegetarian if you eat meat secretly. You're a secret meat eater.", "hashtags": [], "lang": "en", "in_reply_to_screen_name": "HuffPost", "favorite_count": 6, "source": "<a href=\"http://twitter.com\" rel=\"nofollow\">Twitter Web Client</a>"}