{"id": 652479989556887552, "id_str": "652479989556887552", "urls": [], "user": {"geo_enabled": true, "favourites_count": 16051, "profile_sidebar_border_color": "FFFFFF", "name": "J\u2022NIGMA \ud83d\udca7", "profile_image_url_https": "https://pbs.twimg.com/profile_images/1044390965685948416/VT5hriLi_normal.jpg", "created_at": "Mon Apr 25 18:35:23 +0000 2011", "screen_name": "afyouknow", "followers_count": 545, "listed_count": 4, "id_str": "287811124", "lang": "en", "statuses_count": 21339, "profile_background_tile": true, "profile_sidebar_fill_color": "DDEEF6", "profile_background_image_url": "http://abs.twimg.com/images/themes/theme15/bg.png", "profile_text_color": "333333", "profile_banner_url": "https://pbs.twimg.com/profile_banners/287811124/1440462638", "profile_background_color": "298AAD", "id": 287811124, "friends_count": 1642, "profile_image_url": "http://pbs.twimg.com/profile_images/1044390965685948416/VT5hriLi_normal.jpg", "profile_use_background_image": true, "profile_background_image_url_https": "https://abs.twimg.com/images/themes/theme15/bg.png", "profile_link_color": "187394"}, "user_mentions": [{"id": 784467, "screen_name": "complexmag", "name": "...", "id_str": "784467"}], "created_at": "Fri Oct 09 13:45:26 +0000 2015", "in_reply_to_status_id": 651959206287908868, "in_reply_to_user_id": 13049362, "text": "@ComplexMag i give him 1 month", "hashtags": [], "lang": "en", "in_reply_to_screen_name": "Complex", "source": "<a href=\"http://twitter.com/download/iphone\" rel=\"nofollow\">Twitter for iPhone</a>"}