{"id": 652893807579566080, "id_str": "652893807579566080", "urls": [], "user": {"geo_enabled": true, "favourites_count": 381, "profile_sidebar_border_color": "000000", "name": "Jihad Marei", "profile_image_url_https": "https://pbs.twimg.com/profile_images/908978301682831361/rXyXE5c9_normal.jpg", "created_at": "Mon Aug 03 18:32:52 +0000 2009", "screen_name": "jihadMarei", "followers_count": 80, "listed_count": 17, "id_str": "62585024", "lang": "en", "statuses_count": 1987, "profile_background_tile": true, "profile_sidebar_fill_color": "FFF7CC", "profile_background_image_url": "http://abs.twimg.com/images/themes/theme12/bg.gif", "profile_text_color": "0C3E53", "profile_banner_url": "https://pbs.twimg.com/profile_banners/62585024/1405160309", "profile_background_color": "4E6B5D", "id": 62585024, "friends_count": 59, "profile_image_url": "http://pbs.twimg.com/profile_images/908978301682831361/rXyXE5c9_normal.jpg", "profile_background_image_url_https": "https://abs.twimg.com/images/themes/theme12/bg.gif", "profile_link_color": "FF0000"}, "user_mentions": [{"id": 759251, "screen_name": "CNN", "name": "CNN", "id_str": "759251"}, {"id": 25073877, "screen_name": "realDonaldTrump", "name": "Donald J. Trump", "id_str": "25073877"}], "created_at": "Sat Oct 10 17:09:48 +0000 2015", "in_reply_to_status_id": 652882609219833856, "in_reply_to_user_id": 759251, "text": "@CNN @realDonaldTrump \nAre you for real!!!\nI can't imagine this #candidate can be a #president for #USA", "hashtags": [{"text": "candidate"}, {"text": "president"}, {"text": "USA"}], "lang": "en", "in_reply_to_screen_name": "CNN", "source": "<a href=\"http://twitter.com/download/android\" rel=\"nofollow\">Twitter for Android</a>"}