{"id": 652987643064483840, "id_str": "652987643064483840", "urls": [], "user": {"geo_enabled": true, "favourites_count": 30400, "profile_sidebar_border_color": "DBE9ED", "name": "ItsAllisonYay", "profile_image_url_https": "https://pbs.twimg.com/profile_images/1048026749307510784/7Y_yxuot_normal.jpg", "created_at": "Wed Apr 08 18:39:04 +0000 2009", "screen_name": "ItsAllisonYay", "followers_count": 386, "listed_count": 5, "id_str": "29784882", "lang": "en", "statuses_count": 5758, "profile_sidebar_fill_color": "E6F6F9", "profile_background_image_url": "http://abs.twimg.com/images/themes/theme17/bg.gif", "profile_text_color": "333333", "profile_banner_url": "https://pbs.twimg.com/profile_banners/29784882/1538704024", "profile_background_color": "DBE9ED", "id": 29784882, "friends_count": 404, "profile_image_url": "http://pbs.twimg.com/profile_images/1048026749307510784/7Y_yxuot_normal.jpg", "profile_use_background_image": true, "profile_background_image_url_https": "https://abs.twimg.com/images/themes/theme17/bg.gif", "profile_link_color": "CC3366"}, "user_mentions": [{"id": 854402779879804928, "screen_name": "HuffingtonPost", "name": "HuffPost", "id_str": "854402779879804928"}], "created_at": "Sat Oct 10 23:22:40 +0000 2015", "in_reply_to_status_id": 652982112870662144, "in_reply_to_user_id": 14511951, "text": "@HuffingtonPost damn that looks good", "hashtags": [], "lang": "en", "in_reply_to_screen_name": "HuffPost", "source": "<a href=\"http://twitter.com/download/iphone\" rel=\"nofollow\">Twitter for iPhone</a>"}