{"id": 653250169752977408, "id_str": "653250169752977408", "urls": [{"expanded_url": "http://cnn.it/1Po9uzk", "url": "http://t.co/CM0Xrs7QXM"}], "user": {"geo_enabled": true, "url": "http://t.co/IaghNW8Xm2", "favourites_count": 1453, "profile_banner_url": "https://pbs.twimg.com/profile_banners/759251/1508752874", "name": "CNN", "profile_image_url_https": "https://pbs.twimg.com/profile_images/508960761826131968/LnvhR8ED_normal.png", "created_at": "Fri Feb 09 00:35:02 +0000 2007", "screen_name": "CNN", "followers_count": 40578972, "listed_count": 135233, "description": "It\u2019s our job to #GoThere & tell the most difficult stories. Join us! For more breaking news updates follow @CNNBRK  & Download our app \ud83d\udcf2https://t.co/Xgo5kjIt8c", "id_str": "759251", "lang": "en", "statuses_count": 206116, "profile_sidebar_fill_color": "EEEEEE", "profile_background_image_url": "http://abs.twimg.com/images/themes/theme1/bg.png", "profile_text_color": "000000", "profile_sidebar_border_color": "000000", "profile_background_color": "323232", "id": 759251, "verified": true, "friends_count": 1115, "profile_image_url": "http://pbs.twimg.com/profile_images/508960761826131968/LnvhR8ED_normal.png", "profile_background_image_url_https": "https://abs.twimg.com/images/themes/theme1/bg.png", "profile_link_color": "004287"}, "source": "<a href=\"http://twitter.com\" rel=\"nofollow\">Twitter Web Client</a>", "user_mentions": [{"id": 1339835893, "screen_name": "HillaryClinton", "name": "Hillary Clinton", "id_str": "1339835893"}, {"id": 216776631, "screen_name": "BernieSanders", "name": "Bernie Sanders", "id_str": "216776631"}], "retweet_count": 148, "created_at": "Sun Oct 11 16:45:51 +0000 2015", "text": ".@HillaryClinton is ahead of @BernieSanders by 19 percentage points, in a new CBS News poll released Sunday.http://t.co/CM0Xrs7QXM", "hashtags": [], "lang": "en", "favorite_count": 166}