{"id": 653382616704397312, "id_str": "653382616704397312", "urls": [], "user": {"id_str": "1948219189", "location": "Arizona, USA", "favourites_count": 60780, "name": "MelRog5", "profile_image_url_https": "https://abs.twimg.com/sticky/default_profile_images/default_profile_normal.png", "created_at": "Wed Oct 09 00:15:04 +0000 2013", "screen_name": "mmrogers004", "default_profile": true, "followers_count": 308, "listed_count": 3, "lang": "en", "statuses_count": 18711, "profile_sidebar_fill_color": "DDEEF6", "default_profile_image": true, "profile_background_image_url": "http://abs.twimg.com/images/themes/theme1/bg.png", "profile_text_color": "333333", "profile_sidebar_border_color": "C0DEED", "profile_background_color": "C0DEED", "id": 1948219189, "friends_count": 230, "profile_image_url": "http://abs.twimg.com/sticky/default_profile_images/default_profile_normal.png", "profile_use_background_image": true, "profile_background_image_url_https": "https://abs.twimg.com/images/themes/theme1/bg.png", "profile_link_color": "1DA1F2"}, "user_mentions": [{"id": 759251, "screen_name": "CNN", "name": "CNN", "id_str": "759251"}, {"id": 1339835893, "screen_name": "HillaryClinton", "name": "Hillary Clinton", "id_str": "1339835893"}, {"id": 216776631, "screen_name": "BernieSanders", "name": "Bernie Sanders", "id_str": "216776631"}], "created_at": "Mon Oct 12 01:32:09 +0000 2015", "in_reply_to_status_id": 653250169752977408, "in_reply_to_user_id": 759251, "text": "@CNN @HillaryClinton @BernieSanders No democrat worth voting for this time", "hashtags": [], "lang": "en", "in_reply_to_screen_name": "CNN", "favorite_count": 1, "source": "<a href=\"http://twitter.com/download/iphone\" rel=\"nofollow\">Twitter for iPhone</a>"}