{"id": 653432327901614080, "id_str": "653432327901614080", "urls": [], "user": {"geo_enabled": true, "location": "Huntington Beach", "favourites_count": 14730, "profile_sidebar_border_color": "EEEEEE", "name": "tristin", "profile_image_url_https": "https://pbs.twimg.com/profile_images/1029224981446574081/PFeZ8XxT_normal.jpg", "created_at": "Mon Jan 14 02:19:09 +0000 2013", "screen_name": "tristprit", "followers_count": 234, "listed_count": 1, "id_str": "1087764690", "lang": "en", "statuses_count": 17357, "profile_sidebar_fill_color": "F6F6F6", "profile_background_image_url": "http://abs.twimg.com/images/themes/theme18/bg.gif", "profile_text_color": "333333", "profile_banner_url": "https://pbs.twimg.com/profile_banners/1087764690/1534221334", "profile_background_color": "ACDED6", "id": 1087764690, "friends_count": 106, "profile_image_url": "http://pbs.twimg.com/profile_images/1029224981446574081/PFeZ8XxT_normal.jpg", "profile_use_background_image": true, "profile_background_image_url_https": "https://abs.twimg.com/images/themes/theme18/bg.gif", "profile_link_color": "038543"}, "user_mentions": [{"id": 725665248280236032, "screen_name": "eonline", "name": "E! Online", "id_str": "725665248280236032"}], "created_at": "Mon Oct 12 04:49:41 +0000 2015", "in_reply_to_status_id": 653432177632387072, "in_reply_to_user_id": 2883841, "text": "@eonline @_maddipritchard Toni lol", "hashtags": [], "lang": "en", "in_reply_to_screen_name": "enews", "source": "<a href=\"http://twitter.com/#!/download/ipad\" rel=\"nofollow\">Twitter for iPad</a>"}