{"id": 655097219364868096, "id_str": "655097219364868096", "urls": [], "user": {"profile_text_color": "333333", "id_str": "1210299270", "favourites_count": 9026, "profile_sidebar_border_color": "C0DEED", "name": "Yama Belle \u24e5", "profile_image_url_https": "https://pbs.twimg.com/profile_images/748953080415354880/m3oPO0Y__normal.jpg", "created_at": "Sat Feb 23 01:46:34 +0000 2013", "screen_name": "yasminawalker", "default_profile": true, "followers_count": 114, "description": "\u24e5egan! Animal Lover! World peace supporter! Food addict! Maroc\u2764\ufe0f", "lang": "en", "statuses_count": 2957, "profile_sidebar_fill_color": "DDEEF6", "profile_background_image_url": "http://abs.twimg.com/images/themes/theme1/bg.png", "listed_count": 14, "profile_banner_url": "https://pbs.twimg.com/profile_banners/1210299270/1466570124", "profile_background_color": "C0DEED", "id": 1210299270, "friends_count": 234, "profile_image_url": "http://pbs.twimg.com/profile_images/748953080415354880/m3oPO0Y__normal.jpg", "profile_use_background_image": true, "profile_background_image_url_https": "https://abs.twimg.com/images/themes/theme1/bg.png", "profile_link_color": "1DA1F2"}, "user_mentions": [{"id": 759251, "screen_name": "CNN", "name": "CNN", "id_str": "759251"}, {"id": 1339835893, "screen_name": "HillaryClinton", "name": "Hillary Clinton", "id_str": "1339835893"}, {"id": 216776631, "screen_name": "BernieSanders", "name": "Bernie Sanders", "id_str": "216776631"}], "in_reply_to_screen_name": "CNN", "created_at": "Fri Oct 16 19:05:22 +0000 2015", "in_reply_to_status_id": 655080266784968705, "in_reply_to_user_id": 759251, "text": "@CNN @HillaryClinton @BernieSanders http://t.co/wgYUtnwwmB", "hashtags": [], "lang": "und", "media": [{"id": 655097214771945472, "display_url": "pic.twitter.com/wgYUtnwwmB", "expanded_url": "https://twitter.com/yasminawalker/status/655097219364868096/photo/1", "url": "http://t.co/wgYUtnwwmB", "media_url": "http://pbs.twimg.com/media/CRdfcivUYAA5YgZ.jpg", "type": "photo", "media_url_https": "https://pbs.twimg.com/media/CRdfcivUYAA5YgZ.jpg", "sizes": {"large": {"w": 556, "resize": "fit", "h": 720}, "small": {"w": 525, "resize": "fit", "h": 680}, "medium": {"w": 556, "resize": "fit", "h": 720}, "thumb": {"w": 150, "resize": "crop", "h": 150}}}], "source": "<a href=\"http://twitter.com/download/iphone\" rel=\"nofollow\">Twitter for iPhone</a>"}