{"id": 655146555465465856, "id_str": "655146555465465856", "urls": [{"expanded_url": "http://sbux.co/AidRefugees", "url": "http://t.co/DGsh5jZv5x"}], "user": {"geo_enabled": true, "url": "https://t.co/Ty9O3crTLk", "favourites_count": 132969, "profile_sidebar_border_color": "000000", "name": "Shelley Foy Robinson", "profile_image_url_https": "https://pbs.twimg.com/profile_images/571312123230175232/g-XTkoUZ_normal.jpeg", "created_at": "Tue Apr 28 10:18:39 +0000 2009", "screen_name": "Writing_Destiny", "followers_count": 2926, "listed_count": 263, "description": "\ud83c\udf99@DeccaRecords @UMG @RCARecords @SimonBooks @ASLNYC @NYCBallet @KenCen \ud83c\uddfa\ud83c\uddf8  \ud83c\uddec\ud83c\udde7  \ud83c\uddeb\ud83c\uddf7@ObamaFoundation @RoyalFamily @EmmanuelMacron\ud83c\udfc5https://t.co/8ND6KVCZMz @Olympics", "id_str": "36033359", "lang": "en", "statuses_count": 92819, "profile_sidebar_fill_color": "6E231A", "location": "\u2764 Renaissance Woman. NYC", "profile_background_image_url": "http://abs.twimg.com/images/themes/theme17/bg.gif", "profile_text_color": "000000", "profile_banner_url": "https://pbs.twimg.com/profile_banners/36033359/1402592082", "profile_background_color": "3B94D9", "id": 36033359, "friends_count": 4999, "profile_image_url": "http://pbs.twimg.com/profile_images/571312123230175232/g-XTkoUZ_normal.jpeg", "profile_use_background_image": true, "profile_background_image_url_https": "https://abs.twimg.com/images/themes/theme17/bg.gif", "profile_link_color": "85360C"}, "user_mentions": [{"id": 30973, "screen_name": "Starbucks", "name": "Starbucks Coffee", "id_str": "30973"}], "created_at": "Fri Oct 16 22:21:25 +0000 2015", "in_reply_to_status_id": 651402689352351744, "in_reply_to_user_id": 30973, "text": "Help the Red Cross provide food, water &amp; cots for refugees across Europe. http://t.co/DGsh5jZv5x  #AidRefugees @Starbucks", "hashtags": [{"text": "AidRefugees"}], "lang": "en", "in_reply_to_screen_name": "Starbucks", "source": "<a href=\"http://twitter.com\" rel=\"nofollow\">Twitter Web Client</a>"}