{"id": 655243193798283264, "id_str": "655243193798283264", "urls": [], "user": {"statuses_count": 8, "profile_sidebar_fill_color": "DDEEF6", "name": "Prem Kerai", "id_str": "3001456900", "favourites_count": 3, "profile_background_image_url": "http://abs.twimg.com/images/themes/theme1/bg.png", "profile_text_color": "333333", "profile_sidebar_border_color": "C0DEED", "profile_image_url_https": "https://pbs.twimg.com/profile_images/560078141277077504/gNhASBvc_normal.png", "profile_background_color": "C0DEED", "created_at": "Tue Jan 27 14:12:49 +0000 2015", "screen_name": "f51c07fd8f4d40c", "default_profile": true, "followers_count": 6, "friends_count": 15, "profile_image_url": "http://pbs.twimg.com/profile_images/560078141277077504/gNhASBvc_normal.png", "id": 3001456900, "profile_use_background_image": true, "lang": "en", "profile_background_image_url_https": "https://abs.twimg.com/images/themes/theme1/bg.png", "profile_link_color": "1DA1F2"}, "user_mentions": [{"id": 759251, "screen_name": "CNN", "name": "CNN", "id_str": "759251"}], "created_at": "Sat Oct 17 04:45:25 +0000 2015", "in_reply_to_status_id": 655080266784968705, "in_reply_to_user_id": 759251, "text": "@CNN @(.v@ooo.  cr", "hashtags": [], "lang": "und", "in_reply_to_screen_name": "CNN", "source": "<a href=\"http://twitter.com/download/android\" rel=\"nofollow\">Twitter for Android</a>"}