{"id": 655826053420732416, "id_str": "655826053420732416", "urls": [], "user": {"geo_enabled": true, "favourites_count": 540, "name": "Mike Harding", "profile_image_url_https": "https://pbs.twimg.com/profile_images/704969777333321728/cV8tCvuE_normal.jpg", "created_at": "Sun Apr 26 18:11:34 +0000 2009", "screen_name": "mikeharding1987", "followers_count": 277, "listed_count": 6, "description": "Future Liverpool manager", "id_str": "35523303", "lang": "en", "statuses_count": 3656, "profile_background_tile": true, "profile_sidebar_fill_color": "252429", "profile_background_image_url": "http://abs.twimg.com/images/themes/theme1/bg.png", "profile_text_color": "666666", "profile_sidebar_border_color": "181A1E", "profile_background_color": "1A1B1F", "id": 35523303, "friends_count": 902, "profile_image_url": "http://pbs.twimg.com/profile_images/704969777333321728/cV8tCvuE_normal.jpg", "profile_use_background_image": true, "profile_background_image_url_https": "https://abs.twimg.com/images/themes/theme1/bg.png", "profile_link_color": "2FC2EF"}, "user_mentions": [{"id": 1011300501386924032, "screen_name": "robboma3", "name": "N1 Cryptocurrency News", "id_str": "1011300501386924032"}], "created_at": "Sun Oct 18 19:21:30 +0000 2015", "in_reply_to_status_id": 655812191233417216, "in_reply_to_user_id": 186569856, "text": "@robboma3 Alan Pardew sitting next to him having a sneaky little look as well", "hashtags": [], "lang": "en", "in_reply_to_screen_name": "robboma24", "favorite_count": 1, "source": "<a href=\"http://twitter.com/download/iphone\" rel=\"nofollow\">Twitter for iPhone</a>"}