{"id": 655818226836852736, "id_str": "655818226836852736", "urls": [], "user": {"geo_enabled": true, "location": "United Kingdom", "favourites_count": 131, "profile_sidebar_border_color": "C0DEED", "name": "Nathan Gardiner", "profile_image_url_https": "https://pbs.twimg.com/profile_images/780120160212488193/gqJ9M8I__normal.jpg", "created_at": "Sat Apr 14 13:53:20 +0000 2012", "screen_name": "NathanDigger", "default_profile": true, "followers_count": 379, "listed_count": 6, "description": "father, husband and trying to make the world fitter by engaging people daily in activity.", "id_str": "553632864", "lang": "en", "statuses_count": 4558, "profile_sidebar_fill_color": "DDEEF6", "profile_background_image_url": "http://abs.twimg.com/images/themes/theme1/bg.png", "profile_text_color": "333333", "profile_banner_url": "https://pbs.twimg.com/profile_banners/553632864/1484512107", "profile_background_color": "C0DEED", "id": 553632864, "friends_count": 684, "profile_image_url": "http://pbs.twimg.com/profile_images/780120160212488193/gqJ9M8I__normal.jpg", "profile_use_background_image": true, "profile_background_image_url_https": "https://abs.twimg.com/images/themes/theme1/bg.png", "profile_link_color": "1DA1F2"}, "user_mentions": [{"id": 2677214379, "screen_name": "randomsillyshit", "name": "Random Silly Shit \ud83d\udd1e", "id_str": "2677214379"}, {"id": 2497732234, "screen_name": "Steviee1976", "name": "Steven Elliott", "id_str": "2497732234"}], "created_at": "Sun Oct 18 18:50:24 +0000 2015", "in_reply_to_status_id": 655815788675399680, "in_reply_to_user_id": 2677214379, "text": "@randomsillyshit @Steviee1976 you still got those sandals Bob", "hashtags": [], "lang": "en", "place": {"id": "79572d0725d1a114", "full_name": "Biggleswade, England", "url": "https://api.twitter.com/1.1/geo/id/79572d0725d1a114.json", "attributes": {}, "country_code": "GB", "country": "Reino Unido", "name": "Biggleswade", "contained_within": [], "place_type": "city", "bounding_box": {"type": "Polygon", "coordinates": [[[-0.271026, 52.071991], [-0.2321573, 52.071991], [-0.2321573, 52.0983196], [-0.271026, 52.0983196]]]}}, "in_reply_to_screen_name": "randomsillyshit", "source": "<a href=\"http://twitter.com/download/iphone\" rel=\"nofollow\">Twitter for iPhone</a>"}