{"id": 655817028868116480, "id_str": "655817028868116480", "urls": [], "user": {"geo_enabled": true, "location": "Seaham, England", "favourites_count": 10779, "profile_sidebar_border_color": "C0DEED", "name": "Tim Ward", "profile_image_url_https": "https://pbs.twimg.com/profile_images/1000348521529307136/w3LqQpu9_normal.jpg", "created_at": "Mon Feb 09 23:13:24 +0000 2009", "screen_name": "timmyward", "default_profile": true, "followers_count": 551, "listed_count": 21, "description": "Sunderland AFC \ud83c\uddf5\ud83c\uddea Sting \ud83d\udc1d a-ha \ud83d\udc99", "id_str": "20476653", "lang": "en", "statuses_count": 10021, "profile_sidebar_fill_color": "DDEEF6", "profile_background_image_url": "http://abs.twimg.com/images/themes/theme1/bg.png", "profile_text_color": "333333", "profile_banner_url": "https://pbs.twimg.com/profile_banners/20476653/1533673804", "profile_background_color": "C0DEED", "id": 20476653, "friends_count": 1183, "profile_image_url": "http://pbs.twimg.com/profile_images/1000348521529307136/w3LqQpu9_normal.jpg", "profile_use_background_image": true, "profile_background_image_url_https": "https://abs.twimg.com/images/themes/theme1/bg.png", "profile_link_color": "1DA1F2"}, "user_mentions": [{"id": 1011300501386924032, "screen_name": "robboma3", "name": "N1 Cryptocurrency News", "id_str": "1011300501386924032"}], "created_at": "Sun Oct 18 18:45:38 +0000 2015", "in_reply_to_status_id": 655812191233417216, "in_reply_to_user_id": 186569856, "text": "@robboma3 yet another stolen tweet.", "hashtags": [], "lang": "en", "place": {"id": "6416b8512febefc9", "full_name": "Reino Unido", "url": "https://api.twitter.com/1.1/geo/id/6416b8512febefc9.json", "attributes": {}, "country_code": "GB", "country": "Reino Unido", "name": "Reino Unido", "contained_within": [], "place_type": "country", "bounding_box": {"type": "Polygon", "coordinates": [[[-8.662663, 49.1626564], [1.768926, 49.1626564], [1.768926, 60.86165], [-8.662663, 60.86165]]]}}, "in_reply_to_screen_name": "robboma24", "favorite_count": 5, "source": "<a href=\"http://twitter.com/download/iphone\" rel=\"nofollow\">Twitter for iPhone</a>"}