{"id": 655817605429743616, "id_str": "655817605429743616", "urls": [], "user": {"geo_enabled": true, "location": "chesterfield", "favourites_count": 1110, "profile_sidebar_border_color": "65B0DA", "name": "scotty dog", "profile_image_url_https": "https://pbs.twimg.com/profile_images/995381196132675589/NEnlJX0f_normal.jpg", "created_at": "Wed Jun 10 19:53:13 +0000 2009", "screen_name": "scottie1984", "followers_count": 387, "listed_count": 2, "description": "From town. Support town. Love house and techno music.", "id_str": "46207411", "lang": "en", "statuses_count": 5579, "profile_background_tile": true, "profile_sidebar_fill_color": "7AC3EE", "profile_background_image_url": "http://abs.twimg.com/images/themes/theme10/bg.gif", "profile_text_color": "3D1957", "profile_banner_url": "https://pbs.twimg.com/profile_banners/46207411/1403362011", "profile_background_color": "642D8B", "id": 46207411, "friends_count": 954, "profile_image_url": "http://pbs.twimg.com/profile_images/995381196132675589/NEnlJX0f_normal.jpg", "profile_use_background_image": true, "profile_background_image_url_https": "https://abs.twimg.com/images/themes/theme10/bg.gif", "profile_link_color": "FF0000"}, "user_mentions": [{"id": 20476653, "screen_name": "timmyward", "name": "Tim Ward", "id_str": "20476653"}], "created_at": "Sun Oct 18 18:47:56 +0000 2015", "in_reply_to_status_id": 655817028868116480, "in_reply_to_user_id": 20476653, "text": "@timmyward everything he posts.", "hashtags": [], "lang": "en", "in_reply_to_screen_name": "timmyward", "favorite_count": 2, "source": "<a href=\"http://twitter.com/download/iphone\" rel=\"nofollow\">Twitter for iPhone</a>"}