{"id": 656067844795297792, "id_str": "656067844795297792", "urls": [{"expanded_url": "http://xampfeed.com/intresting/non-humans-drove-giant-cars-on-earth-millions-of-years-ago/", "url": "http://t.co/sRquXfrnSy"}], "user": {"id_str": "3867340404", "favourites_count": 1881, "profile_sidebar_border_color": "C0DEED", "name": "VampHunter", "profile_image_url_https": "https://pbs.twimg.com/profile_images/661144793578246144/KQyA4Dhv_normal.jpg", "created_at": "Mon Oct 12 07:59:26 +0000 2015", "screen_name": "SnipperJack", "default_profile": true, "followers_count": 20, "lang": "en", "statuses_count": 3589, "profile_sidebar_fill_color": "DDEEF6", "profile_background_image_url": "http://abs.twimg.com/images/themes/theme1/bg.png", "profile_text_color": "333333", "profile_banner_url": "https://pbs.twimg.com/profile_banners/3867340404/1446552752", "profile_background_color": "C0DEED", "id": 3867340404, "friends_count": 110, "profile_image_url": "http://pbs.twimg.com/profile_images/661144793578246144/KQyA4Dhv_normal.jpg", "profile_use_background_image": true, "profile_background_image_url_https": "https://abs.twimg.com/images/themes/theme1/bg.png", "profile_link_color": "1DA1F2"}, "user_mentions": [{"id": 428333, "screen_name": "cnnbrk", "name": "CNN Breaking News", "id_str": "428333"}], "created_at": "Mon Oct 19 11:22:18 +0000 2015", "in_reply_to_status_id": 656047932093763584, "in_reply_to_user_id": 428333, "text": "@cnnbrk Non-humans drove giant Cars on Earth millions of years ago\nhttp://t.co/sRquXfrnSy", "hashtags": [], "lang": "en", "in_reply_to_screen_name": "cnnbrk", "source": "<a href=\"http://twitter.com\" rel=\"nofollow\">Twitter Web Client</a>"}