{"id": 656447086976749569, "id_str": "656447086976749569", "urls": [], "user": {"geo_enabled": true, "url": "https://t.co/hEQ1uXRbYO", "favourites_count": 795, "profile_sidebar_border_color": "C0DEED", "name": "juntosparasiempre #FBSI", "profile_image_url_https": "https://pbs.twimg.com/profile_images/921114624271020032/zRmQ2IOw_normal.jpg", "created_at": "Fri Oct 21 12:59:37 +0000 2011", "screen_name": "captaincorri", "default_profile": true, "followers_count": 381, "listed_count": 1, "description": "#Yes #ScotRef. All my own views/opinions", "id_str": "395293655", "lang": "en", "statuses_count": 8215, "profile_sidebar_fill_color": "DDEEF6", "location": "Scotland. Heart in Cataluyna", "profile_background_image_url": "http://abs.twimg.com/images/themes/theme1/bg.png", "profile_text_color": "333333", "profile_banner_url": "https://pbs.twimg.com/profile_banners/395293655/1519472058", "profile_background_color": "C0DEED", "id": 395293655, "friends_count": 616, "profile_image_url": "http://pbs.twimg.com/profile_images/921114624271020032/zRmQ2IOw_normal.jpg", "profile_use_background_image": true, "profile_background_image_url_https": "https://abs.twimg.com/images/themes/theme1/bg.png", "profile_link_color": "1DA1F2"}, "user_mentions": [{"id": 597424425, "screen_name": "Cilvrnum", "name": "JanetM", "id_str": "597424425"}, {"id": 243628984, "screen_name": "RichardLochhead", "name": "Richard Lochhead", "id_str": "243628984"}, {"id": 236786367, "screen_name": "AlexSalmond", "name": "Alex Salmond", "id_str": "236786367"}, {"id": 271986064, "screen_name": "Tesco", "name": "Tesco", "id_str": "271986064"}], "created_at": "Tue Oct 20 12:29:16 +0000 2015", "in_reply_to_status_id": 656437383131480064, "in_reply_to_user_id": 597424425, "text": "@Cilvrnum @RichardLochhead @AlexSalmond not so sure, in @tesco an hour ago, the staff didnt even know what charties benefit from 5p charge.", "hashtags": [], "lang": "en", "in_reply_to_screen_name": "Cilvrnum", "source": "<a href=\"http://twitter.com/download/android\" rel=\"nofollow\">Twitter for Android</a>"}