{"id": 656852743491944448, "id_str": "656852743491944448", "urls": [{"expanded_url": "http://www.cbc.ca/news/canada/montreal/montrealer-sets-world-record-for-farthest-flight-by-hoverboard-1.3085052", "url": "https://t.co/Np51L1mLN7"}], "user": {"geo_enabled": true, "location": "Montreal", "favourites_count": 2847, "name": "Susan McKenzie", "profile_image_url_https": "https://pbs.twimg.com/profile_images/633651000117719040/guLlaW7P_normal.jpg", "created_at": "Wed Jul 04 12:16:48 +0000 2012", "screen_name": "SusanAMcK", "followers_count": 375, "listed_count": 7, "description": "I know a little bit about a lot of things but not a lot about many things. CBC Radio producer in Montreal. The views are my own. So is the red hair.", "id_str": "626493687", "lang": "en", "statuses_count": 9471, "profile_sidebar_fill_color": "DDEEF6", "profile_background_image_url": "http://abs.twimg.com/images/themes/theme1/bg.png", "profile_text_color": "333333", "profile_sidebar_border_color": "FFFFFF", "profile_background_color": "C0DEED", "id": 626493687, "friends_count": 547, "profile_image_url": "http://pbs.twimg.com/profile_images/633651000117719040/guLlaW7P_normal.jpg", "profile_background_image_url_https": "https://abs.twimg.com/images/themes/theme1/bg.png", "profile_link_color": "0084B4"}, "user_mentions": [{"id": 13784322, "screen_name": "waitwait", "name": "waitwait", "id_str": "13784322"}], "created_at": "Wed Oct 21 15:21:12 +0000 2015", "in_reply_to_status_id": 656848877463560192, "in_reply_to_user_id": 13784322, "text": "@waitwait Read it and weep. 250 metres. https://t.co/Np51L1mLN7", "hashtags": [], "lang": "en", "in_reply_to_screen_name": "waitwait", "source": "<a href=\"http://twitter.com\" rel=\"nofollow\">Twitter Web Client</a>"}