{"id": 661120256732041216, "id_str": "661120256732041216", "urls": [], "user": {"id_str": "427772531", "url": "https://t.co/3tEswjCD8l", "favourites_count": 1334, "profile_sidebar_border_color": "FFFFFF", "name": "The Crypto Rebbe", "profile_image_url_https": "https://pbs.twimg.com/profile_images/1034297696893333504/_DKpY95E_normal.jpg", "created_at": "Sat Dec 03 23:30:14 +0000 2011", "screen_name": "CryptoRebbe", "followers_count": 7785, "listed_count": 183, "description": "The Talmud tells us... price follows hashrate.", "lang": "en", "statuses_count": 7693, "profile_sidebar_fill_color": "EFEFEF", "location": "Brooklyn, NY", "profile_background_image_url": "http://abs.twimg.com/images/themes/theme14/bg.gif", "profile_text_color": "333333", "profile_banner_url": "https://pbs.twimg.com/profile_banners/427772531/1535430960", "profile_background_color": "131516", "id": 427772531, "friends_count": 4827, "profile_image_url": "http://pbs.twimg.com/profile_images/1034297696893333504/_DKpY95E_normal.jpg", "profile_use_background_image": true, "profile_background_image_url_https": "https://abs.twimg.com/images/themes/theme14/bg.gif", "profile_link_color": "009999"}, "user_mentions": [], "retweet_count": 170, "created_at": "Mon Nov 02 09:58:46 +0000 2015", "text": "Breaking news here Oooof #hoodsoff #opkkk #anonops #anonymous #anonfamily #kkk #racism https://t.co/55ETlhKrnq", "hashtags": [{"text": "hoodsoff"}, {"text": "opkkk"}, {"text": "anonops"}, {"text": "anonymous"}, {"text": "anonfamily"}, {"text": "kkk"}, {"text": "racism"}], "lang": "en", "media": [{"id": 661120248146296832, "display_url": "pic.twitter.com/55ETlhKrnq", "expanded_url": "https://twitter.com/GreenParty_LA/status/661120256732041216/photo/1", "url": "https://t.co/55ETlhKrnq", "media_url": "http://pbs.twimg.com/media/CSzFXOiUAAAE0Ig.jpg", "type": "photo", "media_url_https": "https://pbs.twimg.com/media/CSzFXOiUAAAE0Ig.jpg", "sizes": {"small": {"w": 680, "resize": "fit", "h": 512}, "large": {"w": 1080, "resize": "fit", "h": 813}, "medium": {"w": 1080, "resize": "fit", "h": 813}, "thumb": {"w": 150, "resize": "crop", "h": 150}}}], "favorite_count": 74, "source": "<a href=\"http://twitter.com/download/android\" rel=\"nofollow\">Twitter for Android</a>"}