{"id": 661242828828184576, "id_str": "661242828828184576", "urls": [], "user": {"geo_enabled": true, "location": "ATL", "favourites_count": 12073, "profile_sidebar_border_color": "87BC44", "name": "Blorenzo", "profile_image_url_https": "https://pbs.twimg.com/profile_images/964518334803992577/PzmglGbk_normal.jpg", "created_at": "Fri Jul 18 23:31:53 +0000 2008", "screen_name": "blorenzo", "followers_count": 273, "listed_count": 17, "description": "memento quia mortalis", "id_str": "15487846", "lang": "en", "statuses_count": 19923, "profile_sidebar_fill_color": "E0FF92", "profile_background_image_url": "http://abs.twimg.com/images/themes/theme1/bg.png", "profile_text_color": "000000", "profile_banner_url": "https://pbs.twimg.com/profile_banners/15487846/1428001275", "profile_background_color": "9AE4E8", "id": 15487846, "friends_count": 509, "profile_image_url": "http://pbs.twimg.com/profile_images/964518334803992577/PzmglGbk_normal.jpg", "profile_use_background_image": true, "profile_background_image_url_https": "https://abs.twimg.com/images/themes/theme1/bg.png", "profile_link_color": "0000FF"}, "user_mentions": [{"id": 16041234, "screen_name": "RawStory", "name": "Raw Story", "id_str": "16041234"}], "created_at": "Mon Nov 02 18:05:50 +0000 2015", "in_reply_to_status_id": 661229627734667264, "in_reply_to_user_id": 16041234, "text": "@RawStory This is where everything starts going downhill fast!", "hashtags": [], "lang": "en", "in_reply_to_screen_name": "RawStory", "source": "<a href=\"http://twitter.com\" rel=\"nofollow\">Twitter Web Client</a>"}