{"id": 661423480626282496, "id_str": "661423480626282496", "urls": [], "user": {"geo_enabled": true, "favourites_count": 32537, "profile_sidebar_border_color": "FFFFFF", "name": "Mitch", "profile_image_url_https": "https://pbs.twimg.com/profile_images/1011332665138556929/ihjjzsgH_normal.jpg", "created_at": "Mon Jun 24 02:42:42 +0000 2013", "screen_name": "_Michelle_leigh", "followers_count": 424, "listed_count": 1, "description": "I hope the rest of your day is cool beans \u2649\ufe0f -Ron Swanson, OG\u2764\ufe0f @jaimeee_villa", "id_str": "1542337574", "lang": "en", "statuses_count": 4599, "profile_background_tile": true, "profile_sidebar_fill_color": "DDEEF6", "profile_background_image_url": "http://abs.twimg.com/images/themes/theme1/bg.png", "profile_text_color": "333333", "profile_banner_url": "https://pbs.twimg.com/profile_banners/1542337574/1538402951", "profile_background_color": "ACDED6", "id": 1542337574, "friends_count": 455, "profile_image_url": "http://pbs.twimg.com/profile_images/1011332665138556929/ihjjzsgH_normal.jpg", "profile_use_background_image": true, "profile_background_image_url_https": "https://abs.twimg.com/images/themes/theme1/bg.png", "profile_link_color": "038543"}, "user_mentions": [{"id": 2319494544, "screen_name": "WorstFact", "name": "Sarcasm", "id_str": "2319494544"}, {"id": 1961745672, "screen_name": "hickster009", "name": "kayla hickey\u264d\ufe0f", "id_str": "1961745672"}], "created_at": "Tue Nov 03 06:03:41 +0000 2015", "in_reply_to_status_id": 640644123339431936, "in_reply_to_user_id": 2319494544, "text": "@WorstFact @hickster009", "hashtags": [], "lang": "und", "in_reply_to_screen_name": "WorstFact", "source": "<a href=\"http://twitter.com/download/iphone\" rel=\"nofollow\">Twitter for iPhone</a>"}