{"id": 662157149703802880, "id_str": "662157149703802880", "urls": [], "user": {"profile_text_color": "333333", "id_str": "452137093", "url": "https://t.co/btH8J7LozX", "favourites_count": 20363, "profile_sidebar_border_color": "C0DEED", "name": "gab.ai/ForceMajeure", "profile_image_url_https": "https://pbs.twimg.com/profile_images/996916188595699712/DfQY1OfO_normal.jpg", "created_at": "Sun Jan 01 13:22:33 +0000 2012", "screen_name": "8675309eieine", "default_profile": true, "followers_count": 314, "lang": "en", "statuses_count": 11283, "profile_sidebar_fill_color": "DDEEF6", "profile_background_image_url": "http://abs.twimg.com/images/themes/theme1/bg.png", "listed_count": 9, "profile_banner_url": "https://pbs.twimg.com/profile_banners/452137093/1476923717", "profile_background_color": "C0DEED", "id": 452137093, "friends_count": 795, "profile_image_url": "http://pbs.twimg.com/profile_images/996916188595699712/DfQY1OfO_normal.jpg", "profile_use_background_image": true, "profile_background_image_url_https": "https://abs.twimg.com/images/themes/theme1/bg.png", "profile_link_color": "1DA1F2"}, "user_mentions": [{"id": 1178700896, "screen_name": "ajam", "name": "Al Jazeera America", "id_str": "1178700896"}], "created_at": "Thu Nov 05 06:39:01 +0000 2015", "in_reply_to_status_id": 662151653462790144, "in_reply_to_user_id": 1178700896, "text": "@ajam They do keep saying that, but their list so far has been quite boring. I want to see Obama's name on the list or it's lies!  LOL!", "hashtags": [], "lang": "en", "in_reply_to_screen_name": "ajam", "source": "<a href=\"http://twitter.com\" rel=\"nofollow\">Twitter Web Client</a>"}