{"id": 662357036437512192, "id_str": "662357036437512192", "urls": [], "user": {"geo_enabled": true, "url": "http://t.co/G8XqdK6ZH5", "favourites_count": 282, "profile_sidebar_border_color": "FFFFFF", "name": "John Yeary", "profile_image_url_https": "https://pbs.twimg.com/profile_images/459394892574101504/H9tX5vYC_normal.jpeg", "created_at": "Sun Mar 02 13:07:26 +0000 2008", "screen_name": "jyeary", "followers_count": 1390, "listed_count": 85, "description": "Principal Software Engineer at Infor Global Solutions. NetBeans Dream Team member, Community Lead for Java Users Groups and Java EE on http://t.co/7a0P7nXjD6", "id_str": "14068582", "lang": "en", "statuses_count": 13154, "profile_background_tile": true, "profile_sidebar_fill_color": "E0FF92", "location": "Greenville, SC", "profile_background_image_url": "http://abs.twimg.com/images/themes/theme1/bg.png", "profile_text_color": "FFFFFF", "profile_banner_url": "https://pbs.twimg.com/profile_banners/14068582/1398363307", "profile_background_color": "000000", "id": 14068582, "friends_count": 456, "profile_image_url": "http://pbs.twimg.com/profile_images/459394892574101504/H9tX5vYC_normal.jpeg", "profile_use_background_image": true, "profile_background_image_url_https": "https://abs.twimg.com/images/themes/theme1/bg.png", "profile_link_color": "0000FF"}, "user_mentions": [{"id": 1178700896, "screen_name": "ajam", "name": "Al Jazeera America", "id_str": "1178700896"}, {"id": 16145438, "screen_name": "reza_rahman", "name": "Reza Rahman", "id_str": "16145438"}], "created_at": "Thu Nov 05 19:53:18 +0000 2015", "in_reply_to_status_id": 662151653462790144, "in_reply_to_user_id": 1178700896, "text": "@ajam @reza_rahman Like I noted about the Ashley Madison hack, you shouldn't be doing anything that you don't want public.", "hashtags": [], "lang": "en", "place": {"id": "50d31ecdad5158be", "full_name": "Greer, SC", "url": "https://api.twitter.com/1.1/geo/id/50d31ecdad5158be.json", "attributes": {}, "country_code": "US", "country": "Estados Unidos", "name": "Greer", "contained_within": [], "place_type": "city", "bounding_box": {"type": "Polygon", "coordinates": [[[-82.34636, 34.84665], [-82.132484, 34.84665], [-82.132484, 35.030719], [-82.34636, 35.030719]]]}}, "in_reply_to_screen_name": "ajam", "source": "<a href=\"http://twitter.com\" rel=\"nofollow\">Twitter Web Client</a>"}