{"id": 662562618993954816, "id_str": "662562618993954816", "urls": [], "user": {"geo_enabled": true, "url": "http://t.co/S6y3pi6aZq", "favourites_count": 547, "profile_sidebar_border_color": "C6E2EE", "name": "Atlee Yarrow", "profile_image_url_https": "https://pbs.twimg.com/profile_images/1944184872/2012-03-12_17.35.50_normal.jpg", "created_at": "Tue Sep 07 20:37:11 +0000 2010", "screen_name": "AtleeYarrow", "followers_count": 2248, "listed_count": 5, "description": "Candidate for Governor of Florida 2014. Local and statewide political activist and consultant.", "id_str": "188055270", "lang": "en", "statuses_count": 3278, "profile_background_tile": true, "profile_sidebar_fill_color": "DAECF4", "location": "Florida", "profile_background_image_url": "http://abs.twimg.com/images/themes/theme2/bg.gif", "profile_text_color": "663B12", "profile_banner_url": "https://pbs.twimg.com/profile_banners/188055270/1439440877", "profile_background_color": "1414DB", "id": 188055270, "friends_count": 216, "profile_image_url": "http://pbs.twimg.com/profile_images/1944184872/2012-03-12_17.35.50_normal.jpg", "profile_use_background_image": true, "profile_background_image_url_https": "https://abs.twimg.com/images/themes/theme2/bg.gif", "profile_link_color": "1F98C7"}, "user_mentions": [{"id": 1178700896, "screen_name": "ajam", "name": "Al Jazeera America", "id_str": "1178700896"}], "in_reply_to_screen_name": "ajam", "created_at": "Fri Nov 06 09:30:12 +0000 2015", "in_reply_to_status_id": 662151653462790144, "in_reply_to_user_id": 1178700896, "text": "@ajam Funny how it is more a list of people they disagree with than actual KKK members. It is a political attack. https://t.co/Lso9T6LHK8", "hashtags": [], "lang": "en", "media": [{"id": 662562618381570048, "display_url": "pic.twitter.com/Lso9T6LHK8", "expanded_url": "https://twitter.com/AtleeYarrow/status/662562618993954816/photo/1", "url": "https://t.co/Lso9T6LHK8", "media_url": "http://pbs.twimg.com/media/CTHlMOYWEAAnLkF.png", "type": "photo", "media_url_https": "https://pbs.twimg.com/media/CTHlMOYWEAAnLkF.png", "sizes": {"small": {"w": 348, "resize": "fit", "h": 617}, "large": {"w": 348, "resize": "fit", "h": 617}, "medium": {"w": 348, "resize": "fit", "h": 617}, "thumb": {"w": 150, "resize": "crop", "h": 150}}}], "source": "<a href=\"http://twitter.com\" rel=\"nofollow\">Twitter Web Client</a>"}