{"id": 663725142758006784, "id_str": "663725142758006784", "urls": [], "user": {"id_str": "2480547117", "favourites_count": 1, "name": "Andrew Mitchell", "profile_image_url_https": "https://abs.twimg.com/sticky/default_profile_images/default_profile_normal.png", "created_at": "Sun Apr 13 04:15:14 +0000 2014", "screen_name": "AnmitcheSu", "default_profile": true, "followers_count": 1, "lang": "en", "statuses_count": 8, "profile_sidebar_fill_color": "DDEEF6", "default_profile_image": true, "profile_background_image_url": "http://abs.twimg.com/images/themes/theme1/bg.png", "profile_text_color": "333333", "profile_sidebar_border_color": "C0DEED", "profile_background_color": "C0DEED", "id": 2480547117, "friends_count": 40, "profile_image_url": "http://abs.twimg.com/sticky/default_profile_images/default_profile_normal.png", "profile_use_background_image": true, "profile_background_image_url_https": "https://abs.twimg.com/images/themes/theme1/bg.png", "profile_link_color": "1DA1F2"}, "user_mentions": [{"id": 972651, "screen_name": "mashable", "name": "Mashable", "id_str": "972651"}], "created_at": "Mon Nov 09 14:29:40 +0000 2015", "in_reply_to_status_id": 663722803489808384, "in_reply_to_user_id": 972651, "text": "@mashable Why are you wasting our time?", "hashtags": [], "lang": "en", "in_reply_to_screen_name": "mashable", "source": "<a href=\"http://twitter.com/download/android\" rel=\"nofollow\">Twitter for Android</a>"}