{"id": 663913483222695937, "id_str": "663913483222695937", "urls": [], "user": {"geo_enabled": true, "url": "https://t.co/gbGFEpHt2f", "favourites_count": 1476, "profile_sidebar_border_color": "000000", "name": "David Ngo", "profile_image_url_https": "https://pbs.twimg.com/profile_images/1038976523087147008/gD_ts473_normal.jpg", "created_at": "Wed Dec 15 05:58:03 +0000 2010", "screen_name": "TheDavidNGO", "followers_count": 58, "description": "Underwear model/Cool guy.", "id_str": "226836404", "lang": "en", "statuses_count": 888, "profile_sidebar_fill_color": "000000", "location": "Vancouver, Canada", "profile_background_image_url": "http://abs.twimg.com/images/themes/theme14/bg.gif", "profile_text_color": "000000", "profile_banner_url": "https://pbs.twimg.com/profile_banners/226836404/1414111339", "profile_background_color": "000000", "id": 226836404, "friends_count": 446, "profile_image_url": "http://pbs.twimg.com/profile_images/1038976523087147008/gD_ts473_normal.jpg", "profile_background_image_url_https": "https://abs.twimg.com/images/themes/theme14/bg.gif", "profile_link_color": "1B95E0"}, "user_mentions": [{"id": 2097571, "screen_name": "cnni", "name": "CNN International", "id_str": "2097571"}], "created_at": "Tue Nov 10 02:58:03 +0000 2015", "in_reply_to_status_id": 663904307113275392, "in_reply_to_user_id": 2097571, "text": "@cnni Geez people are idiots.", "hashtags": [], "lang": "en", "in_reply_to_screen_name": "cnni", "source": "<a href=\"http://twitter.com/download/android\" rel=\"nofollow\">Twitter for Android</a>"}