{"id": 664000310856310784, "id_str": "664000310856310784", "urls": [{"expanded_url": "http://trib.al/6AHrw0t", "url": "https://t.co/Akc47D5yRu"}], "user": {"geo_enabled": true, "url": "https://t.co/jPEji9tZYr", "favourites_count": 13538, "profile_banner_url": "https://pbs.twimg.com/profile_banners/13049362/1537218824", "name": "Complex", "profile_image_url_https": "https://pbs.twimg.com/profile_images/839858358920310785/JVgCbSHx_normal.jpg", "created_at": "Mon Feb 04 14:34:39 +0000 2008", "screen_name": "Complex", "followers_count": 1442539, "listed_count": 9842, "description": "Making Culture Pop. Snapchat: ComplexMag", "id_str": "13049362", "lang": "en", "statuses_count": 308112, "profile_background_tile": true, "profile_sidebar_fill_color": "F2F2F2", "location": "New York", "profile_background_image_url": "http://abs.twimg.com/images/themes/theme1/bg.png", "profile_text_color": "787878", "profile_sidebar_border_color": "FFFFFF", "profile_background_color": "000000", "id": 13049362, "verified": true, "friends_count": 600, "profile_image_url": "http://pbs.twimg.com/profile_images/839858358920310785/JVgCbSHx_normal.jpg", "profile_background_image_url_https": "https://abs.twimg.com/images/themes/theme1/bg.png", "profile_link_color": "FF0000"}, "user_mentions": [], "retweet_count": 335, "created_at": "Tue Nov 10 08:43:05 +0000 2015", "text": "Mysterious creature discovered in California, everyone naturally cries alien: https://t.co/Akc47D5yRu https://t.co/e65VEf2BPn", "hashtags": [], "lang": "en", "media": [{"id": 664000310248099840, "display_url": "pic.twitter.com/e65VEf2BPn", "expanded_url": "https://twitter.com/ComplexMag/status/664000310856310784/photo/1", "url": "https://t.co/e65VEf2BPn", "media_url": "http://pbs.twimg.com/media/CTcAw58WUAAhPvU.jpg", "type": "photo", "media_url_https": "https://pbs.twimg.com/media/CTcAw58WUAAhPvU.jpg", "sizes": {"small": {"w": 507, "resize": "fit", "h": 680}, "large": {"w": 620, "resize": "fit", "h": 831}, "medium": {"w": 620, "resize": "fit", "h": 831}, "thumb": {"w": 150, "resize": "crop", "h": 150}}}], "favorite_count": 362, "source": "<a href=\"http://www.socialflow.com\" rel=\"nofollow\">SocialFlow</a>"}