{"id": 665372805211406336, "id_str": "665372805211406336", "urls": [], "user": {"id_str": "885685639", "location": "Fairbanks, AK", "favourites_count": 226216, "name": "Donald Dennis", "profile_image_url_https": "https://pbs.twimg.com/profile_images/2731503002/51b0a6ce13670c481d9ca094b340a6cf_normal.jpeg", "created_at": "Wed Oct 17 00:53:31 +0000 2012", "screen_name": "DonaldDennis6", "default_profile": true, "followers_count": 1618, "listed_count": 12, "lang": "en", "statuses_count": 10159, "profile_sidebar_fill_color": "DDEEF6", "profile_background_image_url": "http://abs.twimg.com/images/themes/theme1/bg.png", "profile_text_color": "333333", "profile_sidebar_border_color": "C0DEED", "profile_background_color": "C0DEED", "id": 885685639, "friends_count": 357, "profile_image_url": "http://pbs.twimg.com/profile_images/2731503002/51b0a6ce13670c481d9ca094b340a6cf_normal.jpeg", "profile_use_background_image": true, "profile_background_image_url_https": "https://abs.twimg.com/images/themes/theme1/bg.png", "profile_link_color": "1DA1F2"}, "user_mentions": [{"id": 594886554, "screen_name": "TheLastRefuge2", "name": "TheLastRefuge", "id_str": "594886554"}, {"id": 3395964711, "screen_name": "Women4Trump", "name": "Women 4 Trump", "id_str": "3395964711"}], "created_at": "Sat Nov 14 03:36:53 +0000 2015", "in_reply_to_status_id": 665364878287224834, "in_reply_to_user_id": 594886554, "text": "@TheLastRefuge2 @Women4Trump Aabsolutely nutz, period. Give us women, children then send this group to fight for whatever they think right.", "hashtags": [], "lang": "en", "in_reply_to_screen_name": "TheLastRefuge2", "source": "<a href=\"http://twitter.com\" rel=\"nofollow\">Twitter Web Client</a>"}