{"id": 665579589079539712, "id_str": "665579589079539712", "urls": [], "user": {"geo_enabled": true, "location": "Waverly City, OH", "favourites_count": 2068, "name": "jimallen", "profile_image_url_https": "https://pbs.twimg.com/profile_images/440924691700539392/0oW938pr_normal.jpeg", "created_at": "Tue Mar 04 18:56:44 +0000 2014", "screen_name": "jimalle26279141", "default_profile": true, "followers_count": 1204, "listed_count": 6, "description": "rock solid conservative /", "id_str": "2383333961", "lang": "en", "statuses_count": 8530, "profile_sidebar_fill_color": "DDEEF6", "profile_background_image_url": "http://abs.twimg.com/images/themes/theme1/bg.png", "profile_text_color": "333333", "profile_sidebar_border_color": "C0DEED", "profile_background_color": "C0DEED", "id": 2383333961, "friends_count": 1419, "profile_image_url": "http://pbs.twimg.com/profile_images/440924691700539392/0oW938pr_normal.jpeg", "profile_use_background_image": true, "profile_background_image_url_https": "https://abs.twimg.com/images/themes/theme1/bg.png", "profile_link_color": "1DA1F2"}, "user_mentions": [{"id": 43508994, "screen_name": "BAMAPERRY", "name": "Perry", "id_str": "43508994"}, {"id": 3274774916, "screen_name": "Trump_Supporter", "name": "Trump Supporter", "id_str": "3274774916"}], "retweet_count": 1, "created_at": "Sat Nov 14 17:18:34 +0000 2015", "in_reply_to_status_id": 665379967757324288, "in_reply_to_user_id": 43508994, "text": "@BAMAPERRY @Trump_Supporter BHO'S army has arrived in New Orleans &amp; the US to wage war against US citizens . Get ur ammo &amp; guns ready for it", "hashtags": [], "lang": "en", "in_reply_to_screen_name": "BAMAPERRY", "source": "<a href=\"http://twitter.com/download/iphone\" rel=\"nofollow\">Twitter for iPhone</a>"}