{"id": 666051614088777728, "id_str": "666051614088777728", "urls": [], "user": {"geo_enabled": true, "location": "The M-town", "favourites_count": 3328, "profile_sidebar_border_color": "000000", "name": "BoysRBackAgain", "profile_image_url_https": "https://pbs.twimg.com/profile_images/1046133930028556288/znQ39Zhv_normal.jpg", "created_at": "Thu Jun 18 00:51:04 +0000 2009", "screen_name": "Kaliel2000", "followers_count": 378, "listed_count": 23, "description": "From Memphis,the home of the Grindhouse.  I love books/audio books. I also love movies, tv, video games,and am a conservative and a politics and newsjunkie.", "id_str": "48184704", "lang": "en", "statuses_count": 96471, "profile_sidebar_fill_color": "7AC3EE", "profile_background_image_url": "http://abs.twimg.com/images/themes/theme10/bg.gif", "profile_text_color": "3D1957", "profile_banner_url": "https://pbs.twimg.com/profile_banners/48184704/1538252897", "profile_background_color": "9266CC", "id": 48184704, "friends_count": 479, "profile_image_url": "http://pbs.twimg.com/profile_images/1046133930028556288/znQ39Zhv_normal.jpg", "profile_use_background_image": true, "profile_background_image_url_https": "https://abs.twimg.com/images/themes/theme10/bg.gif", "profile_link_color": "9266CC"}, "user_mentions": [{"id": 19417492, "screen_name": "NRO", "name": "National Review", "id_str": "19417492"}], "created_at": "Mon Nov 16 00:34:14 +0000 2015", "in_reply_to_status_id": 666051332504207360, "in_reply_to_user_id": 19417492, "text": "@NRO Should see if he can sue to stop them.", "hashtags": [], "lang": "en", "in_reply_to_screen_name": "NRO", "source": "<a href=\"http://twitter.com\" rel=\"nofollow\">Twitter Web Client</a>"}