{"id": 666062773563080704, "id_str": "666062773563080704", "urls": [{"expanded_url": "http://j.mp/usa2016", "url": "https://t.co/Zs243ONFKZ"}], "user": {"id_str": "334028220", "url": "http://t.co/RmzIZYY2rX", "listed_count": 130, "profile_sidebar_border_color": "C0DEED", "name": "potus2016", "profile_image_url_https": "https://pbs.twimg.com/profile_images/620970340345319424/TxHKr4sX_normal.png", "created_at": "Tue Jul 12 13:29:20 +0000 2011", "screen_name": "potus2016app", "followers_count": 574, "description": "Heartbeat of the 2016 Election", "lang": "en", "statuses_count": 74848, "profile_sidebar_fill_color": "DDEEF6", "profile_background_image_url": "http://abs.twimg.com/images/themes/theme1/bg.png", "profile_text_color": "333333", "profile_banner_url": "https://pbs.twimg.com/profile_banners/334028220/1436886997", "profile_background_color": "022330", "id": 334028220, "friends_count": 21, "profile_image_url": "http://pbs.twimg.com/profile_images/620970340345319424/TxHKr4sX_normal.png", "profile_use_background_image": true, "profile_background_image_url_https": "https://abs.twimg.com/images/themes/theme1/bg.png", "profile_link_color": "0084B4"}, "user_mentions": [{"id": 19417492, "screen_name": "NRO", "name": "National Review", "id_str": "19417492"}], "created_at": "Mon Nov 16 01:18:34 +0000 2015", "in_reply_to_status_id": 666051332504207360, "in_reply_to_user_id": 19417492, "text": "Indeed @NRO, Bobby Jindal ranks 6, advanced 2, among GOP candidates past 1h hyped on Twitter https://t.co/Zs243ONFKZ #gopdebate", "hashtags": [{"text": "gopdebate"}], "lang": "en", "in_reply_to_screen_name": "NRO", "source": "<a href=\"http://www.akamoto.com\" rel=\"nofollow\">eTimbre</a>"}