{"id": 666071159624982528, "id_str": "666071159624982528", "urls": [], "user": {"profile_text_color": "333333", "id_str": "3322663836", "favourites_count": 26, "profile_sidebar_border_color": "C0DEED", "name": "JOHN BRASHEAR", "profile_image_url_https": "https://pbs.twimg.com/profile_images/644402123422236672/pfLZklq__normal.jpg", "created_at": "Fri Aug 21 20:33:18 +0000 2015", "screen_name": "CHIEF_CABIOCH", "default_profile": true, "followers_count": 438, "lang": "en", "statuses_count": 29379, "profile_sidebar_fill_color": "DDEEF6", "profile_background_image_url": "http://abs.twimg.com/images/themes/theme1/bg.png", "listed_count": 17, "profile_banner_url": "https://pbs.twimg.com/profile_banners/3322663836/1442472593", "profile_background_color": "C0DEED", "id": 3322663836, "friends_count": 195, "profile_image_url": "http://pbs.twimg.com/profile_images/644402123422236672/pfLZklq__normal.jpg", "profile_use_background_image": true, "profile_background_image_url_https": "https://abs.twimg.com/images/themes/theme1/bg.png", "profile_link_color": "1DA1F2"}, "user_mentions": [{"id": 14669951, "screen_name": "DRUDGE_REPORT", "name": "DRUDGE REPORT", "id_str": "14669951"}], "created_at": "Mon Nov 16 01:51:54 +0000 2015", "in_reply_to_status_id": 666070802924617728, "in_reply_to_user_id": 14669951, "text": "@DRUDGE_REPORT Put the State Police on All roads leading into Louisiana and CHECK for who these people are, turn them away", "hashtags": [], "lang": "en", "in_reply_to_screen_name": "DRUDGE_REPORT", "source": "<a href=\"http://twitter.com\" rel=\"nofollow\">Twitter Web Client</a>"}