{"id": 666696603982540800, "id_str": "666696603982540800", "urls": [], "user": {"profile_text_color": "333333", "id_str": "1901878226", "favourites_count": 80, "name": "\u0627\u0646\u064a\u0633\u0629", "profile_image_url_https": "https://pbs.twimg.com/profile_images/893870112012476417/g3zJpgxV_normal.jpg", "created_at": "Tue Sep 24 21:43:29 +0000 2013", "screen_name": "anisahussein1", "default_profile": true, "followers_count": 13, "description": "\ud83c\udf93", "lang": "en", "statuses_count": 448, "profile_sidebar_fill_color": "DDEEF6", "profile_background_image_url": "http://abs.twimg.com/images/themes/theme1/bg.png", "listed_count": 1, "profile_sidebar_border_color": "C0DEED", "profile_background_color": "C0DEED", "id": 1901878226, "friends_count": 27, "profile_image_url": "http://pbs.twimg.com/profile_images/893870112012476417/g3zJpgxV_normal.jpg", "profile_use_background_image": true, "profile_background_image_url_https": "https://abs.twimg.com/images/themes/theme1/bg.png", "profile_link_color": "1DA1F2"}, "user_mentions": [{"id": 742143, "screen_name": "BBCWorld", "name": "BBC News (World)", "id_str": "742143"}, {"id": 1562935142, "screen_name": "BBCtrending", "name": "BBC Trending", "id_str": "1562935142"}], "created_at": "Tue Nov 17 19:17:11 +0000 2015", "in_reply_to_status_id": 666633171325353989, "in_reply_to_user_id": 742143, "text": "@BBCWorld @BBCtrending #muslim", "hashtags": [{"text": "muslim"}], "lang": "und", "in_reply_to_screen_name": "BBCWorld", "source": "<a href=\"http://twitter.com/download/android\" rel=\"nofollow\">Twitter for Android</a>"}