{"id": 667526445334327297, "id_str": "667526445334327297", "urls": [], "user": {"geo_enabled": true, "url": "https://t.co/mfWzreSwJP", "favourites_count": 3977, "profile_sidebar_border_color": "FFFFFF", "name": "Liz Lulu", "profile_image_url_https": "https://pbs.twimg.com/profile_images/378800000705720661/29e63ab997cc915156f199d2b7717e82_normal.jpeg", "created_at": "Tue Nov 25 13:58:46 +0000 2008", "screen_name": "liz_lulu_", "followers_count": 16077, "listed_count": 211, "description": "I love to learn & share what I learn. Global Learning Specialist for @Gadventures Travel \u2708\ufe0f Playing bass & guitar makes me happy. https://t.co/hMIZkdbF4D", "id_str": "17619641", "lang": "en", "statuses_count": 4421, "profile_background_tile": true, "profile_sidebar_fill_color": "DDEEF6", "location": "Toronto", "profile_background_image_url": "http://abs.twimg.com/images/themes/theme1/bg.png", "profile_text_color": "333333", "profile_banner_url": "https://pbs.twimg.com/profile_banners/17619641/1400116358", "profile_background_color": "C0DEED", "id": 17619641, "friends_count": 15329, "profile_image_url": "http://pbs.twimg.com/profile_images/378800000705720661/29e63ab997cc915156f199d2b7717e82_normal.jpeg", "profile_use_background_image": true, "profile_background_image_url_https": "https://abs.twimg.com/images/themes/theme1/bg.png", "profile_link_color": "0084B4"}, "user_mentions": [{"id": 416789331, "screen_name": "jeff_mowatt", "name": "Jeff Mowatt", "id_str": "416789331"}, {"id": 14294848, "screen_name": "snopes", "name": "snopes.com", "id_str": "14294848"}], "created_at": "Fri Nov 20 02:14:41 +0000 2015", "in_reply_to_status_id": 667525141858025476, "in_reply_to_user_id": 416789331, "text": "@jeff_mowatt @snopes So sad.", "hashtags": [], "lang": "en", "place": {"id": "3797791ff9c0e4c6", "full_name": "Toronto, Ontario", "url": "https://api.twitter.com/1.1/geo/id/3797791ff9c0e4c6.json", "attributes": {}, "country_code": "CA", "country": "Canad\u00e1", "name": "Toronto", "contained_within": [], "place_type": "city", "bounding_box": {"type": "Polygon", "coordinates": [[[-79.639319, 43.403221], [-78.90582, 43.403221], [-78.90582, 43.855401], [-79.639319, 43.855401]]]}}, "in_reply_to_screen_name": "jeff_mowatt", "source": "<a href=\"http://twitter.com/download/iphone\" rel=\"nofollow\">Twitter for iPhone</a>"}