{"id": 668258013610942464, "id_str": "668258013610942464", "urls": [], "user": {"geo_enabled": true, "location": "Philadelphia, PA", "favourites_count": 6004, "profile_sidebar_border_color": "181A1E", "name": "Danny Quimby \ud83c\udfb8\ud83c\udfa4\ud83c\udfb6", "profile_image_url_https": "https://pbs.twimg.com/profile_images/828262009791774720/x-MAx29c_normal.jpg", "created_at": "Sat May 23 15:06:56 +0000 2009", "screen_name": "DannyQuimby", "followers_count": 335, "listed_count": 25, "description": "Acoustic musician performing 9 decades of music. Available for bars, restaurants, & private parties.", "id_str": "42040231", "lang": "en", "statuses_count": 19439, "profile_sidebar_fill_color": "252429", "profile_background_image_url": "http://abs.twimg.com/images/themes/theme9/bg.gif", "profile_text_color": "666666", "profile_banner_url": "https://pbs.twimg.com/profile_banners/42040231/1491579534", "profile_background_color": "1A1B1F", "id": 42040231, "friends_count": 354, "profile_image_url": "http://pbs.twimg.com/profile_images/828262009791774720/x-MAx29c_normal.jpg", "profile_use_background_image": true, "profile_background_image_url_https": "https://abs.twimg.com/images/themes/theme9/bg.gif", "profile_link_color": "2FC2EF"}, "user_mentions": [{"id": 9763482, "screen_name": "NYDailyNews", "name": "New York Daily News", "id_str": "9763482"}, {"id": 460149509, "screen_name": "DonM409", "name": "Donald McGettigan", "id_str": "460149509"}], "in_reply_to_screen_name": "NYDailyNews", "created_at": "Sun Nov 22 02:41:40 +0000 2015", "in_reply_to_status_id": 668144671772778497, "in_reply_to_user_id": 9763482, "text": "@NYDailyNews @DonM409 https://t.co/C92ocCKZnl", "hashtags": [], "lang": "und", "media": [{"id": 668258008611332096, "display_url": "pic.twitter.com/C92ocCKZnl", "expanded_url": "https://twitter.com/DannyQuimby/status/668258013610942464/photo/1", "url": "https://t.co/C92ocCKZnl", "media_url": "http://pbs.twimg.com/media/CUYhHkWWoAAsiLF.jpg", "type": "photo", "media_url_https": "https://pbs.twimg.com/media/CUYhHkWWoAAsiLF.jpg", "sizes": {"large": {"w": 539, "resize": "fit", "h": 960}, "small": {"w": 382, "resize": "fit", "h": 680}, "medium": {"w": 539, "resize": "fit", "h": 960}, "thumb": {"w": 150, "resize": "crop", "h": 150}}}], "favorite_count": 1, "source": "<a href=\"http://twitter.com/download/iphone\" rel=\"nofollow\">Twitter for iPhone</a>"}