{"id": 669521636287229954, "id_str": "669521636287229954", "urls": [{"expanded_url": "http://ngm.nationalgeographic.com/2015/12/table-of-contents", "url": "https://t.co/PjisqP1YEU"}], "user": {"id_str": "28533588", "location": "Buckinghamshire", "favourites_count": 14, "profile_sidebar_border_color": "EEEEEE", "name": "Ragnar Belial", "profile_image_url_https": "https://pbs.twimg.com/profile_images/876896664262516745/rZvzrv4m_normal.jpg", "profile_link_color": "3B94D9", "screen_name": "RagnarBelial", "followers_count": 1357, "listed_count": 40, "description": "Network engineer, Politically incorrect with dark humour. Anti-theist. Healed vegetarian. Cat owner. I lift heavy things, put them down and then do it again.", "created_at": "Fri Apr 03 09:40:33 +0000 2009", "lang": "en", "profile_background_tile": true, "profile_sidebar_fill_color": "EFEFEF", "profile_background_image_url": "http://abs.twimg.com/images/themes/theme14/bg.gif", "profile_text_color": "333333", "profile_banner_url": "https://pbs.twimg.com/profile_banners/28533588/1405260305", "profile_background_color": "131516", "id": 28533588, "friends_count": 543, "profile_image_url": "http://pbs.twimg.com/profile_images/876896664262516745/rZvzrv4m_normal.jpg", "profile_use_background_image": true, "profile_background_image_url_https": "https://abs.twimg.com/images/themes/theme14/bg.gif", "statuses_count": 47850}, "user_mentions": [{"id": 1598644159, "screen_name": "HistoricalPics", "name": "Historical Pics", "id_str": "1598644159"}, {"id": 29754756, "screen_name": "KatarinaJenko", "name": "Katarina Jenko", "id_str": "29754756"}], "created_at": "Wed Nov 25 14:22:51 +0000 2015", "in_reply_to_status_id": 669259395902152704, "in_reply_to_user_id": 1598644159, "text": "@HistoricalPics this is not true: https://t.co/PjisqP1YEU @KatarinaJenko", "hashtags": [], "lang": "en", "in_reply_to_screen_name": "HistoricalPics", "source": "<a href=\"https://about.twitter.com/products/tweetdeck\" rel=\"nofollow\">TweetDeck</a>"}