{"id": 669679233401245696, "id_str": "669679233401245696", "urls": [], "user": {"geo_enabled": true, "url": "https://t.co/IQbHnDkb41", "favourites_count": 12604, "profile_sidebar_border_color": "000000", "name": "eric hudgens", "profile_image_url_https": "https://pbs.twimg.com/profile_images/898247438225551360/A1gVeVm1_normal.jpg", "created_at": "Fri Aug 31 16:26:38 +0000 2012", "screen_name": "thisrunningdad", "followers_count": 482, "listed_count": 69, "description": "Christian, husband, father, habitual project starter, and not a #runner", "id_str": "794197148", "lang": "en", "statuses_count": 8583, "profile_background_tile": true, "profile_sidebar_fill_color": "EFEFEF", "location": "South Carolina", "profile_background_image_url": "http://abs.twimg.com/images/themes/theme14/bg.gif", "profile_text_color": "333333", "profile_banner_url": "https://pbs.twimg.com/profile_banners/794197148/1505579874", "profile_background_color": "131516", "id": 794197148, "friends_count": 143, "profile_image_url": "http://pbs.twimg.com/profile_images/898247438225551360/A1gVeVm1_normal.jpg", "profile_use_background_image": true, "profile_background_image_url_https": "https://abs.twimg.com/images/themes/theme14/bg.gif", "profile_link_color": "ABB8C2"}, "user_mentions": [{"id": 14294848, "screen_name": "snopes", "name": "snopes.com", "id_str": "14294848"}, {"id": 26516743, "screen_name": "BigKLuv", "name": "Kenny Price", "id_str": "26516743"}], "created_at": "Thu Nov 26 00:49:05 +0000 2015", "in_reply_to_status_id": 669613420665159680, "in_reply_to_user_id": 14294848, "text": "@snopes @BigKLuv scientifically proven", "hashtags": [], "lang": "en", "place": {"id": "6057f1e35bcc6c20", "full_name": "South Carolina, USA", "url": "https://api.twitter.com/1.1/geo/id/6057f1e35bcc6c20.json", "attributes": {}, "country_code": "US", "country": "Estados Unidos", "name": "South Carolina", "contained_within": [], "place_type": "admin", "bounding_box": {"type": "Polygon", "coordinates": [[[-83.353955, 32.04683], [-78.499301, 32.04683], [-78.499301, 35.215449], [-83.353955, 35.215449]]]}}, "in_reply_to_screen_name": "snopes", "source": "<a href=\"http://twitter.com/download/iphone\" rel=\"nofollow\">Twitter for iPhone</a>"}