{"id": 672181316461330432, "id_str": "672181316461330432", "urls": [], "user": {"profile_text_color": "333333", "id_str": "2900720234", "favourites_count": 23, "profile_sidebar_border_color": "C0DEED", "name": "Mountainmac8", "profile_image_url_https": "https://pbs.twimg.com/profile_images/548826864890810368/5v-vXQkY_normal.jpeg", "created_at": "Sat Nov 15 18:06:52 +0000 2014", "screen_name": "1989w7373", "default_profile": true, "followers_count": 82, "description": "passion for baseball,oakland athletics fan, love classic cars,animal lover,", "lang": "en", "statuses_count": 4391, "profile_sidebar_fill_color": "DDEEF6", "profile_background_image_url": "http://abs.twimg.com/images/themes/theme1/bg.png", "listed_count": 2, "profile_banner_url": "https://pbs.twimg.com/profile_banners/2900720234/1416194587", "profile_background_color": "C0DEED", "id": 2900720234, "friends_count": 54, "profile_image_url": "http://pbs.twimg.com/profile_images/548826864890810368/5v-vXQkY_normal.jpeg", "profile_use_background_image": true, "profile_background_image_url_https": "https://abs.twimg.com/images/themes/theme1/bg.png", "profile_link_color": "1DA1F2"}, "user_mentions": [{"id": 28785486, "screen_name": "ABC", "name": "ABC News", "id_str": "28785486"}, {"id": 2895094386, "screen_name": "SurvivorMed", "name": "gab.ai/SurvivorMed", "id_str": "2895094386"}], "created_at": "Wed Dec 02 22:31:29 +0000 2015", "in_reply_to_status_id": 672169954016403456, "in_reply_to_user_id": 28785486, "text": "@ABC @SurvivorMed can this POS get any dumber!!!!", "hashtags": [], "lang": "en", "in_reply_to_screen_name": "ABC", "source": "<a href=\"http://twitter.com/download/android\" rel=\"nofollow\">Twitter for Android</a>"}