{"id": 672238124978724865, "id_str": "672238124978724865", "urls": [], "user": {"geo_enabled": true, "favourites_count": 7883, "profile_sidebar_border_color": "C0DEED", "name": "sd", "profile_image_url_https": "https://pbs.twimg.com/profile_images/1009904361168703488/BSJWZ2ng_normal.jpg", "created_at": "Mon Aug 31 22:59:38 +0000 2009", "screen_name": "palofmal", "default_profile": true, "followers_count": 229, "listed_count": 4, "description": "Proud Spanos family hater. Huge baseball fan. Go Aztecs! type1 diabetes h8er.Deep State h8er. Politicians=liars", "id_str": "70526828", "lang": "en", "statuses_count": 17749, "profile_sidebar_fill_color": "DDEEF6", "profile_background_image_url": "http://abs.twimg.com/images/themes/theme1/bg.png", "profile_text_color": "333333", "profile_banner_url": "https://pbs.twimg.com/profile_banners/70526828/1444968243", "profile_background_color": "C0DEED", "id": 70526828, "friends_count": 443, "profile_image_url": "http://pbs.twimg.com/profile_images/1009904361168703488/BSJWZ2ng_normal.jpg", "profile_use_background_image": true, "profile_background_image_url_https": "https://abs.twimg.com/images/themes/theme1/bg.png", "profile_link_color": "1DA1F2"}, "user_mentions": [{"id": 28785486, "screen_name": "ABC", "name": "ABC News", "id_str": "28785486"}], "created_at": "Thu Dec 03 02:17:13 +0000 2015", "in_reply_to_status_id": 672219174463275008, "in_reply_to_user_id": 28785486, "text": "@ABC shut up", "hashtags": [], "lang": "en", "in_reply_to_screen_name": "ABC", "source": "<a href=\"http://twitter.com/download/iphone\" rel=\"nofollow\">Twitter for iPhone</a>"}