{"id": 672424968999723008, "id_str": "672424968999723008", "urls": [], "user": {"geo_enabled": true, "favourites_count": 17428, "profile_sidebar_border_color": "C0DEED", "name": "Gerry Kulpa", "profile_image_url_https": "https://pbs.twimg.com/profile_images/518826720259231744/Pu3WrHU1_normal.jpeg", "created_at": "Sat Jul 12 23:18:06 +0000 2014", "screen_name": "lacgak52", "default_profile": true, "followers_count": 457, "listed_count": 14, "description": "MUSIC born from all Shapes of  THINGS, Movies all varied genres Phillies Fan  AHS,TWD, the Americans, Bates,VIKINGS, BANSHEE Fanshee", "id_str": "2705065870", "lang": "en", "statuses_count": 17656, "profile_sidebar_fill_color": "DDEEF6", "profile_background_image_url": "http://abs.twimg.com/images/themes/theme1/bg.png", "profile_text_color": "333333", "profile_banner_url": "https://pbs.twimg.com/profile_banners/2705065870/1429751439", "profile_background_color": "C0DEED", "id": 2705065870, "friends_count": 818, "profile_image_url": "http://pbs.twimg.com/profile_images/518826720259231744/Pu3WrHU1_normal.jpeg", "profile_use_background_image": true, "profile_background_image_url_https": "https://abs.twimg.com/images/themes/theme1/bg.png", "profile_link_color": "1DA1F2"}, "user_mentions": [{"id": 50769180, "screen_name": "IngrahamAngle", "name": "Laura Ingraham", "id_str": "50769180"}, {"id": 539566673, "screen_name": "JohnRLottJr", "name": "John R Lott Jr.", "id_str": "539566673"}], "created_at": "Thu Dec 03 14:39:40 +0000 2015", "in_reply_to_status_id": 672424512516964352, "in_reply_to_user_id": 50769180, "text": "@IngrahamAngle @JohnRLottJr So there it is,Mr.President.Facts,are stubborn", "hashtags": [], "lang": "en", "in_reply_to_screen_name": "IngrahamAngle", "source": "<a href=\"http://twitter.com/download/android\" rel=\"nofollow\">Twitter for Android</a>"}