{"id": 672478410715754496, "id_str": "672478410715754496", "urls": [], "user": {"geo_enabled": true, "location": "281 \u2708\ufe0f 402 \u2708\ufe0f 210 \u2708\ufe0f 515", "favourites_count": 981, "profile_sidebar_border_color": "C0DEED", "name": "#FrostEra \u2744\ufe0f", "profile_image_url_https": "https://pbs.twimg.com/profile_images/1033584017415843840/3qB9iNbW_normal.jpg", "created_at": "Mon May 23 16:19:51 +0000 2011", "screen_name": "Jason_Wacker", "default_profile": true, "followers_count": 1097, "listed_count": 21, "description": "Proud Dad! #Huskers #GBR #Blackshirts #DetroitLions #GoSpursGo #SpursNation #RedSox #UCONN #DaleJr #TruexJr #MAGA", "id_str": "303904703", "lang": "en", "statuses_count": 60094, "profile_sidebar_fill_color": "DDEEF6", "profile_background_image_url": "http://abs.twimg.com/images/themes/theme1/bg.png", "profile_text_color": "333333", "profile_banner_url": "https://pbs.twimg.com/profile_banners/303904703/1509418486", "profile_background_color": "C0DEED", "id": 303904703, "friends_count": 859, "profile_image_url": "http://pbs.twimg.com/profile_images/1033584017415843840/3qB9iNbW_normal.jpg", "profile_use_background_image": true, "profile_background_image_url_https": "https://abs.twimg.com/images/themes/theme1/bg.png", "profile_link_color": "1DA1F2"}, "user_mentions": [{"id": 547060972, "screen_name": "code_50", "name": "Hank L", "id_str": "547060972"}, {"id": 715044396, "screen_name": "Rockprincess818", "name": "RockPrincess", "id_str": "715044396"}], "created_at": "Thu Dec 03 18:12:01 +0000 2015", "in_reply_to_status_id": 672478174035349504, "in_reply_to_user_id": 547060972, "text": "@code_50 @Rockprincess818 Lol. Well...", "hashtags": [], "lang": "en", "place": {"id": "1c67f9d9cbae7f69", "full_name": "Des Moines, IA", "url": "https://api.twitter.com/1.1/geo/id/1c67f9d9cbae7f69.json", "attributes": {}, "country_code": "US", "country": "Estados Unidos", "name": "Des Moines", "contained_within": [], "place_type": "city", "bounding_box": {"type": "Polygon", "coordinates": [[[-93.709504, 41.501409], [-93.503235, 41.501409], [-93.503235, 41.6514656], [-93.709504, 41.6514656]]]}}, "in_reply_to_screen_name": "code_50", "source": "<a href=\"http://twitter.com/download/iphone\" rel=\"nofollow\">Twitter for iPhone</a>"}