{"id": 672551701799297025, "id_str": "672551701799297025", "urls": [], "user": {"id_str": "191843163", "url": "http://t.co/qhtgI5JKmM", "favourites_count": 14060, "profile_sidebar_border_color": "000000", "name": "Christopher R Taylor", "profile_image_url_https": "https://pbs.twimg.com/profile_images/468777974246805504/qv5NdGUF_normal.jpeg", "created_at": "Fri Sep 17 14:13:08 +0000 2010", "screen_name": "KestrelArts", "followers_count": 2185, "listed_count": 84, "description": "Author, illustrator, and all around goofy guy.  Author of Life Unworthy, Old Habits, and Snowberry's Veil.  \nhttps://t.co/Zuq21jQ9Qw", "lang": "en", "statuses_count": 46477, "profile_sidebar_fill_color": "DDEEF6", "location": "Oregon, USA", "profile_background_image_url": "http://abs.twimg.com/images/themes/theme1/bg.png", "profile_text_color": "333333", "profile_banner_url": "https://pbs.twimg.com/profile_banners/191843163/1440959326", "profile_background_color": "000000", "id": 191843163, "friends_count": 1984, "profile_image_url": "http://pbs.twimg.com/profile_images/468777974246805504/qv5NdGUF_normal.jpeg", "profile_use_background_image": true, "profile_background_image_url_https": "https://abs.twimg.com/images/themes/theme1/bg.png", "profile_link_color": "0084B4"}, "user_mentions": [{"id": 537904539, "screen_name": "jimEastridge1", "name": "Jim Eastridge", "id_str": "537904539"}, {"id": 123752501, "screen_name": "dmcparson", "name": "James M. Cain", "id_str": "123752501"}], "created_at": "Thu Dec 03 23:03:15 +0000 2015", "in_reply_to_status_id": 672488384695279616, "in_reply_to_user_id": 537904539, "text": "@jimEastridge1 @dmcparson That number is off.  There were 28 mass shootings under Obama so far, and 15 under Bush the younger.", "hashtags": [], "lang": "en", "in_reply_to_screen_name": "jimEastridge1", "favorite_count": 2, "source": "<a href=\"http://twitter.com\" rel=\"nofollow\">Twitter Web Client</a>"}