{"id": 672591469614522368, "id_str": "672591469614522368", "urls": [], "user": {"geo_enabled": true, "location": "La Jolla, San Diego", "favourites_count": 1717, "name": "Francois", "profile_image_url_https": "https://pbs.twimg.com/profile_images/957790097914679297/-Cwr02by_normal.jpg", "created_at": "Sat Aug 29 21:28:19 +0000 2015", "screen_name": "Action_fran44", "default_profile": true, "followers_count": 73, "listed_count": 2, "description": "I look through my window so bright\nI see the stars come out tonight\nI see the bright and hollow sky\nOver the city's ripped backsides\nAnd everything looks good", "id_str": "3385658534", "lang": "en", "statuses_count": 3058, "profile_sidebar_fill_color": "DDEEF6", "profile_background_image_url": "http://abs.twimg.com/images/themes/theme1/bg.png", "profile_text_color": "333333", "profile_sidebar_border_color": "C0DEED", "profile_background_color": "C0DEED", "id": 3385658534, "friends_count": 187, "profile_image_url": "http://pbs.twimg.com/profile_images/957790097914679297/-Cwr02by_normal.jpg", "profile_use_background_image": true, "profile_background_image_url_https": "https://abs.twimg.com/images/themes/theme1/bg.png", "profile_link_color": "1DA1F2"}, "user_mentions": [{"id": 715044396, "screen_name": "Rockprincess818", "name": "RockPrincess", "id_str": "715044396"}], "created_at": "Fri Dec 04 01:41:17 +0000 2015", "in_reply_to_status_id": 672433211604013057, "in_reply_to_user_id": 715044396, "text": "@Rockprincess818 @ccurran2744 that's a pretty crazy, sad stat. Reagan  should have *attempted assassination", "hashtags": [], "lang": "en", "in_reply_to_screen_name": "Rockprincess818", "source": "<a href=\"http://twitter.com/download/android\" rel=\"nofollow\">Twitter for Android</a>"}