{"id": 672501937644953600, "id_str": "672501937644953600", "urls": [], "user": {"geo_enabled": true, "location": " Nigeria", "favourites_count": 2404, "name": "Isah", "profile_image_url_https": "https://pbs.twimg.com/profile_images/982586177109811200/rQ953DGv_normal.jpg", "created_at": "Thu Jun 30 17:51:19 +0000 2011", "screen_name": "ijgamba", "default_profile": true, "followers_count": 193, "description": "Realist", "id_str": "326909819", "lang": "en", "statuses_count": 3220, "profile_sidebar_fill_color": "DDEEF6", "profile_background_image_url": "http://abs.twimg.com/images/themes/theme1/bg.png", "profile_text_color": "333333", "profile_sidebar_border_color": "C0DEED", "profile_background_color": "C0DEED", "id": 326909819, "friends_count": 262, "profile_image_url": "http://pbs.twimg.com/profile_images/982586177109811200/rQ953DGv_normal.jpg", "profile_use_background_image": true, "profile_background_image_url_https": "https://abs.twimg.com/images/themes/theme1/bg.png", "profile_link_color": "1DA1F2"}, "user_mentions": [{"id": 715044396, "screen_name": "Rockprincess818", "name": "RockPrincess", "id_str": "715044396"}, {"id": 347627434, "screen_name": "LindaSuhler", "name": "Linda Suhler, PhD", "id_str": "347627434"}], "retweet_count": 3, "created_at": "Thu Dec 03 19:45:31 +0000 2015", "in_reply_to_status_id": 672433211604013057, "in_reply_to_user_id": 715044396, "text": "@Rockprincess818 @LindaSuhler Obama is bad omen", "hashtags": [], "lang": "en", "in_reply_to_screen_name": "Rockprincess818", "favorite_count": 5, "source": "<a href=\"http://twitter.com/download/android\" rel=\"nofollow\">Twitter for Android</a>"}