{"id": 672578705051422720, "id_str": "672578705051422720", "urls": [], "user": {"profile_text_color": "333333", "id_str": "394870091", "favourites_count": 524, "profile_sidebar_border_color": "C0DEED", "name": "Billy B", "profile_image_url_https": "https://pbs.twimg.com/profile_images/950729884573282304/10yhYel-_normal.jpg", "created_at": "Thu Oct 20 19:15:51 +0000 2011", "screen_name": "billybritches", "default_profile": true, "followers_count": 2940, "description": "Amazingly, Trump beat back evil to win. He beat Dems, the GOP, the MSM, Bushes, Clintons, the Deep State, and the FBI. He\u2019s the only man who could. My POTUS!!", "lang": "en", "statuses_count": 6973, "profile_sidebar_fill_color": "DDEEF6", "profile_background_image_url": "http://abs.twimg.com/images/themes/theme1/bg.png", "listed_count": 8, "profile_banner_url": "https://pbs.twimg.com/profile_banners/394870091/1515506645", "profile_background_color": "C0DEED", "id": 394870091, "friends_count": 4934, "profile_image_url": "http://pbs.twimg.com/profile_images/950729884573282304/10yhYel-_normal.jpg", "profile_use_background_image": true, "profile_background_image_url_https": "https://abs.twimg.com/images/themes/theme1/bg.png", "profile_link_color": "1DA1F2"}, "user_mentions": [{"id": 245327879, "screen_name": "ChanlElvn", "name": "Shana Lee", "id_str": "245327879"}, {"id": 715044396, "screen_name": "Rockprincess818", "name": "RockPrincess", "id_str": "715044396"}], "retweet_count": 3, "created_at": "Fri Dec 04 00:50:33 +0000 2015", "in_reply_to_status_id": 672443044973699072, "in_reply_to_user_id": 245327879, "text": "@ChanlElvn @Rockprincess818 @je_suis_liberte Go back to your safe zone. We'll take care of everything. As usual.", "hashtags": [], "lang": "en", "in_reply_to_screen_name": "ChanlElvn", "favorite_count": 3, "source": "<a href=\"http://twitter.com/download/iphone\" rel=\"nofollow\">Twitter for iPhone</a>"}