{"id": 672648267692302337, "id_str": "672648267692302337", "urls": [], "user": {"id_str": "877103983", "location": "Australia", "favourites_count": 7942, "profile_sidebar_border_color": "EEEEEE", "name": "singular person", "profile_image_url_https": "https://pbs.twimg.com/profile_images/689581553219809280/8SHroT_o_normal.jpg", "profile_link_color": "000000", "screen_name": "shadyeagle25", "followers_count": 151, "listed_count": 7, "description": "A singular person with a twitter account. Marketing, PR and HRM #FreePalestine, #BDS #FreeWestPapua #Atheist #ResistCapitalism #MUFC #UpUpCronulla", "created_at": "Sat Oct 13 05:13:49 +0000 2012", "lang": "en", "profile_background_tile": true, "profile_sidebar_fill_color": "EFEFEF", "profile_background_image_url": "http://abs.twimg.com/images/themes/theme14/bg.gif", "profile_text_color": "333333", "profile_banner_url": "https://pbs.twimg.com/profile_banners/877103983/1453253232", "profile_background_color": "131516", "id": 877103983, "friends_count": 395, "profile_image_url": "http://pbs.twimg.com/profile_images/689581553219809280/8SHroT_o_normal.jpg", "profile_use_background_image": true, "profile_background_image_url_https": "https://abs.twimg.com/images/themes/theme14/bg.gif", "statuses_count": 6764}, "user_mentions": [{"id": 715044396, "screen_name": "Rockprincess818", "name": "RockPrincess", "id_str": "715044396"}], "created_at": "Fri Dec 04 05:26:58 +0000 2015", "in_reply_to_status_id": 672433211604013057, "in_reply_to_user_id": 715044396, "text": "@Rockprincess818 what variables are you comparing? Statistics are pointless without meaning?", "hashtags": [], "lang": "en", "in_reply_to_screen_name": "Rockprincess818", "source": "<a href=\"http://twitter.com/download/android\" rel=\"nofollow\">Twitter for Android</a>"}