{"id": 672880561418076160, "id_str": "672880561418076160", "urls": [], "user": {"id_str": "88828414", "url": "http://t.co/Kie8qhF5qL", "favourites_count": 2368, "profile_sidebar_border_color": "C0DEED", "name": "bobby", "profile_image_url_https": "https://pbs.twimg.com/profile_images/1186722403/SM818-0053_normal.jpg", "profile_link_color": "0084B4", "screen_name": "bobby221295", "followers_count": 328, "listed_count": 14, "description": "Arrow/Castle/PLL/Smallville/NCIS:LA/TheBlacklist/Continuum/Faking It/Graceland/Longmire/Orphan Black/TeenWolf/TheFosters/VeronicaMars/BSG/Joss Whedon........fan", "created_at": "Tue Nov 10 02:21:14 +0000 2009", "lang": "en", "profile_background_tile": true, "profile_sidebar_fill_color": "DDEEF6", "location": "Ukraine", "profile_background_image_url": "http://abs.twimg.com/images/themes/theme1/bg.png", "profile_text_color": "333333", "profile_banner_url": "https://pbs.twimg.com/profile_banners/88828414/1413339382", "profile_background_color": "C0DEED", "id": 88828414, "friends_count": 393, "profile_image_url": "http://pbs.twimg.com/profile_images/1186722403/SM818-0053_normal.jpg", "profile_use_background_image": true, "profile_background_image_url_https": "https://abs.twimg.com/images/themes/theme1/bg.png", "statuses_count": 46323}, "user_mentions": [{"id": 3507456072, "screen_name": "Fangirl312", "name": "odonoguire \ud83c\udfaf\u2693", "id_str": "3507456072"}], "created_at": "Fri Dec 04 20:50:02 +0000 2015", "in_reply_to_status_id": 672878732324052992, "in_reply_to_user_id": 1633801158, "text": "@Fangirl312 So, according to TVguide - pissed off boyfriends should go and start killing people left and right?", "hashtags": [], "lang": "en", "in_reply_to_screen_name": "hereisISA", "favorite_count": 2, "source": "<a href=\"http://www.echofon.com/\" rel=\"nofollow\">Echofon</a>"}