{"id": 672839239239786496, "id_str": "672839239239786496", "urls": [], "user": {"geo_enabled": true, "location": "Dallas,  TX", "favourites_count": 5453, "profile_sidebar_border_color": "C0DEED", "name": "The Awake Patriot", "profile_image_url_https": "https://pbs.twimg.com/profile_images/805422309188259841/9ysIOY6R_normal.jpg", "created_at": "Mon Dec 30 03:31:57 +0000 2013", "screen_name": "mghent32", "default_profile": true, "followers_count": 7033, "listed_count": 12, "description": "20 year Criminal Justice veteran & American PATRIOT who woke up 6 yrs ago to learn of the shadow Gov't working to destroy America, now I'm awake. #MAGA \ud83c\uddfa\ud83c\uddf8\ud83c\uddee\ud83c\uddf1", "id_str": "2268255932", "lang": "en", "statuses_count": 10813, "profile_sidebar_fill_color": "DDEEF6", "profile_background_image_url": "http://abs.twimg.com/images/themes/theme1/bg.png", "profile_text_color": "333333", "profile_banner_url": "https://pbs.twimg.com/profile_banners/2268255932/1518898672", "profile_background_color": "C0DEED", "id": 2268255932, "friends_count": 6765, "profile_image_url": "http://pbs.twimg.com/profile_images/805422309188259841/9ysIOY6R_normal.jpg", "profile_use_background_image": true, "profile_background_image_url_https": "https://abs.twimg.com/images/themes/theme1/bg.png", "profile_link_color": "1DA1F2"}, "user_mentions": [{"id": 28021375, "screen_name": "shellz360", "name": "316", "id_str": "28021375"}, {"id": 109065990, "screen_name": "RealAlexJones", "name": "Alex Jones", "id_str": "109065990"}], "retweet_count": 1, "created_at": "Fri Dec 04 18:05:50 +0000 2015", "in_reply_to_status_id": 672837409441251328, "in_reply_to_user_id": 28021375, "text": "@shellz360 @RealAlexJones \nWhich indicates that the action is idiotic. But,  it's not about violence,  it's about disarming #NWOscum", "hashtags": [{"text": "NWOscum"}], "lang": "en", "in_reply_to_screen_name": "shellz360", "source": "<a href=\"http://twitter.com/download/android\" rel=\"nofollow\">Twitter for Android</a>"}