{"created_at": "Sat Dec 05 01:23:08 +0000 2015", "id": 672949289501364224, "favorite_count": 1, "id_str": "672949289501364224", "urls": [], "text": "@peddoc63 @JaredWyand HANDS UP! \ud83d\ude4c\ud83c\udffb\ud83d\ude4c\ud83c\udffb\ud83d\ude4c\ud83c\udffb\ud83d\ude4c\ud83c\udffb\ud83d\ude4c\ud83c\udffbNO REFUGEES!!!!!!\ud83c\uddfa\ud83c\uddf8", "user": {"id_str": "3313551824", "location": "United States", "favourites_count": 25373, "profile_sidebar_border_color": "C0DEED", "name": "Rebecca", "profile_image_url_https": "https://pbs.twimg.com/profile_images/631859384230895617/GeskbFbi_normal.jpg", "created_at": "Wed Aug 12 16:38:55 +0000 2015", "screen_name": "TtsinWard", "default_profile": true, "followers_count": 1147, "listed_count": 21, "description": "Love This Great Country & The People In It..Have A Loving Husband And Wonderful Family. God Is So GoodTRUMP\u27282016\u2708\ufe0f", "lang": "en", "statuses_count": 18653, "profile_sidebar_fill_color": "DDEEF6", "profile_background_image_url": "http://abs.twimg.com/images/themes/theme1/bg.png", "profile_text_color": "333333", "profile_banner_url": "https://pbs.twimg.com/profile_banners/3313551824/1439481994", "profile_background_color": "C0DEED", "id": 3313551824, "friends_count": 554, "profile_image_url": "http://pbs.twimg.com/profile_images/631859384230895617/GeskbFbi_normal.jpg", "profile_use_background_image": true, "profile_background_image_url_https": "https://abs.twimg.com/images/themes/theme1/bg.png", "profile_link_color": "1DA1F2"}, "hashtags": [], "lang": "en", "source": "<a href=\"http://twitter.com/download/iphone\" rel=\"nofollow\">Twitter for iPhone</a>", "user_mentions": [{"id": 328878936, "screen_name": "JaredWyand", "name": "Jared Wyand \ud83c\uddfa\ud83c\uddf8", "id_str": "328878936"}]}