{"id": 672922699635802112, "id_str": "672922699635802112", "urls": [], "user": {"id_str": "567647350", "location": "maine", "favourites_count": 93769, "profile_sidebar_border_color": "829D5E", "name": "EMBD", "profile_image_url_https": "https://pbs.twimg.com/profile_images/2937184396/730fc99c4fbb6debafaed74e703d2c82_normal.jpeg", "created_at": "Mon Apr 30 23:15:37 +0000 2012", "screen_name": "lizmbd2", "followers_count": 304, "listed_count": 50, "description": "wannabe potter, experimental gardener", "lang": "en", "statuses_count": 20777, "profile_sidebar_fill_color": "99CC33", "profile_background_image_url": "http://abs.twimg.com/images/themes/theme5/bg.gif", "profile_text_color": "3E4415", "profile_banner_url": "https://pbs.twimg.com/profile_banners/567647350/1354748593", "profile_background_color": "352726", "id": 567647350, "friends_count": 64, "profile_image_url": "http://pbs.twimg.com/profile_images/2937184396/730fc99c4fbb6debafaed74e703d2c82_normal.jpeg", "profile_use_background_image": true, "profile_background_image_url_https": "https://abs.twimg.com/images/themes/theme5/bg.gif", "profile_link_color": "D02B55"}, "user_mentions": [{"id": 11350892, "screen_name": "TVGuide", "name": "TV Guide", "id_str": "11350892"}, {"id": 287858728, "screen_name": "OnceABC", "name": "Once Upon A Time", "id_str": "287858728"}, {"id": 305275926, "screen_name": "colinodonoghue1", "name": "Colin o'donoghue", "id_str": "305275926"}], "created_at": "Fri Dec 04 23:37:28 +0000 2015", "in_reply_to_status_id": 672553813249826816, "in_reply_to_user_id": 11350892, "text": "@TVGuide @OnceABC @colinodonoghue1 pissed off boyfriends don't go killing and torturing people.", "hashtags": [], "lang": "en", "in_reply_to_screen_name": "TVGuide", "source": "<a href=\"http://twitter.com\" rel=\"nofollow\">Twitter Web Client</a>"}