{"id": 673123119150796800, "id_str": "673123119150796800", "urls": [], "user": {"profile_text_color": "3D1957", "id_str": "408754678", "favourites_count": 214235, "profile_sidebar_border_color": "000000", "name": "um", "profile_image_url_https": "https://pbs.twimg.com/profile_images/1048901361788772352/7slKJ6iD_normal.jpg", "created_at": "Wed Nov 09 21:03:05 +0000 2011", "screen_name": "GRANDELANI", "followers_count": 4203, "lang": "en", "statuses_count": 158006, "profile_sidebar_fill_color": "7AC3EE", "profile_background_image_url": "http://abs.twimg.com/images/themes/theme10/bg.gif", "listed_count": 44, "profile_banner_url": "https://pbs.twimg.com/profile_banners/408754678/1537027079", "profile_background_color": "FFFFFF", "id": 408754678, "friends_count": 3764, "profile_image_url": "http://pbs.twimg.com/profile_images/1048901361788772352/7slKJ6iD_normal.jpg", "profile_use_background_image": true, "profile_background_image_url_https": "https://abs.twimg.com/images/themes/theme10/bg.gif", "profile_link_color": "730561"}, "user_mentions": [{"id": 4838383249, "screen_name": "FinesseHaveN", "name": "Finesse, No More!", "id_str": "4838383249"}, {"id": 15392391, "screen_name": "kfc", "name": "KFC", "id_str": "15392391"}, {"id": 2956558389, "screen_name": "mayasagb", "name": "Maya", "id_str": "2956558389"}], "created_at": "Sat Dec 05 12:53:52 +0000 2015", "in_reply_to_status_id": 659466046605123584, "in_reply_to_user_id": 2304239234, "text": "@FiNeSSeHaVeN @kfc @mayasagb I love KFC omf", "hashtags": [], "lang": "en", "in_reply_to_screen_name": "Mealsaps", "source": "<a href=\"http://twitter.com/download/iphone\" rel=\"nofollow\">Twitter for iPhone</a>"}