{"id": 673618508647948288, "id_str": "673618508647948288", "urls": [], "user": {"id_str": "1694432857", "location": "Earth", "favourites_count": 1087, "name": "Reasonable Man", "profile_image_url_https": "https://pbs.twimg.com/profile_images/613140529828790272/yodFarcv_normal.jpg", "created_at": "Fri Aug 23 17:37:03 +0000 2013", "screen_name": "Yawd_Man", "default_profile": true, "followers_count": 587, "listed_count": 13, "description": "Friend of the law; grounded social justice activist; logophile; enlightened believer; Pilgrim of the Bright Blazing Star; world traveler; life-long learner.", "lang": "en", "statuses_count": 23442, "profile_sidebar_fill_color": "DDEEF6", "profile_background_image_url": "http://abs.twimg.com/images/themes/theme1/bg.png", "profile_text_color": "333333", "profile_sidebar_border_color": "C0DEED", "profile_background_color": "C0DEED", "id": 1694432857, "friends_count": 786, "profile_image_url": "http://pbs.twimg.com/profile_images/613140529828790272/yodFarcv_normal.jpg", "profile_use_background_image": true, "profile_background_image_url_https": "https://abs.twimg.com/images/themes/theme1/bg.png", "profile_link_color": "1DA1F2"}, "user_mentions": [{"id": 14669951, "screen_name": "DRUDGE_REPORT", "name": "DRUDGE REPORT", "id_str": "14669951"}], "created_at": "Sun Dec 06 21:42:22 +0000 2015", "in_reply_to_status_id": 673615400655970304, "in_reply_to_user_id": 14669951, "text": "@DRUDGE_REPORT And now for comedy night at the Capitol!", "hashtags": [], "lang": "en", "in_reply_to_screen_name": "DRUDGE_REPORT", "favorite_count": 1, "source": "<a href=\"http://twitter.com/download/iphone\" rel=\"nofollow\">Twitter for iPhone</a>"}