{"id": 673690464835399683, "id_str": "673690464835399683", "urls": [], "user": {"id_str": "26469886", "location": "Midwest", "favourites_count": 25044, "profile_sidebar_border_color": "F2E195", "name": "Pam", "profile_image_url_https": "https://pbs.twimg.com/profile_images/688013073647550465/bMq6Nfkn_normal.jpg", "created_at": "Wed Mar 25 10:41:25 +0000 2009", "screen_name": "19Pam56", "followers_count": 178, "listed_count": 18, "lang": "en", "statuses_count": 54164, "profile_sidebar_fill_color": "FFF7CC", "profile_background_image_url": "http://abs.twimg.com/images/themes/theme12/bg.gif", "profile_text_color": "0C3E53", "profile_banner_url": "https://pbs.twimg.com/profile_banners/26469886/1452465029", "profile_background_color": "BADFCD", "id": 26469886, "friends_count": 328, "profile_image_url": "http://pbs.twimg.com/profile_images/688013073647550465/bMq6Nfkn_normal.jpg", "profile_use_background_image": true, "profile_background_image_url_https": "https://abs.twimg.com/images/themes/theme12/bg.gif", "profile_link_color": "FF0000"}, "user_mentions": [{"id": 14669951, "screen_name": "DRUDGE_REPORT", "name": "DRUDGE REPORT", "id_str": "14669951"}, {"id": 727472528, "screen_name": "instapundit", "name": "Instapundit.com", "id_str": "727472528"}, {"id": 822215679726100480, "screen_name": "POTUS", "name": "President Trump", "id_str": "822215679726100480"}], "created_at": "Mon Dec 07 02:28:18 +0000 2015", "in_reply_to_status_id": 673615400655970304, "in_reply_to_user_id": 14669951, "text": "@DRUDGE_REPORT @instapundit Hey @POTUS get your own freaking house in order, ok?", "hashtags": [], "lang": "en", "in_reply_to_screen_name": "DRUDGE_REPORT", "source": "<a href=\"http://twitter.com/#!/download/ipad\" rel=\"nofollow\">Twitter for iPad</a>"}