{"id": 673616076056457217, "id_str": "673616076056457217", "urls": [], "user": {"id_str": "1068299220", "location": "Gulf Coast USA", "favourites_count": 7782, "profile_sidebar_border_color": "C0DEED", "name": "Kelly Barham", "profile_image_url_https": "https://pbs.twimg.com/profile_images/686191073039880192/3778X5Lk_normal.jpg", "created_at": "Mon Jan 07 13:25:01 +0000 2013", "screen_name": "PtriotofAlabama", "default_profile": true, "followers_count": 2194, "listed_count": 33, "description": "Constitution #1A #2A III%er father laborer actor singer boater org. gardener #NRA fishing #Boycottnfl EX show host & PO, PEACE \u2764\ufe0ffamily Freedom and God", "lang": "en", "statuses_count": 28299, "profile_sidebar_fill_color": "DDEEF6", "profile_background_image_url": "http://abs.twimg.com/images/themes/theme1/bg.png", "profile_text_color": "333333", "profile_banner_url": "https://pbs.twimg.com/profile_banners/1068299220/1476241190", "profile_background_color": "C0DEED", "id": 1068299220, "friends_count": 3020, "profile_image_url": "http://pbs.twimg.com/profile_images/686191073039880192/3778X5Lk_normal.jpg", "profile_use_background_image": true, "profile_background_image_url_https": "https://abs.twimg.com/images/themes/theme1/bg.png", "profile_link_color": "1DA1F2"}, "user_mentions": [{"id": 462104542, "screen_name": "chuckwoolery", "name": "Chuck Woolery", "id_str": "462104542"}], "created_at": "Sun Dec 06 21:32:42 +0000 2015", "in_reply_to_status_id": 673615263040798726, "in_reply_to_user_id": 462104542, "text": "@chuckwoolery \nSee why we are screwed!!!", "hashtags": [], "lang": "en", "in_reply_to_screen_name": "chuckwoolery", "source": "<a href=\"http://twitter.com/download/iphone\" rel=\"nofollow\">Twitter for iPhone</a>"}