{"id": 673686804114120705, "id_str": "673686804114120705", "urls": [], "user": {"geo_enabled": true, "favourites_count": 10902, "name": "PBS Pinchback", "profile_image_url_https": "https://pbs.twimg.com/profile_images/1026753786415644672/7tH_yy1e_normal.jpg", "created_at": "Sat Jul 30 03:17:26 +0000 2011", "screen_name": "eraser48", "default_profile": true, "followers_count": 113, "listed_count": 10, "id_str": "345130590", "lang": "en", "statuses_count": 20423, "profile_sidebar_fill_color": "DDEEF6", "profile_background_image_url": "http://abs.twimg.com/images/themes/theme1/bg.png", "profile_text_color": "333333", "profile_sidebar_border_color": "C0DEED", "profile_background_color": "C0DEED", "id": 345130590, "friends_count": 305, "profile_image_url": "http://pbs.twimg.com/profile_images/1026753786415644672/7tH_yy1e_normal.jpg", "profile_use_background_image": true, "profile_background_image_url_https": "https://abs.twimg.com/images/themes/theme1/bg.png", "profile_link_color": "1DA1F2"}, "user_mentions": [{"id": 7702542, "screen_name": "DLoesch", "name": "Dana Loesch", "id_str": "7702542"}, {"id": 1955344290, "screen_name": "PenguinsFan62", "name": "Realist & Curmudgeon", "id_str": "1955344290"}], "created_at": "Mon Dec 07 02:13:45 +0000 2015", "in_reply_to_status_id": 673686233936072704, "in_reply_to_user_id": 7702542, "text": "@DLoesch @PenguinsFan62 Funny they mention nothing of the Arab POTUS.", "hashtags": [], "lang": "en", "in_reply_to_screen_name": "DLoesch", "favorite_count": 1, "source": "<a href=\"https://mobile.twitter.com\" rel=\"nofollow\">Twitter Lite</a>"}