{"id": 673616003692015616, "id_str": "673616003692015616", "urls": [], "user": {"geo_enabled": true, "favourites_count": 63133, "profile_sidebar_border_color": "C0DEED", "name": "Ernesto Ronin", "profile_image_url_https": "https://pbs.twimg.com/profile_images/1027641287229431808/rkdSVz-e_normal.jpg", "created_at": "Wed Mar 05 02:18:45 +0000 2014", "screen_name": "Ronin1021", "default_profile": true, "followers_count": 2018, "listed_count": 44, "description": "Stand up Philosopher, Space Cowboy, Gangster of Love, Mad Hatter. Head Salt Shaker Finder @ Margaritaville. Rocket Man. A Huckleberry, if you're a Daisy.", "id_str": "2373026731", "lang": "en", "statuses_count": 74312, "profile_sidebar_fill_color": "DDEEF6", "profile_background_image_url": "http://abs.twimg.com/images/themes/theme1/bg.png", "profile_text_color": "333333", "profile_banner_url": "https://pbs.twimg.com/profile_banners/2373026731/1418005755", "profile_background_color": "C0DEED", "id": 2373026731, "friends_count": 4374, "profile_image_url": "http://pbs.twimg.com/profile_images/1027641287229431808/rkdSVz-e_normal.jpg", "profile_use_background_image": true, "profile_background_image_url_https": "https://abs.twimg.com/images/themes/theme1/bg.png", "profile_link_color": "1DA1F2"}, "user_mentions": [{"id": 462104542, "screen_name": "chuckwoolery", "name": "Chuck Woolery", "id_str": "462104542"}], "retweet_count": 1, "created_at": "Sun Dec 06 21:32:25 +0000 2015", "in_reply_to_status_id": 673615263040798726, "in_reply_to_user_id": 462104542, "text": "@chuckwoolery I suppose they got a Jihad Waiver or something from HR.", "hashtags": [], "lang": "en", "in_reply_to_screen_name": "chuckwoolery", "favorite_count": 3, "source": "<a href=\"http://twitter.com\" rel=\"nofollow\">Twitter Web Client</a>"}