{"id": 673617182979457024, "id_str": "673617182979457024", "urls": [], "user": {"geo_enabled": true, "url": "https://t.co/SmyekBHPKC", "favourites_count": 78364, "name": "Bruce Hall", "profile_image_url_https": "https://pbs.twimg.com/profile_images/1699257813/SECOND_OPINION_PICTURE_normal.png", "created_at": "Tue Jul 05 13:23:00 +0000 2011", "screen_name": "brucehallsports", "default_profile": true, "followers_count": 1928, "listed_count": 191, "description": "Sports entertainment. Coach, father, husband, teacher. NFL and MLB insider and handicapper. Love God, Kids and Dogs.F words..family, friends, freedom and fun.", "id_str": "329681844", "lang": "en", "statuses_count": 235762, "profile_sidebar_fill_color": "DDEEF6", "location": "Northern Virginia", "profile_background_image_url": "http://abs.twimg.com/images/themes/theme1/bg.png", "profile_text_color": "333333", "profile_sidebar_border_color": "C0DEED", "profile_background_color": "C0DEED", "id": 329681844, "friends_count": 1620, "profile_image_url": "http://pbs.twimg.com/profile_images/1699257813/SECOND_OPINION_PICTURE_normal.png", "profile_use_background_image": true, "profile_background_image_url_https": "https://abs.twimg.com/images/themes/theme1/bg.png", "profile_link_color": "1DA1F2"}, "user_mentions": [{"id": 14669951, "screen_name": "DRUDGE_REPORT", "name": "DRUDGE REPORT", "id_str": "14669951"}], "created_at": "Sun Dec 06 21:37:06 +0000 2015", "in_reply_to_status_id": 673615400655970304, "in_reply_to_user_id": 14669951, "text": "@DRUDGE_REPORT WTF?", "hashtags": [], "lang": "und", "in_reply_to_screen_name": "DRUDGE_REPORT", "favorite_count": 1, "source": "<a href=\"http://twitter.com/download/android\" rel=\"nofollow\">Twitter for Android</a>"}