{"id": 673699871392595969, "id_str": "673699871392595969", "urls": [], "user": {"geo_enabled": true, "location": "Australia", "favourites_count": 5589, "name": "Fred Newman", "profile_image_url_https": "https://pbs.twimg.com/profile_images/725122935309000704/uDvUs3cm_normal.jpg", "created_at": "Sat Mar 24 03:40:02 +0000 2012", "screen_name": "FredNewmanAust", "default_profile": true, "followers_count": 26, "listed_count": 1, "description": "Supporting Western liberal democratic values, freedom of speech, the rule of law & academic freedom.", "id_str": "534966457", "lang": "en", "statuses_count": 6465, "profile_sidebar_fill_color": "DDEEF6", "profile_background_image_url": "http://abs.twimg.com/images/themes/theme1/bg.png", "profile_text_color": "333333", "profile_sidebar_border_color": "C0DEED", "profile_background_color": "C0DEED", "id": 534966457, "friends_count": 188, "profile_image_url": "http://pbs.twimg.com/profile_images/725122935309000704/uDvUs3cm_normal.jpg", "profile_use_background_image": true, "profile_background_image_url_https": "https://abs.twimg.com/images/themes/theme1/bg.png", "profile_link_color": "1DA1F2"}, "user_mentions": [{"id": 97919255, "screen_name": "taimur_malik", "name": "Taimur Malik", "id_str": "97919255"}, {"id": 80185804, "screen_name": "mehreenzahra", "name": "Mehreen Zahra-Malik", "id_str": "80185804"}], "created_at": "Mon Dec 07 03:05:40 +0000 2015", "in_reply_to_status_id": 673583732075462656, "in_reply_to_user_id": 97919255, "text": "@taimur_malik @mehreenzahra Headline accurately reflects the content.", "hashtags": [], "lang": "en", "in_reply_to_screen_name": "taimur_malik", "favorite_count": 1, "source": "<a href=\"http://twitter.com/download/iphone\" rel=\"nofollow\">Twitter for iPhone</a>"}