{"id": 673661015498883072, "id_str": "673661015498883072", "urls": [], "user": {"id_str": "4242631119", "location": "Here or there or the middle", "favourites_count": 612, "profile_sidebar_border_color": "C0DEED", "name": "Patrick Robinson", "profile_image_url_https": "https://pbs.twimg.com/profile_images/796895396610113536/R-Uy3zbJ_normal.jpg", "created_at": "Sat Nov 21 14:31:38 +0000 2015", "screen_name": "Probinson640", "default_profile": true, "followers_count": 29, "listed_count": 2, "description": "it's not climate change, it's Mother Nature going through menopause! yeah I'm plugged in. excuse me? who are you?! tweets are my own opinion", "lang": "en", "statuses_count": 604, "profile_sidebar_fill_color": "DDEEF6", "profile_background_image_url": "http://abs.twimg.com/images/themes/theme1/bg.png", "profile_text_color": "333333", "profile_banner_url": "https://pbs.twimg.com/profile_banners/4242631119/1448371385", "profile_background_color": "C0DEED", "id": 4242631119, "friends_count": 60, "profile_image_url": "http://pbs.twimg.com/profile_images/796895396610113536/R-Uy3zbJ_normal.jpg", "profile_use_background_image": true, "profile_background_image_url_https": "https://abs.twimg.com/images/themes/theme1/bg.png", "profile_link_color": "1DA1F2"}, "user_mentions": [{"id": 14669951, "screen_name": "DRUDGE_REPORT", "name": "DRUDGE REPORT", "id_str": "14669951"}, {"id": 18244206, "screen_name": "GayPatriot", "name": "Homoween", "id_str": "18244206"}], "created_at": "Mon Dec 07 00:31:16 +0000 2015", "in_reply_to_status_id": 673615400655970304, "in_reply_to_user_id": 14669951, "text": "@DRUDGE_REPORT @GayPatriot not SHOCKED, Muslim brotherhood!", "hashtags": [], "lang": "en", "in_reply_to_screen_name": "DRUDGE_REPORT", "source": "<a href=\"http://twitter.com/download/iphone\" rel=\"nofollow\">Twitter for iPhone</a>"}