{"id": 674041808377090049, "id_str": "674041808377090049", "urls": [], "user": {"geo_enabled": true, "favourites_count": 1185, "name": "TRUMP to White House", "profile_image_url_https": "https://abs.twimg.com/sticky/default_profile_images/default_profile_normal.png", "created_at": "Thu May 21 12:03:49 +0000 2015", "screen_name": "jamalfuuo", "default_profile": true, "followers_count": 408, "listed_count": 10, "id_str": "3292885703", "lang": "en", "statuses_count": 3235, "profile_sidebar_fill_color": "DDEEF6", "default_profile_image": true, "profile_background_image_url": "http://abs.twimg.com/images/themes/theme1/bg.png", "profile_text_color": "333333", "profile_sidebar_border_color": "C0DEED", "profile_background_color": "C0DEED", "id": 3292885703, "friends_count": 885, "profile_image_url": "http://abs.twimg.com/sticky/default_profile_images/default_profile_normal.png", "profile_use_background_image": true, "profile_background_image_url_https": "https://abs.twimg.com/images/themes/theme1/bg.png", "profile_link_color": "1DA1F2"}, "user_mentions": [{"id": 3332044263, "screen_name": "Johnatsrs1949", "name": "Missouri 4 TRUMP !", "id_str": "3332044263"}], "created_at": "Tue Dec 08 01:44:24 +0000 2015", "in_reply_to_status_id": 674015148382666752, "in_reply_to_user_id": 3332044263, "text": "@Johnatsrs1949 #Hannity #oreillyfactor Unbelievable. ..  how can this country that used to b so great falter. #FOXNEWS #realdonaldtrump", "hashtags": [{"text": "Hannity"}, {"text": "oreillyfactor"}, {"text": "FOXNEWS"}, {"text": "realdonaldtrump"}], "lang": "en", "in_reply_to_screen_name": "Johnatsrs1949", "favorite_count": 4, "source": "<a href=\"http://twitter.com/download/android\" rel=\"nofollow\">Twitter for Android</a>"}