{"id": 674076599449354240, "id_str": "674076599449354240", "urls": [{"expanded_url": "http://www.snopes.com/dearborn-michigan", "url": "https://t.co/9SUXyYreuy"}], "user": {"id_str": "798884040", "location": "MA, USA", "favourites_count": 11369, "profile_sidebar_border_color": "000000", "name": "K L F", "profile_image_url_https": "https://pbs.twimg.com/profile_images/614861982450094081/A_f7skvx_normal.jpg", "created_at": "Sun Sep 02 19:22:19 +0000 2012", "screen_name": "la10ca", "followers_count": 1081, "listed_count": 30, "description": "GLOBALISTS RUN & HIDE CUZ PREZ TRUMPs GONNA KICK YOUR BEHINDS! I \u2764\ufe0f\ufe0fHUMOR, TRUTH & MEMES THAT OFFEND SJWs, TRAITORS, TERRORISTS, MSM, ZOMBIES & CORRUPT SYSTEM.", "lang": "en", "statuses_count": 13331, "profile_sidebar_fill_color": "000000", "profile_background_image_url": "http://abs.twimg.com/images/themes/theme1/bg.png", "profile_text_color": "000000", "profile_banner_url": "https://pbs.twimg.com/profile_banners/798884040/1482372566", "profile_background_color": "000000", "id": 798884040, "friends_count": 1055, "profile_image_url": "http://pbs.twimg.com/profile_images/614861982450094081/A_f7skvx_normal.jpg", "profile_background_image_url_https": "https://abs.twimg.com/images/themes/theme1/bg.png", "profile_link_color": "ABB8C2"}, "user_mentions": [{"id": 3332044263, "screen_name": "Johnatsrs1949", "name": "Missouri 4 TRUMP !", "id_str": "3332044263"}, {"id": 17918375, "screen_name": "fiddlestix007", "name": "\u00a3va \ud83c\uddfa\ud83c\uddf8", "id_str": "17918375"}], "created_at": "Tue Dec 08 04:02:39 +0000 2015", "in_reply_to_status_id": 674015148382666752, "in_reply_to_user_id": 3332044263, "text": "@Johnatsrs1949 @fiddlestix007 FALSE REPORT. DID NOT HAPPEN. SEE LINK:  https://t.co/9SUXyYreuy", "hashtags": [], "lang": "en", "in_reply_to_screen_name": "Johnatsrs1949", "favorite_count": 1, "source": "<a href=\"http://twitter.com\" rel=\"nofollow\">Twitter Web Client</a>"}