{"id": 674014969697017856, "id_str": "674014969697017856", "urls": [], "user": {"geo_enabled": true, "location": "Neptune Beach, Florida", "favourites_count": 2040, "profile_sidebar_border_color": "C0DEED", "name": "Jedd Roe, MD, MBA,", "profile_image_url_https": "https://pbs.twimg.com/profile_images/465210216837947392/yTGnR_zr_normal.jpeg", "created_at": "Tue Aug 26 16:07:10 +0000 2008", "screen_name": "jroe3", "default_profile": true, "followers_count": 78, "listed_count": 17, "description": "Emergency Physician, Physician Executive, Professor, Sailor, Displaced Coloradoan, Broncos & MCFC fan", "id_str": "15998408", "lang": "en", "statuses_count": 3802, "profile_sidebar_fill_color": "DDEEF6", "profile_background_image_url": "http://abs.twimg.com/images/themes/theme1/bg.png", "profile_text_color": "333333", "profile_banner_url": "https://pbs.twimg.com/profile_banners/15998408/1439072654", "profile_background_color": "C0DEED", "id": 15998408, "friends_count": 85, "profile_image_url": "http://pbs.twimg.com/profile_images/465210216837947392/yTGnR_zr_normal.jpeg", "profile_use_background_image": true, "profile_background_image_url_https": "https://abs.twimg.com/images/themes/theme1/bg.png", "profile_link_color": "1DA1F2"}, "user_mentions": [{"id": 455764741, "screen_name": "FreeBeacon", "name": "Free Beacon", "id_str": "455764741"}, {"id": 18646108, "screen_name": "BretBaier", "name": "Bret Baier", "id_str": "18646108"}, {"id": 131538331, "screen_name": "Kredo0", "name": "Adam Kredo", "id_str": "131538331"}], "created_at": "Mon Dec 07 23:57:46 +0000 2015", "in_reply_to_status_id": 673872171341447169, "in_reply_to_user_id": 455764741, "text": "@FreeBeacon @BretBaier @Kredo0 that can't be good", "hashtags": [], "lang": "en", "in_reply_to_screen_name": "FreeBeacon", "source": "<a href=\"http://twitter.com/download/iphone\" rel=\"nofollow\">Twitter for iPhone</a>"}