{"id": 674069312441868288, "id_str": "674069312441868288", "urls": [], "user": {"id_str": "33731735", "location": "Chicago, Il", "favourites_count": 672, "name": "John P", "profile_image_url_https": "https://pbs.twimg.com/profile_images/2866520434/0ce9573f7d5c7b99a0e404a8b3ca5112_normal.jpeg", "created_at": "Tue Apr 21 00:20:04 +0000 2009", "screen_name": "FredoCCorleone", "default_profile": true, "followers_count": 47, "listed_count": 4, "description": "Producer/Engineer, musician, creative professional. Expert Jouster and arc welder.", "lang": "en", "statuses_count": 1107, "profile_sidebar_fill_color": "DDEEF6", "profile_background_image_url": "http://abs.twimg.com/images/themes/theme1/bg.png", "profile_text_color": "333333", "profile_sidebar_border_color": "C0DEED", "profile_background_color": "C0DEED", "id": 33731735, "friends_count": 280, "profile_image_url": "http://pbs.twimg.com/profile_images/2866520434/0ce9573f7d5c7b99a0e404a8b3ca5112_normal.jpeg", "profile_use_background_image": true, "profile_background_image_url_https": "https://abs.twimg.com/images/themes/theme1/bg.png", "profile_link_color": "1DA1F2"}, "user_mentions": [{"id": 999453985, "screen_name": "BlissTabitha", "name": "\u01ac\u03b1\u0432\u03b9\u0442\u043d\u03b1 \u0181\u2113\u03b9\u0455\u0455 \u2764\ud83c\uddfa\ud83c\uddf8\ud83d\udc60\ud83d\udc84\ud83d\udc5b", "id_str": "999453985"}, {"id": 727472528, "screen_name": "instapundit", "name": "Instapundit.com", "id_str": "727472528"}], "created_at": "Tue Dec 08 03:33:42 +0000 2015", "in_reply_to_status_id": 672632899921833984, "in_reply_to_user_id": 999453985, "text": "@BlissTabitha @instapundit graph those numbers and you'll have a real \"hockey stick\"", "hashtags": [], "lang": "en", "in_reply_to_screen_name": "BlissTabitha", "source": "<a href=\"http://twitter.com/#!/download/ipad\" rel=\"nofollow\">Twitter for iPad</a>"}