{"id": 674108658960179200, "id_str": "674108658960179200", "urls": [], "user": {"profile_text_color": "333333", "id_str": "3368316257", "favourites_count": 483, "name": "John Smith", "profile_image_url_https": "https://pbs.twimg.com/profile_images/680012113545412608/3UyQ4buE_normal.jpg", "created_at": "Thu Jul 09 22:28:44 +0000 2015", "screen_name": "HEMIkillinYa", "default_profile": true, "followers_count": 74, "lang": "en", "statuses_count": 444, "profile_sidebar_fill_color": "DDEEF6", "profile_background_image_url": "http://abs.twimg.com/images/themes/theme1/bg.png", "listed_count": 4, "profile_sidebar_border_color": "C0DEED", "profile_background_color": "C0DEED", "id": 3368316257, "friends_count": 635, "profile_image_url": "http://pbs.twimg.com/profile_images/680012113545412608/3UyQ4buE_normal.jpg", "profile_use_background_image": true, "profile_background_image_url_https": "https://abs.twimg.com/images/themes/theme1/bg.png", "profile_link_color": "1DA1F2"}, "user_mentions": [{"id": 3332044263, "screen_name": "Johnatsrs1949", "name": "Missouri 4 TRUMP !", "id_str": "3332044263"}], "created_at": "Tue Dec 08 06:10:03 +0000 2015", "in_reply_to_status_id": 674015148382666752, "in_reply_to_user_id": 3332044263, "text": "@Johnatsrs1949 we better turn in our guns so they can't kill us!", "hashtags": [], "lang": "en", "in_reply_to_screen_name": "Johnatsrs1949", "favorite_count": 1, "source": "<a href=\"http://twitter.com/download/iphone\" rel=\"nofollow\">Twitter for iPhone</a>"}