{"id": 674267850274541568, "id_str": "674267850274541568", "urls": [], "user": {"geo_enabled": true, "url": "https://t.co/zJXdJtfWvq", "favourites_count": 22761, "profile_sidebar_border_color": "CC3366", "name": "JoMarie in Anchorage", "profile_image_url_https": "https://pbs.twimg.com/profile_images/996863241476231168/uMFSN5eL_normal.jpg", "created_at": "Wed Feb 11 01:31:55 +0000 2009", "screen_name": "JoMarieT", "followers_count": 614, "listed_count": 33, "description": "Alaskan web developer enjoying life, business, romance, family, pets, politics and anything else that catches my interest.", "id_str": "20563285", "lang": "en", "statuses_count": 9567, "profile_sidebar_fill_color": "613411", "location": "Anchorage", "profile_background_image_url": "http://abs.twimg.com/images/themes/theme19/bg.gif", "profile_text_color": "F0CFC0", "profile_banner_url": "https://pbs.twimg.com/profile_banners/20563285/1461880679", "profile_background_color": "FA743E", "id": 20563285, "friends_count": 576, "profile_image_url": "http://pbs.twimg.com/profile_images/996863241476231168/uMFSN5eL_normal.jpg", "profile_background_image_url_https": "https://abs.twimg.com/images/themes/theme19/bg.gif", "profile_link_color": "19CF86"}, "user_mentions": [{"id": 14780915, "screen_name": "RollingStone", "name": "Rolling Stone", "id_str": "14780915"}, {"id": 2964338737, "screen_name": "clsmithAK", "name": "Cindy Smith", "id_str": "2964338737"}], "created_at": "Tue Dec 08 16:42:37 +0000 2015", "in_reply_to_status_id": 674263945172119552, "in_reply_to_user_id": 14780915, "text": "@RollingStone @clsmithAK that puts things into perspective.", "hashtags": [], "lang": "en", "in_reply_to_screen_name": "RollingStone", "favorite_count": 1, "source": "<a href=\"http://twitter.com/download/android\" rel=\"nofollow\">Twitter for Android</a>"}