{"id": 674278011596898304, "id_str": "674278011596898304", "urls": [], "user": {"geo_enabled": true, "location": "Central NY State", "favourites_count": 217479, "profile_sidebar_border_color": "C0DEED", "name": "Beth Neale", "profile_image_url_https": "https://pbs.twimg.com/profile_images/752544445510381568/kPUKudYh_normal.jpg", "created_at": "Wed Sep 16 18:48:55 +0000 2015", "screen_name": "realBethNeale", "default_profile": true, "followers_count": 12321, "listed_count": 36, "description": "Values God, Republic & Family.  Frm sm twn Trustee, Dpty Mayor & Mayor.  Flws politics/society - Wrld, Nat'l, St & local lvl.  Business/Legal/Polit background.", "id_str": "3677594795", "lang": "en", "statuses_count": 268835, "profile_sidebar_fill_color": "DDEEF6", "profile_background_image_url": "http://abs.twimg.com/images/themes/theme1/bg.png", "profile_text_color": "333333", "profile_banner_url": "https://pbs.twimg.com/profile_banners/3677594795/1468255574", "profile_background_color": "C0DEED", "id": 3677594795, "friends_count": 12063, "profile_image_url": "http://pbs.twimg.com/profile_images/752544445510381568/kPUKudYh_normal.jpg", "profile_use_background_image": true, "profile_background_image_url_https": "https://abs.twimg.com/images/themes/theme1/bg.png", "profile_link_color": "1DA1F2"}, "user_mentions": [{"id": 3332044263, "screen_name": "Johnatsrs1949", "name": "Missouri 4 TRUMP !", "id_str": "3332044263"}, {"id": 393190233, "screen_name": "LeahR77", "name": "\ud835\udcdb\ud835\udcee\ud835\udcea\ud835\udcf1 RED WAVE \u271d\ufe0f\ud83c\uddfa\ud83c\uddf8\ud83c\udf35\ud83c\udfb8", "id_str": "393190233"}], "created_at": "Tue Dec 08 17:23:00 +0000 2015", "in_reply_to_status_id": 674014933235859456, "in_reply_to_user_id": 3332044263, "text": "@Johnatsrs1949 @LeahR77 Put pressure on R estab&amp;ProgD's comments on T's words! Don't let them manipulate&amp;twist his meaning!", "hashtags": [], "lang": "en", "in_reply_to_screen_name": "Johnatsrs1949", "source": "<a href=\"http://twitter.com/download/android\" rel=\"nofollow\">Twitter for Android</a>"}