{"id": 674624536457822208, "id_str": "674624536457822208", "urls": [], "user": {"id_str": "2577053906", "url": "https://t.co/L2BeDHPKE3", "favourites_count": 15009, "profile_sidebar_border_color": "C0DEED", "name": "Luigi Warren", "profile_image_url_https": "https://pbs.twimg.com/profile_images/897545566036533248/q4K4u8Fy_normal.jpg", "created_at": "Thu Jun 19 15:29:25 +0000 2014", "screen_name": "luigi_warren", "default_profile": true, "followers_count": 2216, "listed_count": 244, "lang": "en", "statuses_count": 140918, "profile_sidebar_fill_color": "DDEEF6", "location": "Pasadena, CA", "profile_background_image_url": "http://abs.twimg.com/images/themes/theme1/bg.png", "profile_text_color": "333333", "profile_banner_url": "https://pbs.twimg.com/profile_banners/2577053906/1438719085", "profile_background_color": "C0DEED", "id": 2577053906, "friends_count": 2803, "profile_image_url": "http://pbs.twimg.com/profile_images/897545566036533248/q4K4u8Fy_normal.jpg", "profile_use_background_image": true, "profile_background_image_url_https": "https://abs.twimg.com/images/themes/theme1/bg.png", "profile_link_color": "1DA1F2"}, "user_mentions": [{"id": 16343974, "screen_name": "Telegraph", "name": "The Telegraph", "id_str": "16343974"}], "in_reply_to_screen_name": "Telegraph", "created_at": "Wed Dec 09 16:19:58 +0000 2015", "in_reply_to_status_id": 674229534888185856, "in_reply_to_user_id": 16343974, "text": ". @Telegraph How about this one? https://t.co/G71ruv7Zy9", "hashtags": [], "lang": "en", "media": [{"id": 674624535728001024, "display_url": "pic.twitter.com/G71ruv7Zy9", "expanded_url": "https://twitter.com/luigi_warren/status/674624536457822208/photo/1", "url": "https://t.co/G71ruv7Zy9", "media_url": "http://pbs.twimg.com/media/CVy_cODUkAAaIfF.jpg", "type": "photo", "media_url_https": "https://pbs.twimg.com/media/CVy_cODUkAAaIfF.jpg", "sizes": {"small": {"w": 680, "resize": "fit", "h": 457}, "large": {"w": 992, "resize": "fit", "h": 667}, "medium": {"w": 992, "resize": "fit", "h": 667}, "thumb": {"w": 150, "resize": "crop", "h": 150}}}], "favorite_count": 1, "source": "<a href=\"http://twitter.com\" rel=\"nofollow\">Twitter Web Client</a>"}