{"id": 675023582687203328, "id_str": "675023582687203328", "urls": [], "user": {"geo_enabled": true, "location": "Oklahoma City, OK", "favourites_count": 22, "profile_sidebar_border_color": "C0DEED", "name": "Michael Evans", "profile_image_url_https": "https://pbs.twimg.com/profile_images/777734225797578752/TYilzKj5_normal.jpg", "created_at": "Wed Nov 30 04:06:53 +0000 2011", "screen_name": "M_EvansOKC", "default_profile": true, "followers_count": 297, "listed_count": 14, "description": "Mostly just drunk Sooners and Thunder tweets.", "id_str": "424750717", "lang": "en", "statuses_count": 20165, "profile_sidebar_fill_color": "DDEEF6", "profile_background_image_url": "http://abs.twimg.com/images/themes/theme1/bg.png", "profile_text_color": "333333", "profile_banner_url": "https://pbs.twimg.com/profile_banners/424750717/1505181284", "profile_background_color": "C0DEED", "id": 424750717, "friends_count": 173, "profile_image_url": "http://pbs.twimg.com/profile_images/777734225797578752/TYilzKj5_normal.jpg", "profile_use_background_image": true, "profile_background_image_url_https": "https://abs.twimg.com/images/themes/theme1/bg.png", "profile_link_color": "1DA1F2"}, "user_mentions": [{"id": 4012078510, "screen_name": "indian_mann", "name": "Eddie", "id_str": "4012078510"}, {"id": 426802833, "screen_name": "AP_Politics", "name": "AP Politics", "id_str": "426802833"}, {"id": 120295432, "screen_name": "CPAC", "name": "CPAC 2019", "id_str": "120295432"}], "retweet_count": 1, "created_at": "Thu Dec 10 18:45:38 +0000 2015", "in_reply_to_status_id": 675019764255891456, "in_reply_to_user_id": 4012078510, "text": "@indian_mann @AP_Politics @CPAC It took a hour to get my gun... They already do background checks!", "hashtags": [], "lang": "en", "in_reply_to_screen_name": "indian_mann", "favorite_count": 3, "source": "<a href=\"http://twitter.com/download/iphone\" rel=\"nofollow\">Twitter for iPhone</a>"}