{"id": 675020601589911552, "id_str": "675020601589911552", "urls": [], "user": {"id_str": "2285818776", "location": "Roanoke, VA", "favourites_count": 52551, "name": "Bob Cordon", "profile_image_url_https": "https://pbs.twimg.com/profile_images/875829345142657025/nmLVx9BT_normal.jpg", "created_at": "Sat Jan 11 00:06:52 +0000 2014", "screen_name": "costman77", "default_profile": true, "followers_count": 393, "listed_count": 15, "description": "59 years old. Live in Roanoke,Virginia. Proud conservative and Trump supporter", "lang": "en", "statuses_count": 22140, "profile_sidebar_fill_color": "DDEEF6", "profile_background_image_url": "http://abs.twimg.com/images/themes/theme1/bg.png", "profile_text_color": "333333", "profile_sidebar_border_color": "C0DEED", "profile_background_color": "C0DEED", "id": 2285818776, "friends_count": 110, "profile_image_url": "http://pbs.twimg.com/profile_images/875829345142657025/nmLVx9BT_normal.jpg", "profile_use_background_image": true, "profile_background_image_url_https": "https://abs.twimg.com/images/themes/theme1/bg.png", "profile_link_color": "1DA1F2"}, "user_mentions": [{"id": 426802833, "screen_name": "AP_Politics", "name": "AP Politics", "id_str": "426802833"}, {"id": 51241574, "screen_name": "AP", "name": "The Associated Press", "id_str": "51241574"}], "retweet_count": 1, "created_at": "Thu Dec 10 18:33:47 +0000 2015", "in_reply_to_status_id": 675005503160901632, "in_reply_to_user_id": 426802833, "text": "@AP_Politics @AP Heil Ohiltler!", "hashtags": [], "lang": "de", "in_reply_to_screen_name": "AP_Politics", "source": "<a href=\"https://mobile.twitter.com\" rel=\"nofollow\">Twitter Lite</a>"}