{"id": 676067381299576832, "id_str": "676067381299576832", "urls": [{"expanded_url": "http://freebeacon.com/national-security/72-dhs-employees-on-terrorist-watch-list/", "url": "https://t.co/pu8UCWYayJ"}], "user": {"geo_enabled": true, "url": "https://t.co/lnkE5EsSNQ", "favourites_count": 1028, "profile_banner_url": "https://pbs.twimg.com/profile_banners/50769180/1538044975", "name": "Laura Ingraham", "profile_image_url_https": "https://pbs.twimg.com/profile_images/926303888365510656/IHt-GEhl_normal.jpg", "created_at": "Thu Jun 25 21:03:25 +0000 2009", "screen_name": "IngrahamAngle", "followers_count": 2444480, "listed_count": 12053, "description": "Mom, author, TV & Radio Host, The Ingraham Angle 10p ET Fox News, The Laura Ingraham Show, 9 to Noon ET https://t.co/Wu93dyjL6t. Retweets do not = Endorsements", "id_str": "50769180", "lang": "en", "statuses_count": 35787, "profile_sidebar_fill_color": "DDEEF6", "location": "DC", "profile_background_image_url": "http://abs.twimg.com/images/themes/theme1/bg.png", "profile_text_color": "333333", "profile_sidebar_border_color": "FFFFFF", "profile_background_color": "DBE9ED", "id": 50769180, "verified": true, "friends_count": 350, "profile_image_url": "http://pbs.twimg.com/profile_images/926303888365510656/IHt-GEhl_normal.jpg", "profile_use_background_image": true, "profile_background_image_url_https": "https://abs.twimg.com/images/themes/theme1/bg.png", "profile_link_color": "CC3366"}, "source": "<a href=\"http://twitter.com/download/iphone\" rel=\"nofollow\">Twitter for iPhone</a>", "user_mentions": [], "retweet_count": 259, "created_at": "Sun Dec 13 15:53:19 +0000 2015", "text": "72 DHS Employees on Terrorist Watch List - Washington Free Beacon https://t.co/pu8UCWYayJ", "hashtags": [], "lang": "en", "favorite_count": 166}