{"id": 676232966255734784, "id_str": "676232966255734784", "urls": [], "user": {"id_str": "3103783440", "favourites_count": 4, "name": "My Info", "profile_image_url_https": "https://abs.twimg.com/sticky/default_profile_images/default_profile_normal.png", "created_at": "Sun Mar 22 22:29:46 +0000 2015", "screen_name": "rhstrauch1", "default_profile": true, "followers_count": 3, "lang": "en", "statuses_count": 111, "profile_sidebar_fill_color": "DDEEF6", "default_profile_image": true, "profile_background_image_url": "http://abs.twimg.com/images/themes/theme1/bg.png", "profile_text_color": "333333", "profile_sidebar_border_color": "C0DEED", "profile_background_color": "C0DEED", "id": 3103783440, "friends_count": 25, "profile_image_url": "http://abs.twimg.com/sticky/default_profile_images/default_profile_normal.png", "profile_use_background_image": true, "profile_background_image_url_https": "https://abs.twimg.com/images/themes/theme1/bg.png", "profile_link_color": "1DA1F2"}, "user_mentions": [{"id": 392681212, "screen_name": "Dymodon", "name": "Donald", "id_str": "392681212"}, {"id": 50769180, "screen_name": "IngrahamAngle", "name": "Laura Ingraham", "id_str": "50769180"}, {"id": 26528766, "screen_name": "kyleraccio", "name": "Kyle Raccio", "id_str": "26528766"}], "created_at": "Mon Dec 14 02:51:17 +0000 2015", "in_reply_to_status_id": 676146099418198021, "in_reply_to_user_id": 392681212, "text": "@Dymodon @IngrahamAngle @kyleraccio  I agree.", "hashtags": [], "lang": "en", "in_reply_to_screen_name": "Dymodon", "source": "<a href=\"http://twitter.com/download/android\" rel=\"nofollow\">Twitter for Android</a>"}