{"id": 678547902998978561, "id_str": "678547902998978561", "urls": [], "user": {"id_str": "1053182869", "url": "https://t.co/jy73A1mtHI", "favourites_count": 2712, "profile_sidebar_border_color": "FFFFFF", "name": "\u2235sophie\u2235", "profile_image_url_https": "https://pbs.twimg.com/profile_images/674662198065692672/EemTQF8Y_normal.jpg", "created_at": "Tue Jan 01 18:16:51 +0000 2013", "screen_name": "_SOOOPHIEE", "followers_count": 332, "lang": "en", "statuses_count": 2964, "profile_background_tile": true, "profile_sidebar_fill_color": "DDEEF6", "profile_background_image_url": "http://abs.twimg.com/images/themes/theme1/bg.png", "profile_text_color": "333333", "profile_banner_url": "https://pbs.twimg.com/profile_banners/1053182869/1454268206", "profile_background_color": "C0DEED", "id": 1053182869, "friends_count": 533, "profile_image_url": "http://pbs.twimg.com/profile_images/674662198065692672/EemTQF8Y_normal.jpg", "profile_use_background_image": true, "profile_background_image_url_https": "https://abs.twimg.com/images/themes/theme1/bg.png", "profile_link_color": "0084B4"}, "user_mentions": [{"id": 986745014326788096, "screen_name": "Gotham3", "name": "Gotham", "id_str": "986745014326788096"}, {"id": 1498867105, "screen_name": "leighadickers0n", "name": "leigha", "id_str": "1498867105"}], "created_at": "Sun Dec 20 12:10:01 +0000 2015", "in_reply_to_status_id": 678546967337680896, "in_reply_to_user_id": 126903716, "text": "@Gotham3 @leighadickers0n we can user this as an example for the teleological argument", "hashtags": [], "lang": "en", "in_reply_to_screen_name": "KaptanHindustan", "source": "<a href=\"http://twitter.com/#!/download/ipad\" rel=\"nofollow\">Twitter for iPad</a>"}