{"id": 681147789653356544, "id_str": "681147789653356544", "urls": [{"expanded_url": "http://dlvr.it/D6gy61", "url": "https://t.co/8pQXY5dTix"}], "user": {"profile_text_color": "000000", "id_str": "16331010", "url": "https://t.co/WFmNNP7hvg", "listed_count": 21549, "profile_banner_url": "https://pbs.twimg.com/profile_banners/16331010/1465917868", "name": "TMZ", "profile_image_url_https": "https://pbs.twimg.com/profile_images/948698715220410368/EkNILtvi_normal.jpg", "created_at": "Wed Sep 17 15:50:22 +0000 2008", "screen_name": "TMZ", "followers_count": 4818576, "description": "TMZ has consistently been credited for breaking the biggest stories dominating the entertainment news landscape and changing the way the public gets their news.", "lang": "en", "statuses_count": 227625, "profile_sidebar_fill_color": "000000", "location": "Los Angeles, CA", "profile_background_image_url": "http://abs.twimg.com/images/themes/theme9/bg.gif", "favourites_count": 1014, "profile_sidebar_border_color": "000000", "profile_background_color": "1A1B1F", "id": 16331010, "verified": true, "friends_count": 903, "profile_image_url": "http://pbs.twimg.com/profile_images/948698715220410368/EkNILtvi_normal.jpg", "profile_use_background_image": true, "profile_background_image_url_https": "https://abs.twimg.com/images/themes/theme9/bg.gif", "profile_link_color": "FF1A1A"}, "source": "<a href=\"https://dlvrit.com/\" rel=\"nofollow\">dlvr.it</a>", "user_mentions": [], "retweet_count": 291, "created_at": "Sun Dec 27 16:21:02 +0000 2015", "text": "Katy Perry -- Makes Holiday Wish Come True for Burn Victim https://t.co/8pQXY5dTix", "hashtags": [], "lang": "en", "favorite_count": 419}