{"id": 681286747691560960, "id_str": "681286747691560960", "urls": [], "user": {"profile_text_color": "000000", "id_str": "734425814", "favourites_count": 36360, "profile_sidebar_border_color": "000000", "name": "Ahmjus Ay'n: StableAsAllGetout! GETOUTNOW!!", "profile_image_url_https": "https://pbs.twimg.com/profile_images/3059244679/c54af553e1b26bde82c1a451a072e800_normal.jpeg", "created_at": "Fri Aug 03 07:59:26 +0000 2012", "screen_name": "CallMeAhmjusAyn", "followers_count": 1565, "description": "The variety of humanity fascinates. Rise above ignorance, goose the apathetic. History boomerangs. Remember the Dachau Dems. Obama, my captain.", "lang": "en", "statuses_count": 62905, "profile_sidebar_fill_color": "000000", "profile_background_image_url": "http://abs.twimg.com/images/themes/theme1/bg.png", "listed_count": 143, "profile_banner_url": "https://pbs.twimg.com/profile_banners/734425814/1538861516", "profile_background_color": "000000", "id": 734425814, "friends_count": 3206, "profile_image_url": "http://pbs.twimg.com/profile_images/3059244679/c54af553e1b26bde82c1a451a072e800_normal.jpeg", "profile_background_image_url_https": "https://abs.twimg.com/images/themes/theme1/bg.png", "profile_link_color": "91D2FA"}, "user_mentions": [{"id": 7309052, "screen_name": "YahooNews", "name": "Yahoo News", "id_str": "7309052"}], "created_at": "Mon Dec 28 01:33:13 +0000 2015", "in_reply_to_status_id": 681199637387149313, "in_reply_to_user_id": 7309052, "text": "@yahoonews \"Like the pine trees lining the winding road - I've got a name...\"", "hashtags": [], "lang": "en", "in_reply_to_screen_name": "YahooNews", "source": "<a href=\"http://mobile.twitter.com\" rel=\"nofollow\">Mobile Web</a>"}