{"id": 681200714404638720, "id_str": "681200714404638720", "urls": [], "user": {"profile_text_color": "333333", "id_str": "3312105459", "favourites_count": 30, "name": "WillyWonky", "profile_image_url_https": "https://pbs.twimg.com/profile_images/607605264951463937/DTkxKdiF_normal.jpg", "created_at": "Sun Jun 07 17:46:08 +0000 2015", "screen_name": "WillyWonky6", "default_profile": true, "followers_count": 21, "description": "this is for me, not for my two followers", "lang": "en", "statuses_count": 2289, "profile_sidebar_fill_color": "DDEEF6", "profile_background_image_url": "http://abs.twimg.com/images/themes/theme1/bg.png", "listed_count": 1, "profile_sidebar_border_color": "C0DEED", "profile_background_color": "C0DEED", "id": 3312105459, "friends_count": 3, "profile_image_url": "http://pbs.twimg.com/profile_images/607605264951463937/DTkxKdiF_normal.jpg", "profile_use_background_image": true, "profile_background_image_url_https": "https://abs.twimg.com/images/themes/theme1/bg.png", "profile_link_color": "1DA1F2"}, "user_mentions": [{"id": 7309052, "screen_name": "YahooNews", "name": "Yahoo News", "id_str": "7309052"}, {"id": 17503180, "screen_name": "marissamayer", "name": "marissamayer", "id_str": "17503180"}], "retweet_count": 3, "created_at": "Sun Dec 27 19:51:21 +0000 2015", "in_reply_to_status_id": 681199637387149313, "in_reply_to_user_id": 7309052, "text": "@YahooNews oh yeah that nameless actress from wedding crashers it's funny that she has no name hm @marissamayer", "hashtags": [], "lang": "en", "in_reply_to_screen_name": "YahooNews", "favorite_count": 19, "source": "<a href=\"http://twitter.com/download/iphone\" rel=\"nofollow\">Twitter for iPhone</a>"}