{"id": 681280561084764160, "id_str": "681280561084764160", "urls": [], "user": {"id_str": "804379177", "location": "Australia", "favourites_count": 14115, "profile_sidebar_border_color": "FFFFFF", "name": "Destroy The Joint", "profile_image_url_https": "https://pbs.twimg.com/profile_images/823021623905173505/appNYa20_normal.jpg", "profile_link_color": "0084B4", "screen_name": "JointDestroyer", "followers_count": 22231, "listed_count": 268, "description": "#destroythejoint is a call to arms for Australians seeking gender equality & civil discourse. FB community at: https://t.co/4IIVePAISS", "created_at": "Wed Sep 05 11:08:29 +0000 2012", "lang": "en", "profile_background_tile": true, "profile_sidebar_fill_color": "DDEEF6", "profile_background_image_url": "http://abs.twimg.com/images/themes/theme1/bg.png", "profile_text_color": "333333", "profile_banner_url": "https://pbs.twimg.com/profile_banners/804379177/1356995627", "profile_background_color": "C0DEED", "id": 804379177, "friends_count": 3740, "profile_image_url": "http://pbs.twimg.com/profile_images/823021623905173505/appNYa20_normal.jpg", "profile_use_background_image": true, "profile_background_image_url_https": "https://abs.twimg.com/images/themes/theme1/bg.png", "statuses_count": 19321}, "user_mentions": [{"id": 7309052, "screen_name": "YahooNews", "name": "Yahoo News", "id_str": "7309052"}], "retweet_count": 4, "in_reply_to_screen_name": "YahooNews", "created_at": "Mon Dec 28 01:08:38 +0000 2015", "in_reply_to_status_id": 681199637387149313, "in_reply_to_user_id": 7309052, "text": "@YahooNews please delete your tweet and start over. Her name is not \"Wife\". #everydaysexism #IslaFisher https://t.co/7Ieam6mBF4", "hashtags": [{"text": "everydaysexism"}, {"text": "IslaFisher"}], "lang": "en", "media": [{"id": 681280547386187776, "display_url": "pic.twitter.com/7Ieam6mBF4", "expanded_url": "https://twitter.com/JointDestroyer/status/681280561084764160/photo/1", "url": "https://t.co/7Ieam6mBF4", "media_url": "http://pbs.twimg.com/media/CXRlDFtWYAAFv9O.jpg", "type": "photo", "media_url_https": "https://pbs.twimg.com/media/CXRlDFtWYAAFv9O.jpg", "sizes": {"small": {"w": 524, "resize": "fit", "h": 680}, "large": {"w": 750, "resize": "fit", "h": 974}, "medium": {"w": 750, "resize": "fit", "h": 974}, "thumb": {"w": 150, "resize": "crop", "h": 150}}}], "favorite_count": 13, "source": "<a href=\"http://twitter.com/download/iphone\" rel=\"nofollow\">Twitter for iPhone</a>"}