{"id": 681289744387543040, "id_str": "681289744387543040", "urls": [], "user": {"profile_text_color": "333333", "id_str": "833334715", "favourites_count": 2920, "name": "A. Rose", "profile_image_url_https": "https://pbs.twimg.com/profile_images/420914296483110912/1e3kMSNA_normal.png", "created_at": "Wed Sep 19 13:28:47 +0000 2012", "screen_name": "AshRoKoe", "followers_count": 23, "description": "I'm here for the WOSO tweets!", "lang": "en", "statuses_count": 1333, "profile_sidebar_fill_color": "E6F6F9", "profile_background_image_url": "http://abs.twimg.com/images/themes/theme17/bg.gif", "listed_count": 2, "profile_sidebar_border_color": "FFFFFF", "profile_background_color": "6DC3DB", "id": 833334715, "friends_count": 86, "profile_image_url": "http://pbs.twimg.com/profile_images/420914296483110912/1e3kMSNA_normal.png", "profile_use_background_image": true, "profile_background_image_url_https": "https://abs.twimg.com/images/themes/theme17/bg.gif", "profile_link_color": "CC3366"}, "user_mentions": [{"id": 7309052, "screen_name": "YahooNews", "name": "Yahoo News", "id_str": "7309052"}], "created_at": "Mon Dec 28 01:45:07 +0000 2015", "in_reply_to_status_id": 681199637387149313, "in_reply_to_user_id": 7309052, "text": "@YahooNews A celebrity couple donates $1 million to charity and the news gives more props to husband.  Shame shame shame...\ud83d\ude24", "hashtags": [], "lang": "en", "in_reply_to_screen_name": "YahooNews", "source": "<a href=\"http://twitter.com/download/iphone\" rel=\"nofollow\">Twitter for iPhone</a>"}