{"id": 682998127977185281, "id_str": "682998127977185281", "urls": [], "user": {"id_str": "4186804635", "favourites_count": 101, "profile_sidebar_border_color": "C0DEED", "name": "Rahma Ragab", "profile_image_url_https": "https://pbs.twimg.com/profile_images/812793068386664457/aSpWAB3N_normal.jpg", "created_at": "Sat Nov 14 14:12:19 +0000 2015", "screen_name": "RagabRahragab", "default_profile": true, "followers_count": 9, "lang": "en", "statuses_count": 88, "profile_sidebar_fill_color": "DDEEF6", "profile_background_image_url": "http://abs.twimg.com/images/themes/theme1/bg.png", "profile_text_color": "333333", "profile_banner_url": "https://pbs.twimg.com/profile_banners/4186804635/1477517864", "profile_background_color": "C0DEED", "id": 4186804635, "friends_count": 69, "profile_image_url": "http://pbs.twimg.com/profile_images/812793068386664457/aSpWAB3N_normal.jpg", "profile_use_background_image": true, "profile_background_image_url_https": "https://abs.twimg.com/images/themes/theme1/bg.png", "profile_link_color": "1DA1F2"}, "user_mentions": [{"id": 14138785, "screen_name": "TelegraphNews", "name": "Telegraph Breaking News", "id_str": "14138785"}], "created_at": "Fri Jan 01 18:53:37 +0000 2016", "in_reply_to_status_id": 682996350909157376, "in_reply_to_user_id": 14138785, "text": "@TelegraphNews looks similars", "hashtags": [], "lang": "en", "in_reply_to_screen_name": "TelegraphNews", "source": "<a href=\"http://twitter.com\" rel=\"nofollow\">Twitter Web Client</a>"}