{"id": 682965305526714370, "id_str": "682965305526714370", "urls": [], "user": {"id_str": "82967245", "location": "cruzeiro-SP-Brazil", "favourites_count": 55324, "name": "Luiz Paulo S Cruz", "profile_image_url_https": "https://pbs.twimg.com/profile_images/627596298657603584/3SP-L8bP_normal.jpg", "created_at": "Fri Oct 16 20:36:15 +0000 2009", "screen_name": "luizpsc", "default_profile": true, "followers_count": 149, "listed_count": 17, "lang": "pt", "statuses_count": 37196, "profile_sidebar_fill_color": "DDEEF6", "profile_background_image_url": "http://abs.twimg.com/images/themes/theme1/bg.png", "profile_text_color": "333333", "profile_sidebar_border_color": "C0DEED", "profile_background_color": "C0DEED", "id": 82967245, "friends_count": 847, "profile_image_url": "http://pbs.twimg.com/profile_images/627596298657603584/3SP-L8bP_normal.jpg", "profile_use_background_image": true, "profile_background_image_url_https": "https://abs.twimg.com/images/themes/theme1/bg.png", "profile_link_color": "1DA1F2"}, "user_mentions": [{"id": 1110304542, "screen_name": "RJThurston91", "name": "Rob Thurston", "id_str": "1110304542"}, {"id": 788524, "screen_name": "guardiannews", "name": "Guardian news", "id_str": "788524"}], "created_at": "Fri Jan 01 16:43:12 +0000 2016", "in_reply_to_status_id": 682917648070500354, "in_reply_to_user_id": 1110304542, "text": "@RJThurston91 @guardiannews I may be dead wrong, but maybe is to appeal to casual facists who don\u00b4t khow too much, i saw people here+", "hashtags": [], "lang": "en", "in_reply_to_screen_name": "RJThurston91", "source": "<a href=\"https://about.twitter.com/products/tweetdeck\" rel=\"nofollow\">TweetDeck</a>"}