{"id": 683009308104220672, "id_str": "683009308104220672", "urls": [], "user": {"id_str": "924002232", "url": "http://t.co/mY8nPAH5vh", "favourites_count": 27449, "profile_sidebar_border_color": "C0DEED", "name": "Leon J Williams #FBPE", "profile_image_url_https": "https://pbs.twimg.com/profile_images/984443201003008001/HYCQHcYH_normal.jpg", "created_at": "Sat Nov 03 20:49:29 +0000 2012", "screen_name": "leonjwilliams", "default_profile": true, "followers_count": 388, "listed_count": 18, "description": "European Federalist", "lang": "en", "statuses_count": 10829, "profile_sidebar_fill_color": "DDEEF6", "location": "Europe", "profile_background_image_url": "http://abs.twimg.com/images/themes/theme1/bg.png", "profile_text_color": "333333", "profile_banner_url": "https://pbs.twimg.com/profile_banners/924002232/1485506875", "profile_background_color": "C0DEED", "id": 924002232, "friends_count": 305, "profile_image_url": "http://pbs.twimg.com/profile_images/984443201003008001/HYCQHcYH_normal.jpg", "profile_use_background_image": true, "profile_background_image_url_https": "https://abs.twimg.com/images/themes/theme1/bg.png", "profile_link_color": "1DA1F2"}, "user_mentions": [{"id": 14138785, "screen_name": "TelegraphNews", "name": "Telegraph Breaking News", "id_str": "14138785"}, {"id": 157981564, "screen_name": "EU_Commission", "name": "European Commission \ud83c\uddea\ud83c\uddfa", "id_str": "157981564"}], "created_at": "Fri Jan 01 19:38:03 +0000 2016", "in_reply_to_status_id": 682996350909157376, "in_reply_to_user_id": 14138785, "text": "@TelegraphNews @UniteKurdistan Tayyip is and always has been a maniac. He's already set Turkey back decades! @EU_Commission", "hashtags": [], "lang": "en", "in_reply_to_screen_name": "TelegraphNews", "source": "<a href=\"http://twitter.com\" rel=\"nofollow\">Twitter Web Client</a>"}