{"id": 683001350800674818, "id_str": "683001350800674818", "urls": [], "user": {"id_str": "3032291122", "location": "T\u00fcrkiye", "favourites_count": 39909, "profile_sidebar_border_color": "000000", "name": "Arizona antartika", "profile_image_url_https": "https://pbs.twimg.com/profile_images/1046010608422932480/jEwihBQa_normal.jpg", "created_at": "Thu Feb 12 08:53:14 +0000 2015", "screen_name": "3560Eser", "followers_count": 981, "listed_count": 12, "description": "Lover of life..Nature.Science.Teaching.Live to https://t.co/KqHF458Kab to live a HuMANITY end love my Relig\u0131on man like swimming  travelling holiday  reading", "lang": "tr", "statuses_count": 28793, "profile_sidebar_fill_color": "000000", "profile_background_image_url": "http://abs.twimg.com/images/themes/theme1/bg.png", "profile_text_color": "000000", "profile_banner_url": "https://pbs.twimg.com/profile_banners/3032291122/1531704529", "profile_background_color": "000000", "id": 3032291122, "friends_count": 2247, "profile_image_url": "http://pbs.twimg.com/profile_images/1046010608422932480/jEwihBQa_normal.jpg", "profile_background_image_url_https": "https://abs.twimg.com/images/themes/theme1/bg.png", "profile_link_color": "1B95E0"}, "user_mentions": [{"id": 14138785, "screen_name": "TelegraphNews", "name": "Telegraph Breaking News", "id_str": "14138785"}, {"id": 62263092, "screen_name": "SevimGozay", "name": "Sevim G\u00f6zay", "id_str": "62263092"}], "created_at": "Fri Jan 01 19:06:26 +0000 2016", "in_reply_to_status_id": 682996350909157376, "in_reply_to_user_id": 14138785, "text": "@TelegraphNews @SevimGozay hitlerin b\u0131y\u0131g\u0131 day\u0131m\u0131n b\u0131y\u0131g\u0131 gibi aynen", "hashtags": [], "lang": "tr", "in_reply_to_screen_name": "TelegraphNews", "source": "<a href=\"http://twitter.com\" rel=\"nofollow\">Twitter Web Client</a>"}