{"id": 687421275548069888, "id_str": "687421275548069888", "urls": [], "user": {"profile_text_color": "000000", "id_str": "3281814096", "favourites_count": 6514, "profile_sidebar_border_color": "000000", "name": "Queer Witch", "profile_image_url_https": "https://pbs.twimg.com/profile_images/666671466683871232/WKJakTjo_normal.jpg", "created_at": "Thu Jul 16 21:06:28 +0000 2015", "screen_name": "puck1008", "followers_count": 86, "description": "Queer af. Disabled. Neurodivergent. Pronouns: she/her, they/their.", "lang": "en", "statuses_count": 14765, "profile_sidebar_fill_color": "000000", "profile_background_image_url": "http://abs.twimg.com/images/themes/theme1/bg.png", "listed_count": 10, "profile_banner_url": "https://pbs.twimg.com/profile_banners/3281814096/1499379953", "profile_background_color": "000000", "id": 3281814096, "friends_count": 216, "profile_image_url": "http://pbs.twimg.com/profile_images/666671466683871232/WKJakTjo_normal.jpg", "profile_background_image_url_https": "https://abs.twimg.com/images/themes/theme1/bg.png", "profile_link_color": "9266CC"}, "user_mentions": [{"id": 8936082, "screen_name": "Gawker", "name": "Gawker", "id_str": "8936082"}, {"id": 28049003, "screen_name": "GreatDismal", "name": "William Gibson", "id_str": "28049003"}], "created_at": "Wed Jan 13 23:49:38 +0000 2016", "in_reply_to_status_id": 687409983139495939, "in_reply_to_user_id": 8936082, "text": "@Gawker @GreatDismal You know nothing Nikki Haley.", "hashtags": [], "lang": "en", "in_reply_to_screen_name": "Gawker", "source": "<a href=\"http://twitter.com\" rel=\"nofollow\">Twitter Web Client</a>"}