{"id": 687643732255047680, "id_str": "687643732255047680", "urls": [], "user": {"geo_enabled": true, "favourites_count": 30075, "name": "Derrick Gray", "profile_image_url_https": "https://pbs.twimg.com/profile_images/646750282857218048/UGCtXAEr_normal.jpg", "created_at": "Tue Sep 22 17:54:45 +0000 2015", "screen_name": "derrickg745", "default_profile": true, "followers_count": 962, "listed_count": 6, "description": "Poetical dissident.", "id_str": "3741196828", "lang": "en", "statuses_count": 43579, "profile_sidebar_fill_color": "DDEEF6", "profile_background_image_url": "http://abs.twimg.com/images/themes/theme1/bg.png", "profile_text_color": "333333", "profile_sidebar_border_color": "C0DEED", "profile_background_color": "C0DEED", "id": 3741196828, "friends_count": 1144, "profile_image_url": "http://pbs.twimg.com/profile_images/646750282857218048/UGCtXAEr_normal.jpg", "profile_use_background_image": true, "profile_background_image_url_https": "https://abs.twimg.com/images/themes/theme1/bg.png", "profile_link_color": "1DA1F2"}, "user_mentions": [{"id": 5402612, "screen_name": "BBCBreaking", "name": "BBC Breaking News", "id_str": "5402612"}, {"id": 612473, "screen_name": "BBCNews", "name": "BBC News (UK)", "id_str": "612473"}, {"id": 3741196828, "screen_name": "derrickg745", "name": "Derrick Gray", "id_str": "3741196828"}], "created_at": "Thu Jan 14 14:33:36 +0000 2016", "in_reply_to_status_id": 687643002240679936, "in_reply_to_user_id": 5402612, "text": "@BBCBreaking @BBCNews @derrickg745 watching press conference on the Olympics you think this is more important you're a load of jokers.", "hashtags": [], "lang": "en", "in_reply_to_screen_name": "BBCBreaking", "favorite_count": 1, "source": "<a href=\"http://twitter.com/download/android\" rel=\"nofollow\">Twitter for Android</a>"}