{"id": 688116293820522497, "id_str": "688116293820522497", "urls": [], "user": {"id_str": "3376625173", "url": "https://t.co/dUDIgghu9o", "favourites_count": 117, "profile_sidebar_border_color": "C0DEED", "name": "Michelle Douglas", "profile_image_url_https": "https://pbs.twimg.com/profile_images/676008822259843073/zAPBEYMT_normal.jpg", "created_at": "Sat Aug 29 01:46:09 +0000 2015", "screen_name": "respect4douglas", "default_profile": true, "followers_count": 33, "description": "Cool,down 2 earth chick that loves barcelona football team family and dean ambrose jmmy fallon..#respect", "lang": "en", "statuses_count": 319, "profile_sidebar_fill_color": "DDEEF6", "location": "Trinidad and Tobago", "profile_background_image_url": "http://abs.twimg.com/images/themes/theme1/bg.png", "profile_text_color": "333333", "profile_banner_url": "https://pbs.twimg.com/profile_banners/3376625173/1440813363", "profile_background_color": "C0DEED", "id": 3376625173, "friends_count": 182, "profile_image_url": "http://pbs.twimg.com/profile_images/676008822259843073/zAPBEYMT_normal.jpg", "profile_use_background_image": true, "profile_background_image_url_https": "https://abs.twimg.com/images/themes/theme1/bg.png", "profile_link_color": "1DA1F2"}, "user_mentions": [{"id": 725665248280236032, "screen_name": "eonline", "name": "E! Online", "id_str": "725665248280236032"}], "created_at": "Fri Jan 15 21:51:23 +0000 2016", "in_reply_to_status_id": 687984820815851521, "in_reply_to_user_id": 2883841, "text": "@eonline jeez this man has a gorgeous smile...#DAMN!!", "hashtags": [{"text": "DAMN"}], "lang": "en", "in_reply_to_screen_name": "enews", "source": "<a href=\"http://twitter.com/download/android\" rel=\"nofollow\">Twitter for Android</a>"}