{"id": 688369472172855297, "id_str": "688369472172855297", "urls": [], "user": {"geo_enabled": true, "url": "https://t.co/SpjPNghNI7", "favourites_count": 35541, "profile_sidebar_border_color": "000000", "name": "Scott A.W. Brown", "profile_image_url_https": "https://pbs.twimg.com/profile_images/985718442362920961/nN2qan05_normal.jpg", "created_at": "Thu Nov 17 15:32:15 +0000 2011", "screen_name": "Scott_AW_Brown", "followers_count": 1227, "listed_count": 33, "description": "IR Lecturer @dundeeuni. Usual disclaimer re: views, RTs, follows, etc. Research on EU-US-China relations via IR/FPA. Tweeting mostly nonsense.", "id_str": "414853156", "lang": "en", "statuses_count": 31722, "profile_sidebar_fill_color": "000000", "location": "Ayr, Scotland", "profile_background_image_url": "http://abs.twimg.com/images/themes/theme1/bg.png", "profile_text_color": "000000", "profile_banner_url": "https://pbs.twimg.com/profile_banners/414853156/1514825797", "profile_background_color": "000000", "id": 414853156, "friends_count": 3653, "profile_image_url": "http://pbs.twimg.com/profile_images/985718442362920961/nN2qan05_normal.jpg", "profile_background_image_url_https": "https://abs.twimg.com/images/themes/theme1/bg.png", "profile_link_color": "4A913C"}, "user_mentions": [{"id": 5402612, "screen_name": "BBCBreaking", "name": "BBC Breaking News", "id_str": "5402612"}, {"id": 19346439, "screen_name": "LouiseMensch", "name": "Louise Mensch", "id_str": "19346439"}], "created_at": "Sat Jan 16 14:37:26 +0000 2016", "in_reply_to_status_id": 688366079396163584, "in_reply_to_user_id": 5402612, "text": ".@BBCBreaking @LouiseMensch airstrikes now, or...?", "hashtags": [], "lang": "en", "in_reply_to_screen_name": "BBCBreaking", "favorite_count": 2, "source": "<a href=\"https://about.twitter.com/products/tweetdeck\" rel=\"nofollow\">TweetDeck</a>"}