{"id": 688419673847803905, "id_str": "688419673847803905", "urls": [], "user": {"geo_enabled": true, "location": "New York , Florida", "favourites_count": 1651, "name": "Tony Caruso", "profile_image_url_https": "https://pbs.twimg.com/profile_images/1744294446/image_normal.jpg", "created_at": "Tue Dec 13 16:19:27 +0000 2011", "screen_name": "caruso_TC", "default_profile": true, "followers_count": 153, "listed_count": 24, "description": "Managing Director - Wealth Management focus on HNW clients staying out of NY Winters!", "id_str": "435940437", "lang": "en", "statuses_count": 11648, "profile_sidebar_fill_color": "DDEEF6", "profile_background_image_url": "http://abs.twimg.com/images/themes/theme1/bg.png", "profile_text_color": "333333", "profile_sidebar_border_color": "C0DEED", "profile_background_color": "C0DEED", "id": 435940437, "friends_count": 296, "profile_image_url": "http://pbs.twimg.com/profile_images/1744294446/image_normal.jpg", "profile_use_background_image": true, "profile_background_image_url_https": "https://abs.twimg.com/images/themes/theme1/bg.png", "profile_link_color": "1DA1F2"}, "user_mentions": [{"id": 3855953793, "screen_name": "dougmmcrae", "name": "Douglas M. McRae", "id_str": "3855953793"}, {"id": 5402612, "screen_name": "BBCBreaking", "name": "BBC Breaking News", "id_str": "5402612"}, {"id": 612473, "screen_name": "BBCNews", "name": "BBC News (UK)", "id_str": "612473"}, {"id": 25073877, "screen_name": "realDonaldTrump", "name": "Donald J. Trump", "id_str": "25073877"}, {"id": 23022687, "screen_name": "tedcruz", "name": "Ted Cruz", "id_str": "23022687"}, {"id": 15745368, "screen_name": "marcorubio", "name": "Marco Rubio", "id_str": "15745368"}], "created_at": "Sat Jan 16 17:56:55 +0000 2016", "in_reply_to_status_id": 688367140471177216, "in_reply_to_user_id": 3855953793, "text": "@dougmmcrae @BBCBreaking @BBCNews @realDonaldTrump @tedcruz @marcorubio glad they're free but Obama, Kerry get out played AGAIN! #IransTerms", "hashtags": [{"text": "IransTerms"}], "lang": "en", "in_reply_to_screen_name": "dougmmcrae", "source": "<a href=\"http://twitter.com/download/iphone\" rel=\"nofollow\">Twitter for iPhone</a>"}