{"id": 688751911093284865, "id_str": "688751911093284865", "urls": [], "user": {"profile_text_color": "333333", "id_str": "162396025", "favourites_count": 2, "profile_sidebar_border_color": "C0DEED", "name": "The Barber", "profile_image_url_https": "https://pbs.twimg.com/profile_images/669876127230464000/rkO9SAKQ_normal.jpg", "created_at": "Sat Jul 03 14:47:50 +0000 2010", "screen_name": "Barber2910", "default_profile": true, "followers_count": 74, "lang": "en", "statuses_count": 11278, "profile_sidebar_fill_color": "DDEEF6", "profile_background_image_url": "http://abs.twimg.com/images/themes/theme1/bg.png", "listed_count": 2, "profile_banner_url": "https://pbs.twimg.com/profile_banners/162396025/1464620872", "profile_background_color": "C0DEED", "id": 162396025, "friends_count": 270, "profile_image_url": "http://pbs.twimg.com/profile_images/669876127230464000/rkO9SAKQ_normal.jpg", "profile_use_background_image": true, "profile_background_image_url_https": "https://abs.twimg.com/images/themes/theme1/bg.png", "profile_link_color": "1DA1F2"}, "user_mentions": [{"id": 822215673812119553, "screen_name": "WhiteHouse", "name": "The White House", "id_str": "822215673812119553"}, {"id": 822215679726100480, "screen_name": "POTUS", "name": "President Trump", "id_str": "822215679726100480"}], "created_at": "Sun Jan 17 15:57:06 +0000 2016", "in_reply_to_status_id": 688751061503442944, "in_reply_to_user_id": 30313925, "text": "@WhiteHouse @POTUS lies", "hashtags": [], "lang": "en", "in_reply_to_screen_name": "ObamaWhiteHouse", "favorite_count": 2, "source": "<a href=\"http://twitter.com/download/iphone\" rel=\"nofollow\">Twitter for iPhone</a>"}