{"id": 688770423484473345, "id_str": "688770423484473345", "urls": [], "user": {"geo_enabled": true, "url": "https://t.co/lzKpoW33WM", "favourites_count": 1278, "profile_sidebar_border_color": "BDDCAD", "name": "Manish Sinha", "profile_image_url_https": "https://pbs.twimg.com/profile_images/491393969989746691/NJSqhjtH_normal.jpeg", "created_at": "Sat Dec 08 16:40:47 +0000 2007", "screen_name": "m4n1sh", "followers_count": 800, "listed_count": 43, "description": "Opinions are mine and do not represent the views of my employer (unless mentioned otherwise)", "id_str": "10973602", "lang": "en", "statuses_count": 31861, "profile_sidebar_fill_color": "DDFFCC", "location": "Boston, MA", "profile_background_image_url": "http://abs.twimg.com/images/themes/theme16/bg.gif", "profile_text_color": "333333", "profile_banner_url": "https://pbs.twimg.com/profile_banners/10973602/1454907103", "profile_background_color": "9AE4E8", "id": 10973602, "friends_count": 215, "profile_image_url": "http://pbs.twimg.com/profile_images/491393969989746691/NJSqhjtH_normal.jpeg", "profile_use_background_image": true, "profile_background_image_url_https": "https://abs.twimg.com/images/themes/theme16/bg.gif", "profile_link_color": "0084B4"}, "user_mentions": [{"id": 384094648, "screen_name": "sammyalharthi", "name": "s\u03b1\u043ci \u03b1\u2113\u043d\u03b1\u044f\u0442\u043di | \u2022", "id_str": "384094648"}], "created_at": "Sun Jan 17 17:10:40 +0000 2016", "in_reply_to_status_id": 688744538677063680, "in_reply_to_user_id": 384094648, "text": "@sammyalharthi you mean Saudi Arabia is the biggest exporter of terrorism", "hashtags": [], "lang": "en", "in_reply_to_screen_name": "sammyalharthi", "favorite_count": 3, "source": "<a href=\"http://twitter.com/download/iphone\" rel=\"nofollow\">Twitter for iPhone</a>"}