{"id": 688763174481440769, "id_str": "688763174481440769", "urls": [], "user": {"geo_enabled": true, "favourites_count": 13390, "profile_sidebar_border_color": "C0DEED", "name": "Dave Niedzwiecki", "profile_image_url_https": "https://pbs.twimg.com/profile_images/833855630041546754/BUctDY8R_normal.jpg", "created_at": "Wed Jun 06 16:12:58 +0000 2012", "screen_name": "DavidNiedzwieck", "default_profile": true, "followers_count": 210, "listed_count": 4, "description": "Trust, Truth & Honesty \nDetermines Your Character\nKnow Who Your Real Friends Are\nRun Over Hurdles !\nKeep Trying Don't Ever Give Up\nLive - Love - Laugh \nEveryday", "id_str": "601090816", "lang": "en", "statuses_count": 15421, "profile_sidebar_fill_color": "DDEEF6", "profile_background_image_url": "http://abs.twimg.com/images/themes/theme1/bg.png", "profile_text_color": "333333", "profile_banner_url": "https://pbs.twimg.com/profile_banners/601090816/1427298664", "profile_background_color": "C0DEED", "id": 601090816, "friends_count": 387, "profile_image_url": "http://pbs.twimg.com/profile_images/833855630041546754/BUctDY8R_normal.jpg", "profile_use_background_image": true, "profile_background_image_url_https": "https://abs.twimg.com/images/themes/theme1/bg.png", "profile_link_color": "1DA1F2"}, "user_mentions": [{"id": 822215673812119553, "screen_name": "WhiteHouse", "name": "The White House", "id_str": "822215673812119553"}, {"id": 822215679726100480, "screen_name": "POTUS", "name": "President Trump", "id_str": "822215679726100480"}], "created_at": "Sun Jan 17 16:41:52 +0000 2016", "in_reply_to_status_id": 688752927381581824, "in_reply_to_user_id": 30313925, "text": "@WhiteHouse @POTUS stop clogging up our twitter feeds with all the lies. We are Americans. Enough is enough", "hashtags": [], "lang": "en", "place": {"id": "c309c6a6f85110cd", "full_name": "Clinton, MI", "url": "https://api.twitter.com/1.1/geo/id/c309c6a6f85110cd.json", "attributes": {}, "country_code": "US", "country": "Estados Unidos", "name": "Clinton", "contained_within": [], "place_type": "city", "bounding_box": {"type": "Polygon", "coordinates": [[[-82.9732981, 42.539309], [-82.855854, 42.539309], [-82.855854, 42.630481], [-82.9732981, 42.630481]]]}}, "in_reply_to_screen_name": "ObamaWhiteHouse", "source": "<a href=\"http://twitter.com/download/android\" rel=\"nofollow\">Twitter for Android</a>"}