{"id": 688797027661156353, "id_str": "688797027661156353", "urls": [], "user": {"geo_enabled": true, "location": "Liverpool, England", "favourites_count": 875, "profile_sidebar_border_color": "C0DEED", "name": "Aljubouri", "profile_image_url_https": "https://pbs.twimg.com/profile_images/743425224394313732/aFLn5cGD_normal.jpg", "created_at": "Fri May 22 17:57:27 +0000 2015", "screen_name": "AljubouriAtheer", "default_profile": true, "followers_count": 32, "description": "What you are will show in what you do. Thomas A. Edison", "id_str": "3294280847", "lang": "en-GB", "statuses_count": 1030, "profile_sidebar_fill_color": "DDEEF6", "profile_background_image_url": "http://abs.twimg.com/images/themes/theme1/bg.png", "profile_text_color": "333333", "profile_banner_url": "https://pbs.twimg.com/profile_banners/3294280847/1468094599", "profile_background_color": "C0DEED", "id": 3294280847, "friends_count": 53, "profile_image_url": "http://pbs.twimg.com/profile_images/743425224394313732/aFLn5cGD_normal.jpg", "profile_use_background_image": true, "profile_background_image_url_https": "https://abs.twimg.com/images/themes/theme1/bg.png", "profile_link_color": "1DA1F2"}, "user_mentions": [{"id": 5402612, "screen_name": "BBCBreaking", "name": "BBC Breaking News", "id_str": "5402612"}, {"id": 742143, "screen_name": "BBCWorld", "name": "BBC News (World)", "id_str": "742143"}, {"id": 612473, "screen_name": "BBCNews", "name": "BBC News (UK)", "id_str": "612473"}], "created_at": "Sun Jan 17 18:56:23 +0000 2016", "in_reply_to_status_id": 688741019979001856, "in_reply_to_user_id": 5402612, "text": "@BBCBreaking @BBCWorld @BBCNews The SUNNI jihadists who did the 9-11 attacks were 19?! 15 Saudis, 2 UAE, an Egyptian, &amp; a Lebanese!", "hashtags": [], "lang": "en", "in_reply_to_screen_name": "BBCBreaking", "source": "<a href=\"http://twitter.com/download/iphone\" rel=\"nofollow\">Twitter for iPhone</a>"}