{"id": 688803606527516673, "id_str": "688803606527516673", "urls": [{"expanded_url": "http://www.valuewalk.com/2016/01/gses-housing/", "url": "https://t.co/lBKMO7sofJ"}, {"expanded_url": "http://GSElinks.com", "url": "https://t.co/Ql6ncxMxI1"}], "user": {"id_str": "2269273274", "url": "https://t.co/qnJiK5DzXs", "favourites_count": 32392, "profile_sidebar_border_color": "000000", "name": "Shadow Copper", "profile_image_url_https": "https://pbs.twimg.com/profile_images/585312477572804608/tFdey6HK_normal.jpg", "created_at": "Mon Dec 30 18:34:09 +0000 2013", "screen_name": "shadow_copper", "followers_count": 2177, "listed_count": 127, "description": "America is a reflection of its leadership. Now we have President Trump! Look forward to needed change. Shadow is a dog I loved and Copper is a dog I love. #MAGA", "lang": "en", "statuses_count": 36447, "profile_sidebar_fill_color": "000000", "location": "California, USA", "profile_background_image_url": "http://abs.twimg.com/images/themes/theme1/bg.png", "profile_text_color": "000000", "profile_banner_url": "https://pbs.twimg.com/profile_banners/2269273274/1490811438", "profile_background_color": "000000", "id": 2269273274, "friends_count": 2174, "profile_image_url": "http://pbs.twimg.com/profile_images/585312477572804608/tFdey6HK_normal.jpg", "profile_background_image_url_https": "https://abs.twimg.com/images/themes/theme1/bg.png", "profile_link_color": "1B95E0"}, "user_mentions": [{"id": 822215673812119553, "screen_name": "WhiteHouse", "name": "The White House", "id_str": "822215673812119553"}, {"id": 822215679726100480, "screen_name": "POTUS", "name": "President Trump", "id_str": "822215679726100480"}], "created_at": "Sun Jan 17 19:22:31 +0000 2016", "in_reply_to_status_id": 688752927381581824, "in_reply_to_user_id": 30313925, "text": "@WhiteHouse Yes @POTUS  Look what you have achieved!  https://t.co/lBKMO7sofJ https://t.co/Ql6ncxMxI1", "hashtags": [], "lang": "en", "in_reply_to_screen_name": "ObamaWhiteHouse", "source": "<a href=\"http://twitter.com\" rel=\"nofollow\">Twitter Web Client</a>"}