{"id": 688905977391878144, "id_str": "688905977391878144", "urls": [], "user": {"geo_enabled": true, "location": "Salisbury NC", "favourites_count": 603, "name": "Mike Jones", "profile_image_url_https": "https://pbs.twimg.com/profile_images/83669936/ElksOnParade1915_normal.jpg", "created_at": "Thu Feb 26 23:45:27 +0000 2009", "screen_name": "elknc", "followers_count": 83, "listed_count": 3, "description": "You Raise me up to more than I can be", "id_str": "22080754", "lang": "en", "statuses_count": 6446, "profile_sidebar_fill_color": "95E8EC", "profile_background_image_url": "http://abs.twimg.com/images/themes/theme4/bg.gif", "profile_text_color": "3C3940", "profile_sidebar_border_color": "5ED4DC", "profile_background_color": "0099B9", "id": 22080754, "friends_count": 90, "profile_image_url": "http://pbs.twimg.com/profile_images/83669936/ElksOnParade1915_normal.jpg", "profile_use_background_image": true, "profile_background_image_url_https": "https://abs.twimg.com/images/themes/theme4/bg.gif", "profile_link_color": "0099B9"}, "user_mentions": [{"id": 822215673812119553, "screen_name": "WhiteHouse", "name": "The White House", "id_str": "822215673812119553"}, {"id": 822215679726100480, "screen_name": "POTUS", "name": "President Trump", "id_str": "822215679726100480"}], "created_at": "Mon Jan 18 02:09:18 +0000 2016", "in_reply_to_status_id": 688751061503442944, "in_reply_to_user_id": 30313925, "text": "@WhiteHouse @POTUS  you people are freaking idiots. No deals with the Devil!!", "hashtags": [], "lang": "en", "place": {"id": "0001bfd52a8eca50", "full_name": "Granite Quarry, NC", "url": "https://api.twitter.com/1.1/geo/id/0001bfd52a8eca50.json", "attributes": {}, "country_code": "US", "country": "Estados Unidos", "name": "Granite Quarry", "contained_within": [], "place_type": "city", "bounding_box": {"type": "Polygon", "coordinates": [[[-80.468685, 35.558317], [-80.413169, 35.558317], [-80.413169, 35.639973], [-80.468685, 35.639973]]]}}, "in_reply_to_screen_name": "ObamaWhiteHouse", "source": "<a href=\"http://twitter.com/download/iphone\" rel=\"nofollow\">Twitter for iPhone</a>"}