{"id": 689531698472574976, "id_str": "689531698472574976", "urls": [], "user": {"id_str": "1230534522", "location": "Jonesboro, AR", "favourites_count": 1036, "profile_sidebar_border_color": "C0DEED", "name": "Chris Gladding", "profile_image_url_https": "https://pbs.twimg.com/profile_images/908743226806464512/PIGp2hZQ_normal.jpg", "created_at": "Fri Mar 01 17:23:22 +0000 2013", "screen_name": "its_me_phatty", "default_profile": true, "followers_count": 213, "description": "When\u00a0you\u00a0have\u00a0eliminated the impossible,\u00a0whatever remains, however improbable,\u00a0must be the truth -Sherlock Holmes", "lang": "en", "statuses_count": 646, "profile_sidebar_fill_color": "DDEEF6", "profile_background_image_url": "http://abs.twimg.com/images/themes/theme1/bg.png", "profile_text_color": "333333", "profile_banner_url": "https://pbs.twimg.com/profile_banners/1230534522/1393657315", "profile_background_color": "C0DEED", "id": 1230534522, "friends_count": 926, "profile_image_url": "http://pbs.twimg.com/profile_images/908743226806464512/PIGp2hZQ_normal.jpg", "profile_use_background_image": true, "profile_background_image_url_https": "https://abs.twimg.com/images/themes/theme1/bg.png", "profile_link_color": "1DA1F2"}, "user_mentions": [{"id": 2319494544, "screen_name": "WorstFact", "name": "Sarcasm", "id_str": "2319494544"}, {"id": 3436684095, "screen_name": "WowSoPunny", "name": "WowSoPunny", "id_str": "3436684095"}], "created_at": "Tue Jan 19 19:35:42 +0000 2016", "in_reply_to_status_id": 640644123339431936, "in_reply_to_user_id": 2319494544, "text": "@WorstFact @WowSoPunny Gamecube was by nintendo, Microsoft has the xbox, and that's a playstation controller.", "hashtags": [], "lang": "en", "in_reply_to_screen_name": "WorstFact", "favorite_count": 2, "source": "<a href=\"http://twitter.com/download/android\" rel=\"nofollow\">Twitter for Android</a>"}