{"id": 689652171374202880, "id_str": "689652171374202880", "urls": [{"expanded_url": "http://timesofindia.indiatimes.com/india/15000-strong-dharma-sena-in-Uttar-Pradesh-readies-for-war-with-Islamic-State/articleshow/50646587.cms", "url": "https://t.co/kGbdkOrmEz"}], "user": {"geo_enabled": true, "favourites_count": 5928, "profile_sidebar_border_color": "000000", "name": "vaishali muzumdar", "profile_image_url_https": "https://pbs.twimg.com/profile_images/1041645385909972992/7HO6ArDR_normal.jpg", "created_at": "Thu Jan 09 05:04:21 +0000 2014", "screen_name": "vaishalimuzuda", "followers_count": 181, "listed_count": 13, "description": "Mumbai India", "id_str": "2283081553", "lang": "en", "statuses_count": 19743, "profile_sidebar_fill_color": "000000", "profile_background_image_url": "http://abs.twimg.com/images/themes/theme1/bg.png", "profile_text_color": "000000", "profile_banner_url": "https://pbs.twimg.com/profile_banners/2283081553/1537182396", "profile_background_color": "000000", "id": 2283081553, "friends_count": 37, "profile_image_url": "http://pbs.twimg.com/profile_images/1041645385909972992/7HO6ArDR_normal.jpg", "profile_background_image_url_https": "https://abs.twimg.com/images/themes/theme1/bg.png", "profile_link_color": "F5ABB5"}, "user_mentions": [{"id": 822215673812119553, "screen_name": "WhiteHouse", "name": "The White House", "id_str": "822215673812119553"}, {"id": 822215679726100480, "screen_name": "POTUS", "name": "President Trump", "id_str": "822215679726100480"}], "retweet_count": 1, "created_at": "Wed Jan 20 03:34:25 +0000 2016", "in_reply_to_status_id": 689641419825242112, "in_reply_to_user_id": 30313925, "text": "@WhiteHouse @POTUS https://t.co/kGbdkOrmEz what world feel about this nonsense", "hashtags": [], "lang": "en", "in_reply_to_screen_name": "ObamaWhiteHouse", "source": "<a href=\"http://twitter.com\" rel=\"nofollow\">Twitter Web Client</a>"}