{"id": 689642253611040768, "id_str": "689642253611040768", "urls": [], "user": {"profile_text_color": "333333", "id_str": "1864161151", "favourites_count": 16710, "profile_sidebar_border_color": "C0DEED", "name": "stephen branham", "profile_image_url_https": "https://pbs.twimg.com/profile_images/378800000456592387/c7719bf9eeacb96f6453f03091d67158_normal.jpeg", "created_at": "Sat Sep 14 15:16:54 +0000 2013", "screen_name": "stephenbranham1", "default_profile": true, "followers_count": 1918, "lang": "en", "statuses_count": 170712, "profile_sidebar_fill_color": "DDEEF6", "profile_background_image_url": "http://abs.twimg.com/images/themes/theme1/bg.png", "listed_count": 477, "profile_banner_url": "https://pbs.twimg.com/profile_banners/1864161151/1379173757", "profile_background_color": "C0DEED", "id": 1864161151, "friends_count": 3978, "profile_image_url": "http://pbs.twimg.com/profile_images/378800000456592387/c7719bf9eeacb96f6453f03091d67158_normal.jpeg", "profile_use_background_image": true, "profile_background_image_url_https": "https://abs.twimg.com/images/themes/theme1/bg.png", "profile_link_color": "1DA1F2"}, "user_mentions": [{"id": 822215673812119553, "screen_name": "WhiteHouse", "name": "The White House", "id_str": "822215673812119553"}, {"id": 822215679726100480, "screen_name": "POTUS", "name": "President Trump", "id_str": "822215679726100480"}], "retweet_count": 1, "created_at": "Wed Jan 20 02:55:00 +0000 2016", "in_reply_to_status_id": 689641419825242112, "in_reply_to_user_id": 30313925, "text": "@WhiteHouse @POTUS he is truly a great President!", "hashtags": [], "lang": "en", "in_reply_to_screen_name": "ObamaWhiteHouse", "favorite_count": 3, "source": "<a href=\"http://twitter.com/download/iphone\" rel=\"nofollow\">Twitter for iPhone</a>"}