{"id": 689888401072472064, "id_str": "689888401072472064", "urls": [{"expanded_url": "http://rbl.ms/1LhDHNf", "url": "https://t.co/ebJV1HaSF6"}], "user": {"geo_enabled": true, "url": "https://t.co/wDPLoaKM4d", "favourites_count": 564, "profile_sidebar_border_color": "000000", "name": "HazerLive", "profile_image_url_https": "https://pbs.twimg.com/profile_images/684887540432637953/r0j6UEFi_normal.jpg", "created_at": "Sun May 10 07:44:49 +0000 2015", "screen_name": "HazerLive", "followers_count": 343, "listed_count": 36, "description": "Photo & Video \nTourism Marketing + Gallery Owner\n24, Founder at Rethinkbutte & How it's Created", "id_str": "3244536585", "lang": "en", "statuses_count": 2137, "profile_sidebar_fill_color": "000000", "location": "Butte, MT", "profile_background_image_url": "http://abs.twimg.com/images/themes/theme1/bg.png", "profile_text_color": "000000", "profile_banner_url": "https://pbs.twimg.com/profile_banners/3244536585/1452124966", "profile_background_color": "000000", "id": 3244536585, "friends_count": 163, "profile_image_url": "http://pbs.twimg.com/profile_images/684887540432637953/r0j6UEFi_normal.jpg", "profile_background_image_url_https": "https://abs.twimg.com/images/themes/theme1/bg.png", "profile_link_color": "4A913C"}, "user_mentions": [{"id": 822215673812119553, "screen_name": "WhiteHouse", "name": "The White House", "id_str": "822215673812119553"}], "created_at": "Wed Jan 20 19:13:06 +0000 2016", "in_reply_to_status_id": 689860942671130624, "in_reply_to_user_id": 30313925, "text": "@WhiteHouse just shared your tweet here: https://t.co/ebJV1HaSF6", "hashtags": [], "lang": "en", "in_reply_to_screen_name": "ObamaWhiteHouse", "source": "<a href=\"http://www.rebelmouse.com\" rel=\"nofollow\">RebelMouse Application</a>"}