{"id": 689890839451959300, "id_str": "689890839451959300", "urls": [], "user": {"id_str": "3220809348", "location": "Ladera Ranch, CA", "favourites_count": 18, "name": "Jeremy Manista", "profile_image_url_https": "https://pbs.twimg.com/profile_images/600821529664835584/mAMUyZyb_normal.jpg", "created_at": "Wed May 20 00:26:44 +0000 2015", "screen_name": "Faith_N_Liberty", "default_profile": true, "followers_count": 19, "lang": "en", "statuses_count": 93, "profile_sidebar_fill_color": "DDEEF6", "profile_background_image_url": "http://abs.twimg.com/images/themes/theme1/bg.png", "profile_text_color": "333333", "profile_sidebar_border_color": "C0DEED", "profile_background_color": "C0DEED", "id": 3220809348, "friends_count": 36, "profile_image_url": "http://pbs.twimg.com/profile_images/600821529664835584/mAMUyZyb_normal.jpg", "profile_use_background_image": true, "profile_background_image_url_https": "https://abs.twimg.com/images/themes/theme1/bg.png", "profile_link_color": "1DA1F2"}, "user_mentions": [{"id": 822215673812119553, "screen_name": "WhiteHouse", "name": "The White House", "id_str": "822215673812119553"}, {"id": 822215679726100480, "screen_name": "POTUS", "name": "President Trump", "id_str": "822215679726100480"}], "created_at": "Wed Jan 20 19:22:48 +0000 2016", "in_reply_to_status_id": 689860942671130624, "in_reply_to_user_id": 30313925, "text": "@WhiteHouse @POTUS Anyone can cherry pick numbers from the bottom of the market. You spent the taxpayers money on failing companies.", "hashtags": [], "lang": "en", "in_reply_to_screen_name": "ObamaWhiteHouse", "favorite_count": 1, "source": "<a href=\"http://twitter.com/download/iphone\" rel=\"nofollow\">Twitter for iPhone</a>"}