{"id": 689924863729864704, "id_str": "689924863729864704", "urls": [], "user": {"geo_enabled": true, "location": "U.S.", "favourites_count": 10153, "profile_sidebar_border_color": "FFFFFF", "name": "Support LEO's", "profile_image_url_https": "https://pbs.twimg.com/profile_images/618853122295730176/17mD1vPx_normal.jpg", "created_at": "Mon Mar 04 16:19:49 +0000 2013", "screen_name": "belcher_jr", "followers_count": 2821, "listed_count": 39, "description": "Alumni: WVU. Proud conservative. #MAGA #StandWithIsrael #DefundPP #NoSanctuaryCities #NoAmnesty #NoDACA #Benghazi RT's not endorsements", "id_str": "1241691530", "lang": "en", "statuses_count": 12259, "profile_background_tile": true, "profile_sidebar_fill_color": "DDEEF6", "profile_background_image_url": "http://abs.twimg.com/images/themes/theme1/bg.png", "profile_text_color": "333333", "profile_banner_url": "https://pbs.twimg.com/profile_banners/1241691530/1497581395", "profile_background_color": "C0DEED", "id": 1241691530, "friends_count": 2925, "profile_image_url": "http://pbs.twimg.com/profile_images/618853122295730176/17mD1vPx_normal.jpg", "profile_use_background_image": true, "profile_background_image_url_https": "https://abs.twimg.com/images/themes/theme1/bg.png", "profile_link_color": "1B95E0"}, "user_mentions": [{"id": 822215673812119553, "screen_name": "WhiteHouse", "name": "The White House", "id_str": "822215673812119553"}, {"id": 822215679726100480, "screen_name": "POTUS", "name": "President Trump", "id_str": "822215679726100480"}], "created_at": "Wed Jan 20 21:38:00 +0000 2016", "in_reply_to_status_id": 689890946683576322, "in_reply_to_user_id": 30313925, "text": "Be honest, @WhiteHouse @POTUS it's really a look back at how much we've lost. We need a leader, a real Commander-In-Chief, not a legacy hog.", "hashtags": [], "lang": "en", "in_reply_to_screen_name": "ObamaWhiteHouse", "source": "<a href=\"http://twitter.com\" rel=\"nofollow\">Twitter Web Client</a>"}