{"id": 689962773103669248, "id_str": "689962773103669248", "urls": [], "user": {"profile_text_color": "333333", "id_str": "946008733", "favourites_count": 2129, "name": "bonz", "profile_image_url_https": "https://pbs.twimg.com/profile_images/593218201372102656/A0gJBqTn_normal.jpg", "created_at": "Tue Nov 13 15:37:08 +0000 2012", "screen_name": "bonzboys", "default_profile": true, "followers_count": 39, "lang": "en", "statuses_count": 7532, "profile_sidebar_fill_color": "DDEEF6", "profile_background_image_url": "http://abs.twimg.com/images/themes/theme1/bg.png", "listed_count": 5, "profile_sidebar_border_color": "C0DEED", "profile_background_color": "C0DEED", "id": 946008733, "friends_count": 119, "profile_image_url": "http://pbs.twimg.com/profile_images/593218201372102656/A0gJBqTn_normal.jpg", "profile_use_background_image": true, "profile_background_image_url_https": "https://abs.twimg.com/images/themes/theme1/bg.png", "profile_link_color": "1DA1F2"}, "user_mentions": [{"id": 822215673812119553, "screen_name": "WhiteHouse", "name": "The White House", "id_str": "822215673812119553"}, {"id": 822215679726100480, "screen_name": "POTUS", "name": "President Trump", "id_str": "822215679726100480"}], "created_at": "Thu Jan 21 00:08:38 +0000 2016", "in_reply_to_status_id": 689890946683576322, "in_reply_to_user_id": 30313925, "text": "@WhiteHouse @Benenati44 @POTUS 96 mill out of work. $19T debt. 45mill on food stamps. Great work.", "hashtags": [], "lang": "en", "in_reply_to_screen_name": "ObamaWhiteHouse", "source": "<a href=\"http://twitter.com/download/android\" rel=\"nofollow\">Twitter for Android</a>"}