{"id": 689905352712810496, "id_str": "689905352712810496", "urls": [], "user": {"id_str": "2251319798", "favourites_count": 151, "profile_sidebar_border_color": "C0DEED", "name": "\u0623\u062e\u0628\u0627\u0631 \u0627\u0644\u0645\u0633\u064a\u0631\u0629", "profile_image_url_https": "https://pbs.twimg.com/profile_images/687366393294094337/33DLJCWU_normal.jpg", "created_at": "Wed Dec 18 03:06:25 +0000 2013", "screen_name": "ahmed_khaild", "default_profile": true, "followers_count": 946, "description": "\u0627\u062e\u0628\u0627\u0631 \u0639\u0631\u0628\u064a\u0629 \u0648\u062f\u0648\u0644\u064a\u0629 \u0648\u0639\u0627\u062c\u0644\u0629", "lang": "ar", "statuses_count": 486, "profile_sidebar_fill_color": "DDEEF6", "profile_background_image_url": "http://abs.twimg.com/images/themes/theme1/bg.png", "profile_text_color": "333333", "profile_banner_url": "https://pbs.twimg.com/profile_banners/2251319798/1452715890", "profile_background_color": "C0DEED", "id": 2251319798, "friends_count": 1388, "profile_image_url": "http://pbs.twimg.com/profile_images/687366393294094337/33DLJCWU_normal.jpg", "profile_use_background_image": true, "profile_background_image_url_https": "https://abs.twimg.com/images/themes/theme1/bg.png", "profile_link_color": "1DA1F2"}, "user_mentions": [{"id": 822215673812119553, "screen_name": "WhiteHouse", "name": "The White House", "id_str": "822215673812119553"}, {"id": 813286, "screen_name": "BarackObama", "name": "Barack Obama", "id_str": "813286"}, {"id": 822215679726100480, "screen_name": "POTUS", "name": "President Trump", "id_str": "822215679726100480"}], "created_at": "Wed Jan 20 20:20:28 +0000 2016", "in_reply_to_status_id": 689860942671130624, "in_reply_to_user_id": 30313925, "text": "@WhiteHouse @BarackObama @POTUS \n300 days of the US-Saudi -Israeli aggression and bombing the homes of innocent Btairath#Yemen #300DaysOfWar", "hashtags": [{"text": "300DaysOfWar"}], "lang": "en", "in_reply_to_screen_name": "ObamaWhiteHouse", "source": "<a href=\"http://twitter.com/download/android\" rel=\"nofollow\">Twitter for Android</a>"}