{"id": 689925213589364736, "id_str": "689925213589364736", "urls": [], "user": {"id_str": "4750874478", "location": "Oregon, USA", "favourites_count": 21958, "name": "Charles Rothrock", "profile_image_url_https": "https://pbs.twimg.com/profile_images/687097500679835648/Bn2bw-lK_normal.jpg", "created_at": "Wed Jan 13 02:19:02 +0000 2016", "screen_name": "charlesrothroc2", "followers_count": 3573, "listed_count": 23, "description": "Love Life, Love that Mozart, Lover of Nature,  Vietnam Vet USN 1968-1971, baseball nerd, an observer more than participant at this stage of life. #ImwithHer", "lang": "en", "statuses_count": 8639, "profile_sidebar_fill_color": "000000", "profile_background_image_url": "http://abs.twimg.com/images/themes/theme1/bg.png", "profile_text_color": "000000", "profile_sidebar_border_color": "000000", "profile_background_color": "000000", "id": 4750874478, "friends_count": 4009, "profile_image_url": "http://pbs.twimg.com/profile_images/687097500679835648/Bn2bw-lK_normal.jpg", "profile_background_image_url_https": "https://abs.twimg.com/images/themes/theme1/bg.png", "profile_link_color": "4A913C"}, "user_mentions": [{"id": 822215673812119553, "screen_name": "WhiteHouse", "name": "The White House", "id_str": "822215673812119553"}, {"id": 822215679726100480, "screen_name": "POTUS", "name": "President Trump", "id_str": "822215679726100480"}], "created_at": "Wed Jan 20 21:39:23 +0000 2016", "in_reply_to_status_id": 689860942671130624, "in_reply_to_user_id": 30313925, "text": "@WhiteHouse @POTUS One of many great legacies of President Obama.", "hashtags": [], "lang": "en", "in_reply_to_screen_name": "ObamaWhiteHouse", "source": "<a href=\"http://twitter.com\" rel=\"nofollow\">Twitter Web Client</a>"}