{"id": 690063139673509888, "id_str": "690063139673509888", "urls": [], "user": {"id_str": "2326981915", "location": "New South Wales, Australia", "favourites_count": 29330, "profile_sidebar_border_color": "C0DEED", "name": "Becky", "profile_image_url_https": "https://pbs.twimg.com/profile_images/1046360720265216001/-IHEnTBN_normal.jpg", "created_at": "Tue Feb 04 11:43:44 +0000 2014", "screen_name": "beckybiebes_", "default_profile": true, "followers_count": 1297, "listed_count": 2, "description": "Australia\ud83c\udde6\ud83c\uddfa 18. Justin Bieber\u2661 Madison Beer\u2661 KnJ\u2661 Remi Ashton\u2661 AceFamily\u2661 AlrightHey\u2661 Selena Gomez\u2661 C.S\u2764\ufe0f", "lang": "en", "statuses_count": 8349, "profile_sidebar_fill_color": "DDEEF6", "profile_background_image_url": "http://abs.twimg.com/images/themes/theme1/bg.png", "profile_text_color": "333333", "profile_banner_url": "https://pbs.twimg.com/profile_banners/2326981915/1538316780", "profile_background_color": "C0DEED", "id": 2326981915, "friends_count": 743, "profile_image_url": "http://pbs.twimg.com/profile_images/1046360720265216001/-IHEnTBN_normal.jpg", "profile_use_background_image": true, "profile_background_image_url_https": "https://abs.twimg.com/images/themes/theme1/bg.png", "profile_link_color": "1DA1F2"}, "user_mentions": [{"id": 14934818, "screen_name": "InStyle", "name": "InStyle", "id_str": "14934818"}, {"id": 233183631, "screen_name": "madisonbeer", "name": "Madison Beer", "id_str": "233183631"}, {"id": 27260086, "screen_name": "justinbieber", "name": "Justin Bieber", "id_str": "27260086"}], "created_at": "Thu Jan 21 06:47:27 +0000 2016", "in_reply_to_status_id": 689867195657101312, "in_reply_to_user_id": 14934818, "text": "@InStyle @MadisonBeer @justinbieber mads you look Adorable in this picture \u2665\ufe0f", "hashtags": [], "lang": "en", "in_reply_to_screen_name": "InStyle", "favorite_count": 1, "source": "<a href=\"http://twitter.com/download/iphone\" rel=\"nofollow\">Twitter for iPhone</a>"}