{"id": 690183188715540481, "id_str": "690183188715540481", "urls": [], "user": {"id_str": "1325271415", "location": "Leeds, England", "favourites_count": 458, "profile_sidebar_border_color": "C0DEED", "name": "Tom Holmes", "profile_image_url_https": "https://pbs.twimg.com/profile_images/1023709443459088385/u3IiL5E1_normal.jpg", "created_at": "Wed Apr 03 19:06:26 +0000 2013", "screen_name": "tomstevenholmes", "default_profile": true, "followers_count": 26, "description": "Good things come to those who wait... \ud83c\udf7a", "lang": "en", "statuses_count": 635, "profile_sidebar_fill_color": "DDEEF6", "profile_background_image_url": "http://abs.twimg.com/images/themes/theme1/bg.png", "profile_text_color": "333333", "profile_banner_url": "https://pbs.twimg.com/profile_banners/1325271415/1532954484", "profile_background_color": "C0DEED", "id": 1325271415, "friends_count": 173, "profile_image_url": "http://pbs.twimg.com/profile_images/1023709443459088385/u3IiL5E1_normal.jpg", "profile_use_background_image": true, "profile_background_image_url_https": "https://abs.twimg.com/images/themes/theme1/bg.png", "profile_link_color": "1DA1F2"}, "user_mentions": [{"id": 5402612, "screen_name": "BBCBreaking", "name": "BBC Breaking News", "id_str": "5402612"}, {"id": 612473, "screen_name": "BBCNews", "name": "BBC News (UK)", "id_str": "612473"}], "in_reply_to_screen_name": "BBCBreaking", "created_at": "Thu Jan 21 14:44:29 +0000 2016", "in_reply_to_status_id": 690106189951139840, "in_reply_to_user_id": 5402612, "text": "@BBCBreaking @BBCNews \"probably\" https://t.co/7ECRfOW3Oq", "hashtags": [], "lang": "en", "media": [{"id": 690183178343038976, "display_url": "pic.twitter.com/7ECRfOW3Oq", "expanded_url": "https://twitter.com/tomstevenholmes/status/690183188715540481/photo/1", "url": "https://t.co/7ECRfOW3Oq", "media_url": "http://pbs.twimg.com/tweet_video_thumb/CZQF8acWQAAoTIv.png", "video_info": {"variants": [{"content_type": "video/mp4", "bitrate": 0, "url": "https://video.twimg.com/tweet_video/CZQF8acWQAAoTIv.mp4"}], "aspect_ratio": [100, 53]}, "type": "animated_gif", "media_url_https": "https://pbs.twimg.com/tweet_video_thumb/CZQF8acWQAAoTIv.png", "sizes": {"large": {"w": 500, "resize": "fit", "h": 265}, "small": {"w": 500, "resize": "fit", "h": 265}, "medium": {"w": 500, "resize": "fit", "h": 265}, "thumb": {"w": 150, "resize": "crop", "h": 150}}}], "source": "<a href=\"http://twitter.com/download/android\" rel=\"nofollow\">Twitter for Android</a>"}