{"id": 690163806153097216, "id_str": "690163806153097216", "urls": [], "user": {"id_str": "16908821", "url": "https://t.co/Gpjew4kfqN", "favourites_count": 10597, "profile_sidebar_border_color": "000000", "name": "\ud83e\udd87 Vlad my stardust \ud83e\udd87", "profile_image_url_https": "https://pbs.twimg.com/profile_images/835963292334059520/BT0SsCG3_normal.jpg", "created_at": "Wed Oct 22 17:07:04 +0000 2008", "screen_name": "Murfalizer", "followers_count": 380, "listed_count": 88, "description": "A lover of words and nonsense. Natural beekeeper, baker, cup of tea maker, oft singer, web slinger, designer, Vole friend.\nArbiter of nought. UX yo.", "lang": "en", "statuses_count": 10900, "profile_sidebar_fill_color": "000000", "location": "Bristol", "profile_background_image_url": "http://abs.twimg.com/images/themes/theme14/bg.gif", "profile_text_color": "000000", "profile_banner_url": "https://pbs.twimg.com/profile_banners/16908821/1488144650", "profile_background_color": "000000", "id": 16908821, "friends_count": 553, "profile_image_url": "http://pbs.twimg.com/profile_images/835963292334059520/BT0SsCG3_normal.jpg", "profile_background_image_url_https": "https://abs.twimg.com/images/themes/theme14/bg.gif", "profile_link_color": "FA743E"}, "user_mentions": [{"id": 5402612, "screen_name": "BBCBreaking", "name": "BBC Breaking News", "id_str": "5402612"}], "retweet_count": 5, "created_at": "Thu Jan 21 13:27:28 +0000 2016", "in_reply_to_status_id": 690106189951139840, "in_reply_to_user_id": 5402612, "text": "@BBCBreaking, talking about state sponsored violence, Litvinenko is one man and a spy, when will we get the results for the Chilcott report?", "hashtags": [], "lang": "en", "in_reply_to_screen_name": "BBCBreaking", "favorite_count": 1, "source": "<a href=\"http://twitter.com/download/android\" rel=\"nofollow\">Twitter for Android</a>"}