{"id": 690154224999645184, "id_str": "690154224999645184", "urls": [], "user": {"profile_text_color": "333333", "id_str": "4736264324", "favourites_count": 5115, "profile_sidebar_border_color": "C0DEED", "name": "ari & jb", "profile_image_url_https": "https://pbs.twimg.com/profile_images/850964890281951232/kCOYyhQz_normal.jpg", "created_at": "Sun Jan 10 03:05:24 +0000 2016", "screen_name": "grandeauhl", "default_profile": true, "followers_count": 537, "description": "justin followed 11/01/16\ufe0e", "lang": "en", "profile_sidebar_fill_color": "DDEEF6", "statuses_count": 11023, "listed_count": 6, "profile_banner_url": "https://pbs.twimg.com/profile_banners/4736264324/1485479846", "profile_background_color": "F5F8FA", "id": 4736264324, "friends_count": 840, "profile_image_url": "http://pbs.twimg.com/profile_images/850964890281951232/kCOYyhQz_normal.jpg", "profile_use_background_image": true, "profile_link_color": "1DA1F2"}, "user_mentions": [{"id": 233183631, "screen_name": "madisonbeer", "name": "Madison Beer", "id_str": "233183631"}, {"id": 14934818, "screen_name": "InStyle", "name": "InStyle", "id_str": "14934818"}], "created_at": "Thu Jan 21 12:49:24 +0000 2016", "in_reply_to_status_id": 690154166371684352, "in_reply_to_user_id": 233183631, "text": "@MadisonBeer @InStyle niky", "hashtags": [], "lang": "cs", "in_reply_to_screen_name": "madisonbeer", "source": "<a href=\"http://twitter.com/#!/download/ipad\" rel=\"nofollow\">Twitter for iPad</a>"}