{"id": 690324066868281344, "id_str": "690324066868281344", "urls": [], "user": {"id_str": "253668211", "url": "http://t.co/sxPGGPrD7X", "favourites_count": 740, "profile_sidebar_border_color": "FFFFFF", "name": "duncan fallowell", "profile_image_url_https": "https://pbs.twimg.com/profile_images/378800000421135898/a0b0821af5143ef95204103a551d7dc9_normal.jpeg", "profile_link_color": "0084B4", "screen_name": "duncanfallowell", "followers_count": 650, "listed_count": 28, "description": "writer", "created_at": "Thu Feb 17 18:34:18 +0000 2011", "lang": "en", "profile_background_tile": true, "profile_sidebar_fill_color": "DDEEF6", "location": "london", "profile_background_image_url": "http://abs.twimg.com/images/themes/theme1/bg.png", "profile_text_color": "333333", "profile_banner_url": "https://pbs.twimg.com/profile_banners/253668211/1350226120", "profile_background_color": "C0DEED", "id": 253668211, "friends_count": 580, "profile_image_url": "http://pbs.twimg.com/profile_images/378800000421135898/a0b0821af5143ef95204103a551d7dc9_normal.jpeg", "profile_background_image_url_https": "https://abs.twimg.com/images/themes/theme1/bg.png", "statuses_count": 21513}, "user_mentions": [{"id": 5402612, "screen_name": "BBCBreaking", "name": "BBC Breaking News", "id_str": "5402612"}], "created_at": "Fri Jan 22 00:04:17 +0000 2016", "in_reply_to_status_id": 690106189951139840, "in_reply_to_user_id": 5402612, "text": "Will Russia ever 'get' civilisation? They've had opportunities, but have most murderous history of any country in world @BBCBreaking", "hashtags": [], "lang": "en", "in_reply_to_screen_name": "BBCBreaking", "source": "<a href=\"http://twitter.com\" rel=\"nofollow\">Twitter Web Client</a>"}