{"id": 690376308631670784, "id_str": "690376308631670784", "urls": [], "user": {"geo_enabled": true, "location": "Regina, Saskatchewan", "favourites_count": 1819, "profile_sidebar_border_color": "000000", "name": "Brady Wise", "profile_image_url_https": "https://pbs.twimg.com/profile_images/1019475193050357760/8TXUZaP9_normal.jpg", "created_at": "Wed May 23 04:35:44 +0000 2012", "screen_name": "BradyWise16", "followers_count": 101, "listed_count": 2, "description": "Lifelong Carolina Panther/Colorado Avalanche fan from up here in Canada.", "id_str": "588008542", "lang": "en", "statuses_count": 2161, "profile_sidebar_fill_color": "000000", "profile_background_image_url": "http://abs.twimg.com/images/themes/theme1/bg.png", "profile_text_color": "000000", "profile_banner_url": "https://pbs.twimg.com/profile_banners/588008542/1436297473", "profile_background_color": "000000", "id": 588008542, "friends_count": 421, "profile_image_url": "http://pbs.twimg.com/profile_images/1019475193050357760/8TXUZaP9_normal.jpg", "profile_background_image_url_https": "https://abs.twimg.com/images/themes/theme1/bg.png", "profile_link_color": "3B94D9"}, "user_mentions": [{"id": 822215673812119553, "screen_name": "WhiteHouse", "name": "The White House", "id_str": "822215673812119553"}], "created_at": "Fri Jan 22 03:31:53 +0000 2016", "in_reply_to_status_id": 690376107825192960, "in_reply_to_user_id": 30313925, "text": "@WhiteHouse \ud83d\ude02", "hashtags": [], "lang": "und", "in_reply_to_screen_name": "ObamaWhiteHouse", "source": "<a href=\"http://twitter.com/download/android\" rel=\"nofollow\">Twitter for Android</a>"}