{"id": 690383185088286721, "id_str": "690383185088286721", "urls": [], "user": {"geo_enabled": true, "location": "Ward #1D05 DC ", "favourites_count": 8004, "profile_sidebar_border_color": "C0DEED", "name": "\"Beltway\" Greg Boyd", "profile_image_url_https": "https://pbs.twimg.com/profile_images/898347485353185280/g6sQH3i4_normal.jpg", "created_at": "Wed Mar 18 04:55:42 +0000 2009", "screen_name": "BeltwayGreg", "default_profile": true, "followers_count": 721, "listed_count": 200, "description": "Independent Thinker. Independent Write-In Candidate for #Ward1DC Council & ANC 1D05 Boyd4Ward1DC Questions? Boyd4Ward1DC@gmail.com \u201cFight the Flower.\u201d \ud83e\udd40", "id_str": "25030651", "lang": "en", "statuses_count": 53973, "profile_sidebar_fill_color": "DDEEF6", "profile_background_image_url": "http://abs.twimg.com/images/themes/theme1/bg.png", "profile_text_color": "333333", "profile_banner_url": "https://pbs.twimg.com/profile_banners/25030651/1505068943", "profile_background_color": "C0DEED", "id": 25030651, "friends_count": 887, "profile_image_url": "http://pbs.twimg.com/profile_images/898347485353185280/g6sQH3i4_normal.jpg", "profile_use_background_image": true, "profile_background_image_url_https": "https://abs.twimg.com/images/themes/theme1/bg.png", "profile_link_color": "1DA1F2"}, "user_mentions": [{"id": 822215673812119553, "screen_name": "WhiteHouse", "name": "The White House", "id_str": "822215673812119553"}, {"id": 409486555, "screen_name": "MichelleObama", "name": "Michelle Obama", "id_str": "409486555"}, {"id": 813286, "screen_name": "BarackObama", "name": "Barack Obama", "id_str": "813286"}], "created_at": "Fri Jan 22 03:59:12 +0000 2016", "in_reply_to_status_id": 690376107825192960, "in_reply_to_user_id": 30313925, "text": "@WhiteHouse I'm telling @MichelleObama about the #coke in background.\n@BarackObama", "hashtags": [{"text": "coke"}], "lang": "en", "in_reply_to_screen_name": "ObamaWhiteHouse", "source": "<a href=\"http://twitter.com/download/iphone\" rel=\"nofollow\">Twitter for iPhone</a>"}