{"id": 690330257220571136, "id_str": "690330257220571136", "urls": [], "user": {"profile_background_tile": true, "profile_sidebar_fill_color": "FFF7CC", "name": "Martha G. Barreiro", "id_str": "32584293", "favourites_count": 317, "profile_background_image_url": "http://abs.twimg.com/images/themes/theme1/bg.png", "profile_text_color": "0C3E53", "profile_sidebar_border_color": "F2E195", "profile_image_url_https": "https://pbs.twimg.com/profile_images/558409679622406144/nOjlP8Co_normal.jpeg", "profile_background_color": "BADFCD", "created_at": "Fri Apr 17 21:06:28 +0000 2009", "screen_name": "sofia03", "statuses_count": 8, "followers_count": 5, "friends_count": 36, "profile_image_url": "http://pbs.twimg.com/profile_images/558409679622406144/nOjlP8Co_normal.jpeg", "id": 32584293, "profile_use_background_image": true, "lang": "en", "profile_background_image_url_https": "https://abs.twimg.com/images/themes/theme1/bg.png", "profile_link_color": "FF0000"}, "user_mentions": [{"id": 822215673812119553, "screen_name": "WhiteHouse", "name": "The White House", "id_str": "822215673812119553"}, {"id": 822215679726100480, "screen_name": "POTUS", "name": "President Trump", "id_str": "822215679726100480"}], "created_at": "Fri Jan 22 00:28:53 +0000 2016", "in_reply_to_status_id": 689860942671130624, "in_reply_to_user_id": 30313925, "text": "@WhiteHouse @POTUS great job on American auto industry! Can you now please focus the energy on our American teachers?", "hashtags": [], "lang": "en", "in_reply_to_screen_name": "ObamaWhiteHouse", "source": "<a href=\"http://twitter.com/download/iphone\" rel=\"nofollow\">Twitter for iPhone</a>"}