{"id": 690396270842765314, "id_str": "690396270842765314", "urls": [], "user": {"geo_enabled": true, "favourites_count": 1547, "name": "Phyu Sin Win", "profile_image_url_https": "https://pbs.twimg.com/profile_images/818375588763168768/ubRzgKQ2_normal.jpg", "created_at": "Fri Oct 16 07:14:03 +0000 2015", "screen_name": "Phyusinwin955", "default_profile": true, "followers_count": 99, "listed_count": 5, "id_str": "3911235372", "lang": "en", "statuses_count": 9034, "profile_sidebar_fill_color": "DDEEF6", "profile_background_image_url": "http://abs.twimg.com/images/themes/theme1/bg.png", "profile_text_color": "333333", "profile_sidebar_border_color": "C0DEED", "profile_background_color": "C0DEED", "id": 3911235372, "friends_count": 398, "profile_image_url": "http://pbs.twimg.com/profile_images/818375588763168768/ubRzgKQ2_normal.jpg", "profile_use_background_image": true, "profile_background_image_url_https": "https://abs.twimg.com/images/themes/theme1/bg.png", "profile_link_color": "1DA1F2"}, "user_mentions": [{"id": 822215673812119553, "screen_name": "WhiteHouse", "name": "The White House", "id_str": "822215673812119553"}], "created_at": "Fri Jan 22 04:51:12 +0000 2016", "in_reply_to_status_id": 690376107825192960, "in_reply_to_user_id": 30313925, "text": "@WhiteHouse \n                  SO  NICE  PIC", "hashtags": [], "lang": "en", "in_reply_to_screen_name": "ObamaWhiteHouse", "source": "<a href=\"http://twitter.com/download/android\" rel=\"nofollow\">Twitter for Android</a>"}