{"id": 690582305811927041, "id_str": "690582305811927041", "urls": [], "user": {"id_str": "605600787", "location": "USA", "favourites_count": 18474, "profile_sidebar_border_color": "C0DEED", "name": "sana", "profile_image_url_https": "https://pbs.twimg.com/profile_images/798627817663631360/e9qwv79r_normal.jpg", "created_at": "Mon Jun 11 15:44:33 +0000 2012", "screen_name": "skfanusa", "default_profile": true, "followers_count": 170, "listed_count": 6, "lang": "en", "statuses_count": 20532, "profile_sidebar_fill_color": "DDEEF6", "profile_background_image_url": "http://abs.twimg.com/images/themes/theme1/bg.png", "profile_text_color": "333333", "profile_banner_url": "https://pbs.twimg.com/profile_banners/605600787/1467139892", "profile_background_color": "C0DEED", "id": 605600787, "friends_count": 9, "profile_image_url": "http://pbs.twimg.com/profile_images/798627817663631360/e9qwv79r_normal.jpg", "profile_use_background_image": true, "profile_background_image_url_https": "https://abs.twimg.com/images/themes/theme1/bg.png", "profile_link_color": "1DA1F2"}, "user_mentions": [{"id": 822215673812119553, "screen_name": "WhiteHouse", "name": "The White House", "id_str": "822215673812119553"}], "created_at": "Fri Jan 22 17:10:26 +0000 2016", "in_reply_to_status_id": 690376107825192960, "in_reply_to_user_id": 30313925, "text": "@WhiteHouse aww . so cute pic :)", "hashtags": [], "lang": "en", "in_reply_to_screen_name": "ObamaWhiteHouse", "source": "<a href=\"http://twitter.com/download/iphone\" rel=\"nofollow\">Twitter for iPhone</a>"}