{"id": 690652678976860161, "id_str": "690652678976860161", "urls": [], "user": {"geo_enabled": true, "location": "Behind you", "favourites_count": 236, "name": "my name is", "profile_image_url_https": "https://pbs.twimg.com/profile_images/659995258873380864/0_V_GPMX_normal.jpg", "created_at": "Sun Jul 26 16:29:04 +0000 2015", "screen_name": "cba4c092e6b74b9", "default_profile": true, "followers_count": 61, "id_str": "3295647331", "lang": "en", "statuses_count": 1584, "profile_sidebar_fill_color": "DDEEF6", "profile_background_image_url": "http://abs.twimg.com/images/themes/theme1/bg.png", "profile_text_color": "333333", "profile_sidebar_border_color": "C0DEED", "profile_background_color": "C0DEED", "id": 3295647331, "friends_count": 327, "profile_image_url": "http://pbs.twimg.com/profile_images/659995258873380864/0_V_GPMX_normal.jpg", "profile_use_background_image": true, "profile_background_image_url_https": "https://abs.twimg.com/images/themes/theme1/bg.png", "profile_link_color": "1DA1F2"}, "user_mentions": [{"id": 5402612, "screen_name": "BBCBreaking", "name": "BBC Breaking News", "id_str": "5402612"}, {"id": 612473, "screen_name": "BBCNews", "name": "BBC News (UK)", "id_str": "612473"}], "created_at": "Fri Jan 22 21:50:05 +0000 2016", "in_reply_to_status_id": 690650123358093312, "in_reply_to_user_id": 5402612, "text": "@BBCBreaking @BBCNews they got away lightly then.  That'll teach them", "hashtags": [], "lang": "en", "in_reply_to_screen_name": "BBCBreaking", "source": "<a href=\"http://twitter.com/download/android\" rel=\"nofollow\">Twitter for Android</a>"}