{"id": 691613058557435904, "id_str": "691613058557435904", "urls": [], "user": {"geo_enabled": true, "url": "https://t.co/mKPuJVWNu9", "favourites_count": 101036, "profile_sidebar_border_color": "FFFFFF", "name": "giorgia", "profile_image_url_https": "https://pbs.twimg.com/profile_images/1044338879317385216/--T76z2c_normal.jpg", "created_at": "Mon Oct 08 18:05:53 +0000 2012", "screen_name": "hometownglvry", "followers_count": 4667, "listed_count": 74, "description": "\u201cI ain't lost, just wandering\u201d", "id_str": "868421400", "lang": "en", "statuses_count": 160804, "profile_background_tile": true, "profile_sidebar_fill_color": "42333D", "location": "QE2\u20221986 | @alwayshadids", "profile_background_image_url": "http://abs.twimg.com/images/themes/theme1/bg.png", "profile_text_color": "F66786", "profile_banner_url": "https://pbs.twimg.com/profile_banners/868421400/1538337913", "profile_background_color": "7D5358", "id": 868421400, "friends_count": 871, "profile_image_url": "http://pbs.twimg.com/profile_images/1044338879317385216/--T76z2c_normal.jpg", "profile_use_background_image": true, "profile_background_image_url_https": "https://abs.twimg.com/images/themes/theme1/bg.png", "profile_link_color": "D07186"}, "user_mentions": [{"id": 14934818, "screen_name": "InStyle", "name": "InStyle", "id_str": "14934818"}], "created_at": "Mon Jan 25 13:26:17 +0000 2016", "in_reply_to_status_id": 691608761128067072, "in_reply_to_user_id": 14934818, "text": "@InStyle @msleamichele always", "hashtags": [], "lang": "en", "in_reply_to_screen_name": "InStyle", "source": "<a href=\"http://twitter.com/download/android\" rel=\"nofollow\">Twitter for Android</a>"}