{"id": 691690020109946880, "id_str": "691690020109946880", "urls": [], "user": {"geo_enabled": true, "url": "https://t.co/3ZoWQ2ifkC", "favourites_count": 49565, "profile_sidebar_border_color": "FFFFFF", "name": "jeany555", "profile_image_url_https": "https://pbs.twimg.com/profile_images/499906940739137536/nJp3sc7W_normal.png", "created_at": "Wed Jun 04 14:49:53 +0000 2014", "screen_name": "mellubo1", "followers_count": 1582, "listed_count": 396, "description": "Ex-Journalistin, emigriert. Ex-journalist, German, living in Spain. Exjournaliste, Allemande, vivant en Espagne.", "id_str": "2546312611", "lang": "en", "statuses_count": 188612, "profile_sidebar_fill_color": "FFF7CC", "location": "Santa Cruz de Tenerife", "profile_background_image_url": "http://abs.twimg.com/images/themes/theme12/bg.gif", "profile_text_color": "0C3E53", "profile_banner_url": "https://pbs.twimg.com/profile_banners/2546312611/1408022305", "profile_background_color": "BADFCD", "id": 2546312611, "friends_count": 3597, "profile_image_url": "http://pbs.twimg.com/profile_images/499906940739137536/nJp3sc7W_normal.png", "profile_use_background_image": true, "profile_background_image_url_https": "https://abs.twimg.com/images/themes/theme12/bg.gif", "profile_link_color": "FF0000"}, "user_mentions": [{"id": 986745014326788096, "screen_name": "Gotham3", "name": "Gotham", "id_str": "986745014326788096"}, {"id": 198089759, "screen_name": "TwittingThom", "name": "Thom Twitting", "id_str": "198089759"}], "retweet_count": 1, "created_at": "Mon Jan 25 18:32:06 +0000 2016", "in_reply_to_status_id": 691673270853066753, "in_reply_to_user_id": 126903716, "text": "@Gotham3 @TwittingThom  poor animal...)..", "hashtags": [], "lang": "en", "in_reply_to_screen_name": "KaptanHindustan", "source": "<a href=\"http://twitter.com\" rel=\"nofollow\">Twitter Web Client</a>"}