{"id": 691796270562852865, "id_str": "691796270562852865", "urls": [], "user": {"geo_enabled": true, "location": "Tamaulipas, M\u00e9xico", "favourites_count": 1481, "name": "Armando Hinojosa G", "profile_image_url_https": "https://pbs.twimg.com/profile_images/448099503594168320/f47PZ9zx_normal.jpeg", "created_at": "Mon Dec 20 17:30:55 +0000 2010", "screen_name": "kentoniano", "default_profile": true, "followers_count": 37, "description": "Mexicano, padre de familia , aficionado a el Real Madrid \u26bd\ufe0f\u26bd\ufe0f\u26bd\ufe0f!!! gamer de coraz\u00f3n.", "id_str": "228784591", "lang": "es", "statuses_count": 1270, "profile_sidebar_fill_color": "DDEEF6", "profile_background_image_url": "http://abs.twimg.com/images/themes/theme1/bg.png", "profile_text_color": "333333", "profile_sidebar_border_color": "C0DEED", "profile_background_color": "C0DEED", "id": 228784591, "friends_count": 148, "profile_image_url": "http://pbs.twimg.com/profile_images/448099503594168320/f47PZ9zx_normal.jpeg", "profile_use_background_image": true, "profile_background_image_url_https": "https://abs.twimg.com/images/themes/theme1/bg.png", "profile_link_color": "1DA1F2"}, "user_mentions": [{"id": 3646911, "screen_name": "empiremagazine", "name": "Empire Magazine", "id_str": "3646911"}], "created_at": "Tue Jan 26 01:34:18 +0000 2016", "in_reply_to_status_id": 691719802499432448, "in_reply_to_user_id": 3646911, "text": "@empiremagazine #Superman", "hashtags": [{"text": "Superman"}], "lang": "und", "in_reply_to_screen_name": "empiremagazine", "source": "<a href=\"http://twitter.com/download/iphone\" rel=\"nofollow\">Twitter for iPhone</a>"}