{"id": 691801783535026177, "id_str": "691801783535026177", "urls": [], "user": {"id_str": "2227922483", "location": "Intercourse, PA", "favourites_count": 10273, "profile_sidebar_border_color": "C0DEED", "name": "Jcas007", "profile_image_url_https": "https://pbs.twimg.com/profile_images/969186893542887424/5_vNjF-w_normal.jpg", "created_at": "Mon Dec 16 01:57:49 +0000 2013", "screen_name": "Jcas007Jerome", "default_profile": true, "followers_count": 16, "description": "Metalhead 4 Life ,,\n Favorite teams, Red Sox,Juventus FC,Boston Bruins,FSU Football,Louisville Basketball,Tampa Bay Buccaneers,Golden State Warriors", "lang": "en", "statuses_count": 9251, "profile_sidebar_fill_color": "DDEEF6", "profile_background_image_url": "http://abs.twimg.com/images/themes/theme1/bg.png", "profile_text_color": "333333", "profile_banner_url": "https://pbs.twimg.com/profile_banners/2227922483/1387162621", "profile_background_color": "C0DEED", "id": 2227922483, "friends_count": 159, "profile_image_url": "http://pbs.twimg.com/profile_images/969186893542887424/5_vNjF-w_normal.jpg", "profile_use_background_image": true, "profile_background_image_url_https": "https://abs.twimg.com/images/themes/theme1/bg.png", "profile_link_color": "1DA1F2"}, "user_mentions": [{"id": 16374678, "screen_name": "ABC7", "name": "ABC7 Eyewitness News", "id_str": "16374678"}, {"id": 303847337, "screen_name": "GinaGenochio", "name": "Gina Genochio", "id_str": "303847337"}], "created_at": "Tue Jan 26 01:56:12 +0000 2016", "in_reply_to_status_id": 691678576018657281, "in_reply_to_user_id": 16374678, "text": "@ABC7 @GinaGenochio I had to Google this animal maybe I'm an idiot but I never heard of it and Gina don't say a word  about me being a idiot", "hashtags": [], "lang": "en", "in_reply_to_screen_name": "ABC7", "source": "<a href=\"http://twitter.com/download/android\" rel=\"nofollow\">Twitter for Android</a>"}