{"id": 691995798582636544, "id_str": "691995798582636544", "urls": [], "user": {"geo_enabled": true, "favourites_count": 47308, "profile_banner_url": "https://pbs.twimg.com/profile_banners/77929503/1497499771", "name": "Michael Beveridge", "profile_image_url_https": "https://pbs.twimg.com/profile_images/784056688265404417/B97dgzzo_normal.jpg", "created_at": "Mon Sep 28 04:57:22 +0000 2009", "screen_name": "mickyb273", "followers_count": 45677, "listed_count": 197, "description": "Internet - Radio - Footy - Gags - Skating - Politics - Contact: michael.e.beveridge@gmail.com", "id_str": "77929503", "lang": "en", "statuses_count": 47822, "profile_background_tile": true, "profile_sidebar_fill_color": "EFEFEF", "profile_background_image_url": "http://abs.twimg.com/images/themes/theme14/bg.gif", "profile_text_color": "333333", "profile_sidebar_border_color": "EEEEEE", "profile_background_color": "131516", "id": 77929503, "verified": true, "friends_count": 1988, "profile_image_url": "http://pbs.twimg.com/profile_images/784056688265404417/B97dgzzo_normal.jpg", "profile_use_background_image": true, "profile_background_image_url_https": "https://abs.twimg.com/images/themes/theme14/bg.gif", "profile_link_color": "009999"}, "user_mentions": [{"id": 14075928, "screen_name": "TheOnion", "name": "The Onion", "id_str": "14075928"}], "created_at": "Tue Jan 26 14:47:09 +0000 2016", "in_reply_to_status_id": 691995324752252930, "in_reply_to_user_id": 14075928, "text": "@TheOnion superrrbbb.", "hashtags": [], "lang": "en", "in_reply_to_screen_name": "TheOnion", "source": "<a href=\"http://twitter.com\" rel=\"nofollow\">Twitter Web Client</a>"}