{"id": 692084619588415488, "id_str": "692084619588415488", "urls": [], "user": {"id_str": "314723454", "location": "New Orleans", "favourites_count": 20248, "profile_sidebar_border_color": "DFDFDF", "name": "Joan Ulmer", "profile_image_url_https": "https://pbs.twimg.com/profile_images/3083583667/01aa422470a07526498fe2766ee5ee53_normal.jpeg", "created_at": "Fri Jun 10 18:13:17 +0000 2011", "screen_name": "mytweetology", "followers_count": 106, "description": "Fabulous Fifty50ish loving LIFE, FAITH, FAMILY, FRIENDS, NOLA, XULA, 'RONEAGLES', & 'SAINTS/PELICANATION'!!!", "lang": "en", "statuses_count": 3902, "profile_sidebar_fill_color": "F3F3F3", "profile_background_image_url": "http://abs.twimg.com/images/themes/theme7/bg.gif", "profile_text_color": "333333", "profile_banner_url": "https://pbs.twimg.com/profile_banners/314723454/1431117209", "profile_background_color": "EBEBEB", "id": 314723454, "friends_count": 122, "profile_image_url": "http://pbs.twimg.com/profile_images/3083583667/01aa422470a07526498fe2766ee5ee53_normal.jpeg", "profile_use_background_image": true, "profile_background_image_url_https": "https://abs.twimg.com/images/themes/theme7/bg.gif", "profile_link_color": "990000"}, "user_mentions": [{"id": 822215673812119553, "screen_name": "WhiteHouse", "name": "The White House", "id_str": "822215673812119553"}, {"id": 822215679726100480, "screen_name": "POTUS", "name": "President Trump", "id_str": "822215679726100480"}], "in_reply_to_screen_name": "ObamaWhiteHouse", "created_at": "Tue Jan 26 20:40:06 +0000 2016", "in_reply_to_status_id": 692071267189395457, "in_reply_to_user_id": 30313925, "text": "@WhiteHouse @POTUS \"Yes we can\" take a stand! POTUS Obama legacy continues...\"Prison Reform\" | 'Poverty Resolution'. https://t.co/bfxDo2EytL", "hashtags": [], "lang": "en", "media": [{"id": 692084618888019968, "display_url": "pic.twitter.com/bfxDo2EytL", "expanded_url": "https://twitter.com/mytweetology/status/692084619588415488/photo/1", "url": "https://t.co/bfxDo2EytL", "media_url": "http://pbs.twimg.com/media/CZrHS0dVAAAHgzQ.jpg", "type": "photo", "media_url_https": "https://pbs.twimg.com/media/CZrHS0dVAAAHgzQ.jpg", "sizes": {"large": {"w": 412, "resize": "fit", "h": 254}, "small": {"w": 412, "resize": "fit", "h": 254}, "medium": {"w": 412, "resize": "fit", "h": 254}, "thumb": {"w": 150, "resize": "crop", "h": 150}}}], "source": "<a href=\"http://twitter.com\" rel=\"nofollow\">Twitter Web Client</a>"}