{"id": 692098865630187520, "id_str": "692098865630187520", "urls": [], "user": {"geo_enabled": true, "url": "https://t.co/KxFgFrwV7x", "favourites_count": 1636, "profile_sidebar_border_color": "C0DEED", "name": "Alex Frostpaw", "profile_image_url_https": "https://pbs.twimg.com/profile_images/475179815171928064/7-Y-466r_normal.jpeg", "created_at": "Sat Apr 24 10:36:16 +0000 2010", "screen_name": "AlexFrostpaw", "default_profile": true, "followers_count": 111, "description": "That party fragon. Outdoor enthusiast. CSGO AWPer. Mei main. ENTJ.", "id_str": "136591081", "lang": "en", "statuses_count": 1361, "profile_sidebar_fill_color": "DDEEF6", "location": "Fort Wayne, IN", "profile_background_image_url": "http://abs.twimg.com/images/themes/theme1/bg.png", "profile_text_color": "333333", "profile_banner_url": "https://pbs.twimg.com/profile_banners/136591081/1459744067", "profile_background_color": "C0DEED", "id": 136591081, "friends_count": 77, "profile_image_url": "http://pbs.twimg.com/profile_images/475179815171928064/7-Y-466r_normal.jpeg", "profile_use_background_image": true, "profile_background_image_url_https": "https://abs.twimg.com/images/themes/theme1/bg.png", "profile_link_color": "1DA1F2"}, "user_mentions": [{"id": 8936082, "screen_name": "Gawker", "name": "Gawker", "id_str": "8936082"}, {"id": 3085974700, "screen_name": "LunarAzureFang", "name": "\ud83c\uddf1 \ud83c\uddfa \ud83c\uddf3 \ud83c\udde6 \ud83c\uddf7", "id_str": "3085974700"}], "created_at": "Tue Jan 26 21:36:42 +0000 2016", "in_reply_to_status_id": 692082861525078017, "in_reply_to_user_id": 8936082, "text": "@Gawker @LunarAzureFang furries ruin everything.", "hashtags": [], "lang": "en", "place": {"id": "cad757363c1a85df", "full_name": "Glen Burnie, MD", "url": "https://api.twitter.com/1.1/geo/id/cad757363c1a85df.json", "attributes": {}, "country_code": "US", "country": "Estados Unidos", "name": "Glen Burnie", "contained_within": [], "place_type": "city", "bounding_box": {"type": "Polygon", "coordinates": [[[-76.644717, 39.131259], [-76.563196, 39.131259], [-76.563196, 39.207912], [-76.644717, 39.207912]]]}}, "in_reply_to_screen_name": "Gawker", "favorite_count": 2, "source": "<a href=\"http://twitter.com/download/android\" rel=\"nofollow\">Twitter for Android</a>"}