{"id": 692473175725195269, "id_str": "692473175725195269", "urls": [{"expanded_url": "http://go.wh.gov/SNAPworks", "url": "https://t.co/8u1u3eFCB1"}], "user": {"geo_enabled": true, "favourites_count": 103659, "profile_sidebar_border_color": "C0DEED", "name": "Future Miracle \u672a\u3089\u6765\u308b", "profile_image_url_https": "https://pbs.twimg.com/profile_images/582838079481733120/P4c41KX__normal.jpg", "created_at": "Sun Jun 01 07:51:28 +0000 2014", "screen_name": "miraioritekita", "default_profile": true, "followers_count": 1112, "listed_count": 199, "description": "\u3010\u516c\u5f0f\u3011\u7686\u3055\u3093\u4e00\u7dd2\u306b\u4e16\u754c\u3092\u5909\u3048\u307e\u305b\u3093\u304b\uff01 \u3010official\u3011Let's change the world together!", "id_str": "2539035872", "lang": "ja", "statuses_count": 68459, "profile_sidebar_fill_color": "DDEEF6", "profile_background_image_url": "http://abs.twimg.com/images/themes/theme1/bg.png", "profile_text_color": "333333", "profile_banner_url": "https://pbs.twimg.com/profile_banners/2539035872/1427863709", "profile_background_color": "C0DEED", "id": 2539035872, "friends_count": 753, "profile_image_url": "http://pbs.twimg.com/profile_images/582838079481733120/P4c41KX__normal.jpg", "profile_use_background_image": true, "profile_background_image_url_https": "https://abs.twimg.com/images/themes/theme1/bg.png", "profile_link_color": "1DA1F2"}, "user_mentions": [{"id": 822215673812119553, "screen_name": "WhiteHouse", "name": "The White House", "id_str": "822215673812119553"}], "created_at": "Wed Jan 27 22:24:05 +0000 2016", "in_reply_to_status_id": 692393375891361794, "in_reply_to_user_id": 30313925, "text": "The White House \n\nCheck out new steps we're taking to expand access\n\nThank you very much\ud83c\uddfa\ud83c\uddf8\ud83c\udf74\n\n@WhiteHouse  https://t.co/8u1u3eFCB1", "hashtags": [], "lang": "en", "in_reply_to_screen_name": "ObamaWhiteHouse", "source": "<a href=\"http://twitter.com\" rel=\"nofollow\">Twitter Web Client</a>"}