{"id": 692413203763052544, "id_str": "692413203763052544", "urls": [], "user": {"id_str": "20853339", "location": "The Hoosier State", "favourites_count": 23415, "profile_sidebar_border_color": "000000", "name": "SnappyChickpea \ud83c\udf0a", "profile_image_url_https": "https://pbs.twimg.com/profile_images/894613510298099712/Hoo_lPPZ_normal.jpg", "created_at": "Sat Feb 14 15:47:11 +0000 2009", "screen_name": "HeyThatsMyPen", "followers_count": 3828, "listed_count": 13, "description": "PROUDLY standing on the Blue lunatic fringe. Trump is a felon, Congress is AWOL & Pence is pathetic. Snark is my friend, despise Trumptrash. VOTE BLUE #Resist \ud83c\udf0a", "lang": "en", "statuses_count": 43338, "profile_sidebar_fill_color": "000000", "profile_background_image_url": "http://abs.twimg.com/images/themes/theme2/bg.gif", "profile_text_color": "000000", "profile_banner_url": "https://pbs.twimg.com/profile_banners/20853339/1515369347", "profile_background_color": "94D487", "id": 20853339, "friends_count": 4267, "profile_image_url": "http://pbs.twimg.com/profile_images/894613510298099712/Hoo_lPPZ_normal.jpg", "profile_use_background_image": true, "profile_background_image_url_https": "https://abs.twimg.com/images/themes/theme2/bg.gif", "profile_link_color": "455AE9"}, "user_mentions": [{"id": 9300262, "screen_name": "politico", "name": "POLITICO", "id_str": "9300262"}, {"id": 25073877, "screen_name": "realDonaldTrump", "name": "Donald J. Trump", "id_str": "25073877"}], "created_at": "Wed Jan 27 18:25:46 +0000 2016", "in_reply_to_status_id": 692410832307818497, "in_reply_to_user_id": 9300262, "text": "@politico @realDonaldTrump Appalled he would couch this decision in terms of \"ratings\". Doesn't that just simply sum up his entire view?", "hashtags": [], "lang": "en", "in_reply_to_screen_name": "politico", "source": "<a href=\"http://twitter.com\" rel=\"nofollow\">Twitter Web Client</a>"}