{"id": 692551080748695553, "id_str": "692551080748695553", "urls": [], "user": {"geo_enabled": true, "url": "https://t.co/HRl9qJC96P", "favourites_count": 5872, "profile_sidebar_border_color": "C0DEED", "name": "(((Julian Back)))", "profile_image_url_https": "https://pbs.twimg.com/profile_images/804540246927044608/DtrppTnz_normal.jpg", "created_at": "Sat Jan 29 04:57:56 +0000 2011", "screen_name": "Sulu1980", "followers_count": 393, "listed_count": 19, "description": "Kicking at darkness till it bleeds daylight. Passionate about community. #StClairWest #HillcrestVillage #Wychwood #Humewood       Chief Fresser @fressfinefoods", "id_str": "244375661", "lang": "en", "statuses_count": 15681, "profile_sidebar_fill_color": "DDEEF6", "location": "Toronto, Ontario", "profile_background_image_url": "http://abs.twimg.com/images/themes/theme1/bg.png", "profile_text_color": "333333", "profile_banner_url": "https://pbs.twimg.com/profile_banners/244375661/1496372864", "profile_background_color": "ACDED6", "id": 244375661, "friends_count": 364, "profile_image_url": "http://pbs.twimg.com/profile_images/804540246927044608/DtrppTnz_normal.jpg", "profile_background_image_url_https": "https://abs.twimg.com/images/themes/theme1/bg.png", "profile_link_color": "171A19"}, "user_mentions": [{"id": 2557521, "screen_name": "espn", "name": "ESPN", "id_str": "2557521"}], "created_at": "Thu Jan 28 03:33:39 +0000 2016", "in_reply_to_status_id": 692550140754841603, "in_reply_to_user_id": 2557521, "text": "@espn What a joke of a league.", "hashtags": [], "lang": "en", "in_reply_to_screen_name": "espn", "favorite_count": 2, "source": "<a href=\"http://twitter.com/download/iphone\" rel=\"nofollow\">Twitter for iPhone</a>"}