{"id": 692564762765443077, "id_str": "692564762765443077", "urls": [], "user": {"profile_text_color": "333333", "id_str": "582352257", "favourites_count": 44557, "name": "Ellie\u00ae", "profile_image_url_https": "https://pbs.twimg.com/profile_images/635289900451934208/03-6u_eP_normal.jpg", "created_at": "Wed May 16 23:51:12 +0000 2012", "screen_name": "Ellie_Urban", "default_profile": true, "followers_count": 1232, "lang": "en", "statuses_count": 40189, "profile_sidebar_fill_color": "DDEEF6", "profile_background_image_url": "http://abs.twimg.com/images/themes/theme1/bg.png", "listed_count": 52, "profile_sidebar_border_color": "C0DEED", "profile_background_color": "C0DEED", "id": 582352257, "friends_count": 604, "profile_image_url": "http://pbs.twimg.com/profile_images/635289900451934208/03-6u_eP_normal.jpg", "profile_use_background_image": true, "profile_background_image_url_https": "https://abs.twimg.com/images/themes/theme1/bg.png", "profile_link_color": "1DA1F2"}, "user_mentions": [{"id": 9300262, "screen_name": "politico", "name": "POLITICO", "id_str": "9300262"}, {"id": 3395964711, "screen_name": "Women4Trump", "name": "Women 4 Trump", "id_str": "3395964711"}, {"id": 25073877, "screen_name": "realDonaldTrump", "name": "Donald J. Trump", "id_str": "25073877"}], "created_at": "Thu Jan 28 04:28:01 +0000 2016", "in_reply_to_status_id": 692410832307818497, "in_reply_to_user_id": 9300262, "text": "@politico @Women4Trump @realDonaldTrump Hell no.", "hashtags": [], "lang": "en", "in_reply_to_screen_name": "politico", "source": "<a href=\"http://twitter.com/#!/download/ipad\" rel=\"nofollow\">Twitter for iPad</a>"}