{"id": 692553323157819392, "id_str": "692553323157819392", "urls": [], "user": {"id_str": "3012100339", "favourites_count": 499, "profile_sidebar_border_color": "C0DEED", "name": "Ethan Biddle", "profile_image_url_https": "https://pbs.twimg.com/profile_images/736571736146083842/Ju0lPfUO_normal.jpg", "created_at": "Sat Feb 07 07:48:45 +0000 2015", "screen_name": "Minidude31", "default_profile": true, "followers_count": 45, "description": "6\ufe0f\u20e3\u27a1\ufe0f\ud83c\udf09", "lang": "en", "statuses_count": 1093, "profile_sidebar_fill_color": "DDEEF6", "profile_background_image_url": "http://abs.twimg.com/images/themes/theme1/bg.png", "profile_text_color": "333333", "profile_banner_url": "https://pbs.twimg.com/profile_banners/3012100339/1449795112", "profile_background_color": "C0DEED", "id": 3012100339, "friends_count": 84, "profile_image_url": "http://pbs.twimg.com/profile_images/736571736146083842/Ju0lPfUO_normal.jpg", "profile_use_background_image": true, "profile_background_image_url_https": "https://abs.twimg.com/images/themes/theme1/bg.png", "profile_link_color": "1DA1F2"}, "user_mentions": [{"id": 2557521, "screen_name": "espn", "name": "ESPN", "id_str": "2557521"}], "created_at": "Thu Jan 28 03:42:33 +0000 2016", "in_reply_to_status_id": 692550140754841603, "in_reply_to_user_id": 2557521, "text": "@espn should be Casey. Or else give Walton the job in West", "hashtags": [], "lang": "en", "in_reply_to_screen_name": "espn", "source": "<a href=\"http://twitter.com/download/iphone\" rel=\"nofollow\">Twitter for iPhone</a>"}