{"id": 692517474970030080, "id_str": "692517474970030080", "urls": [], "user": {"geo_enabled": true, "location": "Kejahatan - kejahatan ", "favourites_count": 105, "profile_sidebar_border_color": "C0DEED", "name": "Fenny Maria 18", "profile_image_url_https": "https://pbs.twimg.com/profile_images/1018115481989857280/jCDbbB4g_normal.jpg", "created_at": "Sat Feb 21 10:21:52 +0000 2015", "screen_name": "NjcWenwen", "default_profile": true, "followers_count": 30, "listed_count": 25, "description": "Pribumi Sadarlah.Sampai kapan pun Tidak Mungkin America dan Eropa mengutamakan Muslim atau Pribumi atau Mana pun.Setiap Negara Mengutamakan Diri Mereka", "id_str": "3034429802", "lang": "en", "statuses_count": 8929, "profile_sidebar_fill_color": "DDEEF6", "profile_background_image_url": "http://abs.twimg.com/images/themes/theme1/bg.png", "profile_text_color": "333333", "profile_banner_url": "https://pbs.twimg.com/profile_banners/3034429802/1534292460", "profile_background_color": "C0DEED", "id": 3034429802, "friends_count": 1, "profile_image_url": "http://pbs.twimg.com/profile_images/1018115481989857280/jCDbbB4g_normal.jpg", "profile_use_background_image": true, "profile_background_image_url_https": "https://abs.twimg.com/images/themes/theme1/bg.png", "profile_link_color": "1DA1F2"}, "user_mentions": [{"id": 822215673812119553, "screen_name": "WhiteHouse", "name": "The White House", "id_str": "822215673812119553"}, {"id": 822215679726100480, "screen_name": "POTUS", "name": "President Trump", "id_str": "822215679726100480"}, {"id": 8487622, "screen_name": "HolocaustMuseum", "name": "US Holocaust Museum", "id_str": "8487622"}], "created_at": "Thu Jan 28 01:20:07 +0000 2016", "in_reply_to_status_id": 692516224245235712, "in_reply_to_user_id": 30313925, "text": "\u201c@WhiteHouse: .@POTUS reflects on the importance of taking his daughters to visit the @HolocaustMuseum. #HolocaustRemembranceDay", "hashtags": [{"text": "HolocaustRemembranceDay"}], "lang": "en", "in_reply_to_screen_name": "ObamaWhiteHouse", "source": "<a href=\"http://twitter.com/download/iphone\" rel=\"nofollow\">Twitter for iPhone</a>"}