{"id": 692626537875517440, "id_str": "692626537875517440", "urls": [], "user": {"geo_enabled": true, "location": "Las Vegas, NV", "favourites_count": 2212, "profile_sidebar_border_color": "C0DEED", "name": "Brett Cooper\ud83c\udfc8\ud83c\udfc8", "profile_image_url_https": "https://pbs.twimg.com/profile_images/1047687635030822912/Y4zmbD6L_normal.jpg", "created_at": "Sun Jul 19 06:03:04 +0000 2015", "screen_name": "BrettCo37356989", "default_profile": true, "followers_count": 309, "listed_count": 3, "description": "Born New Mexican, Love Culture, Sports, Music, Treasure Hunting. etc.\nRAIDER NATION RULES!!", "id_str": "3283988454", "lang": "en", "statuses_count": 2444, "profile_sidebar_fill_color": "DDEEF6", "profile_background_image_url": "http://abs.twimg.com/images/themes/theme1/bg.png", "profile_text_color": "333333", "profile_banner_url": "https://pbs.twimg.com/profile_banners/3283988454/1538623439", "profile_background_color": "C0DEED", "id": 3283988454, "friends_count": 283, "profile_image_url": "http://pbs.twimg.com/profile_images/1047687635030822912/Y4zmbD6L_normal.jpg", "profile_use_background_image": true, "profile_background_image_url_https": "https://abs.twimg.com/images/themes/theme1/bg.png", "profile_link_color": "1DA1F2"}, "user_mentions": [{"id": 428333, "screen_name": "cnnbrk", "name": "CNN Breaking News", "id_str": "428333"}], "created_at": "Thu Jan 28 08:33:29 +0000 2016", "in_reply_to_status_id": 692623941131722752, "in_reply_to_user_id": 428333, "text": "@cnnbrk. Hero Dog Mans Best Friend\ud83d\udc4d\ud83d\udc4d", "hashtags": [], "lang": "en", "in_reply_to_screen_name": "cnnbrk", "favorite_count": 3, "source": "<a href=\"http://twitter.com/download/android\" rel=\"nofollow\">Twitter for Android</a>"}