{"id": 692619806042918912, "id_str": "692619806042918912", "urls": [{"expanded_url": "http://dollarcell.com/?ref=62292", "url": "https://t.co/02LCA7pfhG"}], "user": {"profile_sidebar_fill_color": "DDEEF6", "name": "odere b", "id_str": "4854982839", "statuses_count": 79, "profile_text_color": "333333", "profile_sidebar_border_color": "C0DEED", "profile_image_url_https": "https://pbs.twimg.com/profile_images/692465024502108160/4cSNVCFh_normal.jpg", "profile_background_color": "F5F8FA", "created_at": "Wed Jan 27 21:48:59 +0000 2016", "screen_name": "odere4fun", "default_profile": true, "followers_count": 2, "friends_count": 39, "profile_image_url": "http://pbs.twimg.com/profile_images/692465024502108160/4cSNVCFh_normal.jpg", "id": 4854982839, "profile_use_background_image": true, "lang": "en", "profile_link_color": "1DA1F2"}, "user_mentions": [{"id": 14075928, "screen_name": "TheOnion", "name": "The Onion", "id_str": "14075928"}], "created_at": "Thu Jan 28 08:06:44 +0000 2016", "in_reply_to_status_id": 691995324752252930, "in_reply_to_user_id": 14075928, "text": "@TheOnion https://t.co/02LCA7pfhG", "hashtags": [], "lang": "und", "in_reply_to_screen_name": "TheOnion", "source": "<a href=\"http://twitter.com\" rel=\"nofollow\">Twitter Web Client</a>"}