{"id": 692748411481780224, "id_str": "692748411481780224", "urls": [{"expanded_url": "http://bbc.in/20v5X6g", "url": "https://t.co/ZpHPMu2fJi"}], "user": {"id_str": "5402612", "url": "http://t.co/vBzl7LOaso", "listed_count": 133172, "profile_banner_url": "https://pbs.twimg.com/profile_banners/5402612/1398336837", "name": "BBC Breaking News", "profile_image_url_https": "https://pbs.twimg.com/profile_images/875701863957630977/KTviCCaU_normal.jpg", "created_at": "Sun Apr 22 14:42:37 +0000 2007", "screen_name": "BBCBreaking", "followers_count": 38366068, "description": "Breaking news alerts and updates from the BBC. For news, features, analysis follow @BBCWorld (international) or @BBCNews (UK). Latest sport news @BBCSport.", "lang": "en", "statuses_count": 34928, "profile_sidebar_fill_color": "FFFFFF", "location": "London, UK", "profile_background_image_url": "http://abs.twimg.com/images/themes/theme1/bg.png", "profile_text_color": "5A5A5A", "profile_sidebar_border_color": "FFFFFF", "profile_background_color": "FFFFFF", "id": 5402612, "verified": true, "friends_count": 3, "profile_image_url": "http://pbs.twimg.com/profile_images/875701863957630977/KTviCCaU_normal.jpg", "profile_use_background_image": true, "profile_background_image_url_https": "https://abs.twimg.com/images/themes/theme1/bg.png", "profile_link_color": "1F527B"}, "user_mentions": [], "retweet_count": 939, "in_reply_to_screen_name": "BBCBreaking", "created_at": "Thu Jan 28 16:37:46 +0000 2016", "in_reply_to_status_id": 692742353736568833, "in_reply_to_user_id": 5402612, "text": "Man held at Disneyland Paris carrying \"low-calibre\" guns &amp; copy of Koran - police sources https://t.co/ZpHPMu2fJi https://t.co/aUNHCKWvhF", "hashtags": [], "lang": "en", "media": [{"id": 692748372906774528, "display_url": "pic.twitter.com/aUNHCKWvhF", "expanded_url": "https://twitter.com/BBCBreaking/status/692748411481780224/photo/1", "url": "https://t.co/aUNHCKWvhF", "media_url": "http://pbs.twimg.com/media/CZ0i-Y3WkAAkPVg.jpg", "type": "photo", "media_url_https": "https://pbs.twimg.com/media/CZ0i-Y3WkAAkPVg.jpg", "sizes": {"small": {"w": 680, "resize": "fit", "h": 383}, "large": {"w": 976, "resize": "fit", "h": 549}, "medium": {"w": 976, "resize": "fit", "h": 549}, "thumb": {"w": 150, "resize": "crop", "h": 150}}}], "favorite_count": 501, "source": "<a href=\"https://about.twitter.com/products/tweetdeck\" rel=\"nofollow\">TweetDeck</a>"}