{"id": 692797941220704256, "id_str": "692797941220704256", "urls": [], "user": {"id_str": "299374041", "location": "Lodi, CA", "favourites_count": 55033, "profile_sidebar_border_color": "C0DEED", "name": "Apex", "profile_image_url_https": "https://pbs.twimg.com/profile_images/834296128178835458/fj2Vi5Hd_normal.jpg", "created_at": "Mon May 16 00:03:44 +0000 2011", "screen_name": "ADub209", "default_profile": true, "followers_count": 187, "listed_count": 2, "description": "My mom thinks I\u2019m funny.", "lang": "en", "statuses_count": 22961, "profile_sidebar_fill_color": "DDEEF6", "profile_background_image_url": "http://abs.twimg.com/images/themes/theme1/bg.png", "profile_text_color": "333333", "profile_banner_url": "https://pbs.twimg.com/profile_banners/299374041/1364530917", "profile_background_color": "C0DEED", "id": 299374041, "friends_count": 539, "profile_image_url": "http://pbs.twimg.com/profile_images/834296128178835458/fj2Vi5Hd_normal.jpg", "profile_use_background_image": true, "profile_background_image_url_https": "https://abs.twimg.com/images/themes/theme1/bg.png", "profile_link_color": "1DA1F2"}, "user_mentions": [{"id": 2557521, "screen_name": "espn", "name": "ESPN", "id_str": "2557521"}], "retweet_count": 1, "in_reply_to_screen_name": "espn", "created_at": "Thu Jan 28 19:54:35 +0000 2016", "in_reply_to_status_id": 692797856386777089, "in_reply_to_user_id": 2557521, "text": "@espn https://t.co/p0mpOoV42t", "hashtags": [], "lang": "und", "media": [{"id": 692797918131023873, "display_url": "pic.twitter.com/p0mpOoV42t", "expanded_url": "https://twitter.com/ADub209/status/692797941220704256/photo/1", "url": "https://t.co/p0mpOoV42t", "media_url": "http://pbs.twimg.com/tweet_video_thumb/CZ1QCTNUcAEbh13.png", "video_info": {"variants": [{"content_type": "video/mp4", "bitrate": 0, "url": "https://video.twimg.com/tweet_video/CZ1QCTNUcAEbh13.mp4"}], "aspect_ratio": [250, 139]}, "type": "animated_gif", "media_url_https": "https://pbs.twimg.com/tweet_video_thumb/CZ1QCTNUcAEbh13.png", "sizes": {"large": {"w": 500, "resize": "fit", "h": 278}, "small": {"w": 500, "resize": "fit", "h": 278}, "medium": {"w": 500, "resize": "fit", "h": 278}, "thumb": {"w": 150, "resize": "crop", "h": 150}}}], "favorite_count": 6, "source": "<a href=\"http://twitter.com/download/iphone\" rel=\"nofollow\">Twitter for iPhone</a>"}