{"id": 692753593158504449, "id_str": "692753593158504449", "urls": [], "user": {"profile_text_color": "333333", "id_str": "3433002136", "favourites_count": 1, "profile_sidebar_border_color": "C0DEED", "name": "Joey Woey", "profile_image_url_https": "https://pbs.twimg.com/profile_images/816632853404401666/o_7WSHJ9_normal.jpg", "created_at": "Thu Aug 20 15:57:42 +0000 2015", "screen_name": "Jedi4sss", "default_profile": true, "followers_count": 114, "lang": "en", "statuses_count": 40490, "profile_sidebar_fill_color": "DDEEF6", "profile_background_image_url": "http://abs.twimg.com/images/themes/theme1/bg.png", "listed_count": 14, "profile_banner_url": "https://pbs.twimg.com/profile_banners/3433002136/1472656135", "profile_background_color": "C0DEED", "id": 3433002136, "friends_count": 7, "profile_image_url": "http://pbs.twimg.com/profile_images/816632853404401666/o_7WSHJ9_normal.jpg", "profile_use_background_image": true, "profile_background_image_url_https": "https://abs.twimg.com/images/themes/theme1/bg.png", "profile_link_color": "1DA1F2"}, "user_mentions": [{"id": 3285597362, "screen_name": "mbjran2266", "name": "Muhammad Bin Javaid", "id_str": "3285597362"}, {"id": 5402612, "screen_name": "BBCBreaking", "name": "BBC Breaking News", "id_str": "5402612"}], "in_reply_to_screen_name": "mbjran2266", "created_at": "Thu Jan 28 16:58:22 +0000 2016", "in_reply_to_status_id": 692752422180122624, "in_reply_to_user_id": 3285597362, "text": "@mbjran2266 @BBCBreaking ..\" ha ha ha ha....who told you it was a religion of peace infidel\"? https://t.co/6nbsZESjNl", "hashtags": [], "lang": "en", "media": [{"id": 692753592491577344, "display_url": "pic.twitter.com/6nbsZESjNl", "expanded_url": "https://twitter.com/Jedi4sss/status/692753593158504449/photo/1", "url": "https://t.co/6nbsZESjNl", "media_url": "http://pbs.twimg.com/media/CZ0nuNVWEAA0MY3.jpg", "type": "photo", "media_url_https": "https://pbs.twimg.com/media/CZ0nuNVWEAA0MY3.jpg", "sizes": {"small": {"w": 297, "resize": "fit", "h": 169}, "large": {"w": 297, "resize": "fit", "h": 169}, "medium": {"w": 297, "resize": "fit", "h": 169}, "thumb": {"w": 150, "resize": "crop", "h": 150}}}], "source": "<a href=\"http://twitter.com\" rel=\"nofollow\">Twitter Web Client</a>"}