{"id": 692787584704106496, "id_str": "692787584704106496", "urls": [], "user": {"profile_text_color": "333333", "id_str": "3077083692", "favourites_count": 163, "profile_sidebar_border_color": "C0DEED", "name": "DWET3", "profile_image_url_https": "https://pbs.twimg.com/profile_images/798095487815602176/lXT8-cRQ_normal.jpg", "created_at": "Fri Mar 13 15:28:53 +0000 2015", "screen_name": "hancot89", "default_profile": true, "followers_count": 81, "description": "once there x life there x hope..will surely get there", "lang": "en", "statuses_count": 1128, "profile_sidebar_fill_color": "DDEEF6", "profile_background_image_url": "http://abs.twimg.com/images/themes/theme1/bg.png", "listed_count": 1, "profile_banner_url": "https://pbs.twimg.com/profile_banners/3077083692/1479115800", "profile_background_color": "C0DEED", "id": 3077083692, "friends_count": 89, "profile_image_url": "http://pbs.twimg.com/profile_images/798095487815602176/lXT8-cRQ_normal.jpg", "profile_use_background_image": true, "profile_background_image_url_https": "https://abs.twimg.com/images/themes/theme1/bg.png", "profile_link_color": "1DA1F2"}, "user_mentions": [{"id": 5402612, "screen_name": "BBCBreaking", "name": "BBC Breaking News", "id_str": "5402612"}], "in_reply_to_screen_name": "BBCBreaking", "created_at": "Thu Jan 28 19:13:26 +0000 2016", "in_reply_to_status_id": 692758341068656644, "in_reply_to_user_id": 5402612, "text": "@BBCBreaking https://t.co/mgAD4MmEUj", "hashtags": [], "lang": "und", "media": [{"id": 692787573907783680, "display_url": "pic.twitter.com/mgAD4MmEUj", "expanded_url": "https://twitter.com/hancot89/status/692787584704106496/photo/1", "url": "https://t.co/mgAD4MmEUj", "media_url": "http://pbs.twimg.com/media/CZ1GoL-UAAAxpdx.jpg", "type": "photo", "media_url_https": "https://pbs.twimg.com/media/CZ1GoL-UAAAxpdx.jpg", "sizes": {"small": {"w": 383, "resize": "fit", "h": 680}, "large": {"w": 540, "resize": "fit", "h": 960}, "medium": {"w": 540, "resize": "fit", "h": 960}, "thumb": {"w": 150, "resize": "crop", "h": 150}}}], "source": "<a href=\"http://www.twitter.com\" rel=\"nofollow\">Twitter for Windows Phone</a>"}