{"id": 692707038879551491, "id_str": "692707038879551491", "urls": [], "user": {"id_str": "3934900693", "favourites_count": 1, "profile_sidebar_border_color": "C0DEED", "name": "00011011", "profile_image_url_https": "https://pbs.twimg.com/profile_images/930645831694237697/2DuPmxuo_normal.jpg", "created_at": "Sun Oct 18 10:18:43 +0000 2015", "screen_name": "Stjbikki", "default_profile": true, "followers_count": 31, "lang": "en", "statuses_count": 2096, "profile_sidebar_fill_color": "DDEEF6", "profile_background_image_url": "http://abs.twimg.com/images/themes/theme1/bg.png", "profile_text_color": "333333", "profile_banner_url": "https://pbs.twimg.com/profile_banners/3934900693/1510718146", "profile_background_color": "C0DEED", "id": 3934900693, "friends_count": 254, "profile_image_url": "http://pbs.twimg.com/profile_images/930645831694237697/2DuPmxuo_normal.jpg", "profile_use_background_image": true, "profile_background_image_url_https": "https://abs.twimg.com/images/themes/theme1/bg.png", "profile_link_color": "1DA1F2"}, "user_mentions": [{"id": 5402612, "screen_name": "BBCBreaking", "name": "BBC Breaking News", "id_str": "5402612"}, {"id": 14499829, "screen_name": "WHO", "name": "World Health Organization (WHO)", "id_str": "14499829"}], "created_at": "Thu Jan 28 13:53:22 +0000 2016", "in_reply_to_status_id": 692702295281262593, "in_reply_to_user_id": 5402612, "text": "@BBCBreaking @WHO \nand it is going to be ________.", "hashtags": [], "lang": "en", "in_reply_to_screen_name": "BBCBreaking", "source": "<a href=\"http://twitter.com/download/android\" rel=\"nofollow\">Twitter for Android</a>"}