{"id": 692700672886702082, "id_str": "692700672886702082", "urls": [], "user": {"id_str": "2252446281", "location": "United States", "favourites_count": 87, "profile_sidebar_border_color": "C0DEED", "name": "ovoas", "profile_image_url_https": "https://pbs.twimg.com/profile_images/666456124464361472/gvo0c1g7_normal.jpg", "created_at": "Mon Dec 30 17:43:42 +0000 2013", "screen_name": "ovosas", "default_profile": true, "followers_count": 57, "lang": "en", "statuses_count": 5001, "profile_sidebar_fill_color": "DDEEF6", "profile_background_image_url": "http://abs.twimg.com/images/themes/theme1/bg.png", "profile_text_color": "333333", "profile_banner_url": "https://pbs.twimg.com/profile_banners/2252446281/1418350367", "profile_background_color": "C0DEED", "id": 2252446281, "friends_count": 116, "profile_image_url": "http://pbs.twimg.com/profile_images/666456124464361472/gvo0c1g7_normal.jpg", "profile_use_background_image": true, "profile_background_image_url_https": "https://abs.twimg.com/images/themes/theme1/bg.png", "profile_link_color": "1DA1F2"}, "user_mentions": [{"id": 428333, "screen_name": "cnnbrk", "name": "CNN Breaking News", "id_str": "428333"}], "created_at": "Thu Jan 28 13:28:04 +0000 2016", "in_reply_to_status_id": 692691444046372865, "in_reply_to_user_id": 428333, "text": "@cnnbrk more fearmongering", "hashtags": [], "lang": "en", "in_reply_to_screen_name": "cnnbrk", "source": "<a href=\"http://twitter.com/download/iphone\" rel=\"nofollow\">Twitter for iPhone</a>"}