{"id": 692799153886380034, "id_str": "692799153886380034", "urls": [], "user": {"id_str": "243199949", "location": "St.Charles Mo / Joplin", "favourites_count": 268682, "profile_sidebar_border_color": "C0DEED", "name": "AJ Truitt", "profile_image_url_https": "https://pbs.twimg.com/profile_images/933225732003782656/KThkoJLE_normal.jpg", "created_at": "Wed Jan 26 14:43:47 +0000 2011", "screen_name": "num1broncofan18", "default_profile": true, "followers_count": 1168, "listed_count": 125, "description": "@Denver Broncos stl cardinals stl blues Missouri tigers Russell westbrok nut hugger.  NBA lover fc Barcelona. Dale JR. #CubsHater #Mlbridesthecubscock", "lang": "en", "statuses_count": 235706, "profile_sidebar_fill_color": "DDEEF6", "profile_background_image_url": "http://abs.twimg.com/images/themes/theme1/bg.png", "profile_text_color": "333333", "profile_banner_url": "https://pbs.twimg.com/profile_banners/243199949/1536472184", "profile_background_color": "C0DEED", "id": 243199949, "friends_count": 2063, "profile_image_url": "http://pbs.twimg.com/profile_images/933225732003782656/KThkoJLE_normal.jpg", "profile_use_background_image": true, "profile_background_image_url_https": "https://abs.twimg.com/images/themes/theme1/bg.png", "profile_link_color": "1DA1F2"}, "user_mentions": [{"id": 2557521, "screen_name": "espn", "name": "ESPN", "id_str": "2557521"}], "retweet_count": 2, "in_reply_to_screen_name": "espn", "created_at": "Thu Jan 28 19:59:24 +0000 2016", "in_reply_to_status_id": 692797856386777089, "in_reply_to_user_id": 2557521, "text": "@espn https://t.co/lIlRkCmVwD", "hashtags": [], "lang": "und", "media": [{"id": 692799147083218944, "display_url": "pic.twitter.com/lIlRkCmVwD", "expanded_url": "https://twitter.com/num1broncofan18/status/692799153886380034/photo/1", "url": "https://t.co/lIlRkCmVwD", "media_url": "http://pbs.twimg.com/media/CZ1RJ1aWwAAqgg_.jpg", "type": "photo", "media_url_https": "https://pbs.twimg.com/media/CZ1RJ1aWwAAqgg_.jpg", "sizes": {"small": {"w": 462, "resize": "fit", "h": 680}, "large": {"w": 598, "resize": "fit", "h": 880}, "medium": {"w": 598, "resize": "fit", "h": 880}, "thumb": {"w": 150, "resize": "crop", "h": 150}}}], "favorite_count": 9, "source": "<a href=\"http://twitter.com/download/android\" rel=\"nofollow\">Twitter for Android</a>"}