{"id": 692794607524970496, "id_str": "692794607524970496", "urls": [{"expanded_url": "http://www.toprt.com/TopRT_IE/?t=692758341068656644", "url": "https://t.co/4MI2MZ9dKM"}], "user": {"id_str": "850639772", "url": "http://t.co/sg6KRjxELG", "favourites_count": 58671, "name": "Ireland: top news", "profile_image_url_https": "https://pbs.twimg.com/profile_images/2657801209/cb7e34841fae26cb588dbde9a5dcb759_normal.png", "created_at": "Fri Sep 28 07:31:46 +0000 2012", "screen_name": "TopRT_IE", "default_profile": true, "followers_count": 369, "listed_count": 28, "description": "Ireland: most retweeted #news and #photo", "lang": "en", "statuses_count": 29547, "profile_sidebar_fill_color": "DDEEF6", "location": "Ireland", "profile_background_image_url": "http://abs.twimg.com/images/themes/theme1/bg.png", "profile_text_color": "333333", "profile_sidebar_border_color": "C0DEED", "profile_background_color": "C0DEED", "id": 850639772, "friends_count": 116, "profile_image_url": "http://pbs.twimg.com/profile_images/2657801209/cb7e34841fae26cb588dbde9a5dcb759_normal.png", "profile_use_background_image": true, "profile_background_image_url_https": "https://abs.twimg.com/images/themes/theme1/bg.png", "profile_link_color": "1DA1F2"}, "user_mentions": [{"id": 5402612, "screen_name": "BBCBreaking", "name": "BBC Breaking News", "id_str": "5402612"}], "created_at": "Thu Jan 28 19:41:20 +0000 2016", "in_reply_to_status_id": 692758341068656644, "in_reply_to_user_id": 5402612, "text": "@BBCBreaking: \"Woman detained at Disneyland Paris after her partner was arrested with guns, box of\u2026\" #1 in #Ireland https://t.co/4MI2MZ9dKM", "hashtags": [{"text": "Ireland"}], "lang": "en", "in_reply_to_screen_name": "BBCBreaking", "source": "<a href=\"http://www.toprt.com\" rel=\"nofollow\">TopRT.com</a>"}