{"id": 692762250097115136, "id_str": "692762250097115136", "urls": [], "user": {"geo_enabled": true, "favourites_count": 6491, "profile_sidebar_border_color": "C0DEED", "name": "ZaynabKhan", "profile_image_url_https": "https://pbs.twimg.com/profile_images/983095440202698752/YN1-aMRD_normal.jpg", "created_at": "Mon Feb 04 19:57:16 +0000 2013", "screen_name": "HooosainZaynab", "default_profile": true, "followers_count": 196, "listed_count": 4, "description": "just trying to make a difference", "id_str": "1148941039", "lang": "en", "statuses_count": 8366, "profile_sidebar_fill_color": "DDEEF6", "profile_background_image_url": "http://abs.twimg.com/images/themes/theme1/bg.png", "profile_text_color": "333333", "profile_banner_url": "https://pbs.twimg.com/profile_banners/1148941039/1441638519", "profile_background_color": "C0DEED", "id": 1148941039, "friends_count": 391, "profile_image_url": "http://pbs.twimg.com/profile_images/983095440202698752/YN1-aMRD_normal.jpg", "profile_use_background_image": true, "profile_background_image_url_https": "https://abs.twimg.com/images/themes/theme1/bg.png", "profile_link_color": "1DA1F2"}, "user_mentions": [{"id": 5402612, "screen_name": "BBCBreaking", "name": "BBC Breaking News", "id_str": "5402612"}], "created_at": "Thu Jan 28 17:32:45 +0000 2016", "in_reply_to_status_id": 692758341068656644, "in_reply_to_user_id": 5402612, "text": "@BBCBreaking of course, cos we carry our 'korans' everywhere.dont know who or what to believe anymore.", "hashtags": [], "lang": "en", "in_reply_to_screen_name": "BBCBreaking", "source": "<a href=\"https://twitter.com/download/android\" rel=\"nofollow\">Twitter for Android Tablets</a>"}