{"id": 692759427460505600, "id_str": "692759427460505600", "urls": [], "user": {"id_str": "1605914786", "url": "https://t.co/9ol54pj8q5", "favourites_count": 20509, "profile_sidebar_border_color": "C0DEED", "name": "Templar of Ni \u274c", "profile_image_url_https": "https://pbs.twimg.com/profile_images/921114879733518337/WkkgTy5J_normal.jpg", "created_at": "Fri Jul 19 13:16:01 +0000 2013", "screen_name": "TemplarOfNi", "default_profile": true, "followers_count": 2443, "listed_count": 24, "description": "Anti-bedwetter in the twitter echo chamber.", "lang": "en", "statuses_count": 20985, "profile_sidebar_fill_color": "DDEEF6", "location": "Angola", "profile_background_image_url": "http://abs.twimg.com/images/themes/theme1/bg.png", "profile_text_color": "333333", "profile_banner_url": "https://pbs.twimg.com/profile_banners/1605914786/1490475664", "profile_background_color": "C0DEED", "id": 1605914786, "friends_count": 2121, "profile_image_url": "http://pbs.twimg.com/profile_images/921114879733518337/WkkgTy5J_normal.jpg", "profile_use_background_image": true, "profile_background_image_url_https": "https://abs.twimg.com/images/themes/theme1/bg.png", "profile_link_color": "1DA1F2"}, "user_mentions": [{"id": 5402612, "screen_name": "BBCBreaking", "name": "BBC Breaking News", "id_str": "5402612"}, {"id": 612473, "screen_name": "BBCNews", "name": "BBC News (UK)", "id_str": "612473"}], "retweet_count": 6, "in_reply_to_screen_name": "BBCBreaking", "created_at": "Thu Jan 28 17:21:33 +0000 2016", "in_reply_to_status_id": 692758341068656644, "in_reply_to_user_id": 5402612, "text": "@BBCBreaking @BBCNews luckily, the Koran has nothing to do with islam. https://t.co/WgFXZmG1qU", "hashtags": [], "lang": "en", "media": [{"id": 692759421164896256, "display_url": "pic.twitter.com/WgFXZmG1qU", "expanded_url": "https://twitter.com/21stCentTemplar/status/692759427460505600/photo/1", "url": "https://t.co/WgFXZmG1qU", "media_url": "http://pbs.twimg.com/media/CZ0tBe1WwAA3WTZ.jpg", "type": "photo", "media_url_https": "https://pbs.twimg.com/media/CZ0tBe1WwAA3WTZ.jpg", "sizes": {"large": {"w": 600, "resize": "fit", "h": 337}, "small": {"w": 600, "resize": "fit", "h": 337}, "medium": {"w": 600, "resize": "fit", "h": 337}, "thumb": {"w": 150, "resize": "crop", "h": 150}}}], "favorite_count": 27, "source": "<a href=\"http://twitter.com/#!/download/ipad\" rel=\"nofollow\">Twitter for iPad</a>"}