{"id": 692770194549272576, "id_str": "692770194549272576", "urls": [], "user": {"id_str": "317419355", "favourites_count": 1136, "profile_sidebar_border_color": "000000", "name": "MDP", "profile_image_url_https": "https://pbs.twimg.com/profile_images/860146171280535553/7BDn0v3e_normal.jpg", "created_at": "Tue Jun 14 22:25:17 +0000 2011", "screen_name": "christ_bucket", "followers_count": 113, "description": "The New Sincere. I'm meek, but I could probably stand to be meeker.", "lang": "xx-lc", "statuses_count": 2264, "profile_background_tile": true, "profile_sidebar_fill_color": "EFEFEF", "profile_background_image_url": "http://abs.twimg.com/images/themes/theme1/bg.png", "profile_text_color": "333333", "profile_banner_url": "https://pbs.twimg.com/profile_banners/317419355/1483565922", "profile_background_color": "131516", "id": 317419355, "friends_count": 103, "profile_image_url": "http://pbs.twimg.com/profile_images/860146171280535553/7BDn0v3e_normal.jpg", "profile_use_background_image": true, "profile_background_image_url_https": "https://abs.twimg.com/images/themes/theme1/bg.png", "profile_link_color": "001494"}, "user_mentions": [{"id": 5402612, "screen_name": "BBCBreaking", "name": "BBC Breaking News", "id_str": "5402612"}], "created_at": "Thu Jan 28 18:04:20 +0000 2016", "in_reply_to_status_id": 692758341068656644, "in_reply_to_user_id": 5402612, "text": "@BBCBreaking not a koran! the most deadly weapon of all!!", "hashtags": [], "lang": "en", "in_reply_to_screen_name": "BBCBreaking", "source": "<a href=\"http://twitter.com\" rel=\"nofollow\">Twitter Web Client</a>"}