{"id": 692885459970568193, "id_str": "692885459970568193", "urls": [], "user": {"geo_enabled": true, "location": "Jacksonville, FL", "favourites_count": 5340, "profile_sidebar_border_color": "C0DEED", "name": "Drew S.", "profile_image_url_https": "https://pbs.twimg.com/profile_images/1030257578771501057/uGVr8auu_normal.jpg", "created_at": "Sun Jan 04 06:13:06 +0000 2015", "screen_name": "drew_shillings", "default_profile": true, "followers_count": 330, "listed_count": 14, "description": "Jacksonville, Florida. 22. Die hard Jaguars and Blake Bortles fan.", "id_str": "2959778111", "lang": "en", "statuses_count": 16772, "profile_sidebar_fill_color": "DDEEF6", "profile_background_image_url": "http://abs.twimg.com/images/themes/theme1/bg.png", "profile_text_color": "333333", "profile_banner_url": "https://pbs.twimg.com/profile_banners/2959778111/1532562368", "profile_background_color": "C0DEED", "id": 2959778111, "friends_count": 373, "profile_image_url": "http://pbs.twimg.com/profile_images/1030257578771501057/uGVr8auu_normal.jpg", "profile_use_background_image": true, "profile_background_image_url_https": "https://abs.twimg.com/images/themes/theme1/bg.png", "profile_link_color": "1DA1F2"}, "user_mentions": [{"id": 2557521, "screen_name": "espn", "name": "ESPN", "id_str": "2557521"}, {"id": 18371803, "screen_name": "spurs", "name": "San Antonio Spurs", "id_str": "18371803"}, {"id": 3048420798, "screen_name": "PG13MVP", "name": "Mitch", "id_str": "3048420798"}], "created_at": "Fri Jan 29 01:42:21 +0000 2016", "in_reply_to_status_id": 692884886374318081, "in_reply_to_user_id": 2557521, "text": "@espn @spurs @PG13MVP Truth", "hashtags": [], "lang": "en", "in_reply_to_screen_name": "espn", "source": "<a href=\"http://twitter.com/download/iphone\" rel=\"nofollow\">Twitter for iPhone</a>"}