{"id": 692885137151758340, "id_str": "692885137151758340", "urls": [], "user": {"geo_enabled": true, "location": "Johnston, IA", "favourites_count": 2830, "profile_sidebar_border_color": "78E713", "name": "Anthony Kokakis", "profile_image_url_https": "https://pbs.twimg.com/profile_images/913638217747804160/Tftq2JJ4_normal.jpg", "created_at": "Wed Mar 09 23:30:24 +0000 2011", "screen_name": "anthokoka", "followers_count": 262, "listed_count": 1, "description": "If you don't build your dream, someone else will hire you to build theirs. #Hawkeyes #Packers #Twins #Timberwolves/LeBron", "id_str": "263390502", "lang": "en", "statuses_count": 7489, "profile_background_tile": true, "profile_sidebar_fill_color": "FAEB04", "profile_background_image_url": "http://abs.twimg.com/images/themes/theme1/bg.png", "profile_text_color": "44E516", "profile_banner_url": "https://pbs.twimg.com/profile_banners/263390502/1497900743", "profile_background_color": "4EED14", "id": 263390502, "friends_count": 330, "profile_image_url": "http://pbs.twimg.com/profile_images/913638217747804160/Tftq2JJ4_normal.jpg", "profile_use_background_image": true, "profile_background_image_url_https": "https://abs.twimg.com/images/themes/theme1/bg.png", "profile_link_color": "62E618"}, "user_mentions": [{"id": 2557521, "screen_name": "espn", "name": "ESPN", "id_str": "2557521"}, {"id": 18371803, "screen_name": "spurs", "name": "San Antonio Spurs", "id_str": "18371803"}], "created_at": "Fri Jan 29 01:41:04 +0000 2016", "in_reply_to_status_id": 692884886374318081, "in_reply_to_user_id": 2557521, "text": "@espn @spurs so are the Spurs", "hashtags": [], "lang": "en", "in_reply_to_screen_name": "espn", "favorite_count": 8, "source": "<a href=\"http://twitter.com/download/android\" rel=\"nofollow\">Twitter for Android</a>"}