{"id": 692888929830211584, "id_str": "692888929830211584", "urls": [], "user": {"geo_enabled": true, "favourites_count": 1106, "name": "wild_card", "profile_image_url_https": "https://pbs.twimg.com/profile_images/799470176890748929/6w8F0x3c_normal.jpg", "created_at": "Fri Apr 24 09:42:04 +0000 2015", "screen_name": "rmnloya", "default_profile": true, "followers_count": 37, "listed_count": 1, "id_str": "3170508318", "lang": "en", "statuses_count": 513, "profile_sidebar_fill_color": "DDEEF6", "profile_background_image_url": "http://abs.twimg.com/images/themes/theme1/bg.png", "profile_text_color": "333333", "profile_sidebar_border_color": "C0DEED", "profile_background_color": "C0DEED", "id": 3170508318, "friends_count": 159, "profile_image_url": "http://pbs.twimg.com/profile_images/799470176890748929/6w8F0x3c_normal.jpg", "profile_use_background_image": true, "profile_background_image_url_https": "https://abs.twimg.com/images/themes/theme1/bg.png", "profile_link_color": "1DA1F2"}, "user_mentions": [{"id": 14669951, "screen_name": "DRUDGE_REPORT", "name": "DRUDGE REPORT", "id_str": "14669951"}], "created_at": "Fri Jan 29 01:56:08 +0000 2016", "in_reply_to_status_id": 692743102432346113, "in_reply_to_user_id": 14669951, "text": "@DRUDGE_REPORT hahahahahaha", "hashtags": [], "lang": "tl", "in_reply_to_screen_name": "DRUDGE_REPORT", "source": "<a href=\"http://twitter.com/download/iphone\" rel=\"nofollow\">Twitter for iPhone</a>"}