{"id": 692938583158755328, "id_str": "692938583158755328", "urls": [], "user": {"geo_enabled": true, "location": "\u5802\u672c\u5bb6", "favourites_count": 148, "profile_sidebar_border_color": "C0DEED", "name": "Mandy Tam", "profile_image_url_https": "https://pbs.twimg.com/profile_images/825256809850023937/l47FyYFC_normal.jpg", "created_at": "Wed Jan 07 06:33:40 +0000 2015", "screen_name": "tamhoyan", "default_profile": true, "followers_count": 10, "listed_count": 3, "description": "Struggling~", "id_str": "2962431356", "lang": "zh-CN", "statuses_count": 366, "profile_sidebar_fill_color": "DDEEF6", "profile_background_image_url": "http://abs.twimg.com/images/themes/theme1/bg.png", "profile_text_color": "333333", "profile_banner_url": "https://pbs.twimg.com/profile_banners/2962431356/1449411658", "profile_background_color": "C0DEED", "id": 2962431356, "friends_count": 48, "profile_image_url": "http://pbs.twimg.com/profile_images/825256809850023937/l47FyYFC_normal.jpg", "profile_use_background_image": true, "profile_background_image_url_https": "https://abs.twimg.com/images/themes/theme1/bg.png", "profile_link_color": "1DA1F2"}, "user_mentions": [{"id": 5402612, "screen_name": "BBCBreaking", "name": "BBC Breaking News", "id_str": "5402612"}, {"id": 612473, "screen_name": "BBCNews", "name": "BBC News (UK)", "id_str": "612473"}], "created_at": "Fri Jan 29 05:13:27 +0000 2016", "in_reply_to_status_id": 692758341068656644, "in_reply_to_user_id": 5402612, "text": "@BBCBreaking @BBCNews horrible!", "hashtags": [], "lang": "en", "in_reply_to_screen_name": "BBCBreaking", "source": "<a href=\"http://twitter.com/download/android\" rel=\"nofollow\">Twitter for Android</a>"}