{"id": 692931623852097537, "id_str": "692931623852097537", "urls": [], "user": {"geo_enabled": true, "location": "California, USA", "favourites_count": 3566, "name": "Donna B.", "profile_image_url_https": "https://pbs.twimg.com/profile_images/755227246156128256/GrnNdmAN_normal.png", "created_at": "Sat Jul 28 20:44:18 +0000 2012", "screen_name": "djbchillin", "followers_count": 408, "listed_count": 11, "description": "Love God, my family and my country the Great United States of America United we stand! I support all of our military & our veterans.   NO LISTS", "id_str": "722796474", "lang": "en", "statuses_count": 7933, "profile_sidebar_fill_color": "000000", "profile_background_image_url": "http://abs.twimg.com/images/themes/theme1/bg.png", "profile_text_color": "000000", "profile_sidebar_border_color": "000000", "profile_background_color": "000000", "id": 722796474, "friends_count": 708, "profile_image_url": "http://pbs.twimg.com/profile_images/755227246156128256/GrnNdmAN_normal.png", "profile_background_image_url_https": "https://abs.twimg.com/images/themes/theme1/bg.png", "profile_link_color": "1B95E0"}, "user_mentions": [{"id": 428333, "screen_name": "cnnbrk", "name": "CNN Breaking News", "id_str": "428333"}], "retweet_count": 1, "created_at": "Fri Jan 29 04:45:47 +0000 2016", "in_reply_to_status_id": 692929779696275456, "in_reply_to_user_id": 428333, "text": "@cnnbrk Criminal is all I can say!", "hashtags": [], "lang": "en", "in_reply_to_screen_name": "cnnbrk", "favorite_count": 2, "source": "<a href=\"http://twitter.com/download/android\" rel=\"nofollow\">Twitter for Android</a>"}