{"id": 692940685104799748, "id_str": "692940685104799748", "urls": [], "user": {"geo_enabled": true, "url": "https://t.co/T7EAOoOxX0", "favourites_count": 4768, "profile_sidebar_border_color": "C0DEED", "name": "yungin", "profile_image_url_https": "https://pbs.twimg.com/profile_images/1049525208875380736/9nauNwIg_normal.jpg", "created_at": "Sat Dec 06 08:37:26 +0000 2014", "screen_name": "RickyThaGOAT", "default_profile": true, "followers_count": 648, "listed_count": 6, "description": "\ud83d\udc94 snapchat: rickythagoatt", "id_str": "2907463007", "lang": "en", "statuses_count": 2530, "profile_sidebar_fill_color": "DDEEF6", "location": "Portland, OR", "profile_background_image_url": "http://abs.twimg.com/images/themes/theme1/bg.png", "profile_text_color": "333333", "profile_banner_url": "https://pbs.twimg.com/profile_banners/2907463007/1498105659", "profile_background_color": "C0DEED", "id": 2907463007, "friends_count": 273, "profile_image_url": "http://pbs.twimg.com/profile_images/1049525208875380736/9nauNwIg_normal.jpg", "profile_use_background_image": true, "profile_background_image_url_https": "https://abs.twimg.com/images/themes/theme1/bg.png", "profile_link_color": "1DA1F2"}, "user_mentions": [{"id": 2557521, "screen_name": "espn", "name": "ESPN", "id_str": "2557521"}], "created_at": "Fri Jan 29 05:21:48 +0000 2016", "in_reply_to_status_id": 692940257134653441, "in_reply_to_user_id": 2557521, "text": "@espn Twitter should switch back to favs", "hashtags": [], "lang": "en", "in_reply_to_screen_name": "espn", "favorite_count": 1, "source": "<a href=\"http://twitter.com/download/iphone\" rel=\"nofollow\">Twitter for iPhone</a>"}