{"id": 693073138582736896, "id_str": "693073138582736896", "urls": [], "user": {"geo_enabled": true, "location": "Sipping an espresso...", "favourites_count": 2487, "profile_sidebar_border_color": "FFFFFF", "name": "EeeSpressO", "profile_image_url_https": "https://pbs.twimg.com/profile_images/698386096535818240/hSAwmBW1_normal.jpg", "created_at": "Wed Jan 21 21:44:45 +0000 2009", "screen_name": "espressolegs", "followers_count": 794, "listed_count": 34, "description": "I'm not old..I'm retro", "id_str": "19310003", "lang": "en", "statuses_count": 36792, "profile_background_tile": true, "profile_sidebar_fill_color": "252429", "profile_background_image_url": "http://abs.twimg.com/images/themes/theme9/bg.gif", "profile_text_color": "666666", "profile_banner_url": "https://pbs.twimg.com/profile_banners/19310003/1439826532", "profile_background_color": "1C1F1A", "id": 19310003, "friends_count": 2422, "profile_image_url": "http://pbs.twimg.com/profile_images/698386096535818240/hSAwmBW1_normal.jpg", "profile_background_image_url_https": "https://abs.twimg.com/images/themes/theme9/bg.gif", "profile_link_color": "94D487"}, "user_mentions": [{"id": 14075928, "screen_name": "TheOnion", "name": "The Onion", "id_str": "14075928"}], "created_at": "Fri Jan 29 14:08:07 +0000 2016", "in_reply_to_status_id": 693071538896162816, "in_reply_to_user_id": 14075928, "text": "@TheOnion do you do bicycles", "hashtags": [], "lang": "en", "in_reply_to_screen_name": "TheOnion", "favorite_count": 1, "source": "<a href=\"http://twitter.com/download/android\" rel=\"nofollow\">Twitter for Android</a>"}