{"id": 693063599510548480, "id_str": "693063599510548480", "urls": [], "user": {"geo_enabled": true, "favourites_count": 1063, "profile_sidebar_border_color": "C0DEED", "name": "Bryan", "profile_image_url_https": "https://pbs.twimg.com/profile_images/879236803370397696/vFVHY11U_normal.jpg", "created_at": "Fri Apr 10 22:29:07 +0000 2015", "screen_name": "jbryangamez", "default_profile": true, "followers_count": 146, "listed_count": 1, "id_str": "3154773352", "lang": "en", "statuses_count": 1329, "profile_sidebar_fill_color": "DDEEF6", "profile_background_image_url": "http://abs.twimg.com/images/themes/theme1/bg.png", "profile_text_color": "333333", "profile_banner_url": "https://pbs.twimg.com/profile_banners/3154773352/1521739275", "profile_background_color": "C0DEED", "id": 3154773352, "friends_count": 235, "profile_image_url": "http://pbs.twimg.com/profile_images/879236803370397696/vFVHY11U_normal.jpg", "profile_use_background_image": true, "profile_background_image_url_https": "https://abs.twimg.com/images/themes/theme1/bg.png", "profile_link_color": "1DA1F2"}, "user_mentions": [{"id": 759251, "screen_name": "CNN", "name": "CNN", "id_str": "759251"}], "created_at": "Fri Jan 29 13:30:13 +0000 2016", "in_reply_to_status_id": 693060960001597440, "in_reply_to_user_id": 759251, "text": "@CNN lmao and they own like 20 companies &amp; are known as the greediest people in the world.", "hashtags": [], "lang": "en", "in_reply_to_screen_name": "CNN", "source": "<a href=\"http://twitter.com\" rel=\"nofollow\">Twitter Web Client</a>"}