{"id": 693013002250031105, "id_str": "693013002250031105", "urls": [], "user": {"favourites_count": 450, "profile_sidebar_fill_color": "000000", "name": "Gianluca Cugini", "id_str": "3293736557", "listed_count": 19, "profile_background_image_url": "http://abs.twimg.com/images/themes/theme1/bg.png", "profile_text_color": "000000", "profile_sidebar_border_color": "000000", "profile_image_url_https": "https://pbs.twimg.com/profile_images/601639096587571200/UAUJE6oG_normal.jpg", "profile_background_color": "000000", "created_at": "Fri May 22 06:38:39 +0000 2015", "screen_name": "GianlucaCugini", "statuses_count": 7212, "followers_count": 11612, "friends_count": 831, "description": "International Federation Football History & Statistics  DATASPORT  FIFA World Cup Statistician UEFA Champions League  International Marketing", "id": 3293736557, "lang": "it", "profile_background_image_url_https": "https://abs.twimg.com/images/themes/theme1/bg.png", "profile_link_color": "3B94D9", "profile_image_url": "http://pbs.twimg.com/profile_images/601639096587571200/UAUJE6oG_normal.jpg"}, "user_mentions": [{"id": 5402612, "screen_name": "BBCBreaking", "name": "BBC Breaking News", "id_str": "5402612"}, {"id": 183283202, "screen_name": "GCugini", "name": "Gianluca Cugini", "id_str": "183283202"}], "created_at": "Fri Jan 29 10:09:09 +0000 2016", "in_reply_to_status_id": 692630756548591616, "in_reply_to_user_id": 5402612, "text": "@BBCBreaking @GCugini Incredible !", "hashtags": [], "lang": "en", "in_reply_to_screen_name": "BBCBreaking", "source": "<a href=\"http://twitter.com\" rel=\"nofollow\">Twitter Web Client</a>"}