{"id": 693093475953160196, "id_str": "693093475953160196", "urls": [], "user": {"geo_enabled": true, "location": "Buffalo, NY", "favourites_count": 13934, "profile_sidebar_border_color": "C0DEED", "name": "#SamCantStopWontStop", "profile_image_url_https": "https://pbs.twimg.com/profile_images/1045483398775689217/hKsKMAqZ_normal.jpg", "created_at": "Wed Sep 03 03:26:15 +0000 2014", "screen_name": "SamSamuel56", "default_profile": true, "followers_count": 426, "listed_count": 17, "description": "@NFL @BuffaloBills Volunteer Lead, Greater Buffalo Sports Hall of Fame Volunteer Lead, Rock & Roll enthusiast , Concert Connoisseur! #SamCantStopWontStop", "id_str": "2760069610", "lang": "en", "statuses_count": 14870, "profile_sidebar_fill_color": "DDEEF6", "profile_background_image_url": "http://abs.twimg.com/images/themes/theme1/bg.png", "profile_text_color": "333333", "profile_banner_url": "https://pbs.twimg.com/profile_banners/2760069610/1531172618", "profile_background_color": "C0DEED", "id": 2760069610, "friends_count": 1075, "profile_image_url": "http://pbs.twimg.com/profile_images/1045483398775689217/hKsKMAqZ_normal.jpg", "profile_use_background_image": true, "profile_background_image_url_https": "https://abs.twimg.com/images/themes/theme1/bg.png", "profile_link_color": "1DA1F2"}, "user_mentions": [{"id": 15754281, "screen_name": "USATODAY", "name": "USA TODAY", "id_str": "15754281"}, {"id": 3004231, "screen_name": "SnoopDogg", "name": "Snoop Dogg", "id_str": "3004231"}], "created_at": "Fri Jan 29 15:28:56 +0000 2016", "in_reply_to_status_id": 693086478667112448, "in_reply_to_user_id": 15754281, "text": "@USATODAY @SnoopDogg  Will it be the Marijuana episode of \"Planet Earth\" ?! \ud83d\ude02", "hashtags": [], "lang": "en", "in_reply_to_screen_name": "USATODAY", "source": "<a href=\"http://twitter.com/download/android\" rel=\"nofollow\">Twitter for Android</a>"}