{"id": 693081741242736641, "id_str": "693081741242736641", "urls": [], "user": {"geo_enabled": true, "url": "https://t.co/h2aPyqKNm9", "favourites_count": 29720, "profile_sidebar_border_color": "000000", "name": "DANZELLE", "profile_image_url_https": "https://pbs.twimg.com/profile_images/994292225159802880/mdjLBILS_normal.jpg", "created_at": "Sat Jun 29 17:37:22 +0000 2013", "screen_name": "daniellekalil", "followers_count": 780, "listed_count": 4, "description": "UA\ud83d\udc3b | \u03a7\u03a9 | #CureFA\u2665\ufe0f", "id_str": "1556149704", "lang": "en", "statuses_count": 13493, "profile_sidebar_fill_color": "000000", "profile_background_image_url": "http://abs.twimg.com/images/themes/theme1/bg.png", "profile_text_color": "000000", "profile_banner_url": "https://pbs.twimg.com/profile_banners/1556149704/1536350808", "profile_background_color": "000000", "id": 1556149704, "friends_count": 663, "profile_image_url": "http://pbs.twimg.com/profile_images/994292225159802880/mdjLBILS_normal.jpg", "profile_background_image_url_https": "https://abs.twimg.com/images/themes/theme1/bg.png", "profile_link_color": "3B94D9"}, "user_mentions": [{"id": 3038277482, "screen_name": "elizzabethlewis", "name": "lizzz", "id_str": "3038277482"}, {"id": 2194981536, "screen_name": "carleyshaye1", "name": "Carley Paul", "id_str": "2194981536"}, {"id": 2557521, "screen_name": "espn", "name": "ESPN", "id_str": "2557521"}, {"id": 1660734943, "screen_name": "smacneil13", "name": "Shan", "id_str": "1660734943"}], "created_at": "Fri Jan 29 14:42:18 +0000 2016", "in_reply_to_status_id": 693077550176739329, "in_reply_to_user_id": 3038277482, "text": "@elizzabethlewis @carleyshaye1 @espn @haleyyyprest @smacneil13 wait does this mean it was him?", "hashtags": [], "lang": "en", "in_reply_to_screen_name": "elizzabethlewis", "favorite_count": 3, "source": "<a href=\"http://twitter.com/download/iphone\" rel=\"nofollow\">Twitter for iPhone</a>"}