{"id": 693091371465469952, "id_str": "693091371465469952", "urls": [], "user": {"geo_enabled": true, "favourites_count": 6763, "profile_sidebar_border_color": "C0DEED", "name": "sprite connoisseur", "profile_image_url_https": "https://pbs.twimg.com/profile_images/1027304404146241538/7-BQuvbb_normal.jpg", "created_at": "Mon Jan 12 05:14:00 +0000 2015", "screen_name": "charlespabona", "default_profile": true, "followers_count": 203, "description": "\ud83d\udeae", "id_str": "2975820907", "lang": "en", "statuses_count": 455, "profile_sidebar_fill_color": "DDEEF6", "profile_background_image_url": "http://abs.twimg.com/images/themes/theme1/bg.png", "profile_text_color": "333333", "profile_banner_url": "https://pbs.twimg.com/profile_banners/2975820907/1533762622", "profile_background_color": "C0DEED", "id": 2975820907, "friends_count": 204, "profile_image_url": "http://pbs.twimg.com/profile_images/1027304404146241538/7-BQuvbb_normal.jpg", "profile_use_background_image": true, "profile_background_image_url_https": "https://abs.twimg.com/images/themes/theme1/bg.png", "profile_link_color": "1DA1F2"}, "user_mentions": [{"id": 3029505418, "screen_name": "RyanSisto", "name": "Ryan", "id_str": "3029505418"}, {"id": 15754281, "screen_name": "USATODAY", "name": "USA TODAY", "id_str": "15754281"}, {"id": 3004231, "screen_name": "SnoopDogg", "name": "Snoop Dogg", "id_str": "3004231"}], "created_at": "Fri Jan 29 15:20:34 +0000 2016", "in_reply_to_status_id": 693091217177862144, "in_reply_to_user_id": 3029505418, "text": "@RyanSisto @USATODAY @SnoopDogg brooooo \ud83d\ude02\ud83d\ude02", "hashtags": [], "lang": "und", "in_reply_to_screen_name": "RyanSisto", "favorite_count": 1, "source": "<a href=\"http://twitter.com/download/iphone\" rel=\"nofollow\">Twitter for iPhone</a>"}