{"id": 693086891957051392, "id_str": "693086891957051392", "urls": [], "user": {"geo_enabled": true, "location": "Texas, USA. Now in Tennesse", "favourites_count": 14152, "profile_sidebar_border_color": "C0DEED", "name": "burymeinmycar", "profile_image_url_https": "https://pbs.twimg.com/profile_images/474361959727374336/8aPrqzTH_normal.jpeg", "created_at": "Mon Mar 28 23:56:23 +0000 2011", "screen_name": "burymeinmycar", "default_profile": true, "followers_count": 110, "description": "likes old people, old cars, animals, football, and ELVIS !!", "id_str": "273686428", "lang": "en", "statuses_count": 4026, "profile_sidebar_fill_color": "DDEEF6", "profile_background_image_url": "http://abs.twimg.com/images/themes/theme1/bg.png", "profile_text_color": "333333", "profile_banner_url": "https://pbs.twimg.com/profile_banners/273686428/1423534303", "profile_background_color": "C0DEED", "id": 273686428, "friends_count": 86, "profile_image_url": "http://pbs.twimg.com/profile_images/474361959727374336/8aPrqzTH_normal.jpeg", "profile_use_background_image": true, "profile_background_image_url_https": "https://abs.twimg.com/images/themes/theme1/bg.png", "profile_link_color": "1DA1F2"}, "user_mentions": [{"id": 14780915, "screen_name": "RollingStone", "name": "Rolling Stone", "id_str": "14780915"}, {"id": 15074642, "screen_name": "ElvisPresley", "name": "Elvis Presley", "id_str": "15074642"}], "created_at": "Fri Jan 29 15:02:46 +0000 2016", "in_reply_to_status_id": 692758050378256388, "in_reply_to_user_id": 14780915, "text": "@RollingStone @ElvisPresley \ud83d\udde3and yes i saw that live on TV!!\ud83d\udc4d\ud83d\ude0d\ud83d\ude4f\ud83c\udffc", "hashtags": [], "lang": "en", "in_reply_to_screen_name": "RollingStone", "source": "<a href=\"http://twitter.com/download/iphone\" rel=\"nofollow\">Twitter for iPhone</a>"}