{"id": 693123712787165184, "id_str": "693123712787165184", "urls": [], "user": {"geo_enabled": true, "location": "Im in Illinois, USA", "favourites_count": 13, "profile_sidebar_border_color": "000000", "name": "Russell Shelby Katz", "profile_image_url_https": "https://pbs.twimg.com/profile_images/981997965517697025/Ci9S8QoJ_normal.jpg", "created_at": "Sat Jun 28 21:20:07 +0000 2014", "screen_name": "RussellShelbyKa", "followers_count": 137, "listed_count": 17, "description": "I wrote the screenplay RSK about incidents I would of liked to have seen happen during the open outcry trading pits era at the CME in the early 70s", "id_str": "2593696778", "lang": "en", "statuses_count": 19984, "profile_sidebar_fill_color": "000000", "profile_background_image_url": "http://abs.twimg.com/images/themes/theme1/bg.png", "profile_text_color": "000000", "profile_banner_url": "https://pbs.twimg.com/profile_banners/2593696778/1522961323", "profile_background_color": "000000", "id": 2593696778, "friends_count": 433, "profile_image_url": "http://pbs.twimg.com/profile_images/981997965517697025/Ci9S8QoJ_normal.jpg", "profile_background_image_url_https": "https://abs.twimg.com/images/themes/theme1/bg.png", "profile_link_color": "9266CC"}, "user_mentions": [{"id": 39853973, "screen_name": "timseymour", "name": "Tim Seymour", "id_str": "39853973"}, {"id": 39264827, "screen_name": "GuyAdami", "name": "Guy Adami", "id_str": "39264827"}, {"id": 3364490722, "screen_name": "onestandard4all", "name": "OSFA", "id_str": "3364490722"}, {"id": 28785486, "screen_name": "ABC", "name": "ABC News", "id_str": "28785486"}, {"id": 65647594, "screen_name": "StationCDRKelly", "name": "Scott Kelly", "id_str": "65647594"}, {"id": 87754597, "screen_name": "DerekAndSusan", "name": "Tedeschi Trucks Band", "id_str": "87754597"}], "retweet_count": 1, "created_at": "Fri Jan 29 17:29:05 +0000 2016", "in_reply_to_status_id": 693122514915033088, "in_reply_to_user_id": 39853973, "text": "@timseymour @GuyAdami @onestandard4all @ABC @StationCDRKelly @DerekAndSusan Did Roger ask U for your autograph?", "hashtags": [], "lang": "en", "in_reply_to_screen_name": "timseymour", "favorite_count": 1, "source": "<a href=\"http://twitter.com\" rel=\"nofollow\">Twitter Web Client</a>"}