{"id": 693197329415933952, "id_str": "693197329415933952", "urls": [], "user": {"geo_enabled": true, "favourites_count": 2135, "profile_sidebar_border_color": "C0DEED", "name": "ST", "profile_image_url_https": "https://pbs.twimg.com/profile_images/378800000705636850/0dd5ef5638e44da5aa76c4802a3e0817_normal.jpeg", "created_at": "Sat Mar 09 01:04:32 +0000 2013", "screen_name": "RideorDieWVU", "default_profile": true, "followers_count": 56, "description": "Go Mountaineers!", "id_str": "1253085546", "lang": "en", "statuses_count": 3657, "profile_sidebar_fill_color": "DDEEF6", "profile_background_image_url": "http://abs.twimg.com/images/themes/theme1/bg.png", "profile_text_color": "333333", "profile_banner_url": "https://pbs.twimg.com/profile_banners/1253085546/1383799829", "profile_background_color": "C0DEED", "id": 1253085546, "friends_count": 129, "profile_image_url": "http://pbs.twimg.com/profile_images/378800000705636850/0dd5ef5638e44da5aa76c4802a3e0817_normal.jpeg", "profile_use_background_image": true, "profile_background_image_url_https": "https://abs.twimg.com/images/themes/theme1/bg.png", "profile_link_color": "1DA1F2"}, "user_mentions": [{"id": 2557521, "screen_name": "espn", "name": "ESPN", "id_str": "2557521"}], "created_at": "Fri Jan 29 22:21:36 +0000 2016", "in_reply_to_status_id": 693196937172951040, "in_reply_to_user_id": 2557521, "text": "@espn why use you crying when we can easily just use \ud83d\udc34", "hashtags": [], "lang": "en", "in_reply_to_screen_name": "espn", "source": "<a href=\"http://twitter.com/download/iphone\" rel=\"nofollow\">Twitter for iPhone</a>"}