{"id": 693183514942971905, "id_str": "693183514942971905", "urls": [], "user": {"profile_sidebar_fill_color": "DDEEF6", "name": "Vanessa Adele Harris", "id_str": "4831444266", "favourites_count": 66, "statuses_count": 108, "profile_text_color": "333333", "profile_sidebar_border_color": "C0DEED", "default_profile_image": true, "profile_image_url_https": "https://abs.twimg.com/sticky/default_profile_images/default_profile_normal.png", "profile_background_color": "F5F8FA", "created_at": "Fri Jan 29 18:57:01 +0000 2016", "screen_name": "mrsemmapeele", "default_profile": true, "followers_count": 7, "friends_count": 69, "description": "HEAVEN NEEDS INTELLIGENCE, CREATIVITY, TEAM PLAYERS , AND CUSTOMER-FOCUSED LEADERS!  I AM A HARRIS PE PHD JD MBA MD.  I WILL NOT BE RENEWING THE CHICAGO TRIBUN", "id": 4831444266, "profile_use_background_image": true, "lang": "en", "profile_link_color": "1DA1F2", "profile_image_url": "http://abs.twimg.com/sticky/default_profile_images/default_profile_normal.png"}, "user_mentions": [{"id": 822215673812119553, "screen_name": "WhiteHouse", "name": "The White House", "id_str": "822215673812119553"}, {"id": 66369181, "screen_name": "DeptofDefense", "name": "U.S. Dept of Defense", "id_str": "66369181"}], "created_at": "Fri Jan 29 21:26:43 +0000 2016", "in_reply_to_status_id": 692845716826300418, "in_reply_to_user_id": 30313925, "text": "@WhiteHouse @DeptofDefense more time to read about interesting things", "hashtags": [], "lang": "en", "in_reply_to_screen_name": "ObamaWhiteHouse", "source": "<a href=\"http://twitter.com/download/android\" rel=\"nofollow\">Twitter for Android</a>"}