{"id": 693135382309896192, "id_str": "693135382309896192", "urls": [], "user": {"profile_text_color": "000000", "id_str": "1652541", "url": "http://t.co/BmHxhkm3Mh", "listed_count": 115941, "profile_banner_url": "https://pbs.twimg.com/profile_banners/1652541/1525365834", "name": "Reuters Top News", "profile_image_url_https": "https://pbs.twimg.com/profile_images/877554927932891136/ZBEs235N_normal.jpg", "created_at": "Tue Mar 20 17:46:05 +0000 2007", "screen_name": "Reuters", "followers_count": 19875194, "description": "Top and breaking news, pictures, and videos from Reuters.", "lang": "en", "statuses_count": 319270, "profile_sidebar_fill_color": "F5F5F5", "location": "Around the world", "profile_background_image_url": "http://abs.twimg.com/images/themes/theme1/bg.png", "favourites_count": 788, "profile_sidebar_border_color": "000000", "profile_background_color": "444444", "id": 1652541, "verified": true, "friends_count": 1078, "profile_image_url": "http://pbs.twimg.com/profile_images/877554927932891136/ZBEs235N_normal.jpg", "profile_use_background_image": true, "profile_background_image_url_https": "https://abs.twimg.com/images/themes/theme1/bg.png", "profile_link_color": "006F97"}, "source": "<a href=\"http://www.socialflow.com\" rel=\"nofollow\">SocialFlow</a>", "user_mentions": [], "retweet_count": 292, "created_at": "Fri Jan 29 18:15:27 +0000 2016", "text": "BREAKING: Canada has four recent cases of #Zika, all from travelers: Public health agency", "hashtags": [{"text": "Zika"}], "lang": "en", "favorite_count": 85}