{"id": 693123981348511744, "id_str": "693123981348511744", "urls": [], "user": {"id_str": "25422054", "url": "https://t.co/zevuhuJ4Dq", "favourites_count": 4234, "profile_sidebar_border_color": "C0DEED", "name": "Suz\ud83c\uddfa\ud83c\uddf8\ud83c\udf3a\ud83c\udf40", "profile_image_url_https": "https://pbs.twimg.com/profile_images/695360289395515392/aFIuaeko_normal.jpg", "created_at": "Fri Mar 20 00:39:28 +0000 2009", "screen_name": "Softcrush", "default_profile": true, "followers_count": 6599, "listed_count": 135, "description": "Economist. Journalist, Making it count baby! Love #TWD Long term $TWTR shareholder, wishing @jack the best. \ud83d\ude18", "lang": "en", "statuses_count": 62620, "profile_sidebar_fill_color": "DDEEF6", "location": "Connecticut", "profile_background_image_url": "http://abs.twimg.com/images/themes/theme1/bg.png", "profile_text_color": "333333", "profile_banner_url": "https://pbs.twimg.com/profile_banners/25422054/1510290058", "profile_background_color": "C0DEED", "id": 25422054, "friends_count": 7180, "profile_image_url": "http://pbs.twimg.com/profile_images/695360289395515392/aFIuaeko_normal.jpg", "profile_use_background_image": true, "profile_background_image_url_https": "https://abs.twimg.com/images/themes/theme1/bg.png", "profile_link_color": "1DA1F2"}, "user_mentions": [{"id": 39853973, "screen_name": "timseymour", "name": "Tim Seymour", "id_str": "39853973"}, {"id": 39264827, "screen_name": "GuyAdami", "name": "Guy Adami", "id_str": "39264827"}, {"id": 3364490722, "screen_name": "onestandard4all", "name": "OSFA", "id_str": "3364490722"}, {"id": 28785486, "screen_name": "ABC", "name": "ABC News", "id_str": "28785486"}, {"id": 65647594, "screen_name": "StationCDRKelly", "name": "Scott Kelly", "id_str": "65647594"}, {"id": 87754597, "screen_name": "DerekAndSusan", "name": "Tedeschi Trucks Band", "id_str": "87754597"}], "created_at": "Fri Jan 29 17:30:09 +0000 2016", "in_reply_to_status_id": 693122514915033088, "in_reply_to_user_id": 39853973, "text": "@timseymour @GuyAdami @onestandard4all @ABC @StationCDRKelly @DerekAndSusan No WAY... You lucky duck...you! Did he have the beard?", "hashtags": [], "lang": "en", "in_reply_to_screen_name": "timseymour", "source": "<a href=\"http://twitter.com/#!/download/ipad\" rel=\"nofollow\">Twitter for iPad</a>"}