{"id": 693150950119251968, "id_str": "693150950119251968", "urls": [], "user": {"geo_enabled": true, "location": "New York, NY", "favourites_count": 3660, "profile_sidebar_border_color": "C0DEED", "name": "Chris Bowersox", "profile_image_url_https": "https://pbs.twimg.com/profile_images/945448812193054722/BWon2K_b_normal.jpg", "created_at": "Thu Nov 18 21:55:43 +0000 2010", "screen_name": "TheBowersox", "followers_count": 344, "listed_count": 8, "description": "SoCal Native | @Yankees Digital Dude \ud83e\udd19 | Films & TV & Pop Culture & Such | Non-Dairy cause milk is for babies", "id_str": "217210028", "lang": "en", "statuses_count": 2792, "profile_background_tile": true, "profile_sidebar_fill_color": "DDEEF6", "profile_background_image_url": "http://abs.twimg.com/images/themes/theme1/bg.png", "profile_text_color": "333333", "profile_banner_url": "https://pbs.twimg.com/profile_banners/217210028/1512162206", "profile_background_color": "C0DEED", "id": 217210028, "friends_count": 610, "profile_image_url": "http://pbs.twimg.com/profile_images/945448812193054722/BWon2K_b_normal.jpg", "profile_use_background_image": true, "profile_background_image_url_https": "https://abs.twimg.com/images/themes/theme1/bg.png", "profile_link_color": "0084B4"}, "user_mentions": [{"id": 2557521, "screen_name": "espn", "name": "ESPN", "id_str": "2557521"}, {"id": 26437448, "screen_name": "AndrewQ24_7", "name": "Andrew McEwan", "id_str": "26437448"}], "created_at": "Fri Jan 29 19:17:19 +0000 2016", "in_reply_to_status_id": 693140340367187969, "in_reply_to_user_id": 2557521, "text": "@espn @AndrewQ24_7 @KGtheGM Got to Watch this", "hashtags": [], "lang": "en", "in_reply_to_screen_name": "espn", "source": "<a href=\"http://twitter.com/download/iphone\" rel=\"nofollow\">Twitter for iPhone</a>"}