{"id": 693182214209560576, "id_str": "693182214209560576", "urls": [], "user": {"geo_enabled": true, "url": "https://t.co/sQZfk1HRRD", "favourites_count": 5256, "profile_sidebar_border_color": "000000", "name": "Idiocracy 16'", "profile_image_url_https": "https://pbs.twimg.com/profile_images/572519029475012608/mxH2tvU3_normal.jpeg", "created_at": "Mon Oct 22 17:36:55 +0000 2012", "screen_name": "rtucker311", "followers_count": 307, "listed_count": 3, "description": "311, South Park, Astros, Broncos, Texans, Rockets, Etc.", "id_str": "898043672", "lang": "en", "statuses_count": 7637, "profile_background_tile": true, "profile_sidebar_fill_color": "DDEEF6", "location": "Merica", "profile_background_image_url": "http://abs.twimg.com/images/themes/theme1/bg.png", "profile_text_color": "333333", "profile_banner_url": "https://pbs.twimg.com/profile_banners/898043672/1358914540", "profile_background_color": "022330", "id": 898043672, "friends_count": 1218, "profile_image_url": "http://pbs.twimg.com/profile_images/572519029475012608/mxH2tvU3_normal.jpeg", "profile_use_background_image": true, "profile_background_image_url_https": "https://abs.twimg.com/images/themes/theme1/bg.png", "profile_link_color": "0084B4"}, "user_mentions": [{"id": 2557521, "screen_name": "espn", "name": "ESPN", "id_str": "2557521"}], "created_at": "Fri Jan 29 21:21:33 +0000 2016", "in_reply_to_status_id": 693181857261719553, "in_reply_to_user_id": 2557521, "text": "@espn If you look for it, you will find it. #RuleChanges", "hashtags": [{"text": "RuleChanges"}], "lang": "en", "in_reply_to_screen_name": "espn", "favorite_count": 1, "source": "<a href=\"http://twitter.com\" rel=\"nofollow\">Twitter Web Client</a>"}