{"id": 693129259334909952, "id_str": "693129259334909952", "urls": [{"expanded_url": "http://onion.com/1KfA6m7", "url": "https://t.co/5Jw4D7En7d"}], "user": {"profile_text_color": "0C3E53", "id_str": "14075928", "url": "https://t.co/yrcmIUsgtR", "listed_count": 74164, "profile_banner_url": "https://pbs.twimg.com/profile_banners/14075928/1529705818", "name": "The Onion", "profile_image_url_https": "https://pbs.twimg.com/profile_images/875392068125769732/yrN-1k0Y_normal.jpg", "created_at": "Tue Mar 04 02:48:37 +0000 2008", "screen_name": "TheOnion", "followers_count": 11044183, "description": "America's Finest News Source.", "lang": "en", "statuses_count": 62985, "profile_sidebar_fill_color": "FFF7CC", "profile_background_image_url": "http://abs.twimg.com/images/themes/theme3/bg.gif", "favourites_count": 1, "profile_sidebar_border_color": "F2E195", "profile_background_color": "FFFFFF", "id": 14075928, "verified": true, "friends_count": 14, "profile_image_url": "http://pbs.twimg.com/profile_images/875392068125769732/yrN-1k0Y_normal.jpg", "profile_use_background_image": true, "profile_background_image_url_https": "https://abs.twimg.com/images/themes/theme3/bg.gif", "profile_link_color": "327144"}, "user_mentions": [], "retweet_count": 499, "created_at": "Fri Jan 29 17:51:07 +0000 2016", "text": "Man\u2019s Anxiety Not About To Let Depression Muscle In On Turf https://t.co/5Jw4D7En7d https://t.co/VqbtrfAEou", "hashtags": [], "lang": "en", "media": [{"id": 693129258877718528, "display_url": "pic.twitter.com/VqbtrfAEou", "expanded_url": "https://twitter.com/TheOnion/status/693129259334909952/photo/1", "url": "https://t.co/VqbtrfAEou", "media_url": "http://pbs.twimg.com/media/CZ59Y3rWEAAR4Dt.jpg", "type": "photo", "media_url_https": "https://pbs.twimg.com/media/CZ59Y3rWEAAR4Dt.jpg", "sizes": {"large": {"w": 1600, "resize": "fit", "h": 900}, "small": {"w": 680, "resize": "fit", "h": 383}, "medium": {"w": 1200, "resize": "fit", "h": 675}, "thumb": {"w": 150, "resize": "crop", "h": 150}}}], "favorite_count": 890, "source": "<a href=\"http://twitter.com\" rel=\"nofollow\">Twitter Web Client</a>"}