{"id": 693192905452863488, "id_str": "693192905452863488", "urls": [{"expanded_url": "http://cnn.it/1RRy5Pv", "url": "https://t.co/hb3sW4cNd7"}], "user": {"geo_enabled": true, "location": "Akron", "favourites_count": 5943, "profile_sidebar_border_color": "FFFFFF", "name": "Kel", "profile_image_url_https": "https://pbs.twimg.com/profile_images/952009515339264000/7nxnh8YP_normal.jpg", "created_at": "Sun Apr 19 21:57:46 +0000 2009", "screen_name": "keljcollins", "followers_count": 737, "listed_count": 12, "description": "Akron 330 #Indians #Cavs #Browns #Buckeyes Wadsworth & John Carroll grad. Music lover and record collector. All about that #memeculture", "id_str": "33322867", "lang": "en", "statuses_count": 35122, "profile_background_tile": true, "profile_sidebar_fill_color": "E6E617", "profile_background_image_url": "http://abs.twimg.com/images/themes/theme1/bg.png", "profile_text_color": "33248A", "profile_banner_url": "https://pbs.twimg.com/profile_banners/33322867/1529714954", "profile_background_color": "E2E265", "id": 33322867, "friends_count": 1072, "profile_image_url": "http://pbs.twimg.com/profile_images/952009515339264000/7nxnh8YP_normal.jpg", "profile_use_background_image": true, "profile_background_image_url_https": "https://abs.twimg.com/images/themes/theme1/bg.png", "profile_link_color": "4C288F"}, "user_mentions": [{"id": 759251, "screen_name": "CNN", "name": "CNN", "id_str": "759251"}], "in_reply_to_screen_name": "CNN", "created_at": "Fri Jan 29 22:04:02 +0000 2016", "in_reply_to_status_id": 693185853867294721, "in_reply_to_user_id": 759251, "text": "Welp RT @CNN: Meet Quasimodo, the dog with the short spine https://t.co/hb3sW4cNd7 https://t.co/rawE8eEfx7", "hashtags": [], "lang": "en", "place": {"id": "dbc0cee9833ce719", "full_name": "Pigeon Creek, OH", "url": "https://api.twitter.com/1.1/geo/id/dbc0cee9833ce719.json", "attributes": {}, "country_code": "US", "country": "Estados Unidos", "name": "Pigeon Creek", "contained_within": [], "place_type": "city", "bounding_box": {"type": "Polygon", "coordinates": [[[-81.716475, 41.090514], [-81.650538, 41.090514], [-81.650538, 41.1360098], [-81.716475, 41.1360098]]]}}, "media": [{"id": 693185853762453511, "display_url": "pic.twitter.com/rawE8eEfx7", "expanded_url": "https://twitter.com/CNN/status/693185853867294721/photo/1", "url": "https://t.co/rawE8eEfx7", "media_url": "http://pbs.twimg.com/media/CZ6w3IDWQAclBto.jpg", "type": "photo", "media_url_https": "https://pbs.twimg.com/media/CZ6w3IDWQAclBto.jpg", "sizes": {"large": {"w": 780, "resize": "fit", "h": 438}, "small": {"w": 680, "resize": "fit", "h": 382}, "medium": {"w": 780, "resize": "fit", "h": 438}, "thumb": {"w": 150, "resize": "crop", "h": 150}}}], "favorite_count": 2, "source": "<a href=\"http://tapbots.com/tweetbot\" rel=\"nofollow\">Tweetbot for i\u039fS</a>"}