{"id": 693172954150993921, "id_str": "693172954150993921", "urls": [], "user": {"geo_enabled": true, "location": "San Antonio", "favourites_count": 410, "profile_sidebar_border_color": "C0DEED", "name": "Walt Martinez", "profile_image_url_https": "https://pbs.twimg.com/profile_images/854076634823098368/JsVQVkjS_normal.jpg", "created_at": "Tue Jun 23 00:19:40 +0000 2009", "screen_name": "wnm09", "default_profile": true, "followers_count": 177, "listed_count": 1, "description": "Retired CMSgt. from the Air Force.", "id_str": "49822757", "lang": "en", "statuses_count": 1006, "profile_sidebar_fill_color": "DDEEF6", "profile_background_image_url": "http://abs.twimg.com/images/themes/theme1/bg.png", "profile_text_color": "333333", "profile_banner_url": "https://pbs.twimg.com/profile_banners/49822757/1427218215", "profile_background_color": "C0DEED", "id": 49822757, "friends_count": 412, "profile_image_url": "http://pbs.twimg.com/profile_images/854076634823098368/JsVQVkjS_normal.jpg", "profile_use_background_image": true, "profile_background_image_url_https": "https://abs.twimg.com/images/themes/theme1/bg.png", "profile_link_color": "1DA1F2"}, "user_mentions": [{"id": 822215673812119553, "screen_name": "WhiteHouse", "name": "The White House", "id_str": "822215673812119553"}], "created_at": "Fri Jan 29 20:44:45 +0000 2016", "in_reply_to_status_id": 693167683701968896, "in_reply_to_user_id": 30313925, "text": "@WhiteHouse I need to be paid as much as the man next to me. Regardless of my talents. Where can I get a vagina?", "hashtags": [], "lang": "en", "in_reply_to_screen_name": "ObamaWhiteHouse", "source": "<a href=\"http://twitter.com/download/iphone\" rel=\"nofollow\">Twitter for iPhone</a>"}