{"id": 693147318103703552, "id_str": "693147318103703552", "urls": [], "user": {"geo_enabled": true, "url": "https://t.co/7tBIZbHSli", "favourites_count": 9439, "profile_sidebar_border_color": "EEEEEE", "name": "John Howard", "profile_image_url_https": "https://pbs.twimg.com/profile_images/857760279567925248/-U0SELaJ_normal.jpg", "created_at": "Sun Mar 07 21:10:24 +0000 2010", "screen_name": "eggandsperm", "followers_count": 665, "listed_count": 39, "description": "Men and women have different reproductive rights! #BanMalePregnancy #BanFemaleImpregnation #EndGayMarriage #MAGA", "id_str": "120875947", "lang": "en", "statuses_count": 22127, "profile_sidebar_fill_color": "FFFFFF", "location": "Cambridge, MA", "profile_background_image_url": "http://abs.twimg.com/images/themes/theme13/bg.gif", "profile_text_color": "333333", "profile_banner_url": "https://pbs.twimg.com/profile_banners/120875947/1504072422", "profile_background_color": "B2DFDA", "id": 120875947, "friends_count": 753, "profile_image_url": "http://pbs.twimg.com/profile_images/857760279567925248/-U0SELaJ_normal.jpg", "profile_use_background_image": true, "profile_background_image_url_https": "https://abs.twimg.com/images/themes/theme13/bg.gif", "profile_link_color": "93A644"}, "user_mentions": [{"id": 822215673812119553, "screen_name": "WhiteHouse", "name": "The White House", "id_str": "822215673812119553"}], "created_at": "Fri Jan 29 19:02:53 +0000 2016", "in_reply_to_status_id": 693141729529184256, "in_reply_to_user_id": 30313925, "text": "@WhiteHouse I think women should make double what men make. It's 2016!", "hashtags": [], "lang": "en", "in_reply_to_screen_name": "ObamaWhiteHouse", "source": "<a href=\"http://twitter.com/#!/download/ipad\" rel=\"nofollow\">Twitter for iPad</a>"}