{"id": 693182257343905796, "id_str": "693182257343905796", "urls": [], "user": {"geo_enabled": true, "favourites_count": 711, "name": "Ryan Ellis", "profile_image_url_https": "https://pbs.twimg.com/profile_images/2776017883/84793379a024ff619bb3ef99856f3c90_normal.jpeg", "created_at": "Mon Apr 20 16:09:30 +0000 2009", "screen_name": "iRyanEllis", "followers_count": 597, "listed_count": 19, "description": "A Walking Paradox #BBN #ChillTown #Cowboys #Celtics #Psalm23", "id_str": "33564049", "lang": "en", "statuses_count": 18950, "profile_sidebar_fill_color": "B8BFD1", "profile_background_image_url": "http://abs.twimg.com/images/themes/theme9/bg.gif", "profile_text_color": "0A0A0A", "profile_sidebar_border_color": "050505", "profile_background_color": "030303", "id": 33564049, "friends_count": 90, "profile_image_url": "http://pbs.twimg.com/profile_images/2776017883/84793379a024ff619bb3ef99856f3c90_normal.jpeg", "profile_use_background_image": true, "profile_background_image_url_https": "https://abs.twimg.com/images/themes/theme9/bg.gif", "profile_link_color": "324D7A"}, "user_mentions": [{"id": 2557521, "screen_name": "espn", "name": "ESPN", "id_str": "2557521"}], "created_at": "Fri Jan 29 21:21:43 +0000 2016", "in_reply_to_status_id": 693181857261719553, "in_reply_to_user_id": 2557521, "text": "@espn they're are more on record now because they are doing more to test and diagnose for concussions. this is no surprise...", "hashtags": [], "lang": "en", "in_reply_to_screen_name": "espn", "favorite_count": 2, "source": "<a href=\"http://twitter.com\" rel=\"nofollow\">Twitter Web Client</a>"}