{"id": 693186095958396929, "id_str": "693186095958396929", "urls": [], "user": {"id_str": "1900799420", "location": "Chattanooga", "favourites_count": 1705, "profile_sidebar_border_color": "C0DEED", "name": "bizzle423", "profile_image_url_https": "https://pbs.twimg.com/profile_images/1036762669150351360/hNy59-sr_normal.jpg", "created_at": "Tue Sep 24 15:12:49 +0000 2013", "screen_name": "letsgetit423", "default_profile": true, "followers_count": 83, "description": "cool laid back guy .... what else can one say?", "lang": "en", "statuses_count": 2791, "profile_sidebar_fill_color": "DDEEF6", "profile_background_image_url": "http://abs.twimg.com/images/themes/theme1/bg.png", "profile_text_color": "333333", "profile_banner_url": "https://pbs.twimg.com/profile_banners/1900799420/1489713207", "profile_background_color": "C0DEED", "id": 1900799420, "friends_count": 61, "profile_image_url": "http://pbs.twimg.com/profile_images/1036762669150351360/hNy59-sr_normal.jpg", "profile_use_background_image": true, "profile_background_image_url_https": "https://abs.twimg.com/images/themes/theme1/bg.png", "profile_link_color": "1DA1F2"}, "user_mentions": [{"id": 759251, "screen_name": "CNN", "name": "CNN", "id_str": "759251"}], "created_at": "Fri Jan 29 21:36:58 +0000 2016", "in_reply_to_status_id": 693185853867294721, "in_reply_to_user_id": 759251, "text": "@CNN put it down", "hashtags": [], "lang": "en", "in_reply_to_screen_name": "CNN", "source": "<a href=\"http://twitter.com/download/iphone\" rel=\"nofollow\">Twitter for iPhone</a>"}