{"id": 693205960882454528, "id_str": "693205960882454528", "urls": [], "user": {"id_str": "2913253063", "location": "neiman marcus", "favourites_count": 236, "profile_sidebar_border_color": "000000", "name": "seb", "profile_image_url_https": "https://pbs.twimg.com/profile_images/1044654906949296128/aQZ5jj58_normal.jpg", "created_at": "Sat Nov 29 02:31:19 +0000 2014", "screen_name": "sebwq", "followers_count": 167, "listed_count": 3, "lang": "en", "statuses_count": 3695, "profile_sidebar_fill_color": "000000", "profile_background_image_url": "http://abs.twimg.com/images/themes/theme1/bg.png", "profile_text_color": "000000", "profile_banner_url": "https://pbs.twimg.com/profile_banners/2913253063/1538292094", "profile_background_color": "000000", "id": 2913253063, "friends_count": 143, "profile_image_url": "http://pbs.twimg.com/profile_images/1044654906949296128/aQZ5jj58_normal.jpg", "profile_background_image_url_https": "https://abs.twimg.com/images/themes/theme1/bg.png", "profile_link_color": "1B95E0"}, "user_mentions": [{"id": 759251, "screen_name": "CNN", "name": "CNN", "id_str": "759251"}], "created_at": "Fri Jan 29 22:55:54 +0000 2016", "in_reply_to_status_id": 693203974388895744, "in_reply_to_user_id": 759251, "text": "@CNN my kinda town", "hashtags": [], "lang": "en", "in_reply_to_screen_name": "CNN", "source": "<a href=\"http://twitter.com/download/iphone\" rel=\"nofollow\">Twitter for iPhone</a>"}