{"id": 693225700497690624, "id_str": "693225700497690624", "urls": [], "user": {"geo_enabled": true, "location": "Upstate New York", "favourites_count": 6010, "profile_sidebar_border_color": "C0DEED", "name": "Walden70", "profile_image_url_https": "https://pbs.twimg.com/profile_images/615330446134636545/6vXaEVJe_normal.jpg", "created_at": "Mon Jun 29 01:24:43 +0000 2015", "screen_name": "Blackbear359129", "default_profile": true, "followers_count": 748, "listed_count": 13, "description": "When you get old, the things that count are the things you can\u2019t count", "id_str": "3350126261", "lang": "en", "statuses_count": 21374, "profile_sidebar_fill_color": "DDEEF6", "profile_background_image_url": "http://abs.twimg.com/images/themes/theme1/bg.png", "profile_text_color": "333333", "profile_banner_url": "https://pbs.twimg.com/profile_banners/3350126261/1451996382", "profile_background_color": "C0DEED", "id": 3350126261, "friends_count": 851, "profile_image_url": "http://pbs.twimg.com/profile_images/615330446134636545/6vXaEVJe_normal.jpg", "profile_use_background_image": true, "profile_background_image_url_https": "https://abs.twimg.com/images/themes/theme1/bg.png", "profile_link_color": "1DA1F2"}, "user_mentions": [{"id": 822215673812119553, "screen_name": "WhiteHouse", "name": "The White House", "id_str": "822215673812119553"}], "created_at": "Sat Jan 30 00:14:21 +0000 2016", "in_reply_to_status_id": 693141729529184256, "in_reply_to_user_id": 30313925, "text": "@WhiteHouse Yep but in non standard jobs it comes down to created value or LeBron James would make the same as Brook Lopez", "hashtags": [], "lang": "en", "in_reply_to_screen_name": "ObamaWhiteHouse", "source": "<a href=\"http://twitter.com/download/iphone\" rel=\"nofollow\">Twitter for iPhone</a>"}