{"id": 693271778123194368, "id_str": "693271778123194368", "urls": [], "user": {"id_str": "2811544850", "location": "Texas, USA", "favourites_count": 6316, "profile_sidebar_border_color": "000000", "name": "G.A. Bass, Author", "profile_image_url_https": "https://pbs.twimg.com/profile_images/972254532242694144/-Mf8VM1I_normal.jpg", "created_at": "Mon Sep 15 15:56:06 +0000 2014", "screen_name": "GABassAuthor", "followers_count": 2503, "listed_count": 49, "description": "Latest release: Shaded Impact: Hidden Shadows and Winning Battles https://t.co/8vBEbuCLC8 and https://t.co/M27w7I0ox9", "lang": "en", "statuses_count": 13142, "profile_sidebar_fill_color": "000000", "profile_background_image_url": "http://abs.twimg.com/images/themes/theme1/bg.png", "profile_text_color": "000000", "profile_banner_url": "https://pbs.twimg.com/profile_banners/2811544850/1494969428", "profile_background_color": "000000", "id": 2811544850, "friends_count": 3064, "profile_image_url": "http://pbs.twimg.com/profile_images/972254532242694144/-Mf8VM1I_normal.jpg", "profile_background_image_url_https": "https://abs.twimg.com/images/themes/theme1/bg.png", "profile_link_color": "981CEB"}, "user_mentions": [{"id": 28785486, "screen_name": "ABC", "name": "ABC News", "id_str": "28785486"}], "created_at": "Sat Jan 30 03:17:26 +0000 2016", "in_reply_to_status_id": 693265096278163456, "in_reply_to_user_id": 28785486, "text": "@ABC I want him/her!", "hashtags": [], "lang": "en", "in_reply_to_screen_name": "ABC", "source": "<a href=\"http://twitter.com/download/android\" rel=\"nofollow\">Twitter for Android</a>"}