{"id": 693481279103176704, "id_str": "693481279103176704", "urls": [], "user": {"id_str": "3399073274", "location": "Chandler, AZ", "favourites_count": 2591, "profile_sidebar_border_color": "C0DEED", "name": "Jack L. Gilmore", "profile_image_url_https": "https://pbs.twimg.com/profile_images/694384003944570880/hF4Jcgjy_normal.jpg", "created_at": "Mon Aug 31 02:34:56 +0000 2015", "screen_name": "JLGilmore29", "default_profile": true, "followers_count": 82, "listed_count": 1, "description": "AZ Born. Trump Supporter 2016, Love America and want to make it better NYJETS forever", "lang": "en", "statuses_count": 850, "profile_sidebar_fill_color": "DDEEF6", "profile_background_image_url": "http://abs.twimg.com/images/themes/theme1/bg.png", "profile_text_color": "333333", "profile_banner_url": "https://pbs.twimg.com/profile_banners/3399073274/1455470526", "profile_background_color": "C0DEED", "id": 3399073274, "friends_count": 203, "profile_image_url": "http://pbs.twimg.com/profile_images/694384003944570880/hF4Jcgjy_normal.jpg", "profile_use_background_image": true, "profile_background_image_url_https": "https://abs.twimg.com/images/themes/theme1/bg.png", "profile_link_color": "1DA1F2"}, "user_mentions": [{"id": 1652541, "screen_name": "Reuters", "name": "Reuters Top News", "id_str": "1652541"}], "created_at": "Sat Jan 30 17:09:55 +0000 2016", "in_reply_to_status_id": 693476774462820352, "in_reply_to_user_id": 1652541, "text": "@Reuters it's to late!! The levy has broken..", "hashtags": [], "lang": "en", "in_reply_to_screen_name": "Reuters", "source": "<a href=\"http://twitter.com/download/android\" rel=\"nofollow\">Twitter for Android</a>"}