{"id": 693490542563495936, "id_str": "693490542563495936", "urls": [], "user": {"id_str": "3315320789", "location": "al PACINO ", "favourites_count": 1788, "profile_sidebar_border_color": "C0DEED", "name": "Asaf Bhai", "profile_image_url_https": "https://pbs.twimg.com/profile_images/1012895528428941312/PGwfD7hX_normal.jpg", "created_at": "Tue Jun 09 16:43:31 +0000 2015", "screen_name": "AsafBhai", "default_profile": true, "followers_count": 324, "listed_count": 9, "description": "Medical man - broad interests. international politics, tennis and snooker; with a social conscience.", "lang": "en", "statuses_count": 12053, "profile_sidebar_fill_color": "DDEEF6", "profile_background_image_url": "http://abs.twimg.com/images/themes/theme1/bg.png", "profile_text_color": "333333", "profile_banner_url": "https://pbs.twimg.com/profile_banners/3315320789/1479176536", "profile_background_color": "C0DEED", "id": 3315320789, "friends_count": 449, "profile_image_url": "http://pbs.twimg.com/profile_images/1012895528428941312/PGwfD7hX_normal.jpg", "profile_use_background_image": true, "profile_background_image_url_https": "https://abs.twimg.com/images/themes/theme1/bg.png", "profile_link_color": "1DA1F2"}, "user_mentions": [{"id": 1652541, "screen_name": "Reuters", "name": "Reuters Top News", "id_str": "1652541"}], "created_at": "Sat Jan 30 17:46:44 +0000 2016", "in_reply_to_status_id": 693476774462820352, "in_reply_to_user_id": 1652541, "text": "@Reuters She knows that the war is over... that the West supported terrorists have been defeated .", "hashtags": [], "lang": "en", "in_reply_to_screen_name": "Reuters", "source": "<a href=\"http://twitter.com/download/iphone\" rel=\"nofollow\">Twitter for iPhone</a>"}