{"id": 693467366747983872, "id_str": "693467366747983872", "urls": [], "user": {"profile_text_color": "000000", "id_str": "4375157295", "url": "https://t.co/HVbIBN2pOz", "favourites_count": 559, "profile_sidebar_border_color": "000000", "name": "EvoDesign", "profile_image_url_https": "https://pbs.twimg.com/profile_images/672861048215617536/JiY1YTX0_normal.png", "created_at": "Fri Dec 04 19:27:04 +0000 2015", "screen_name": "EvoDesignWeb", "followers_count": 16, "description": "\u0421\u0442\u0443\u0434\u0438\u044f \u0432\u0435\u0431-\u0434\u0438\u0437\u0430\u0439\u043d\u0430 | Web design studio", "lang": "ru", "statuses_count": 32, "profile_sidebar_fill_color": "000000", "profile_background_image_url": "http://abs.twimg.com/images/themes/theme1/bg.png", "listed_count": 13, "profile_banner_url": "https://pbs.twimg.com/profile_banners/4375157295/1449257816", "profile_background_color": "000000", "id": 4375157295, "friends_count": 65, "profile_image_url": "http://pbs.twimg.com/profile_images/672861048215617536/JiY1YTX0_normal.png", "profile_background_image_url_https": "https://abs.twimg.com/images/themes/theme1/bg.png", "profile_link_color": "00FFFF"}, "user_mentions": [{"id": 759251, "screen_name": "CNN", "name": "CNN", "id_str": "759251"}, {"id": 3096642344, "screen_name": "thexfiles", "name": "The X-Files", "id_str": "3096642344"}, {"id": 2359926157, "screen_name": "CIA", "name": "CIA", "id_str": "2359926157"}], "created_at": "Sat Jan 30 16:14:38 +0000 2016", "in_reply_to_status_id": 693466451081060353, "in_reply_to_user_id": 759251, "text": "@CNN @thexfiles @CIA X Files theme topical", "hashtags": [], "lang": "en", "in_reply_to_screen_name": "CNN", "source": "<a href=\"http://twitter.com\" rel=\"nofollow\">Twitter Web Client</a>"}