{"id": 693445452511993856, "id_str": "693445452511993856", "urls": [], "user": {"geo_enabled": true, "url": "https://t.co/682Fvl2ri4", "favourites_count": 2580, "profile_sidebar_border_color": "C0DEED", "name": "arend", "profile_image_url_https": "https://pbs.twimg.com/profile_images/1026792465678958592/1bTQUNch_normal.jpg", "created_at": "Thu Aug 29 14:19:39 +0000 2013", "screen_name": "wheresthebeef18", "default_profile": true, "followers_count": 265, "description": "siri, play the strokes", "id_str": "1710120282", "lang": "en", "statuses_count": 1553, "profile_sidebar_fill_color": "DDEEF6", "profile_background_image_url": "http://abs.twimg.com/images/themes/theme1/bg.png", "profile_text_color": "333333", "profile_banner_url": "https://pbs.twimg.com/profile_banners/1710120282/1537562482", "profile_background_color": "C0DEED", "id": 1710120282, "friends_count": 181, "profile_image_url": "http://pbs.twimg.com/profile_images/1026792465678958592/1bTQUNch_normal.jpg", "profile_use_background_image": true, "profile_background_image_url_https": "https://abs.twimg.com/images/themes/theme1/bg.png", "profile_link_color": "1DA1F2"}, "user_mentions": [{"id": 2557521, "screen_name": "espn", "name": "ESPN", "id_str": "2557521"}, {"id": 2173020462, "screen_name": "browntown62", "name": "Matthew Brown", "id_str": "2173020462"}], "created_at": "Sat Jan 30 14:47:34 +0000 2016", "in_reply_to_status_id": 693441093048766464, "in_reply_to_user_id": 2557521, "text": "@espn @browntown62", "hashtags": [], "lang": "und", "in_reply_to_screen_name": "espn", "favorite_count": 2, "source": "<a href=\"http://twitter.com/download/iphone\" rel=\"nofollow\">Twitter for iPhone</a>"}