{"id": 693479943632732162, "id_str": "693479943632732162", "urls": [], "user": {"id_str": "254569407", "location": "Ct USA", "favourites_count": 37360, "name": "Dennis Murphy Jr.", "profile_image_url_https": "https://pbs.twimg.com/profile_images/1255021535/app_full_proxy.php_normal.jpeg", "created_at": "Sat Feb 19 15:04:19 +0000 2011", "screen_name": "Dman541", "default_profile": true, "followers_count": 758, "listed_count": 38, "description": "Well lets see, GM/Chevy guy NASCAR/Jr Fan ,have 5 more years till i retire, have a terrorist for a daughter and a young one in training", "lang": "en", "statuses_count": 44981, "profile_sidebar_fill_color": "DDEEF6", "profile_background_image_url": "http://abs.twimg.com/images/themes/theme1/bg.png", "profile_text_color": "333333", "profile_sidebar_border_color": "C0DEED", "profile_background_color": "C0DEED", "id": 254569407, "friends_count": 2513, "profile_image_url": "http://pbs.twimg.com/profile_images/1255021535/app_full_proxy.php_normal.jpeg", "profile_use_background_image": true, "profile_background_image_url_https": "https://abs.twimg.com/images/themes/theme1/bg.png", "profile_link_color": "1DA1F2"}, "user_mentions": [{"id": 1652541, "screen_name": "Reuters", "name": "Reuters Top News", "id_str": "1652541"}], "created_at": "Sat Jan 30 17:04:37 +0000 2016", "in_reply_to_status_id": 693476774462820352, "in_reply_to_user_id": 1652541, "text": "@Reuters That will never happen", "hashtags": [], "lang": "en", "in_reply_to_screen_name": "Reuters", "source": "<a href=\"http://twitter.com/download/iphone\" rel=\"nofollow\">Twitter for iPhone</a>"}