{"id": 693491195016826880, "id_str": "693491195016826880", "urls": [], "user": {"profile_text_color": "333333", "id_str": "32454689", "favourites_count": 568, "name": "Spikitty", "profile_image_url_https": "https://pbs.twimg.com/profile_images/271915020/windblown_me_normal.jpg", "created_at": "Fri Apr 17 15:50:23 +0000 2009", "screen_name": "spikiitty", "default_profile": true, "followers_count": 83, "description": "I love and respect all animals and some people.\nI love music, most kinds \nI have no tolerance for trolls and idiots", "lang": "en", "statuses_count": 7965, "profile_sidebar_fill_color": "DDEEF6", "profile_background_image_url": "http://abs.twimg.com/images/themes/theme1/bg.png", "listed_count": 10, "profile_sidebar_border_color": "C0DEED", "profile_background_color": "C0DEED", "id": 32454689, "friends_count": 77, "profile_image_url": "http://pbs.twimg.com/profile_images/271915020/windblown_me_normal.jpg", "profile_use_background_image": true, "profile_background_image_url_https": "https://abs.twimg.com/images/themes/theme1/bg.png", "profile_link_color": "1DA1F2"}, "user_mentions": [{"id": 1652541, "screen_name": "Reuters", "name": "Reuters Top News", "id_str": "1652541"}], "created_at": "Sat Jan 30 17:49:19 +0000 2016", "in_reply_to_status_id": 693476774462820352, "in_reply_to_user_id": 1652541, "text": "@Reuters A country has to take care of it's own citizen.  Falling economies cannot support immigrants food, shelter, health needs.  Also", "hashtags": [], "lang": "en", "in_reply_to_screen_name": "Reuters", "source": "<a href=\"https://twitter.com/download/android\" rel=\"nofollow\">Twitter for Android Tablets</a>"}