{"created_at": "Sun Jan 31 00:50:55 +0000 2016", "id": 693597290993291264, "id_str": "693597290993291264", "urls": [], "text": "@weirdpolitics88 I guess that solves the problem, thanks Merkle \ud83e\udd14", "user": {"favourites_count": 1507, "profile_sidebar_fill_color": "000000", "profile_text_color": "000000", "id_str": "623384955", "location": "Norwich", "listed_count": 6, "profile_background_image_url": "http://abs.twimg.com/images/themes/theme14/bg.gif", "name": "Carlitos Dugarte", "profile_sidebar_border_color": "000000", "profile_image_url_https": "https://pbs.twimg.com/profile_images/899000036046110721/X6hvf9jD_normal.jpg", "profile_background_color": "000000", "created_at": "Sun Jul 01 01:40:58 +0000 2012", "screen_name": "vinnygop", "statuses_count": 6229, "followers_count": 648, "friends_count": 2321, "profile_image_url": "http://pbs.twimg.com/profile_images/899000036046110721/X6hvf9jD_normal.jpg", "id": 623384955, "lang": "en", "profile_background_image_url_https": "https://abs.twimg.com/images/themes/theme14/bg.gif", "profile_link_color": "ABB8C2"}, "hashtags": [], "lang": "en", "source": "<a href=\"https://mobile.twitter.com\" rel=\"nofollow\">Twitter Lite</a>", "user_mentions": []}