{"id": 693579100171194369, "id_str": "693579100171194369", "urls": [], "user": {"geo_enabled": true, "location": "Howell, NJ", "favourites_count": 9129, "profile_sidebar_border_color": "C0DEED", "name": "Tyler", "profile_image_url_https": "https://pbs.twimg.com/profile_images/925483205410598912/UBnmspFv_normal.jpg", "created_at": "Sun Oct 07 00:15:23 +0000 2012", "screen_name": "tyler_calvaruso", "default_profile": true, "followers_count": 1008, "listed_count": 8, "description": "Seton Hall '20 | Sports Editor @Setonian | @247Sports CFB/CBB Recruiting Insider & Senior Staff Member @EagleInsiders | Contributor @TheJetsWire @ShoreSportsNet", "id_str": "865507208", "lang": "en", "statuses_count": 8972, "profile_sidebar_fill_color": "DDEEF6", "profile_background_image_url": "http://abs.twimg.com/images/themes/theme1/bg.png", "profile_text_color": "333333", "profile_banner_url": "https://pbs.twimg.com/profile_banners/865507208/1518239075", "profile_background_color": "C0DEED", "id": 865507208, "friends_count": 430, "profile_image_url": "http://pbs.twimg.com/profile_images/925483205410598912/UBnmspFv_normal.jpg", "profile_use_background_image": true, "profile_background_image_url_https": "https://abs.twimg.com/images/themes/theme1/bg.png", "profile_link_color": "1DA1F2"}, "user_mentions": [{"id": 2150126931, "screen_name": "sanzevino", "name": "Steve Anzevino", "id_str": "2150126931"}, {"id": 2557521, "screen_name": "espn", "name": "ESPN", "id_str": "2557521"}], "created_at": "Sat Jan 30 23:38:38 +0000 2016", "in_reply_to_status_id": 693578698797256704, "in_reply_to_user_id": 2150126931, "text": "@sanzevino @espn Never forget Victor Oladipo is the next MJ", "hashtags": [], "lang": "en", "in_reply_to_screen_name": "sanzevino", "favorite_count": 1, "source": "<a href=\"http://twitter.com/download/iphone\" rel=\"nofollow\">Twitter for iPhone</a>"}