{"id": 693574370254393344, "id_str": "693574370254393344", "urls": [], "user": {"profile_text_color": "333333", "id_str": "21273458", "favourites_count": 9790, "profile_sidebar_border_color": "C0DEED", "name": "Andy Gruhn", "profile_image_url_https": "https://pbs.twimg.com/profile_images/813171912561938433/Vsag1g64_normal.jpg", "created_at": "Thu Feb 19 03:51:00 +0000 2009", "screen_name": "andy_gruhn", "default_profile": true, "followers_count": 178, "description": "A husband and Daddy to the coolest wife and kids on the block! God is good!", "lang": "en", "statuses_count": 10163, "profile_sidebar_fill_color": "DDEEF6", "profile_background_image_url": "http://abs.twimg.com/images/themes/theme1/bg.png", "listed_count": 3, "profile_banner_url": "https://pbs.twimg.com/profile_banners/21273458/1458413010", "profile_background_color": "C0DEED", "id": 21273458, "friends_count": 468, "profile_image_url": "http://pbs.twimg.com/profile_images/813171912561938433/Vsag1g64_normal.jpg", "profile_use_background_image": true, "profile_background_image_url_https": "https://abs.twimg.com/images/themes/theme1/bg.png", "profile_link_color": "1DA1F2"}, "user_mentions": [{"id": 2557521, "screen_name": "espn", "name": "ESPN", "id_str": "2557521"}], "created_at": "Sat Jan 30 23:19:50 +0000 2016", "in_reply_to_status_id": 693573781730783232, "in_reply_to_user_id": 2557521, "text": "@espn Dickie V and Brent are awesome!", "hashtags": [], "lang": "en", "in_reply_to_screen_name": "espn", "source": "<a href=\"http://twitter.com/download/iphone\" rel=\"nofollow\">Twitter for iPhone</a>"}