{"id": 693550475375964162, "id_str": "693550475375964162", "urls": [], "user": {"geo_enabled": true, "location": "Florida, USA", "favourites_count": 10326, "name": "vadju", "profile_image_url_https": "https://pbs.twimg.com/profile_images/682796384559341569/quCKKhDC_normal.jpg", "created_at": "Fri Jul 05 23:45:06 +0000 2013", "screen_name": "jesterct170", "followers_count": 800, "listed_count": 15, "description": "Father Husband 45yrs 3kids 1Navy Corpsman Grn side 5Grandkids MAGA Constitution 1st I am deplorable don't like it here move English spoken here ID 2 Vote", "id_str": "1571583230", "lang": "en", "statuses_count": 7577, "profile_sidebar_fill_color": "000000", "profile_background_image_url": "http://abs.twimg.com/images/themes/theme1/bg.png", "profile_text_color": "000000", "profile_sidebar_border_color": "000000", "profile_background_color": "000000", "id": 1571583230, "friends_count": 1133, "profile_image_url": "http://pbs.twimg.com/profile_images/682796384559341569/quCKKhDC_normal.jpg", "profile_background_image_url_https": "https://abs.twimg.com/images/themes/theme1/bg.png", "profile_link_color": "981CEB"}, "user_mentions": [{"id": 14075928, "screen_name": "TheOnion", "name": "The Onion", "id_str": "14075928"}], "created_at": "Sat Jan 30 21:44:53 +0000 2016", "in_reply_to_status_id": 693546915892428800, "in_reply_to_user_id": 14075928, "text": "@TheOnion not soon enough", "hashtags": [], "lang": "en", "in_reply_to_screen_name": "TheOnion", "favorite_count": 1, "source": "<a href=\"http://twitter.com\" rel=\"nofollow\">Twitter Web Client</a>"}