{"id": 693509024344506368, "id_str": "693509024344506368", "urls": [], "user": {"profile_text_color": "333333", "id_str": "804739165", "favourites_count": 11614, "profile_sidebar_border_color": "FFFFFF", "name": "Sweggy Pea", "profile_image_url_https": "https://pbs.twimg.com/profile_images/994611328890408960/JoPAsBap_normal.jpg", "profile_link_color": "009999", "screen_name": "SpencerSchultz9", "followers_count": 682, "description": "press forward", "created_at": "Wed Sep 05 14:42:54 +0000 2012", "lang": "en", "profile_background_tile": true, "profile_sidebar_fill_color": "EFEFEF", "profile_background_image_url": "http://abs.twimg.com/images/themes/theme14/bg.gif", "listed_count": 1, "profile_banner_url": "https://pbs.twimg.com/profile_banners/804739165/1534172268", "profile_background_color": "111114", "id": 804739165, "friends_count": 535, "profile_image_url": "http://pbs.twimg.com/profile_images/994611328890408960/JoPAsBap_normal.jpg", "profile_use_background_image": true, "profile_background_image_url_https": "https://abs.twimg.com/images/themes/theme14/bg.gif", "statuses_count": 17588}, "user_mentions": [{"id": 2557521, "screen_name": "espn", "name": "ESPN", "id_str": "2557521"}, {"id": 2826733162, "screen_name": "RealFakeWhitey", "name": "Fake Whitey", "id_str": "2826733162"}], "created_at": "Sat Jan 30 19:00:10 +0000 2016", "in_reply_to_status_id": 693441093048766464, "in_reply_to_user_id": 2557521, "text": "@espn @RealFakeWhitey", "hashtags": [], "lang": "und", "in_reply_to_screen_name": "espn", "source": "<a href=\"http://twitter.com/download/android\" rel=\"nofollow\">Twitter for Android</a>"}