{"id": 693555581336969216, "id_str": "693555581336969216", "urls": [], "user": {"geo_enabled": true, "url": "https://t.co/6ug50b9WYM", "favourites_count": 1736, "profile_sidebar_border_color": "FFFFFF", "name": "Jill Jacob \u270f\ufe0f", "profile_image_url_https": "https://pbs.twimg.com/profile_images/832023531571470336/E3B7WLT-_normal.jpg", "created_at": "Sun Mar 15 13:59:59 +0000 2009", "screen_name": "JJinthe202", "followers_count": 298, "listed_count": 56, "description": "MarCom pro focused on #smallbusiness. \ud83d\ude4b\ud83c\udffb\u200d\u2640\ufe0fArts, outdoors, sports, travel. Walker. News junkie. Fish parent. It's all about the customer. #CX #marketing #sales", "id_str": "24526521", "lang": "en", "statuses_count": 3616, "profile_background_tile": true, "profile_sidebar_fill_color": "583441", "location": "In front of a handheld screen.", "profile_background_image_url": "http://abs.twimg.com/images/themes/theme4/bg.gif", "profile_text_color": "825361", "profile_banner_url": "https://pbs.twimg.com/profile_banners/24526521/1441241706", "profile_background_color": "ABB8C2", "id": 24526521, "friends_count": 669, "profile_image_url": "http://pbs.twimg.com/profile_images/832023531571470336/E3B7WLT-_normal.jpg", "profile_use_background_image": true, "profile_background_image_url_https": "https://abs.twimg.com/images/themes/theme4/bg.gif", "profile_link_color": "69086E"}, "user_mentions": [{"id": 1367531, "screen_name": "FoxNews", "name": "Fox News", "id_str": "1367531"}, {"id": 23022687, "screen_name": "tedcruz", "name": "Ted Cruz", "id_str": "23022687"}], "created_at": "Sat Jan 30 22:05:10 +0000 2016", "in_reply_to_status_id": 693502060545703937, "in_reply_to_user_id": 1367531, "text": "@FoxNews @tedcruz accuses #BernieSanders &amp; #HillaryClinton of being out of mainstream. That coming from a far right evangelical conservative", "hashtags": [{"text": "BernieSanders"}, {"text": "HillaryClinton"}], "lang": "en", "in_reply_to_screen_name": "FoxNews", "source": "<a href=\"http://twitter.com/download/iphone\" rel=\"nofollow\">Twitter for iPhone</a>"}