{"id": 693635313147777024, "id_str": "693635313147777024", "urls": [], "user": {"geo_enabled": true, "favourites_count": 384, "name": "Carl Watson", "profile_image_url_https": "https://abs.twimg.com/sticky/default_profile_images/default_profile_normal.png", "created_at": "Thu Aug 27 20:14:24 +0000 2015", "screen_name": "watsonwildcat68", "default_profile": true, "followers_count": 5, "listed_count": 1, "id_str": "3363017773", "lang": "en", "statuses_count": 948, "profile_sidebar_fill_color": "DDEEF6", "default_profile_image": true, "profile_background_image_url": "http://abs.twimg.com/images/themes/theme1/bg.png", "profile_text_color": "333333", "profile_sidebar_border_color": "C0DEED", "profile_background_color": "C0DEED", "id": 3363017773, "friends_count": 19, "profile_image_url": "http://abs.twimg.com/sticky/default_profile_images/default_profile_normal.png", "profile_use_background_image": true, "profile_background_image_url_https": "https://abs.twimg.com/images/themes/theme1/bg.png", "profile_link_color": "1DA1F2"}, "user_mentions": [{"id": 28785486, "screen_name": "ABC", "name": "ABC News", "id_str": "28785486"}], "created_at": "Sun Jan 31 03:22:00 +0000 2016", "in_reply_to_status_id": 693571567377342466, "in_reply_to_user_id": 28785486, "text": "@ABC you don't even know what Hitler was shut up", "hashtags": [], "lang": "en", "in_reply_to_screen_name": "ABC", "source": "<a href=\"http://twitter.com/download/android\" rel=\"nofollow\">Twitter for Android</a>"}