{"id": 693763648360202240, "id_str": "693763648360202240", "urls": [], "user": {"geo_enabled": true, "location": " india", "favourites_count": 9788, "profile_sidebar_border_color": "C0DEED", "name": "paramjit singh", "profile_image_url_https": "https://pbs.twimg.com/profile_images/755338549336150016/rxtqwFz3_normal.jpg", "created_at": "Wed Jun 17 03:50:55 +0000 2009", "screen_name": "paramjeitmarwah", "default_profile": true, "followers_count": 502, "listed_count": 17, "description": "Oh Twaddi !!", "id_str": "47846544", "lang": "en", "statuses_count": 14637, "profile_sidebar_fill_color": "DDEEF6", "profile_background_image_url": "http://abs.twimg.com/images/themes/theme1/bg.png", "profile_text_color": "333333", "profile_banner_url": "https://pbs.twimg.com/profile_banners/47846544/1411801548", "profile_background_color": "C0DEED", "id": 47846544, "friends_count": 778, "profile_image_url": "http://pbs.twimg.com/profile_images/755338549336150016/rxtqwFz3_normal.jpg", "profile_use_background_image": true, "profile_background_image_url_https": "https://abs.twimg.com/images/themes/theme1/bg.png", "profile_link_color": "1DA1F2"}, "user_mentions": [{"id": 5402612, "screen_name": "BBCBreaking", "name": "BBC Breaking News", "id_str": "5402612"}], "created_at": "Sun Jan 31 11:51:57 +0000 2016", "in_reply_to_status_id": 693761289601060864, "in_reply_to_user_id": 5402612, "text": "@BBCBreaking ever wondered why Sunni sites are never being hit ? Who then are the terrorists? My vote says Sunnis", "hashtags": [], "lang": "en", "in_reply_to_screen_name": "BBCBreaking", "favorite_count": 1, "source": "<a href=\"http://twitter.com/download/iphone\" rel=\"nofollow\">Twitter for iPhone</a>"}