{"id": 693762578087071745, "id_str": "693762578087071745", "urls": [], "user": {"geo_enabled": true, "favourites_count": 18962, "profile_sidebar_border_color": "C0DEED", "name": "Lakey", "profile_image_url_https": "https://pbs.twimg.com/profile_images/1004061365550579712/MG_hCF7V_normal.jpg", "created_at": "Tue Nov 08 20:24:49 +0000 2011", "screen_name": "AvantiBlues", "followers_count": 1380, "listed_count": 13, "description": "City.", "id_str": "407978238", "lang": "en", "statuses_count": 24133, "profile_sidebar_fill_color": "DDEEF6", "profile_background_image_url": "http://abs.twimg.com/images/themes/theme1/bg.png", "profile_text_color": "333333", "profile_banner_url": "https://pbs.twimg.com/profile_banners/407978238/1528662238", "profile_background_color": "C0DEED", "id": 407978238, "friends_count": 889, "profile_image_url": "http://pbs.twimg.com/profile_images/1004061365550579712/MG_hCF7V_normal.jpg", "profile_use_background_image": true, "profile_background_image_url_https": "https://abs.twimg.com/images/themes/theme1/bg.png", "profile_link_color": "1B95E0"}, "user_mentions": [{"id": 599148427, "screen_name": "Sev7enDigit", "name": "Aminu shakky", "id_str": "599148427"}, {"id": 5402612, "screen_name": "BBCBreaking", "name": "BBC Breaking News", "id_str": "5402612"}], "created_at": "Sun Jan 31 11:47:42 +0000 2016", "in_reply_to_status_id": 693762241481555968, "in_reply_to_user_id": 599148427, "text": "@Sev7enDigit @BBCBreaking Because other people are killing them.", "hashtags": [], "lang": "en", "in_reply_to_screen_name": "Sev7enDigit", "source": "<a href=\"http://twitter.com/download/android\" rel=\"nofollow\">Twitter for Android</a>"}