{"id": 693791115409895424, "id_str": "693791115409895424", "urls": [], "user": {"id_str": "2521635229", "location": "Washington, DC", "favourites_count": 102159, "profile_sidebar_border_color": "C0DEED", "name": "Jim Moore", "profile_image_url_https": "https://pbs.twimg.com/profile_images/874020122020786176/c7fKsQZw_normal.jpg", "created_at": "Sat May 24 23:57:05 +0000 2014", "screen_name": "JimMoor70058163", "followers_count": 617, "listed_count": 36, "description": "Tech Writer/Ed/Photog (hack). Passionate @ climate change. Fascinated @ tech, space. Loves baseball, history, DC, connectivity. Always curious.", "lang": "en", "statuses_count": 33653, "profile_sidebar_fill_color": "DDEEF6", "profile_background_image_url": "http://abs.twimg.com/images/themes/theme1/bg.png", "profile_text_color": "333333", "profile_banner_url": "https://pbs.twimg.com/profile_banners/2521635229/1465429857", "profile_background_color": "C0DEED", "id": 2521635229, "friends_count": 877, "profile_image_url": "http://pbs.twimg.com/profile_images/874020122020786176/c7fKsQZw_normal.jpg", "profile_use_background_image": true, "profile_background_image_url_https": "https://abs.twimg.com/images/themes/theme1/bg.png", "profile_link_color": "0000B3"}, "user_mentions": [{"id": 5988062, "screen_name": "TheEconomist", "name": "The Economist", "id_str": "5988062"}], "created_at": "Sun Jan 31 13:41:06 +0000 2016", "in_reply_to_status_id": 693771953648373760, "in_reply_to_user_id": 5988062, "text": "@TheEconomist Rise of the Robots...", "hashtags": [], "lang": "en", "in_reply_to_screen_name": "TheEconomist", "source": "<a href=\"http://twitter.com\" rel=\"nofollow\">Twitter Web Client</a>"}