{"id": 693819012803796993, "id_str": "693819012803796993", "urls": [], "user": {"geo_enabled": true, "location": "Liberty, MO", "favourites_count": 938, "profile_sidebar_border_color": "000000", "name": "Stefan", "profile_image_url_https": "https://pbs.twimg.com/profile_images/876307912783691777/aHnut-or_normal.jpg", "created_at": "Sun Jul 28 22:00:17 +0000 2013", "screen_name": "stefanbramwell", "followers_count": 146, "listed_count": 3, "description": "I use this maybe 3 times a year", "id_str": "1628865325", "lang": "en", "statuses_count": 3031, "profile_sidebar_fill_color": "000000", "profile_background_image_url": "http://abs.twimg.com/images/themes/theme1/bg.png", "profile_text_color": "000000", "profile_banner_url": "https://pbs.twimg.com/profile_banners/1628865325/1507144255", "profile_background_color": "000000", "id": 1628865325, "friends_count": 72, "profile_image_url": "http://pbs.twimg.com/profile_images/876307912783691777/aHnut-or_normal.jpg", "profile_background_image_url_https": "https://abs.twimg.com/images/themes/theme1/bg.png", "profile_link_color": "1B95E0"}, "user_mentions": [{"id": 2557521, "screen_name": "espn", "name": "ESPN", "id_str": "2557521"}], "created_at": "Sun Jan 31 15:31:57 +0000 2016", "in_reply_to_status_id": 693818562981421056, "in_reply_to_user_id": 2557521, "text": "@espn his other shorts were deflated #deflategate", "hashtags": [{"text": "deflategate"}], "lang": "en", "in_reply_to_screen_name": "espn", "favorite_count": 1, "source": "<a href=\"http://twitter.com/download/iphone\" rel=\"nofollow\">Twitter for iPhone</a>"}