{"id": 693808198994698240, "id_str": "693808198994698240", "urls": [], "user": {"geo_enabled": true, "url": "https://t.co/RG02HJFJgk", "favourites_count": 686, "profile_sidebar_border_color": "C0DEED", "name": "Wanthow", "profile_image_url_https": "https://pbs.twimg.com/profile_images/911776440865062912/HAKwLVu9_normal.jpg", "created_at": "Mon Jun 15 10:20:53 +0000 2015", "screen_name": "Tomwanthow", "default_profile": true, "followers_count": 122, "listed_count": 2, "description": "From zero to hero", "id_str": "3326620485", "lang": "zh-CN", "statuses_count": 1780, "profile_sidebar_fill_color": "DDEEF6", "location": "Anhui", "profile_background_image_url": "http://abs.twimg.com/images/themes/theme1/bg.png", "profile_text_color": "333333", "profile_banner_url": "https://pbs.twimg.com/profile_banners/3326620485/1445525567", "profile_background_color": "C0DEED", "id": 3326620485, "friends_count": 91, "profile_image_url": "http://pbs.twimg.com/profile_images/911776440865062912/HAKwLVu9_normal.jpg", "profile_use_background_image": true, "profile_background_image_url_https": "https://abs.twimg.com/images/themes/theme1/bg.png", "profile_link_color": "1DA1F2"}, "user_mentions": [{"id": 2557521, "screen_name": "espn", "name": "ESPN", "id_str": "2557521"}, {"id": 259925559, "screen_name": "DjokerNole", "name": "Novak Djokovic", "id_str": "259925559"}, {"id": 2980137861, "screen_name": "AndyMurray_pa", "name": "Andy Murray", "id_str": "2980137861"}], "created_at": "Sun Jan 31 14:48:59 +0000 2016", "in_reply_to_status_id": 693804277031157761, "in_reply_to_user_id": 2557521, "text": "@espn @DjokerNole won the big game again in Australia with @AndyMurray_pa", "hashtags": [], "lang": "en", "in_reply_to_screen_name": "espn", "source": "<a href=\"http://twitter.com/download/android\" rel=\"nofollow\">Twitter for Android</a>"}