{"id": 693889878409412608, "id_str": "693889878409412608", "urls": [], "user": {"geo_enabled": true, "location": "Kadi is my daughter ", "favourites_count": 27218, "profile_sidebar_border_color": "000000", "name": "brooke\ud83c\udff3\ufe0f\u200d\ud83c\udf08", "profile_image_url_https": "https://pbs.twimg.com/profile_images/1041111996513476609/zn5WAJdg_normal.jpg", "created_at": "Sun Dec 01 22:08:47 +0000 2013", "screen_name": "larryslittlemix", "followers_count": 2797, "listed_count": 49, "description": "21 and bisexual, she/her, met 5H, met Little Mix x2, met Tori Kelly, married \u2764\ufe0f", "id_str": "2225652990", "lang": "en", "statuses_count": 65811, "profile_sidebar_fill_color": "000000", "profile_background_image_url": "http://abs.twimg.com/images/themes/theme9/bg.gif", "profile_text_color": "000000", "profile_banner_url": "https://pbs.twimg.com/profile_banners/2225652990/1532463340", "profile_background_color": "1A1B1F", "id": 2225652990, "friends_count": 2311, "profile_image_url": "http://pbs.twimg.com/profile_images/1041111996513476609/zn5WAJdg_normal.jpg", "profile_use_background_image": true, "profile_background_image_url_https": "https://abs.twimg.com/images/themes/theme9/bg.gif", "profile_link_color": "F5ABB5"}, "user_mentions": [{"id": 749691180431081472, "screen_name": "TaylorCanSing89", "name": "T Swift", "id_str": "749691180431081472"}, {"id": 863035526735069185, "screen_name": "DEDOMINICISNICo", "name": "DE DOMINICIS NICOLA", "id_str": "863035526735069185"}, {"id": 9300262, "screen_name": "politico", "name": "POLITICO", "id_str": "9300262"}, {"id": 721240684116578304, "screen_name": "redIipclassic89", "name": "\ufe0f\ufe0f\ufe0f\ufe0f\ufe0f\ufe0flayden", "id_str": "721240684116578304"}], "created_at": "Sun Jan 31 20:13:33 +0000 2016", "in_reply_to_status_id": 693889790802948096, "in_reply_to_user_id": 4108356914, "text": "@TaylorCanSing89 @DedominicisNico @politico @redIipclassic89 yas", "hashtags": [], "lang": "und", "in_reply_to_screen_name": "scammerswift", "favorite_count": 1, "source": "<a href=\"http://twitter.com/download/android\" rel=\"nofollow\">Twitter for Android</a>"}