{"id": 693830982265344000, "id_str": "693830982265344000", "urls": [], "user": {"id_str": "581325683", "location": "Downtown, Detroit", "favourites_count": 3485, "profile_sidebar_border_color": "C0DEED", "name": "CryptOSteveO", "profile_image_url_https": "https://pbs.twimg.com/profile_images/692540996115152896/_6AQNxc8_normal.jpg", "created_at": "Tue May 15 23:06:26 +0000 2012", "screen_name": "sboztik", "default_profile": true, "followers_count": 125, "listed_count": 1, "description": "Just here for the politics and crypto", "lang": "en", "statuses_count": 3381, "profile_sidebar_fill_color": "DDEEF6", "profile_background_image_url": "http://abs.twimg.com/images/themes/theme1/bg.png", "profile_text_color": "333333", "profile_banner_url": "https://pbs.twimg.com/profile_banners/581325683/1453949615", "profile_background_color": "C0DEED", "id": 581325683, "friends_count": 620, "profile_image_url": "http://pbs.twimg.com/profile_images/692540996115152896/_6AQNxc8_normal.jpg", "profile_use_background_image": true, "profile_background_image_url_https": "https://abs.twimg.com/images/themes/theme1/bg.png", "profile_link_color": "1DA1F2"}, "user_mentions": [{"id": 971387678, "screen_name": "Grantorino574", "name": "tyrone greene", "id_str": "971387678"}, {"id": 822215673812119553, "screen_name": "WhiteHouse", "name": "The White House", "id_str": "822215673812119553"}, {"id": 822215679726100480, "screen_name": "POTUS", "name": "President Trump", "id_str": "822215679726100480"}], "created_at": "Sun Jan 31 16:19:31 +0000 2016", "in_reply_to_status_id": 693828382660939776, "in_reply_to_user_id": 971387678, "text": "@Grantorino574 @WhiteHouse @POTUS yes, and the same database that any other president would use, Republican or Democrat. It's STATS. Get it?", "hashtags": [], "lang": "en", "in_reply_to_screen_name": "Grantorino574", "source": "<a href=\"http://twitter.com/download/iphone\" rel=\"nofollow\">Twitter for iPhone</a>"}