{"id": 693860889351421953, "id_str": "693860889351421953", "urls": [], "user": {"id_str": "3229051922", "location": "San Juan, Puerto Rico", "favourites_count": 131, "profile_sidebar_border_color": "C0DEED", "name": "Radikal", "profile_image_url_https": "https://pbs.twimg.com/profile_images/1029495641620152321/vASyRnw5_normal.jpg", "created_at": "Thu May 28 17:44:41 +0000 2015", "screen_name": "RADIKALODYSSEY", "default_profile": true, "followers_count": 49, "listed_count": 2, "description": "my life is one great long-winded poem I had to learn for the midterm the next day. I'm Latin. I'm ambivalent with everything and everyone. I'm sardonic.", "lang": "en", "statuses_count": 2582, "profile_sidebar_fill_color": "DDEEF6", "profile_background_image_url": "http://abs.twimg.com/images/themes/theme1/bg.png", "profile_text_color": "333333", "profile_banner_url": "https://pbs.twimg.com/profile_banners/3229051922/1534293204", "profile_background_color": "C0DEED", "id": 3229051922, "friends_count": 232, "profile_image_url": "http://pbs.twimg.com/profile_images/1029495641620152321/vASyRnw5_normal.jpg", "profile_use_background_image": true, "profile_background_image_url_https": "https://abs.twimg.com/images/themes/theme1/bg.png", "profile_link_color": "1DA1F2"}, "user_mentions": [{"id": 822215673812119553, "screen_name": "WhiteHouse", "name": "The White House", "id_str": "822215673812119553"}], "created_at": "Sun Jan 31 18:18:21 +0000 2016", "in_reply_to_status_id": 693843042546106369, "in_reply_to_user_id": 30313925, "text": "@WhiteHouse we should synthesize all known drugs into suppositories, y el que se la quiera meter que se la meta.", "hashtags": [], "lang": "en", "in_reply_to_screen_name": "ObamaWhiteHouse", "source": "<a href=\"http://twitter.com\" rel=\"nofollow\">Twitter Web Client</a>"}