{"id": 693896066006192128, "id_str": "693896066006192128", "urls": [], "user": {"id_str": "4819865003", "location": "United States", "favourites_count": 5978, "profile_sidebar_border_color": "C0DEED", "name": "John L (MAGA) Dreg", "profile_image_url_https": "https://pbs.twimg.com/profile_images/934542757053583362/2N1msPxV_normal.jpg", "created_at": "Sun Jan 17 01:44:58 +0000 2016", "screen_name": "RealMrFranchise", "default_profile": true, "followers_count": 6371, "listed_count": 26, "description": "MktgExec#USARMY(Ret)11BC2AirborneHOOAH!#StLCards#\u039c\u039f\u039b\u03a9\u039d \u039b\u0391\u0392\u0395-FB LT. GENERAL MIKE FLYNN, HARLAN HILL, BILL MITCHELL, STEPHEN BALDWIN & (b4 ban) ALEX JONES.", "lang": "en", "profile_sidebar_fill_color": "DDEEF6", "statuses_count": 11863, "profile_text_color": "333333", "profile_banner_url": "https://pbs.twimg.com/profile_banners/4819865003/1481286185", "profile_background_color": "F5F8FA", "id": 4819865003, "friends_count": 5883, "profile_image_url": "http://pbs.twimg.com/profile_images/934542757053583362/2N1msPxV_normal.jpg", "profile_use_background_image": true, "profile_link_color": "1DA1F2"}, "user_mentions": [{"id": 14075928, "screen_name": "TheOnion", "name": "The Onion", "id_str": "14075928"}, {"id": 196168350, "screen_name": "AnnCoulter", "name": "Ann Coulter", "id_str": "196168350"}, {"id": 15075999, "screen_name": "hughhewitt", "name": "Hugh Hewitt", "id_str": "15075999"}, {"id": 25073877, "screen_name": "realDonaldTrump", "name": "Donald J. Trump", "id_str": "25073877"}], "created_at": "Sun Jan 31 20:38:08 +0000 2016", "in_reply_to_status_id": 693546915892428800, "in_reply_to_user_id": 14075928, "text": "@TheOnion @AnnCoulter @hughhewitt @realDonaldTrump   #TheLameIdiotSeed---wasted campaign money--Should have been donated to the vets!", "hashtags": [{"text": "TheLameIdiotSeed"}], "lang": "en", "in_reply_to_screen_name": "TheOnion", "source": "<a href=\"http://twitter.com/download/iphone\" rel=\"nofollow\">Twitter for iPhone</a>"}