{"id": 693812211828002816, "id_str": "693812211828002816", "urls": [], "user": {"id_str": "14103627", "location": "Palm Beach, Florida, USA", "favourites_count": 3503, "name": "Christopher C. Moore", "profile_image_url_https": "https://pbs.twimg.com/profile_images/378800000270628475/445eefe5ca846fa8d69d624e44af4b53_normal.jpeg", "created_at": "Sat Mar 08 21:24:02 +0000 2008", "screen_name": "Cool_C_Mo", "default_profile": true, "followers_count": 84, "listed_count": 2, "description": "I'll be nicer if you'll be smarter.", "lang": "en", "statuses_count": 14526, "profile_sidebar_fill_color": "DDEEF6", "profile_background_image_url": "http://abs.twimg.com/images/themes/theme1/bg.png", "profile_text_color": "333333", "profile_sidebar_border_color": "C0DEED", "profile_background_color": "C0DEED", "id": 14103627, "friends_count": 135, "profile_image_url": "http://pbs.twimg.com/profile_images/378800000270628475/445eefe5ca846fa8d69d624e44af4b53_normal.jpeg", "profile_use_background_image": true, "profile_background_image_url_https": "https://abs.twimg.com/images/themes/theme1/bg.png", "profile_link_color": "1DA1F2"}, "user_mentions": [{"id": 9300262, "screen_name": "politico", "name": "POLITICO", "id_str": "9300262"}], "retweet_count": 1, "created_at": "Sun Jan 31 15:04:56 +0000 2016", "in_reply_to_status_id": 693811101146963968, "in_reply_to_user_id": 9300262, "text": "@politico And there are people in hell hoping for a glass of ice water", "hashtags": [], "lang": "en", "in_reply_to_screen_name": "politico", "favorite_count": 8, "source": "<a href=\"http://twitter.com/download/android\" rel=\"nofollow\">Twitter for Android</a>"}