{"id": 693828438021533696, "id_str": "693828438021533696", "urls": [], "user": {"id_str": "2455532911", "location": "Here", "favourites_count": 5015, "profile_sidebar_border_color": "FFFFFF", "name": "FDreamCloset", "profile_image_url_https": "https://pbs.twimg.com/profile_images/457992943287021570/_nicSeLI_normal.jpeg", "created_at": "Sun Apr 20 21:08:38 +0000 2014", "screen_name": "FDreamCloset", "followers_count": 570, "listed_count": 48, "description": "chic.affordable.unique ~\nFancy's Dream Closet:Borne of Love, Tragedy, Loss, Healg. In 2008, my baby passed from AML. No Regrets! God Is Faithful! THX 4 FOLLWG!", "lang": "en", "statuses_count": 3732, "profile_sidebar_fill_color": "DDEEF6", "profile_background_image_url": "http://abs.twimg.com/images/themes/theme1/bg.png", "profile_text_color": "333333", "profile_banner_url": "https://pbs.twimg.com/profile_banners/2455532911/1398706673", "profile_background_color": "C0DEED", "id": 2455532911, "friends_count": 933, "profile_image_url": "http://pbs.twimg.com/profile_images/457992943287021570/_nicSeLI_normal.jpeg", "profile_use_background_image": true, "profile_background_image_url_https": "https://abs.twimg.com/images/themes/theme1/bg.png", "profile_link_color": "0084B4"}, "user_mentions": [{"id": 822215673812119553, "screen_name": "WhiteHouse", "name": "The White House", "id_str": "822215673812119553"}, {"id": 822215679726100480, "screen_name": "POTUS", "name": "President Trump", "id_str": "822215679726100480"}], "created_at": "Sun Jan 31 16:09:24 +0000 2016", "in_reply_to_status_id": 693827886021767169, "in_reply_to_user_id": 30313925, "text": "@WhiteHouse @POTUS #OUTSTANDING!!!", "hashtags": [{"text": "OUTSTANDING"}], "lang": "und", "in_reply_to_screen_name": "ObamaWhiteHouse", "favorite_count": 1, "source": "<a href=\"http://twitter.com/download/android\" rel=\"nofollow\">Twitter for Android</a>"}