{"id": 693928938905690112, "id_str": "693928938905690112", "urls": [], "user": {"profile_text_color": "333333", "id_str": "35643377", "favourites_count": 82538, "profile_sidebar_border_color": "C0DEED", "name": "Maddie O'Brien", "profile_image_url_https": "https://pbs.twimg.com/profile_images/1046132708747997184/MjxDYIGZ_normal.jpg", "profile_link_color": "0084B4", "screen_name": "maddieeobrienn", "followers_count": 454, "description": "Future Elle Woods \ud83c\udf80\u2696\ufe0f", "created_at": "Mon Apr 27 02:32:25 +0000 2009", "lang": "en", "profile_background_tile": true, "profile_sidebar_fill_color": "DDEEF6", "profile_background_image_url": "http://abs.twimg.com/images/themes/theme1/bg.png", "listed_count": 1, "profile_banner_url": "https://pbs.twimg.com/profile_banners/35643377/1416946941", "profile_background_color": "C0DEED", "id": 35643377, "friends_count": 229, "profile_image_url": "http://pbs.twimg.com/profile_images/1046132708747997184/MjxDYIGZ_normal.jpg", "profile_use_background_image": true, "profile_background_image_url_https": "https://abs.twimg.com/images/themes/theme1/bg.png", "statuses_count": 14586}, "user_mentions": [{"id": 440683125, "screen_name": "david_kida", "name": "Tongs Clicking Together", "id_str": "440683125"}, {"id": 3369234799, "screen_name": "TheValleyReport", "name": "The Valley Report", "id_str": "3369234799"}], "created_at": "Sun Jan 31 22:48:46 +0000 2016", "in_reply_to_status_id": 693927187733422080, "in_reply_to_user_id": 440683125, "text": "@david_kida @TheValleyReport You never like mine, so ya lucky I'm not her \ud83d\udc40", "hashtags": [], "lang": "en", "in_reply_to_screen_name": "david_kida", "source": "<a href=\"http://twitter.com/download/iphone\" rel=\"nofollow\">Twitter for iPhone</a>"}