{"id": 693926858153394176, "id_str": "693926858153394176", "urls": [], "user": {"id_str": "2821031979", "location": "Great White North (East Coast)", "favourites_count": 31331, "profile_sidebar_border_color": "000000", "name": "Truther Jon", "profile_image_url_https": "https://pbs.twimg.com/profile_images/932043550442840065/ivib6vgB_normal.jpg", "created_at": "Fri Oct 10 02:50:41 +0000 2014", "screen_name": "SpinningGlobe1", "followers_count": 920, "listed_count": 36, "description": "It's not the size of the dog in the fight, it's the size of the fight in the dog.  - Mark Twain", "lang": "en", "statuses_count": 49118, "profile_sidebar_fill_color": "DDEEF6", "profile_background_image_url": "http://abs.twimg.com/images/themes/theme1/bg.png", "profile_text_color": "333333", "profile_banner_url": "https://pbs.twimg.com/profile_banners/2821031979/1511051684", "profile_background_color": "C0DEED", "id": 2821031979, "friends_count": 1304, "profile_image_url": "http://pbs.twimg.com/profile_images/932043550442840065/ivib6vgB_normal.jpg", "profile_use_background_image": true, "profile_background_image_url_https": "https://abs.twimg.com/images/themes/theme1/bg.png", "profile_link_color": "ABB8C2"}, "user_mentions": [{"id": 3369234799, "screen_name": "TheValleyReport", "name": "The Valley Report", "id_str": "3369234799"}, {"id": 820449074407178240, "screen_name": "ZaraBarry", "name": "z", "id_str": "820449074407178240"}], "created_at": "Sun Jan 31 22:40:30 +0000 2016", "in_reply_to_status_id": 637868242560638980, "in_reply_to_user_id": 3369234799, "text": "@TheValleyReport @ZaraBarry hell hath no fury like a woman scorned \"William Congreve\"", "hashtags": [], "lang": "en", "in_reply_to_screen_name": "TheValleyReport", "source": "<a href=\"http://twitter.com\" rel=\"nofollow\">Twitter Web Client</a>"}