{"id": 693923806453215233, "id_str": "693923806453215233", "urls": [], "user": {"id_str": "1396014949", "location": "SoCal", "favourites_count": 1379, "profile_sidebar_border_color": "C0DEED", "name": "Anton Spaten", "profile_image_url_https": "https://pbs.twimg.com/profile_images/3610993789/c68026008abfe6865788ea1bbb23fc61_normal.jpeg", "created_at": "Thu May 02 01:43:26 +0000 2013", "screen_name": "anton_spaten", "default_profile": true, "followers_count": 55, "lang": "en", "statuses_count": 358, "profile_sidebar_fill_color": "DDEEF6", "profile_background_image_url": "http://abs.twimg.com/images/themes/theme1/bg.png", "profile_text_color": "333333", "profile_banner_url": "https://pbs.twimg.com/profile_banners/1396014949/1367639209", "profile_background_color": "C0DEED", "id": 1396014949, "friends_count": 99, "profile_image_url": "http://pbs.twimg.com/profile_images/3610993789/c68026008abfe6865788ea1bbb23fc61_normal.jpeg", "profile_use_background_image": true, "profile_background_image_url_https": "https://abs.twimg.com/images/themes/theme1/bg.png", "profile_link_color": "1DA1F2"}, "user_mentions": [{"id": 14780915, "screen_name": "RollingStone", "name": "Rolling Stone", "id_str": "14780915"}], "created_at": "Sun Jan 31 22:28:22 +0000 2016", "in_reply_to_status_id": 693826104633737217, "in_reply_to_user_id": 14780915, "text": "@RollingStone never a good idea when a band or an actor campaigns", "hashtags": [], "lang": "en", "in_reply_to_screen_name": "RollingStone", "source": "<a href=\"http://twitter.com/download/iphone\" rel=\"nofollow\">Twitter for iPhone</a>"}