{"id": 693936801719918592, "id_str": "693936801719918592", "urls": [], "user": {"geo_enabled": true, "location": "10.3 miles from paradise  ", "favourites_count": 9582, "profile_sidebar_border_color": "C0DEED", "name": "7 down 3 to go", "profile_image_url_https": "https://pbs.twimg.com/profile_images/1030887198793637889/ZDD_FPss_normal.jpg", "created_at": "Fri Dec 10 00:03:15 +0000 2010", "screen_name": "Andyfizz69", "default_profile": true, "followers_count": 1315, "listed_count": 47, "description": "@celticfc @Juventusfcen on the way to 8 in a row, The worlds a big place,go see it.", "id_str": "224831778", "lang": "en", "statuses_count": 67996, "profile_sidebar_fill_color": "DDEEF6", "profile_background_image_url": "http://abs.twimg.com/images/themes/theme1/bg.png", "profile_text_color": "333333", "profile_banner_url": "https://pbs.twimg.com/profile_banners/224831778/1525031940", "profile_background_color": "C0DEED", "id": 224831778, "friends_count": 2721, "profile_image_url": "http://pbs.twimg.com/profile_images/1030887198793637889/ZDD_FPss_normal.jpg", "profile_use_background_image": true, "profile_background_image_url_https": "https://abs.twimg.com/images/themes/theme1/bg.png", "profile_link_color": "1DA1F2"}, "user_mentions": [{"id": 1367531, "screen_name": "FoxNews", "name": "Fox News", "id_str": "1367531"}], "created_at": "Sun Jan 31 23:20:00 +0000 2016", "in_reply_to_status_id": 693935557009801218, "in_reply_to_user_id": 1367531, "text": "@FoxNews and?", "hashtags": [], "lang": "und", "in_reply_to_screen_name": "FoxNews", "source": "<a href=\"http://twitter.com/download/iphone\" rel=\"nofollow\">Twitter for iPhone</a>"}