{"id": 693916324532088832, "id_str": "693916324532088832", "urls": [], "user": {"geo_enabled": true, "url": "https://t.co/u1ngVlOcNL", "favourites_count": 76334, "profile_sidebar_border_color": "000000", "name": "Joey \ud83e\udd96", "profile_image_url_https": "https://pbs.twimg.com/profile_images/1043166091244130305/L3qhPjsu_normal.jpg", "created_at": "Sat Nov 21 03:03:08 +0000 2015", "screen_name": "JoeyMeyer1st", "followers_count": 441, "listed_count": 9, "description": "I am 20. Musician by choice and Idiot by design. Good things ahead, I'm sure.", "id_str": "4239126563", "lang": "en", "statuses_count": 14044, "profile_sidebar_fill_color": "000000", "location": "Bismarck, ND", "profile_background_image_url": "http://abs.twimg.com/images/themes/theme1/bg.png", "profile_text_color": "000000", "profile_banner_url": "https://pbs.twimg.com/profile_banners/4239126563/1537545176", "profile_background_color": "000000", "id": 4239126563, "friends_count": 542, "profile_image_url": "http://pbs.twimg.com/profile_images/1043166091244130305/L3qhPjsu_normal.jpg", "profile_background_image_url_https": "https://abs.twimg.com/images/themes/theme1/bg.png", "profile_link_color": "FF691F"}, "user_mentions": [{"id": 854402779879804928, "screen_name": "HuffingtonPost", "name": "HuffPost", "id_str": "854402779879804928"}], "in_reply_to_screen_name": "HuffPost", "created_at": "Sun Jan 31 21:58:38 +0000 2016", "in_reply_to_status_id": 693853310479155200, "in_reply_to_user_id": 14511951, "text": "@HuffingtonPost https://t.co/wLGxue4p4J", "hashtags": [], "lang": "und", "place": {"id": "00d73c6d35bf8b5a", "full_name": "Pittsfield, MI", "url": "https://api.twitter.com/1.1/geo/id/00d73c6d35bf8b5a.json", "attributes": {}, "country_code": "US", "country": "Estados Unidos", "name": "Pittsfield", "contained_within": [], "place_type": "city", "bounding_box": {"type": "Polygon", "coordinates": [[[-83.7850832, 42.142414], [-83.641471, 42.142414], [-83.641471, 42.2594116], [-83.7850832, 42.2594116]]]}}, "media": [{"id": 693916219687079936, "display_url": "pic.twitter.com/wLGxue4p4J", "expanded_url": "https://twitter.com/JDawgSwgMaster2/status/693916324532088832/photo/1", "url": "https://t.co/wLGxue4p4J", "media_url": "http://pbs.twimg.com/tweet_video_thumb/CaFJIBJUkAAc6nZ.png", "video_info": {"variants": [{"content_type": "video/mp4", "bitrate": 0, "url": "https://video.twimg.com/tweet_video/CaFJIBJUkAAc6nZ.mp4"}], "aspect_ratio": [61, 40]}, "type": "animated_gif", "media_url_https": "https://pbs.twimg.com/tweet_video_thumb/CaFJIBJUkAAc6nZ.png", "sizes": {"large": {"w": 244, "resize": "fit", "h": 160}, "small": {"w": 244, "resize": "fit", "h": 160}, "medium": {"w": 244, "resize": "fit", "h": 160}, "thumb": {"w": 150, "resize": "crop", "h": 150}}}], "source": "<a href=\"http://twitter.com/download/iphone\" rel=\"nofollow\">Twitter for iPhone</a>"}