{"id": 693902355385847808, "id_str": "693902355385847808", "urls": [], "user": {"geo_enabled": true, "location": "The Wilds of Washington", "favourites_count": 70036, "profile_sidebar_border_color": "C0DEED", "name": "\ud83d\udc94Outrage du jour", "profile_image_url_https": "https://pbs.twimg.com/profile_images/793162614050131968/EktPW1y9_normal.jpg", "created_at": "Mon Mar 09 04:37:22 +0000 2009", "screen_name": "opiejeanne", "default_profile": true, "followers_count": 449, "listed_count": 8, "description": "Yup, that's me.", "id_str": "23402470", "lang": "en", "statuses_count": 17285, "profile_sidebar_fill_color": "DDEEF6", "profile_background_image_url": "http://abs.twimg.com/images/themes/theme1/bg.png", "profile_text_color": "333333", "profile_banner_url": "https://pbs.twimg.com/profile_banners/23402470/1438734575", "profile_background_color": "C0DEED", "id": 23402470, "friends_count": 192, "profile_image_url": "http://pbs.twimg.com/profile_images/793162614050131968/EktPW1y9_normal.jpg", "profile_use_background_image": true, "profile_background_image_url_https": "https://abs.twimg.com/images/themes/theme1/bg.png", "profile_link_color": "1DA1F2"}, "user_mentions": [{"id": 14075928, "screen_name": "TheOnion", "name": "The Onion", "id_str": "14075928"}, {"id": 1525868310, "screen_name": "Cdbrow1", "name": "C. D. Browne Ph.D., D.D.", "id_str": "1525868310"}], "created_at": "Sun Jan 31 21:03:08 +0000 2016", "in_reply_to_status_id": 693897857376632832, "in_reply_to_user_id": 14075928, "text": "@TheOnion @Cdbrow1 would be funnier if it wasn't so close to what some believe about her already", "hashtags": [], "lang": "en", "in_reply_to_screen_name": "TheOnion", "favorite_count": 1, "source": "<a href=\"http://twitter.com/download/iphone\" rel=\"nofollow\">Twitter for iPhone</a>"}