{"id": 693937482761515008, "id_str": "693937482761515008", "urls": [], "user": {"profile_text_color": "000000", "id_str": "2813552360", "favourites_count": 3393, "name": "Robert Thomas", "profile_image_url_https": "https://abs.twimg.com/sticky/default_profile_images/default_profile_normal.png", "created_at": "Tue Sep 16 18:50:13 +0000 2014", "screen_name": "rstintegrity1", "followers_count": 63, "description": "pretty much a nonconformists. It's ok to question everything. love nature. read a lot. Can't stand a lie.", "lang": "en", "statuses_count": 19872, "profile_sidebar_fill_color": "000000", "default_profile_image": true, "profile_background_image_url": "http://abs.twimg.com/images/themes/theme1/bg.png", "listed_count": 3, "profile_sidebar_border_color": "000000", "profile_background_color": "000000", "id": 2813552360, "friends_count": 63, "profile_image_url": "http://abs.twimg.com/sticky/default_profile_images/default_profile_normal.png", "profile_background_image_url_https": "https://abs.twimg.com/images/themes/theme1/bg.png", "profile_link_color": "4A913C"}, "user_mentions": [{"id": 1367531, "screen_name": "FoxNews", "name": "Fox News", "id_str": "1367531"}], "created_at": "Sun Jan 31 23:22:43 +0000 2016", "in_reply_to_status_id": 693935557009801218, "in_reply_to_user_id": 1367531, "text": "@FoxNews I'm sir they would have liked Persian rugs much more  !", "hashtags": [], "lang": "en", "in_reply_to_screen_name": "FoxNews", "source": "<a href=\"http://twitter.com\" rel=\"nofollow\">Twitter Web Client</a>"}