{"id": 693961063386238976, "id_str": "693961063386238976", "urls": [], "user": {"profile_text_color": "000000", "id_str": "3410970723", "favourites_count": 94196, "profile_sidebar_border_color": "000000", "name": "AverageAmerican", "profile_image_url_https": "https://pbs.twimg.com/profile_images/947610701505449984/Ozu36aUd_normal.jpg", "created_at": "Sun Aug 09 19:45:18 +0000 2015", "screen_name": "RealTrumpfan", "followers_count": 1810, "description": "Do I dare disturb the universe? Wife. Mother. Environment. Lazy, uneducated, P.O.S. according to the FBI. #MAGA", "lang": "en", "statuses_count": 38634, "profile_sidebar_fill_color": "000000", "profile_background_image_url": "http://abs.twimg.com/images/themes/theme1/bg.png", "listed_count": 34, "profile_banner_url": "https://pbs.twimg.com/profile_banners/3410970723/1478193707", "profile_background_color": "000000", "id": 3410970723, "friends_count": 1428, "profile_image_url": "http://pbs.twimg.com/profile_images/947610701505449984/Ozu36aUd_normal.jpg", "profile_background_image_url_https": "https://abs.twimg.com/images/themes/theme1/bg.png", "profile_link_color": "ABB8C2"}, "user_mentions": [{"id": 1367531, "screen_name": "FoxNews", "name": "Fox News", "id_str": "1367531"}], "created_at": "Mon Feb 01 00:56:25 +0000 2016", "in_reply_to_status_id": 693935557009801218, "in_reply_to_user_id": 1367531, "text": "@FoxNews How is John Kerry going to explain away this?", "hashtags": [], "lang": "en", "in_reply_to_screen_name": "FoxNews", "source": "<a href=\"http://twitter.com\" rel=\"nofollow\">Twitter Web Client</a>"}