{"id": 694076499553550336, "id_str": "694076499553550336", "urls": [], "user": {"statuses_count": 683, "profile_sidebar_fill_color": "DDEEF6", "name": "Alex", "id_str": "1274134578", "favourites_count": 47, "profile_background_image_url": "http://abs.twimg.com/images/themes/theme1/bg.png", "profile_text_color": "333333", "profile_sidebar_border_color": "C0DEED", "profile_image_url_https": "https://pbs.twimg.com/profile_images/848864933425160192/3nw3yPbA_normal.jpg", "profile_background_color": "C0DEED", "created_at": "Sun Mar 17 05:49:24 +0000 2013", "screen_name": "JumpmanFiend", "default_profile": true, "followers_count": 63, "friends_count": 123, "profile_image_url": "http://pbs.twimg.com/profile_images/848864933425160192/3nw3yPbA_normal.jpg", "id": 1274134578, "profile_use_background_image": true, "lang": "en", "profile_background_image_url_https": "https://abs.twimg.com/images/themes/theme1/bg.png", "profile_link_color": "1DA1F2"}, "user_mentions": [{"id": 725665248280236032, "screen_name": "eonline", "name": "E! Online", "id_str": "725665248280236032"}, {"id": 27195114, "screen_name": "Drake", "name": "Drizzy", "id_str": "27195114"}, {"id": 20567939, "screen_name": "MeekMill", "name": "Meek Mill", "id_str": "20567939"}], "created_at": "Mon Feb 01 08:35:07 +0000 2016", "in_reply_to_status_id": 693691456222052352, "in_reply_to_user_id": 2883841, "text": "@eonline @Drake, WHY YOU WASTING YOUR TIME WITH @MeekMill. WHY WOULD YOU BURY HIM AND DIG HIM BACK UP TO THEN BURY HIM AGAIN. COME ON SON!", "hashtags": [], "lang": "en", "in_reply_to_screen_name": "enews", "source": "<a href=\"http://twitter.com\" rel=\"nofollow\">Twitter Web Client</a>"}