{"id": 694683258437648385, "id_str": "694683258437648385", "urls": [{"expanded_url": "https://youtu.be/vrChUKgypXw", "url": "https://t.co/wTfoOOPFLW"}], "user": {"profile_sidebar_fill_color": "DDEEF6", "name": "marlenka finn", "id_str": "4871208580", "statuses_count": 96, "profile_text_color": "333333", "profile_sidebar_border_color": "C0DEED", "profile_image_url_https": "https://pbs.twimg.com/profile_images/694391264482070528/dtYe4TeK_normal.jpg", "profile_background_color": "F5F8FA", "created_at": "Tue Feb 02 05:22:09 +0000 2016", "screen_name": "truth2allofu", "default_profile": true, "followers_count": 3, "friends_count": 51, "profile_image_url": "http://pbs.twimg.com/profile_images/694391264482070528/dtYe4TeK_normal.jpg", "id": 4871208580, "profile_use_background_image": true, "lang": "en", "profile_link_color": "1DA1F2"}, "user_mentions": [{"id": 5402612, "screen_name": "BBCBreaking", "name": "BBC Breaking News", "id_str": "5402612"}, {"id": 612473, "screen_name": "BBCNews", "name": "BBC News (UK)", "id_str": "612473"}], "created_at": "Wed Feb 03 00:46:10 +0000 2016", "in_reply_to_status_id": 692753210692476928, "in_reply_to_user_id": 5402612, "text": "@BBCBreaking @BBCNews https://t.co/wTfoOOPFLW arrest these men too", "hashtags": [], "lang": "en", "in_reply_to_screen_name": "BBCBreaking", "source": "<a href=\"http://twitter.com/download/android\" rel=\"nofollow\">Twitter for Android</a>"}