{"id": 697998898036674561, "id_str": "697998898036674561", "urls": [], "user": {"id_str": "345786043", "location": "spaceweed westside", "favourites_count": 848, "profile_sidebar_border_color": "EEEEEE", "name": "CARL SAGAN YALL", "profile_image_url_https": "https://pbs.twimg.com/profile_images/424995770547204096/56S4TL79_normal.jpeg", "created_at": "Sun Jul 31 05:06:18 +0000 2011", "screen_name": "sagans_spacejam", "followers_count": 54, "description": "first i was born, then a bunch of stuff happened and now it wont stop #dtwd", "lang": "en", "statuses_count": 1340, "profile_background_tile": true, "profile_sidebar_fill_color": "EFEFEF", "profile_background_image_url": "http://abs.twimg.com/images/themes/theme14/bg.gif", "profile_text_color": "333333", "profile_banner_url": "https://pbs.twimg.com/profile_banners/345786043/1390354396", "profile_background_color": "131516", "id": 345786043, "friends_count": 318, "profile_image_url": "http://pbs.twimg.com/profile_images/424995770547204096/56S4TL79_normal.jpeg", "profile_use_background_image": true, "profile_background_image_url_https": "https://abs.twimg.com/images/themes/theme14/bg.gif", "profile_link_color": "009999"}, "user_mentions": [{"id": 917819239, "screen_name": "larsloving", "name": "\ud83c\udf84\ud83d\udd4e\ud83c\udf84\u26c4dopamine onehitter\u26c4\ud83c\udf84\ud83d\udd4e\ud83c\udf84", "id_str": "917819239"}], "created_at": "Fri Feb 12 04:21:20 +0000 2016", "in_reply_to_status_id": 697997385813856256, "in_reply_to_user_id": 917819239, "text": "@larsloving keep seeing this meme but super-delegates just aren't important right now. same thing in '08 but they just confirmed the winner.", "hashtags": [], "lang": "en", "in_reply_to_screen_name": "larsloving", "favorite_count": 21, "source": "<a href=\"http://twitter.com\" rel=\"nofollow\">Twitter Web Client</a>"}