{"id": 699686920662573057, "id_str": "699686920662573057", "urls": [], "user": {"profile_text_color": "333333", "id_str": "24949249", "favourites_count": 348, "name": "Walter Harder", "profile_image_url_https": "https://pbs.twimg.com/profile_images/1298893533/Profile_pict_reduced_normal.jpg", "created_at": "Tue Mar 17 20:36:23 +0000 2009", "screen_name": "skyrider2", "default_profile": true, "followers_count": 187, "lang": "en", "statuses_count": 681, "profile_sidebar_fill_color": "DDEEF6", "profile_background_image_url": "http://abs.twimg.com/images/themes/theme1/bg.png", "listed_count": 1, "profile_sidebar_border_color": "C0DEED", "profile_background_color": "C0DEED", "id": 24949249, "friends_count": 1187, "profile_image_url": "http://pbs.twimg.com/profile_images/1298893533/Profile_pict_reduced_normal.jpg", "profile_use_background_image": true, "profile_background_image_url_https": "https://abs.twimg.com/images/themes/theme1/bg.png", "profile_link_color": "1DA1F2"}, "user_mentions": [{"id": 986745014326788096, "screen_name": "Gotham3", "name": "Gotham", "id_str": "986745014326788096"}], "created_at": "Tue Feb 16 20:08:56 +0000 2016", "in_reply_to_status_id": 674364257799004160, "in_reply_to_user_id": 126903716, "text": "@Gotham3  very good comparison!", "hashtags": [], "lang": "en", "in_reply_to_screen_name": "KaptanHindustan", "source": "<a href=\"http://twitter.com/download/iphone\" rel=\"nofollow\">Twitter for iPhone</a>"}