{"id": 701514249269542912, "id_str": "701514249269542912", "urls": [{"expanded_url": "http://nyti.ms/1OoooAL", "url": "https://t.co/hwF2RrrViw"}], "user": {"geo_enabled": true, "url": "http://t.co/ahvuWqicF9", "favourites_count": 17393, "profile_banner_url": "https://pbs.twimg.com/profile_banners/807095/1522172276", "name": "The New York Times", "profile_image_url_https": "https://pbs.twimg.com/profile_images/942784892882112513/qV4xB0I3_normal.jpg", "created_at": "Fri Mar 02 20:41:42 +0000 2007", "screen_name": "nytimes", "followers_count": 42159744, "listed_count": 197148, "description": "Where the conversation begins. Follow for breaking news, special reports, RTs of our journalists and more. Visit https://t.co/ghL9OoYKMM to share news tips.", "id_str": "807095", "lang": "en", "statuses_count": 335945, "profile_background_tile": true, "profile_sidebar_fill_color": "EFEFEF", "location": "New York City", "profile_background_image_url": "http://abs.twimg.com/images/themes/theme14/bg.gif", "profile_text_color": "333333", "profile_sidebar_border_color": "FFFFFF", "profile_background_color": "131516", "id": 807095, "verified": true, "friends_count": 873, "profile_image_url": "http://pbs.twimg.com/profile_images/942784892882112513/qV4xB0I3_normal.jpg", "profile_use_background_image": true, "profile_background_image_url_https": "https://abs.twimg.com/images/themes/theme14/bg.gif", "profile_link_color": "607696"}, "source": "<a href=\"http://www.socialflow.com\" rel=\"nofollow\">SocialFlow</a>", "user_mentions": [], "retweet_count": 157, "created_at": "Sun Feb 21 21:10:05 +0000 2016", "text": "No, the polling doesn't prove Bernie Sanders won the Hispanic vote in Nevada https://t.co/hwF2RrrViw", "hashtags": [], "lang": "en", "favorite_count": 180}