{"id": 701514943988772865, "id_str": "701514943988772865", "urls": [], "user": {"geo_enabled": true, "location": "Port Angeles, WA", "favourites_count": 13263, "profile_sidebar_border_color": "C0DEED", "name": "Ric Mahurin", "profile_image_url_https": "https://pbs.twimg.com/profile_images/615261864700686336/HfGpKlTr_normal.jpg", "created_at": "Sun Jun 28 20:34:54 +0000 2015", "screen_name": "RicMahurin", "default_profile": true, "followers_count": 137, "listed_count": 10, "description": "Anti-War, Anti-Capitalist, Anti-Theist", "id_str": "3259279717", "lang": "en", "statuses_count": 8853, "profile_sidebar_fill_color": "DDEEF6", "profile_background_image_url": "http://abs.twimg.com/images/themes/theme1/bg.png", "profile_text_color": "333333", "profile_banner_url": "https://pbs.twimg.com/profile_banners/3259279717/1529559767", "profile_background_color": "C0DEED", "id": 3259279717, "friends_count": 556, "profile_image_url": "http://pbs.twimg.com/profile_images/615261864700686336/HfGpKlTr_normal.jpg", "profile_use_background_image": true, "profile_background_image_url_https": "https://abs.twimg.com/images/themes/theme1/bg.png", "profile_link_color": "1DA1F2"}, "user_mentions": [{"id": 807095, "screen_name": "nytimes", "name": "The New York Times", "id_str": "807095"}], "created_at": "Sun Feb 21 21:12:50 +0000 2016", "in_reply_to_status_id": 701514249269542912, "in_reply_to_user_id": 807095, "text": "@nytimes sanders is gaining - anyone in the MSM trying to write him off needs to check again. #FeelTheBern", "hashtags": [{"text": "FeelTheBern"}], "lang": "en", "in_reply_to_screen_name": "nytimes", "favorite_count": 2, "source": "<a href=\"http://twitter.com/download/iphone\" rel=\"nofollow\">Twitter for iPhone</a>"}