{"id": 701872926480474112, "id_str": "701872926480474112", "urls": [], "user": {"id_str": "16232801", "location": "26 / bayarea", "favourites_count": 13001, "profile_sidebar_border_color": "FFFFFF", "name": "sara \u2601\ufe0f", "profile_image_url_https": "https://pbs.twimg.com/profile_images/1007690975366410240/hGAky1Ih_normal.jpg", "profile_link_color": "009999", "screen_name": "kinda_busy", "followers_count": 274, "listed_count": 8, "description": "a constant flow of consciousness and words. ethnically ambiguous. forever stoked. #sfgiants | \u2651\ufe0f", "created_at": "Thu Sep 11 02:43:59 +0000 2008", "lang": "en", "profile_background_tile": true, "profile_sidebar_fill_color": "EFEFEF", "profile_background_image_url": "http://abs.twimg.com/images/themes/theme14/bg.gif", "profile_text_color": "333333", "profile_banner_url": "https://pbs.twimg.com/profile_banners/16232801/1431635514", "profile_background_color": "131516", "id": 16232801, "friends_count": 379, "profile_image_url": "http://pbs.twimg.com/profile_images/1007690975366410240/hGAky1Ih_normal.jpg", "profile_use_background_image": true, "profile_background_image_url_https": "https://abs.twimg.com/images/themes/theme14/bg.gif", "statuses_count": 30367}, "user_mentions": [{"id": 216776631, "screen_name": "BernieSanders", "name": "Bernie Sanders", "id_str": "216776631"}], "retweet_count": 1, "created_at": "Mon Feb 22 20:55:20 +0000 2016", "in_reply_to_status_id": 701872343736520704, "in_reply_to_user_id": 216776631, "text": "@BernieSanders viva la bern!", "hashtags": [], "lang": "es", "in_reply_to_screen_name": "BernieSanders", "favorite_count": 12, "source": "<a href=\"http://twitter.com/download/iphone\" rel=\"nofollow\">Twitter for iPhone</a>"}