{"id": 701901125025402880, "id_str": "701901125025402880", "urls": [], "user": {"geo_enabled": true, "favourites_count": 27780, "name": "loc v nguyen", "profile_image_url_https": "https://abs.twimg.com/sticky/default_profile_images/default_profile_normal.png", "created_at": "Thu Jul 19 23:16:40 +0000 2012", "screen_name": "locvnguyen1", "default_profile": true, "followers_count": 386, "listed_count": 37, "id_str": "705968575", "lang": "en", "statuses_count": 22699, "profile_sidebar_fill_color": "DDEEF6", "default_profile_image": true, "profile_background_image_url": "http://abs.twimg.com/images/themes/theme1/bg.png", "profile_text_color": "333333", "profile_sidebar_border_color": "C0DEED", "profile_background_color": "C0DEED", "id": 705968575, "friends_count": 1652, "profile_image_url": "http://abs.twimg.com/sticky/default_profile_images/default_profile_normal.png", "profile_use_background_image": true, "profile_background_image_url_https": "https://abs.twimg.com/images/themes/theme1/bg.png", "profile_link_color": "1DA1F2"}, "user_mentions": [{"id": 216776631, "screen_name": "BernieSanders", "name": "Bernie Sanders", "id_str": "216776631"}, {"id": 67358645, "screen_name": "WCVI", "name": "WCVelasquezInstitute", "id_str": "67358645"}], "created_at": "Mon Feb 22 22:47:23 +0000 2016", "in_reply_to_status_id": 701872343736520704, "in_reply_to_user_id": 216776631, "text": "@BernieSanders @WCVI Sir, U WON = GOOD, \"ENGLISH ONLY\" = OUTDATED =&gt; DO NOT LIVE IN PAST, NOW IS NOW. WORLD MOVES FAST=&gt; BE ADAPTIVE", "hashtags": [], "lang": "en", "in_reply_to_screen_name": "BernieSanders", "source": "<a href=\"http://twitter.com\" rel=\"nofollow\">Twitter Web Client</a>"}