{"id": 701902072279490560, "id_str": "701902072279490560", "urls": [], "user": {"profile_text_color": "333333", "id_str": "401064496", "favourites_count": 1580, "profile_sidebar_border_color": "EEEEEE", "name": "Chase", "profile_image_url_https": "https://pbs.twimg.com/profile_images/1029363523451858944/tO9TatSs_normal.jpg", "profile_link_color": "009999", "screen_name": "Justtillen", "followers_count": 118, "created_at": "Sun Oct 30 00:30:26 +0000 2011", "lang": "en", "profile_background_tile": true, "profile_sidebar_fill_color": "EFEFEF", "profile_background_image_url": "http://abs.twimg.com/images/themes/theme14/bg.gif", "listed_count": 6, "profile_banner_url": "https://pbs.twimg.com/profile_banners/401064496/1534253830", "profile_background_color": "131516", "id": 401064496, "friends_count": 334, "profile_image_url": "http://pbs.twimg.com/profile_images/1029363523451858944/tO9TatSs_normal.jpg", "profile_use_background_image": true, "profile_background_image_url_https": "https://abs.twimg.com/images/themes/theme14/bg.gif", "statuses_count": 5415}, "user_mentions": [{"id": 216776631, "screen_name": "BernieSanders", "name": "Bernie Sanders", "id_str": "216776631"}, {"id": 67358645, "screen_name": "WCVI", "name": "WCVelasquezInstitute", "id_str": "67358645"}], "in_reply_to_screen_name": "BernieSanders", "created_at": "Mon Feb 22 22:51:09 +0000 2016", "in_reply_to_status_id": 701872343736520704, "in_reply_to_user_id": 216776631, "text": "@BernieSanders @WCVI Maybe maybe not? Source hotair. com https://t.co/Y3VT0XYKlJ", "hashtags": [], "lang": "en", "media": [{"id": 701902065270796288, "display_url": "pic.twitter.com/Y3VT0XYKlJ", "expanded_url": "https://twitter.com/Malcolmswisdom/status/701902072279490560/photo/1", "url": "https://t.co/Y3VT0XYKlJ", "media_url": "http://pbs.twimg.com/media/Cb2oNaOUMAAlcpa.jpg", "type": "photo", "media_url_https": "https://pbs.twimg.com/media/Cb2oNaOUMAAlcpa.jpg", "sizes": {"small": {"w": 632, "resize": "fit", "h": 407}, "large": {"w": 632, "resize": "fit", "h": 407}, "medium": {"w": 632, "resize": "fit", "h": 407}, "thumb": {"w": 150, "resize": "crop", "h": 150}}}], "source": "<a href=\"http://twitter.com/#!/download/ipad\" rel=\"nofollow\">Twitter for iPad</a>"}