{"id": 702137963962957824, "id_str": "702137963962957824", "urls": [], "user": {"id_str": "3226439815", "location": "Corvallis, OR", "favourites_count": 22313, "profile_sidebar_border_color": "000000", "name": "AngelHandsChiMed", "profile_image_url_https": "https://pbs.twimg.com/profile_images/602886387843510272/GJzuUT4R_normal.jpg", "created_at": "Mon May 25 17:14:01 +0000 2015", "screen_name": "AngelHandsAcu", "followers_count": 985, "listed_count": 66, "description": "Chinese Medicine making the world a better place, one poke at a time! #Acupuncture #Democracy #AwanGate #GeoEngineering #PedoGate #HumanTrafficking #WalkAway", "lang": "en", "statuses_count": 9171, "profile_sidebar_fill_color": "000000", "profile_background_image_url": "http://abs.twimg.com/images/themes/theme1/bg.png", "profile_text_color": "000000", "profile_banner_url": "https://pbs.twimg.com/profile_banners/3226439815/1454290444", "profile_background_color": "000000", "id": 3226439815, "friends_count": 526, "profile_image_url": "http://pbs.twimg.com/profile_images/602886387843510272/GJzuUT4R_normal.jpg", "profile_background_image_url_https": "https://abs.twimg.com/images/themes/theme1/bg.png", "profile_link_color": "9266CC"}, "user_mentions": [{"id": 150135224, "screen_name": "ErikaAndiola", "name": "Erika Andiola", "id_str": "150135224"}, {"id": 584452533, "screen_name": "grh412", "name": "2FeathersTalks", "id_str": "584452533"}], "retweet_count": 2, "in_reply_to_screen_name": "ErikaAndiola", "created_at": "Tue Feb 23 14:28:30 +0000 2016", "in_reply_to_status_id": 701975210044497921, "in_reply_to_user_id": 150135224, "text": "@ErikaAndiola @grh412 https://t.co/t3mbPUhmHv", "hashtags": [], "lang": "und", "media": [{"id": 702137962557878274, "display_url": "pic.twitter.com/t3mbPUhmHv", "expanded_url": "https://twitter.com/AngelHandsAcu/status/702137963962957824/photo/1", "url": "https://t.co/t3mbPUhmHv", "media_url": "http://pbs.twimg.com/media/Cb5-wcGUMAI9ZTR.jpg", "type": "photo", "media_url_https": "https://pbs.twimg.com/media/Cb5-wcGUMAI9ZTR.jpg", "sizes": {"small": {"w": 680, "resize": "fit", "h": 553}, "large": {"w": 719, "resize": "fit", "h": 585}, "medium": {"w": 719, "resize": "fit", "h": 585}, "thumb": {"w": 150, "resize": "crop", "h": 150}}}], "favorite_count": 4, "source": "<a href=\"http://twitter.com\" rel=\"nofollow\">Twitter Web Client</a>"}