{"id": 705093817326804992, "id_str": "705093817326804992", "urls": [], "user": {"profile_text_color": "333333", "id_str": "52301156", "favourites_count": 8247, "profile_sidebar_border_color": "C0DEED", "name": "kidi", "profile_image_url_https": "https://pbs.twimg.com/profile_images/672461159522566144/F87gQzD1_normal.jpg", "created_at": "Tue Jun 30 04:21:30 +0000 2009", "screen_name": "kidi10", "default_profile": true, "followers_count": 186, "description": "IN GOD WE TRUST. #ProudJew, #ProudAmerican, musician, IDF veteran.", "lang": "en", "statuses_count": 4591, "profile_sidebar_fill_color": "DDEEF6", "profile_background_image_url": "http://abs.twimg.com/images/themes/theme1/bg.png", "listed_count": 8, "profile_banner_url": "https://pbs.twimg.com/profile_banners/52301156/1522212323", "profile_background_color": "C0DEED", "id": 52301156, "friends_count": 494, "profile_image_url": "http://pbs.twimg.com/profile_images/672461159522566144/F87gQzD1_normal.jpg", "profile_use_background_image": true, "profile_background_image_url_https": "https://abs.twimg.com/images/themes/theme1/bg.png", "profile_link_color": "1DA1F2"}, "user_mentions": [{"id": 292777349, "screen_name": "pzf", "name": "Breaking News Feed", "id_str": "292777349"}], "created_at": "Wed Mar 02 18:14:00 +0000 2016", "in_reply_to_status_id": 705093513076015104, "in_reply_to_user_id": 292777349, "text": "@pzf beautiful this way we can #MakeAmericaGreatAgain", "hashtags": [{"text": "MakeAmericaGreatAgain"}], "lang": "en", "in_reply_to_screen_name": "pzf", "favorite_count": 5, "source": "<a href=\"http://twitter.com/download/iphone\" rel=\"nofollow\">Twitter for iPhone</a>"}