{"id": 705095575096569856, "id_str": "705095575096569856", "urls": [], "user": {"geo_enabled": true, "favourites_count": 54820, "profile_sidebar_border_color": "C0DEED", "name": "MAGA", "profile_image_url_https": "https://pbs.twimg.com/profile_images/942179529296175104/mI-fF5RS_normal.jpg", "created_at": "Sat Aug 16 19:30:15 +0000 2014", "screen_name": "raymondr52", "default_profile": true, "followers_count": 4109, "listed_count": 122, "description": "land of the free home of the brave\nH.R.1013\n\njobs \nwages\nEducation \ninfrastructure \nSafety \nSecurity\n#BuildTheWall\n#blackOnblackCrimes\n#KAG!\n\nI don't FB", "id_str": "2737924896", "lang": "en", "statuses_count": 121873, "profile_sidebar_fill_color": "DDEEF6", "profile_background_image_url": "http://abs.twimg.com/images/themes/theme1/bg.png", "profile_text_color": "333333", "profile_banner_url": "https://pbs.twimg.com/profile_banners/2737924896/1513467913", "profile_background_color": "C0DEED", "id": 2737924896, "friends_count": 4748, "profile_image_url": "http://pbs.twimg.com/profile_images/942179529296175104/mI-fF5RS_normal.jpg", "profile_use_background_image": true, "profile_background_image_url_https": "https://abs.twimg.com/images/themes/theme1/bg.png", "profile_link_color": "1DA1F2"}, "user_mentions": [{"id": 292777349, "screen_name": "pzf", "name": "Breaking News Feed", "id_str": "292777349"}], "created_at": "Wed Mar 02 18:20:59 +0000 2016", "in_reply_to_status_id": 705092738224525312, "in_reply_to_user_id": 292777349, "text": "@pzf Hilary can't win we the people", "hashtags": [], "lang": "en", "in_reply_to_screen_name": "pzf", "source": "<a href=\"http://twitter.com/download/android\" rel=\"nofollow\">Twitter for Android</a>"}