{"id": 707356082746871809, "id_str": "707356082746871809", "urls": [], "user": {"geo_enabled": true, "location": "South Carolina", "favourites_count": 2028, "profile_sidebar_border_color": "C0DEED", "name": "Lee Howell", "profile_image_url_https": "https://pbs.twimg.com/profile_images/955247262636105728/mx_1YepR_normal.jpg", "created_at": "Thu Jun 26 01:38:28 +0000 2014", "screen_name": "leehowell32", "default_profile": true, "followers_count": 58, "listed_count": 3, "id_str": "2642447518", "lang": "en", "statuses_count": 2727, "profile_sidebar_fill_color": "DDEEF6", "profile_background_image_url": "http://abs.twimg.com/images/themes/theme1/bg.png", "profile_text_color": "333333", "profile_banner_url": "https://pbs.twimg.com/profile_banners/2642447518/1476445925", "profile_background_color": "C0DEED", "id": 2642447518, "friends_count": 157, "profile_image_url": "http://pbs.twimg.com/profile_images/955247262636105728/mx_1YepR_normal.jpg", "profile_use_background_image": true, "profile_background_image_url_https": "https://abs.twimg.com/images/themes/theme1/bg.png", "profile_link_color": "1DA1F2"}, "user_mentions": [{"id": 16193222, "screen_name": "guypbenson", "name": "Guy Benson", "id_str": "16193222"}, {"id": 39308549, "screen_name": "DailyCaller", "name": "The Daily Caller", "id_str": "39308549"}], "created_at": "Wed Mar 09 00:03:26 +0000 2016", "in_reply_to_status_id": 707310135291416576, "in_reply_to_user_id": 16193222, "text": "@guypbenson @DailyCaller He doesn't fit in with a \"crowd with class\" anyway.", "hashtags": [], "lang": "en", "in_reply_to_screen_name": "guypbenson", "favorite_count": 1, "source": "<a href=\"http://twitter.com/download/android\" rel=\"nofollow\">Twitter for Android</a>"}