{"id": 707316026329812993, "id_str": "707316026329812993", "urls": [], "user": {"id_str": "2601852176", "location": "Out West Somewhere", "favourites_count": 25815, "profile_sidebar_border_color": "A8C7F7", "name": "SteveSnow", "profile_image_url_https": "https://pbs.twimg.com/profile_images/700572594735460353/zrWvhK2u_normal.png", "created_at": "Thu Jul 03 15:41:09 +0000 2014", "screen_name": "slim2go1", "followers_count": 604, "listed_count": 70, "description": "Cowboy First last and always. Father and grandfather. Love horses cows children, pow wows and my wife. Independent voter, Vietnam Vet.", "lang": "en", "statuses_count": 42061, "profile_sidebar_fill_color": "C0DFEC", "profile_background_image_url": "http://abs.twimg.com/images/themes/theme15/bg.png", "profile_text_color": "333333", "profile_banner_url": "https://pbs.twimg.com/profile_banners/2601852176/1464016103", "profile_background_color": "022330", "id": 2601852176, "friends_count": 39, "profile_image_url": "http://pbs.twimg.com/profile_images/700572594735460353/zrWvhK2u_normal.png", "profile_use_background_image": true, "profile_background_image_url_https": "https://abs.twimg.com/images/themes/theme15/bg.png", "profile_link_color": "0084B4"}, "user_mentions": [{"id": 1618641848, "screen_name": "ChristieC733", "name": "Christie", "id_str": "1618641848"}, {"id": 2167674121, "screen_name": "CarmineZozzora", "name": "JointheNRA NOW! \ud83c\uddfa\ud83c\uddf8", "id_str": "2167674121"}], "created_at": "Tue Mar 08 21:24:16 +0000 2016", "in_reply_to_status_id": 707305999971921920, "in_reply_to_user_id": 1618641848, "text": "@ChristieC733 @CarmineZozzora Were she a Muslim he would be there with bells on.", "hashtags": [], "lang": "en", "in_reply_to_screen_name": "ChristieC733", "source": "<a href=\"http://twitter.com\" rel=\"nofollow\">Twitter Web Client</a>"}