{"id": 707481003695087616, "id_str": "707481003695087616", "urls": [], "user": {"geo_enabled": true, "location": "San Antonio, TX", "favourites_count": 26, "name": "Kathleen Miller", "profile_image_url_https": "https://pbs.twimg.com/profile_images/701170299362942976/-5rLwZ2D_normal.jpg", "created_at": "Sat Feb 20 22:10:55 +0000 2016", "screen_name": "Kathleen62662", "default_profile": true, "followers_count": 94, "listed_count": 10, "description": "born in the North is to understand the Constitution but we are a sum total of our past.  I'm one percent of American population twice over.", "id_str": "701167170256941056", "lang": "en", "profile_sidebar_fill_color": "DDEEF6", "statuses_count": 9183, "profile_text_color": "333333", "profile_sidebar_border_color": "C0DEED", "profile_background_color": "F5F8FA", "id": 701167170256941056, "friends_count": 444, "profile_image_url": "http://pbs.twimg.com/profile_images/701170299362942976/-5rLwZ2D_normal.jpg", "profile_use_background_image": true, "profile_link_color": "1DA1F2"}, "user_mentions": [{"id": 17469289, "screen_name": "nypost", "name": "New York Post", "id_str": "17469289"}], "created_at": "Wed Mar 09 08:19:50 +0000 2016", "in_reply_to_status_id": 707420972173955072, "in_reply_to_user_id": 17469289, "text": "@nypost the term is priority of work as dual hatted", "hashtags": [], "lang": "en", "in_reply_to_screen_name": "nypost", "source": "<a href=\"http://twitter.com/download/android\" rel=\"nofollow\">Twitter for Android</a>"}