{"id": 707674162093928448, "id_str": "707674162093928448", "urls": [], "user": {"id_str": "2769619552", "location": "US", "favourites_count": 91102, "profile_sidebar_border_color": "C0DEED", "name": "JD", "profile_image_url_https": "https://pbs.twimg.com/profile_images/1040018917014601729/DCinn8JQ_normal.jpg", "created_at": "Sun Sep 14 02:47:13 +0000 2014", "screen_name": "jdf0325", "default_profile": true, "followers_count": 3267, "listed_count": 57, "description": "Whatever I Want To Be", "lang": "en", "statuses_count": 68078, "profile_sidebar_fill_color": "DDEEF6", "profile_background_image_url": "http://abs.twimg.com/images/themes/theme1/bg.png", "profile_text_color": "333333", "profile_banner_url": "https://pbs.twimg.com/profile_banners/2769619552/1499166788", "profile_background_color": "C0DEED", "id": 2769619552, "friends_count": 4151, "profile_image_url": "http://pbs.twimg.com/profile_images/1040018917014601729/DCinn8JQ_normal.jpg", "profile_use_background_image": true, "profile_background_image_url_https": "https://abs.twimg.com/images/themes/theme1/bg.png", "profile_link_color": "1DA1F2"}, "user_mentions": [{"id": 1032244883417780229, "screen_name": "serious_account", "name": "\u30da\u30d7\u30c1\u30c9\u30b0\u30ea\u9928", "id_str": "1032244883417780229"}, {"id": 617825073, "screen_name": "WillMcAvoyACN", "name": "Will McAvoy", "id_str": "617825073"}], "created_at": "Wed Mar 09 21:07:22 +0000 2016", "in_reply_to_status_id": 707672361860878336, "in_reply_to_user_id": 3810021916, "text": "@serious_account @WillMcAvoyACN @KeithKote all I see are two guys padding their egos with word salads. AKA bullshit.", "hashtags": [], "lang": "en", "in_reply_to_screen_name": "HumblePyscho", "source": "<a href=\"http://twitter.com/download/iphone\" rel=\"nofollow\">Twitter for iPhone</a>"}