{"id": 709792798501785600, "id_str": "709792798501785600", "urls": [], "user": {"geo_enabled": true, "url": "https://t.co/eoWvws0gw5", "favourites_count": 153260, "profile_sidebar_border_color": "C0DEED", "name": "Patty \ud83c\udf83\ud83d\udc7b\ud83c\udf0a\ud83c\udf0a", "profile_image_url_https": "https://pbs.twimg.com/profile_images/1049183395484454912/tNAH9FVk_normal.jpg", "created_at": "Tue Sep 25 17:16:40 +0000 2012", "screen_name": "grammy4lphhl", "default_profile": true, "followers_count": 18861, "listed_count": 77, "description": "#LPFamily #MakeChesterProud \u2764\ufe0f#MyBF \u2764\ufe0f #Animals \ud83d\udc36\ud83d\udc31 #Vegan #Liberal #Democrat #VoteOutCorruptGOP #DumpTrumpPence #FlipItBlue #Resist #Persist #IFollowBACK #FBR", "id_str": "845893680", "lang": "en", "statuses_count": 171797, "profile_sidebar_fill_color": "DDEEF6", "location": "The Great State Of Outrage\ud83d\ude21", "profile_background_image_url": "http://abs.twimg.com/images/themes/theme1/bg.png", "profile_text_color": "333333", "profile_banner_url": "https://pbs.twimg.com/profile_banners/845893680/1538968440", "profile_background_color": "C0DEED", "id": 845893680, "friends_count": 18367, "profile_image_url": "http://pbs.twimg.com/profile_images/1049183395484454912/tNAH9FVk_normal.jpg", "profile_use_background_image": true, "profile_background_image_url_https": "https://abs.twimg.com/images/themes/theme1/bg.png", "profile_link_color": "1DA1F2"}, "user_mentions": [{"id": 986745014326788096, "screen_name": "Gotham3", "name": "Gotham", "id_str": "986745014326788096"}], "created_at": "Tue Mar 15 17:26:05 +0000 2016", "in_reply_to_status_id": 709787649381416960, "in_reply_to_user_id": 126903716, "text": "@Gotham3 \ud83d\ude02\ud83d\ude02\ud83d\ude02\ud83d\ude02", "hashtags": [], "lang": "und", "in_reply_to_screen_name": "KaptanHindustan", "favorite_count": 1, "source": "<a href=\"http://twitter.com/download/iphone\" rel=\"nofollow\">Twitter for iPhone</a>"}