{"id": 712011057565454337, "id_str": "712011057565454337", "urls": [], "user": {"geo_enabled": true, "location": "Harrogate (starbeck branch)", "favourites_count": 30315, "profile_sidebar_border_color": "C0DEED", "name": "Dave Rowson", "profile_image_url_https": "https://pbs.twimg.com/profile_images/982153239247257600/tXsirBMJ_normal.jpg", "created_at": "Mon Jan 10 14:54:36 +0000 2011", "screen_name": "daverowson", "default_profile": true, "followers_count": 3611, "listed_count": 21, "description": "leeds united home & away, secretary @BlackSwanBC Harrogate, work in Leeds City Digital Partnerships Team integrated health & care - views my own", "id_str": "236414984", "lang": "en", "statuses_count": 27847, "profile_sidebar_fill_color": "DDEEF6", "profile_background_image_url": "http://abs.twimg.com/images/themes/theme1/bg.png", "profile_text_color": "333333", "profile_banner_url": "https://pbs.twimg.com/profile_banners/236414984/1522998557", "profile_background_color": "C0DEED", "id": 236414984, "friends_count": 4755, "profile_image_url": "http://pbs.twimg.com/profile_images/982153239247257600/tXsirBMJ_normal.jpg", "profile_use_background_image": true, "profile_background_image_url_https": "https://abs.twimg.com/images/themes/theme1/bg.png", "profile_link_color": "1DA1F2"}, "user_mentions": [{"id": 2571013272, "screen_name": "DoctorT1992", "name": "Dr.T", "id_str": "2571013272"}, {"id": 42852429, "screen_name": "sport_simon", "name": "Simon Austin", "id_str": "42852429"}], "created_at": "Mon Mar 21 20:20:39 +0000 2016", "in_reply_to_status_id": 712004850947645441, "in_reply_to_user_id": 2571013272, "text": "@DoctorT1992 @sport_simon what year was that Doc ?", "hashtags": [], "lang": "en", "in_reply_to_screen_name": "DoctorT1992", "source": "<a href=\"http://twitter.com/download/iphone\" rel=\"nofollow\">Twitter for iPhone</a>"}