{"id": 714503380476026880, "id_str": "714503380476026880", "urls": [{"expanded_url": "http://www.xojane.com/issues/stephanie-cegielski-donald-trump-campaign-defector", "url": "https://t.co/chmrqOuMnM"}], "user": {"id_str": "19310250", "url": "https://t.co/WSR22fXSIX", "favourites_count": 24, "profile_sidebar_border_color": "C0DEED", "name": "John Fund", "profile_image_url_https": "https://pbs.twimg.com/profile_images/378800000661129535/8e4e43834b773db607dbf46644e9464c_normal.jpeg", "created_at": "Wed Jan 21 21:50:01 +0000 2009", "screen_name": "johnfund", "default_profile": true, "followers_count": 9111, "listed_count": 237, "lang": "en", "statuses_count": 9447, "profile_sidebar_fill_color": "DDEEF6", "location": "National Review Columnist", "profile_background_image_url": "http://abs.twimg.com/images/themes/theme1/bg.png", "profile_text_color": "333333", "profile_banner_url": "https://pbs.twimg.com/profile_banners/19310250/1382980841", "profile_background_color": "C0DEED", "id": 19310250, "friends_count": 159, "profile_image_url": "http://pbs.twimg.com/profile_images/378800000661129535/8e4e43834b773db607dbf46644e9464c_normal.jpeg", "profile_use_background_image": true, "profile_background_image_url_https": "https://abs.twimg.com/images/themes/theme1/bg.png", "profile_link_color": "1DA1F2"}, "source": "<a href=\"http://twitter.com\" rel=\"nofollow\">Twitter Web Client</a>", "user_mentions": [{"id": 292432955, "screen_name": "xojanedotcom", "name": "xoJane.com", "id_str": "292432955"}], "retweet_count": 302, "created_at": "Mon Mar 28 17:24:15 +0000 2016", "text": "Open Letter to Trump Voters from His Top Strategist-Turned-Defector - AMAZING First Person Account https://t.co/chmrqOuMnM via @xojanedotcom", "hashtags": [], "lang": "en", "favorite_count": 215}