{"id": 714562524130181121, "id_str": "714562524130181121", "urls": [], "user": {"profile_text_color": "333333", "id_str": "27087844", "url": "https://t.co/rYQCTYxl8l", "listed_count": 1987, "profile_banner_url": "https://pbs.twimg.com/profile_banners/27087844/1533742498", "name": "Mandy Stadtmiller", "profile_image_url_https": "https://pbs.twimg.com/profile_images/764891042818785282/T0UOsTQO_normal.jpg", "created_at": "Fri Mar 27 20:21:08 +0000 2009", "screen_name": "mandystadt", "followers_count": 91833, "description": "I wrote a memoir called UNWIFEABLE. Candace Bushnell calls it 'hilarious.' This book is my Mr. Big. Buy: https://t.co/rYQCTYxl8l mandystadt at gmail dot com", "lang": "en", "statuses_count": 23906, "profile_background_tile": true, "profile_sidebar_fill_color": "DDFFCC", "location": "New York", "profile_background_image_url": "http://abs.twimg.com/images/themes/theme1/bg.png", "favourites_count": 36081, "profile_sidebar_border_color": "FFFFFF", "profile_background_color": "0A0101", "id": 27087844, "verified": true, "friends_count": 8392, "profile_image_url": "http://pbs.twimg.com/profile_images/764891042818785282/T0UOsTQO_normal.jpg", "profile_use_background_image": true, "profile_background_image_url_https": "https://abs.twimg.com/images/themes/theme1/bg.png", "profile_link_color": "DD2E44"}, "user_mentions": [{"id": 14749383, "screen_name": "pennjillette", "name": "Penn Jillette", "id_str": "14749383"}, {"id": 606274544, "screen_name": "SCegielskiPR", "name": "Stephanie Cegielski", "id_str": "606274544"}, {"id": 17469289, "screen_name": "nypost", "name": "New York Post", "id_str": "17469289"}], "created_at": "Mon Mar 28 21:19:16 +0000 2016", "in_reply_to_status_id": 714560810266132480, "in_reply_to_user_id": 14749383, "text": "@pennjillette @SCegielskiPR it's real. I commissioned piece. PS hi! From the tall blonde chick you met at @nypost years ago for photo shoot.", "hashtags": [], "lang": "en", "in_reply_to_screen_name": "pennjillette", "favorite_count": 5, "source": "<a href=\"http://twitter.com/download/iphone\" rel=\"nofollow\">Twitter for iPhone</a>"}