{"id": 715002813399441409, "id_str": "715002813399441409", "urls": [], "user": {"profile_sidebar_fill_color": "DDEEF6", "name": "Marcelene Ramirez", "id_str": "4615970235", "favourites_count": 6, "statuses_count": 88, "profile_text_color": "333333", "profile_sidebar_border_color": "C0DEED", "default_profile_image": true, "profile_image_url_https": "https://abs.twimg.com/sticky/default_profile_images/default_profile_normal.png", "profile_background_color": "F5F8FA", "created_at": "Sun Dec 27 00:23:25 +0000 2015", "screen_name": "cannibalized3", "default_profile": true, "followers_count": 2, "friends_count": 9, "profile_image_url": "http://abs.twimg.com/sticky/default_profile_images/default_profile_normal.png", "id": 4615970235, "profile_use_background_image": true, "lang": "en", "profile_link_color": "1DA1F2"}, "user_mentions": [{"id": 2595436791, "screen_name": "JOSEFDREAMZ", "name": "JOSEF DREAMZ NEWS |", "id_str": "2595436791"}, {"id": 216776631, "screen_name": "BernieSanders", "name": "Bernie Sanders", "id_str": "216776631"}], "created_at": "Wed Mar 30 02:28:49 +0000 2016", "in_reply_to_status_id": 714999863688167426, "in_reply_to_user_id": 150665125, "text": "@JOSEFDREAMZ @BernieSanders comments like that make me want to bring back slavery", "hashtags": [], "lang": "en", "in_reply_to_screen_name": "AayZef", "source": "<a href=\"http://twitter.com/download/android\" rel=\"nofollow\">Twitter for Android</a>"}