{"id": 715002785327091712, "id_str": "715002785327091712", "urls": [], "user": {"profile_sidebar_fill_color": "A0C5C7", "name": "thebug", "id_str": "3194773184", "favourites_count": 4, "profile_background_image_url": "http://abs.twimg.com/images/themes/theme6/bg.gif", "profile_text_color": "333333", "profile_sidebar_border_color": "86A4A6", "default_profile_image": true, "profile_image_url_https": "https://abs.twimg.com/sticky/default_profile_images/default_profile_normal.png", "profile_background_color": "709397", "created_at": "Wed May 13 23:50:55 +0000 2015", "screen_name": "88downerst", "statuses_count": 2078, "followers_count": 1, "profile_image_url": "http://abs.twimg.com/sticky/default_profile_images/default_profile_normal.png", "id": 3194773184, "profile_use_background_image": true, "lang": "en", "profile_background_image_url_https": "https://abs.twimg.com/images/themes/theme6/bg.gif", "profile_link_color": "FF3300"}, "user_mentions": [{"id": 216776631, "screen_name": "BernieSanders", "name": "Bernie Sanders", "id_str": "216776631"}], "created_at": "Wed Mar 30 02:28:42 +0000 2016", "in_reply_to_status_id": 714998347111669760, "in_reply_to_user_id": 216776631, "text": "@BernieSanders how about addressing institutional  corruption in the DNC superdelegates which clearly undercut regular voter", "hashtags": [], "lang": "en", "in_reply_to_screen_name": "BernieSanders", "favorite_count": 1, "source": "<a href=\"http://twitter.com\" rel=\"nofollow\">Twitter Web Client</a>"}