{"id": 715260912899215360, "id_str": "715260912899215360", "urls": [], "user": {"id_str": "30232515", "location": "Wakanda - Shuri\u2019s lab ", "favourites_count": 3068, "profile_sidebar_border_color": "F2E195", "name": "\ud83d\udde3#VoteThemOut ~ 94%", "profile_image_url_https": "https://pbs.twimg.com/profile_images/1016334072191373313/7l4uPVpw_normal.jpg", "profile_link_color": "FF0000", "screen_name": "MelaninMagic10", "followers_count": 322, "listed_count": 40, "description": "\"Democracy is on the ballot.\" #44. Bookmark: November 6, 2018 ~ Retweets are not endorsements; so chill \u2744\ufe0f", "created_at": "Fri Apr 10 15:04:43 +0000 2009", "lang": "en", "profile_background_tile": true, "profile_sidebar_fill_color": "FFF7CC", "profile_background_image_url": "http://abs.twimg.com/images/themes/theme12/bg.gif", "profile_text_color": "0C3E53", "profile_banner_url": "https://pbs.twimg.com/profile_banners/30232515/1480347097", "profile_background_color": "BADFCD", "id": 30232515, "friends_count": 418, "profile_image_url": "http://pbs.twimg.com/profile_images/1016334072191373313/7l4uPVpw_normal.jpg", "profile_use_background_image": true, "profile_background_image_url_https": "https://abs.twimg.com/images/themes/theme12/bg.gif", "statuses_count": 58411}, "user_mentions": [{"id": 8839632, "screen_name": "NBCNightlyNews", "name": "NBC Nightly News with Lester Holt", "id_str": "8839632"}, {"id": 2836421, "screen_name": "MSNBC", "name": "MSNBC", "id_str": "2836421"}], "created_at": "Wed Mar 30 19:34:25 +0000 2016", "in_reply_to_status_id": 715253497462145024, "in_reply_to_user_id": 8839632, "text": "@NBCNightlyNews @MSNBC this is horrific, but Trump isn't alone in this thinking. GOP officials around the country are trying to defund PP.", "hashtags": [], "lang": "en", "in_reply_to_screen_name": "NBCNightlyNews", "source": "<a href=\"http://twitter.com/download/iphone\" rel=\"nofollow\">Twitter for iPhone</a>"}