{"id": 715289674625974272, "id_str": "715289674625974272", "urls": [], "user": {"geo_enabled": true, "url": "https://t.co/mCccsFo89S", "favourites_count": 13, "profile_sidebar_border_color": "C0DEED", "name": "\u270c Min Pin \u270c", "profile_image_url_https": "https://pbs.twimg.com/profile_images/1048266766114279427/r1rjhCVO_normal.jpg", "created_at": "Wed Mar 04 23:59:19 +0000 2009", "screen_name": "richcip", "default_profile": true, "followers_count": 63, "listed_count": 2, "description": "Free thinker. New Englander.", "id_str": "22850962", "lang": "en", "statuses_count": 1002, "profile_sidebar_fill_color": "DDEEF6", "location": "orlando", "profile_background_image_url": "http://abs.twimg.com/images/themes/theme1/bg.png", "profile_text_color": "333333", "profile_banner_url": "https://pbs.twimg.com/profile_banners/22850962/1538763408", "profile_background_color": "C0DEED", "id": 22850962, "friends_count": 299, "profile_image_url": "http://pbs.twimg.com/profile_images/1048266766114279427/r1rjhCVO_normal.jpg", "profile_use_background_image": true, "profile_background_image_url_https": "https://abs.twimg.com/images/themes/theme1/bg.png", "profile_link_color": "1DA1F2"}, "user_mentions": [{"id": 854402779879804928, "screen_name": "HuffingtonPost", "name": "HuffPost", "id_str": "854402779879804928"}], "created_at": "Wed Mar 30 21:28:42 +0000 2016", "in_reply_to_status_id": 715268937873760256, "in_reply_to_user_id": 14511951, "text": "@HuffingtonPost dude is pretty much advocating sharia law and these numbskulls still will bow to him. #MullahDrumpf", "hashtags": [{"text": "MullahDrumpf"}], "lang": "en", "in_reply_to_screen_name": "HuffPost", "source": "<a href=\"http://www.tweetcaster.com\" rel=\"nofollow\">TweetCaster for Android</a>"}