{"id": 715295246087749636, "id_str": "715295246087749636", "urls": [], "user": {"id_str": "29358718", "url": "https://t.co/Tvt6e2wCg9", "favourites_count": 2333, "profile_sidebar_border_color": "181A1E", "name": "Ironlung", "profile_image_url_https": "https://pbs.twimg.com/profile_images/932741593051918336/J7JfaYuD_normal.jpg", "profile_link_color": "2FC2EF", "screen_name": "clownsmacker", "followers_count": 307, "listed_count": 4, "description": "Big girl lover, bitch nigga hater.you not god so fuck yo judgement.takin kindness for weakness will get you hurt every time. chill out & #smokesomthin", "created_at": "Tue Apr 07 02:33:46 +0000 2009", "lang": "en", "profile_background_tile": true, "profile_sidebar_fill_color": "252429", "location": "None of ya dam bizness!!!!", "profile_background_image_url": "http://abs.twimg.com/images/themes/theme9/bg.gif", "profile_text_color": "666666", "profile_banner_url": "https://pbs.twimg.com/profile_banners/29358718/1449303661", "profile_background_color": "1A1B1F", "id": 29358718, "friends_count": 1152, "profile_image_url": "http://pbs.twimg.com/profile_images/932741593051918336/J7JfaYuD_normal.jpg", "profile_use_background_image": true, "profile_background_image_url_https": "https://abs.twimg.com/images/themes/theme9/bg.gif", "statuses_count": 19189}, "user_mentions": [{"id": 8839632, "screen_name": "NBCNightlyNews", "name": "NBC Nightly News with Lester Holt", "id_str": "8839632"}], "created_at": "Wed Mar 30 21:50:50 +0000 2016", "in_reply_to_status_id": 715253497462145024, "in_reply_to_user_id": 8839632, "text": "@NBCNightlyNews ok..jokes over get this jackals outta here", "hashtags": [], "lang": "en", "in_reply_to_screen_name": "NBCNightlyNews", "source": "<a href=\"http://www.tweetcaster.com\" rel=\"nofollow\">TweetCaster for Android</a>"}