{"id": 715254829698822144, "id_str": "715254829698822144", "urls": [], "user": {"geo_enabled": true, "url": "https://t.co/i7s9utcPPl", "favourites_count": 71634, "profile_sidebar_border_color": "BCB302", "name": "Terminator Barbie", "profile_image_url_https": "https://pbs.twimg.com/profile_images/839515696077791233/fX7HMoAD_normal.jpg", "created_at": "Wed Jul 23 14:32:56 +0000 2008", "screen_name": "TerminatorBarbi", "followers_count": 4186, "listed_count": 316, "description": "Red Pilled/became a full blown #MAGA supporter #TrumpTrain Rider the day Bernie endorsed HRC.\n\nMainstream media lies w/the intent to brainwash.\n\n#WalkAway NOW", "id_str": "15563349", "lang": "en", "statuses_count": 131039, "profile_sidebar_fill_color": "171106", "location": "Northern California", "profile_background_image_url": "http://abs.twimg.com/images/themes/theme1/bg.png", "profile_text_color": "473623", "profile_banner_url": "https://pbs.twimg.com/profile_banners/15563349/1354673905", "profile_background_color": "0F0A02", "id": 15563349, "friends_count": 3616, "profile_image_url": "http://pbs.twimg.com/profile_images/839515696077791233/fX7HMoAD_normal.jpg", "profile_use_background_image": true, "profile_background_image_url_https": "https://abs.twimg.com/images/themes/theme1/bg.png", "profile_link_color": "8A7302"}, "user_mentions": [{"id": 16041234, "screen_name": "RawStory", "name": "Raw Story", "id_str": "16041234"}], "created_at": "Wed Mar 30 19:10:14 +0000 2016", "in_reply_to_status_id": 715254040289021952, "in_reply_to_user_id": 16041234, "text": "@RawStory Pffft Like no sex for 6 weeks! Where's the fathers punishment?", "hashtags": [], "lang": "en", "in_reply_to_screen_name": "RawStory", "favorite_count": 5, "source": "<a href=\"http://twitter.com/download/android\" rel=\"nofollow\">Twitter for Android</a>"}