{"id": 715294514768904192, "id_str": "715294514768904192", "urls": [], "user": {"geo_enabled": true, "location": "NYC", "favourites_count": 66580, "profile_sidebar_border_color": "C0DEED", "name": "gail ruiz", "profile_image_url_https": "https://pbs.twimg.com/profile_images/870964110258778112/9lcISTum_normal.jpg", "created_at": "Tue Nov 16 22:19:04 +0000 2010", "screen_name": "gailanna56", "default_profile": true, "followers_count": 974, "listed_count": 42, "description": "hard working mom love my children love the beach and love NYC at Christmas time big on Politics nature and photography", "id_str": "216502478", "lang": "en", "statuses_count": 68772, "profile_sidebar_fill_color": "DDEEF6", "profile_background_image_url": "http://abs.twimg.com/images/themes/theme1/bg.png", "profile_text_color": "333333", "profile_banner_url": "https://pbs.twimg.com/profile_banners/216502478/1496489233", "profile_background_color": "C0DEED", "id": 216502478, "friends_count": 1337, "profile_image_url": "http://pbs.twimg.com/profile_images/870964110258778112/9lcISTum_normal.jpg", "profile_use_background_image": true, "profile_background_image_url_https": "https://abs.twimg.com/images/themes/theme1/bg.png", "profile_link_color": "1DA1F2"}, "user_mentions": [{"id": 14293310, "screen_name": "TIME", "name": "TIME", "id_str": "14293310"}], "created_at": "Wed Mar 30 21:47:56 +0000 2016", "in_reply_to_status_id": 715264793737879553, "in_reply_to_user_id": 14293310, "text": "@TIME Donald Trump is a nut", "hashtags": [], "lang": "en", "in_reply_to_screen_name": "TIME", "source": "<a href=\"http://twitter.com/download/android\" rel=\"nofollow\">Twitter for Android</a>"}