{"id": 715314952324550656, "id_str": "715314952324550656", "urls": [{"expanded_url": "https://soundcloud.com/theultimaterage/bernie-bros", "url": "https://t.co/wiDy6iQGAR"}], "user": {"geo_enabled": true, "url": "https://t.co/FsKfMSYk8H", "favourites_count": 35854, "profile_sidebar_border_color": "000000", "name": "The Ultimate Rage", "profile_image_url_https": "https://pbs.twimg.com/profile_images/891807697737322496/wzKKdwCR_normal.jpg", "created_at": "Tue Mar 31 04:37:04 +0000 2009", "screen_name": "theultimaterage", "followers_count": 2086, "listed_count": 64, "description": "Progressive, college-educated, non-god-fearing Hip-Hopian! Co-Leader of the OD9 Ent. Hive Mind! Rage The Show Coming Soon!!! #TWD #chicagobulls", "id_str": "27814734", "lang": "en", "statuses_count": 20813, "profile_sidebar_fill_color": "FF2E00", "location": "Chicago, IL", "profile_background_image_url": "http://abs.twimg.com/images/themes/theme10/bg.gif", "profile_text_color": "000000", "profile_banner_url": "https://pbs.twimg.com/profile_banners/27814734/1501434954", "profile_background_color": "FFFFFF", "id": 27814734, "friends_count": 3911, "profile_image_url": "http://pbs.twimg.com/profile_images/891807697737322496/wzKKdwCR_normal.jpg", "profile_use_background_image": true, "profile_background_image_url_https": "https://abs.twimg.com/images/themes/theme10/bg.gif", "profile_link_color": "1B95E0"}, "user_mentions": [{"id": 216776631, "screen_name": "BernieSanders", "name": "Bernie Sanders", "id_str": "216776631"}], "created_at": "Wed Mar 30 23:09:09 +0000 2016", "in_reply_to_status_id": 714998347111669760, "in_reply_to_user_id": 216776631, "text": "@BernieSanders Fam, what we finna do about all this election fraud?\nListen to Bernie Bros by TheUltimateRAGE #np on \nhttps://t.co/wiDy6iQGAR", "hashtags": [{"text": "np"}], "lang": "en", "in_reply_to_screen_name": "BernieSanders", "favorite_count": 1, "source": "<a href=\"http://twitter.com/download/android\" rel=\"nofollow\">Twitter for Android</a>"}