{"id": 715393209258541057, "id_str": "715393209258541057", "urls": [], "user": {"id_str": "1117869398", "location": "New England USA", "favourites_count": 2378, "profile_sidebar_border_color": "C0DEED", "name": "Jim Rock \u2764\ud83c\uddfa\ud83c\uddf8\ud83d\udcaa\ud83c\udffc", "profile_image_url_https": "https://pbs.twimg.com/profile_images/818783491886379008/gxnW4odW_normal.jpg", "created_at": "Thu Jan 24 22:11:19 +0000 2013", "screen_name": "1JimRock", "default_profile": true, "followers_count": 169, "listed_count": 9, "description": "Lifelong CUBS BEARS BULLS BLACKHAWKS FAN", "lang": "en", "statuses_count": 14159, "profile_sidebar_fill_color": "DDEEF6", "profile_background_image_url": "http://abs.twimg.com/images/themes/theme1/bg.png", "profile_text_color": "333333", "profile_banner_url": "https://pbs.twimg.com/profile_banners/1117869398/1483911577", "profile_background_color": "C0DEED", "id": 1117869398, "friends_count": 237, "profile_image_url": "http://pbs.twimg.com/profile_images/818783491886379008/gxnW4odW_normal.jpg", "profile_use_background_image": true, "profile_background_image_url_https": "https://abs.twimg.com/images/themes/theme1/bg.png", "profile_link_color": "1DA1F2"}, "user_mentions": [{"id": 2836421, "screen_name": "MSNBC", "name": "MSNBC", "id_str": "2836421"}], "created_at": "Thu Mar 31 04:20:07 +0000 2016", "in_reply_to_status_id": 715256242990505984, "in_reply_to_user_id": 2836421, "text": "@MSNBC Once again this is fodder for Establishment Elites and Trump foes. Every lawyer in America uses these parlor tricks to get non truth.", "hashtags": [], "lang": "en", "in_reply_to_screen_name": "MSNBC", "source": "<a href=\"http://twitter.com\" rel=\"nofollow\">Twitter Web Client</a>"}