{"id": 715439110614175744, "id_str": "715439110614175744", "urls": [], "user": {"id_str": "712285398982991873", "location": "Spry, PA", "favourites_count": 156, "profile_sidebar_border_color": "C0DEED", "name": "Josh Raudebaugh", "profile_image_url_https": "https://pbs.twimg.com/profile_images/712844680359231489/xN5HT0y1_normal.jpg", "created_at": "Tue Mar 22 14:30:47 +0000 2016", "screen_name": "OrangeSwatt_JR", "default_profile": true, "followers_count": 71, "listed_count": 3, "description": "Navigating life through the use of the scientific method and sarcasm. Amateur college basketball, NFL, and fantasy football analyst. Go Cuse, Texans!", "lang": "en", "profile_sidebar_fill_color": "DDEEF6", "statuses_count": 336, "profile_text_color": "333333", "profile_banner_url": "https://pbs.twimg.com/profile_banners/712285398982991873/1458790390", "profile_background_color": "F5F8FA", "id": 712285398982991873, "friends_count": 386, "profile_image_url": "http://pbs.twimg.com/profile_images/712844680359231489/xN5HT0y1_normal.jpg", "profile_use_background_image": true, "profile_link_color": "1DA1F2"}, "user_mentions": [{"id": 2836421, "screen_name": "MSNBC", "name": "MSNBC", "id_str": "2836421"}], "created_at": "Thu Mar 31 07:22:30 +0000 2016", "in_reply_to_status_id": 715256242990505984, "in_reply_to_user_id": 2836421, "text": "@MSNBC He sets political discourse back so far we may be able to save JFK and Martin Luth... Oh wait we're talking about #Trump", "hashtags": [{"text": "Trump"}], "lang": "en", "in_reply_to_screen_name": "MSNBC", "favorite_count": 1, "source": "<a href=\"http://twitter.com/download/iphone\" rel=\"nofollow\">Twitter for iPhone</a>"}