{"id": 715598780423208960, "id_str": "715598780423208960", "urls": [], "user": {"profile_text_color": "000000", "id_str": "710036537241513984", "favourites_count": 2174, "profile_sidebar_border_color": "000000", "name": "CIS scum", "profile_image_url_https": "https://pbs.twimg.com/profile_images/750515846225604608/IryG1Hnj_normal.jpg", "created_at": "Wed Mar 16 09:34:37 +0000 2016", "screen_name": "Purely_filth", "followers_count": 196, "description": "Just your average friendly neighborhood CIS Hetero Male.\n\n#ShitlordCoalition", "lang": "en", "statuses_count": 2332, "profile_sidebar_fill_color": "000000", "profile_background_image_url": "http://abs.twimg.com/images/themes/theme1/bg.png", "listed_count": 11, "profile_banner_url": "https://pbs.twimg.com/profile_banners/710036537241513984/1458554453", "profile_background_color": "000000", "id": 710036537241513984, "friends_count": 425, "profile_image_url": "http://pbs.twimg.com/profile_images/750515846225604608/IryG1Hnj_normal.jpg", "profile_background_image_url_https": "https://abs.twimg.com/images/themes/theme1/bg.png", "profile_link_color": "000000"}, "user_mentions": [{"id": 18643437, "screen_name": "PrisonPlanet", "name": "Paul Joseph Watson", "id_str": "18643437"}], "created_at": "Thu Mar 31 17:56:59 +0000 2016", "in_reply_to_status_id": 715515982584881152, "in_reply_to_user_id": 18643437, "text": "@PrisonPlanet don't you love when capitalism is the collective outcome of support for a socialist dick bag? Lol #triggered", "hashtags": [{"text": "triggered"}], "lang": "en", "in_reply_to_screen_name": "PrisonPlanet", "source": "<a href=\"http://twitter.com/download/iphone\" rel=\"nofollow\">Twitter for iPhone</a>"}