{"id": 715620273895112704, "id_str": "715620273895112704", "urls": [], "user": {"profile_text_color": "333333", "id_str": "28012012", "favourites_count": 18668, "name": "D & J", "profile_image_url_https": "https://pbs.twimg.com/profile_images/698894270799851520/0erY2tEM_normal.jpg", "created_at": "Wed Apr 01 00:57:42 +0000 2009", "screen_name": "SuperCoolDee", "default_profile": true, "followers_count": 124, "lang": "en", "statuses_count": 4296, "profile_sidebar_fill_color": "DDEEF6", "profile_background_image_url": "http://abs.twimg.com/images/themes/theme1/bg.png", "listed_count": 11, "profile_sidebar_border_color": "C0DEED", "profile_background_color": "C0DEED", "id": 28012012, "friends_count": 110, "profile_image_url": "http://pbs.twimg.com/profile_images/698894270799851520/0erY2tEM_normal.jpg", "profile_use_background_image": true, "profile_background_image_url_https": "https://abs.twimg.com/images/themes/theme1/bg.png", "profile_link_color": "1DA1F2"}, "user_mentions": [{"id": 2836421, "screen_name": "MSNBC", "name": "MSNBC", "id_str": "2836421"}, {"id": 742419929178210304, "screen_name": "hardball_chris", "name": "Chris Matthews", "id_str": "742419929178210304"}], "created_at": "Thu Mar 31 19:22:23 +0000 2016", "in_reply_to_status_id": 715256242990505984, "in_reply_to_user_id": 2836421, "text": "@MSNBC That was a setup question. Bad journalism or whatever you want to call it by @hardball_chris", "hashtags": [], "lang": "en", "in_reply_to_screen_name": "MSNBC", "source": "<a href=\"http://twitter.com\" rel=\"nofollow\">Twitter Web Client</a>"}