{"id": 715697923065978881, "id_str": "715697923065978881", "urls": [], "user": {"id_str": "713718543892647940", "location": "USA", "favourites_count": 2243, "profile_sidebar_border_color": "C0DEED", "name": "Ms. B.", "profile_image_url_https": "https://pbs.twimg.com/profile_images/732907045825826816/aoUhrPAp_normal.jpg", "created_at": "Sat Mar 26 13:25:36 +0000 2016", "screen_name": "MyInfo43857996", "default_profile": true, "followers_count": 273, "listed_count": 4, "description": "Trump supporter,  Yes I'm a woman too. Will follow all that support the future POTUS Donald Trump. In Michigan We are Built Trump Tough!", "lang": "en", "profile_sidebar_fill_color": "DDEEF6", "statuses_count": 1482, "profile_text_color": "333333", "profile_banner_url": "https://pbs.twimg.com/profile_banners/713718543892647940/1459384148", "profile_background_color": "F5F8FA", "id": 713718543892647940, "friends_count": 430, "profile_image_url": "http://pbs.twimg.com/profile_images/732907045825826816/aoUhrPAp_normal.jpg", "profile_use_background_image": true, "profile_link_color": "1DA1F2"}, "user_mentions": [{"id": 27789999, "screen_name": "GeneMcVay", "name": "\u272f\u272fGene McVay\u272f\u272f", "id_str": "27789999"}], "created_at": "Fri Apr 01 00:30:56 +0000 2016", "in_reply_to_status_id": 715671763808493569, "in_reply_to_user_id": 27789999, "text": "@GeneMcVay love it.... don't look like they know what work is. There going to expect Bernie to give hand outs all their life.", "hashtags": [], "lang": "en", "in_reply_to_screen_name": "GeneMcVay", "source": "<a href=\"http://twitter.com/download/android\" rel=\"nofollow\">Twitter for Android</a>"}