{"id": 716439151659393024, "id_str": "716439151659393024", "urls": [], "user": {"favourites_count": 3365, "profile_sidebar_fill_color": "DDEEF6", "name": "Lindy", "id_str": "4532460136", "listed_count": 14, "statuses_count": 1635, "profile_text_color": "333333", "profile_sidebar_border_color": "C0DEED", "profile_image_url_https": "https://pbs.twimg.com/profile_images/992998031476903941/DBctqh86_normal.jpg", "profile_background_color": "F5F8FA", "created_at": "Sat Dec 19 05:53:29 +0000 2015", "screen_name": "MissMcQue", "default_profile": true, "followers_count": 69, "friends_count": 108, "description": "*Fortune favors the bold*", "id": 4532460136, "profile_use_background_image": true, "lang": "en", "profile_link_color": "1DA1F2", "profile_image_url": "http://pbs.twimg.com/profile_images/992998031476903941/DBctqh86_normal.jpg"}, "user_mentions": [{"id": 78569026, "screen_name": "TheNewDeal", "name": "TheNewDeal", "id_str": "78569026"}], "created_at": "Sun Apr 03 01:36:19 +0000 2016", "in_reply_to_status_id": 716416753409081344, "in_reply_to_user_id": 78569026, "text": "@TheNewDeal please send me a link so I can figure out what's happening? Google isn't helping me.", "hashtags": [], "lang": "en", "in_reply_to_screen_name": "TheNewDeal", "source": "<a href=\"http://twitter.com/download/android\" rel=\"nofollow\">Twitter for Android</a>"}