{"id": 716487101630562304, "id_str": "716487101630562304", "urls": [{"expanded_url": "http://www.counterpunch.org/2016/04/01/how-hillary-clinton-bought-the-loyalty-of-33-state-democratic-parties/", "url": "https://t.co/DbEIldHDUc"}], "user": {"geo_enabled": true, "favourites_count": 17912, "name": "Heidi", "profile_image_url_https": "https://pbs.twimg.com/profile_images/807830980715278337/dHtn1r5G_normal.jpg", "created_at": "Thu Mar 12 14:05:36 +0000 2009", "screen_name": "hravida", "followers_count": 619, "listed_count": 34, "description": "Always curious, occasionally outspoken", "id_str": "23951453", "lang": "en", "statuses_count": 3715, "profile_sidebar_fill_color": "000000", "profile_background_image_url": "http://abs.twimg.com/images/themes/theme1/bg.png", "profile_text_color": "000000", "profile_sidebar_border_color": "000000", "profile_background_color": "000000", "id": 23951453, "friends_count": 994, "profile_image_url": "http://pbs.twimg.com/profile_images/807830980715278337/dHtn1r5G_normal.jpg", "profile_background_image_url_https": "https://abs.twimg.com/images/themes/theme1/bg.png", "profile_link_color": "E81C4F"}, "user_mentions": [{"id": 110496588, "screen_name": "HRosengarten", "name": "HGR", "id_str": "110496588"}, {"id": 755113, "screen_name": "shaunking", "name": "Shaun King", "id_str": "755113"}], "retweet_count": 1, "created_at": "Sun Apr 03 04:46:51 +0000 2016", "in_reply_to_status_id": 716486263990263808, "in_reply_to_user_id": 110496588, "text": "@HRosengarten @ShaunKing It's not 'drivel', it's corruption: https://t.co/DbEIldHDUc #rulesarerules", "hashtags": [{"text": "rulesarerules"}], "lang": "en", "place": {"id": "66cd2cdb819f4414", "full_name": "Dale City, VA", "url": "https://api.twitter.com/1.1/geo/id/66cd2cdb819f4414.json", "attributes": {}, "country_code": "US", "country": "Estados Unidos", "name": "Dale City", "contained_within": [], "place_type": "city", "bounding_box": {"type": "Polygon", "coordinates": [[[-77.443065, 38.6109903], [-77.2748133, 38.6109903], [-77.2748133, 38.68125], [-77.443065, 38.68125]]]}}, "in_reply_to_screen_name": "HRosengarten", "source": "<a href=\"http://twitter.com\" rel=\"nofollow\">Twitter Web Client</a>"}