{"id": 716452334465757184, "id_str": "716452334465757184", "urls": [], "user": {"profile_sidebar_fill_color": "DDEEF6", "profile_text_color": "333333", "geo_enabled": true, "favourites_count": 2544, "profile_use_background_image": true, "name": "elsif", "profile_sidebar_border_color": "C0DEED", "profile_image_url_https": "https://pbs.twimg.com/profile_images/712137379654475780/mcsNKldU_normal.jpg", "profile_background_color": "F5F8FA", "created_at": "Wed Mar 16 04:33:05 +0000 2016", "screen_name": "the_elsif", "default_profile": true, "followers_count": 79, "listed_count": 10, "profile_image_url": "http://pbs.twimg.com/profile_images/712137379654475780/mcsNKldU_normal.jpg", "id": 709960657354018816, "id_str": "709960657354018816", "lang": "en", "statuses_count": 1207, "profile_link_color": "1DA1F2", "friends_count": 41}, "user_mentions": [{"id": 755113, "screen_name": "shaunking", "name": "Shaun King", "id_str": "755113"}, {"id": 216776631, "screen_name": "BernieSanders", "name": "Bernie Sanders", "id_str": "216776631"}, {"id": 188793260, "screen_name": "ninaturner", "name": "Nina Turner", "id_str": "188793260"}, {"id": 3337804853, "screen_name": "Bernlennials", "name": "Millennials for Revolution \ud83c\udf39", "id_str": "3337804853"}, {"id": 17929529, "screen_name": "LucyFlores", "name": "Lucy Flores", "id_str": "17929529"}, {"id": 3141672447, "screen_name": "People4Bernie", "name": "People For Bernie", "id_str": "3141672447"}], "retweet_count": 7, "created_at": "Sun Apr 03 02:28:42 +0000 2016", "in_reply_to_status_id": 716451800581279744, "in_reply_to_user_id": 755113, "text": "@ShaunKing @BernieSanders @ninaturner @Bernlennials @LucyFlores @People4Bernie we haven't won nevada until we win the state convention", "hashtags": [], "lang": "en", "in_reply_to_screen_name": "shaunking", "favorite_count": 13, "source": "<a href=\"http://twitter.com\" rel=\"nofollow\">Twitter Web Client</a>"}