{"id": 716454809981886465, "id_str": "716454809981886465", "urls": [], "user": {"id_str": "760017242", "location": "Brooklyn, NY", "favourites_count": 65778, "profile_sidebar_border_color": "5ED4DC", "name": "Actual Headlines", "profile_image_url_https": "https://pbs.twimg.com/profile_images/1022307556151255040/LsftXjgf_normal.jpg", "created_at": "Wed Aug 15 19:36:27 +0000 2012", "screen_name": "thenewblack138", "followers_count": 1624, "listed_count": 30, "description": "Headline News written for clarity", "lang": "en", "statuses_count": 20299, "profile_sidebar_fill_color": "95E8EC", "profile_background_image_url": "http://abs.twimg.com/images/themes/theme4/bg.gif", "profile_text_color": "3C3940", "profile_banner_url": "https://pbs.twimg.com/profile_banners/760017242/1508002445", "profile_background_color": "0099B9", "id": 760017242, "friends_count": 2039, "profile_image_url": "http://pbs.twimg.com/profile_images/1022307556151255040/LsftXjgf_normal.jpg", "profile_use_background_image": true, "profile_background_image_url_https": "https://abs.twimg.com/images/themes/theme4/bg.gif", "profile_link_color": "0099B9"}, "user_mentions": [{"id": 755113, "screen_name": "shaunking", "name": "Shaun King", "id_str": "755113"}, {"id": 216776631, "screen_name": "BernieSanders", "name": "Bernie Sanders", "id_str": "216776631"}, {"id": 188793260, "screen_name": "ninaturner", "name": "Nina Turner", "id_str": "188793260"}, {"id": 3337804853, "screen_name": "Bernlennials", "name": "Millennials for Revolution \ud83c\udf39", "id_str": "3337804853"}, {"id": 17929529, "screen_name": "LucyFlores", "name": "Lucy Flores", "id_str": "17929529"}, {"id": 3141672447, "screen_name": "People4Bernie", "name": "People For Bernie", "id_str": "3141672447"}], "retweet_count": 8, "created_at": "Sun Apr 03 02:38:32 +0000 2016", "in_reply_to_status_id": 716451800581279744, "in_reply_to_user_id": 755113, "text": "@ShaunKing @BernieSanders @ninaturner @Bernlennials @LucyFlores @People4Bernie he also doesn't \"win\" but why are you cheering for cheating?", "hashtags": [], "lang": "en", "in_reply_to_screen_name": "shaunking", "favorite_count": 33, "source": "<a href=\"http://twitter.com/download/iphone\" rel=\"nofollow\">Twitter for iPhone</a>"}