{"id": 716541745169760257, "id_str": "716541745169760257", "urls": [], "user": {"statuses_count": 72, "profile_sidebar_fill_color": "DDEEF6", "name": "Jake Foster", "id_str": "3438830596", "favourites_count": 458, "profile_background_image_url": "http://abs.twimg.com/images/themes/theme1/bg.png", "profile_text_color": "333333", "profile_sidebar_border_color": "C0DEED", "default_profile_image": true, "profile_image_url_https": "https://abs.twimg.com/sticky/default_profile_images/default_profile_normal.png", "profile_background_color": "C0DEED", "created_at": "Tue Aug 25 03:31:14 +0000 2015", "screen_name": "jakefosterdj", "default_profile": true, "id": 3438830596, "friends_count": 23, "profile_image_url": "http://abs.twimg.com/sticky/default_profile_images/default_profile_normal.png", "profile_use_background_image": true, "lang": "en", "profile_background_image_url_https": "https://abs.twimg.com/images/themes/theme1/bg.png", "profile_link_color": "1DA1F2"}, "user_mentions": [{"id": 755113, "screen_name": "shaunking", "name": "Shaun King", "id_str": "755113"}], "created_at": "Sun Apr 03 08:23:59 +0000 2016", "in_reply_to_status_id": 716451800581279744, "in_reply_to_user_id": 755113, "text": "@ShaunKing WOOT!!!!!", "hashtags": [], "lang": "en", "in_reply_to_screen_name": "shaunking", "source": "<a href=\"http://twitter.com\" rel=\"nofollow\">Twitter Web Client</a>"}