{"id": 716505989428547584, "id_str": "716505989428547584", "urls": [], "user": {"profile_sidebar_fill_color": "000000", "profile_text_color": "000000", "id_str": "4508168012", "location": "Dump Tower", "favourites_count": 456, "profile_banner_url": "https://pbs.twimg.com/profile_banners/4508168012/1487252019", "profile_background_image_url": "http://abs.twimg.com/images/themes/theme1/bg.png", "name": "Chronald Dump", "profile_sidebar_border_color": "000000", "profile_image_url_https": "https://pbs.twimg.com/profile_images/829768846923984899/Rh23qRZt_normal.jpg", "profile_background_color": "000000", "created_at": "Wed Dec 09 14:32:00 +0000 2015", "screen_name": "Dump_Tower", "statuses_count": 2126, "followers_count": 36, "description": "I'm DT's most tremendous turd. Many people say I'm just a piece of shit floating in a golden bowl at Dump Tower, but I only want to Make America Defecate Again!", "id": 4508168012, "lang": "en", "profile_background_image_url_https": "https://abs.twimg.com/images/themes/theme1/bg.png", "profile_link_color": "1B95E0", "profile_image_url": "http://pbs.twimg.com/profile_images/829768846923984899/Rh23qRZt_normal.jpg"}, "user_mentions": [{"id": 3337804853, "screen_name": "Bernlennials", "name": "Millennials for Revolution \ud83c\udf39", "id_str": "3337804853"}, {"id": 216776631, "screen_name": "BernieSanders", "name": "Bernie Sanders", "id_str": "216776631"}], "created_at": "Sun Apr 03 06:01:54 +0000 2016", "in_reply_to_status_id": 716461257025581056, "in_reply_to_user_id": 3337804853, "text": "@Bernlennials @BernieSanders Rainbows don't exist in the real world. Refraction is a myth perpetuated by stupid, young Bernie supporters.", "hashtags": [], "lang": "en", "in_reply_to_screen_name": "Bernlennials", "favorite_count": 1, "source": "<a href=\"http://twitter.com\" rel=\"nofollow\">Twitter Web Client</a>"}