{"id": 717132316292825088, "id_str": "717132316292825088", "urls": [], "user": {"geo_enabled": true, "url": "https://t.co/GCsL0j1bL2", "favourites_count": 17062, "profile_sidebar_border_color": "C0DEED", "name": "madeline!!!", "profile_image_url_https": "https://pbs.twimg.com/profile_images/1045911420053991425/k7_L3uwu_normal.jpg", "created_at": "Thu Jul 17 00:14:07 +0000 2014", "screen_name": "fleetwood_mads", "followers_count": 712, "listed_count": 6, "description": "\ud83c\udd92\ud83d\udd6f\ud83c\udf9e\ud83c\udf9f\ud83c\udf35", "id_str": "2652332004", "lang": "en", "statuses_count": 9582, "profile_background_tile": true, "profile_sidebar_fill_color": "DDEEF6", "location": "columbia, missouri", "profile_background_image_url": "http://abs.twimg.com/images/themes/theme1/bg.png", "profile_text_color": "333333", "profile_banner_url": "https://pbs.twimg.com/profile_banners/2652332004/1537068592", "profile_background_color": "C0DEED", "id": 2652332004, "friends_count": 685, "profile_image_url": "http://pbs.twimg.com/profile_images/1045911420053991425/k7_L3uwu_normal.jpg", "profile_use_background_image": true, "profile_background_image_url_https": "https://abs.twimg.com/images/themes/theme1/bg.png", "profile_link_color": "ABB8C2"}, "user_mentions": [{"id": 700720920218894338, "screen_name": "SaveTheAnimaIs", "name": "Save Animals", "id_str": "700720920218894338"}], "created_at": "Mon Apr 04 23:30:42 +0000 2016", "in_reply_to_status_id": 717081129627553792, "in_reply_to_user_id": 700720920218894338, "text": "@SaveTheAnimaIs he has genetic issues lol my teacher worked w him. Not down syndrome", "hashtags": [], "lang": "en", "in_reply_to_screen_name": "SaveTheAnimaIs", "source": "<a href=\"http://twitter.com/download/iphone\" rel=\"nofollow\">Twitter for iPhone</a>"}