{"id": 718105259214647296, "id_str": "718105259214647296", "urls": [], "user": {"geo_enabled": true, "url": "https://t.co/hicaSg7X9j", "favourites_count": 40652, "profile_sidebar_border_color": "000000", "name": "WomenForSurvival", "profile_image_url_https": "https://pbs.twimg.com/profile_images/957469933516087296/aB4H5kfv_normal.jpg", "created_at": "Wed Aug 20 19:28:28 +0000 2014", "screen_name": "WMN4SRVL", "followers_count": 8959, "listed_count": 518, "description": "Best in feminist, pro-queer, anti-nuclear, anti-racist, anti-capitalist, and environmental news and activism from around the world & the web. #RESIST \ud83c\udf0a", "id_str": "2750105810", "lang": "en", "statuses_count": 231273, "profile_sidebar_fill_color": "000000", "location": "WORLD", "profile_background_image_url": "http://abs.twimg.com/images/themes/theme1/bg.png", "profile_text_color": "000000", "profile_banner_url": "https://pbs.twimg.com/profile_banners/2750105810/1516298268", "profile_background_color": "000000", "id": 2750105810, "friends_count": 9674, "profile_image_url": "http://pbs.twimg.com/profile_images/957469933516087296/aB4H5kfv_normal.jpg", "profile_background_image_url_https": "https://abs.twimg.com/images/themes/theme1/bg.png", "profile_link_color": "1B95E0"}, "user_mentions": [{"id": 22231345, "screen_name": "mrscorie", "name": "Mrs. Corie D.", "id_str": "22231345"}, {"id": 755113, "screen_name": "shaunking", "name": "Shaun King", "id_str": "755113"}, {"id": 216776631, "screen_name": "BernieSanders", "name": "Bernie Sanders", "id_str": "216776631"}], "created_at": "Thu Apr 07 15:56:50 +0000 2016", "in_reply_to_status_id": 716516162444591104, "in_reply_to_user_id": 22231345, "text": "@mrscorie @ShaunKing @BernieSanders If Bernie is not a Democrat, neither was FDR. You just haven't seen a real Dem in so long hard to recgnz", "hashtags": [], "lang": "en", "in_reply_to_screen_name": "mrscorie", "source": "<a href=\"http://twitter.com\" rel=\"nofollow\">Twitter Web Client</a>"}