{"id": 724398436250836992, "id_str": "724398436250836992", "urls": [], "user": {"geo_enabled": true, "location": "Edgecliff Village, TX", "favourites_count": 152, "profile_sidebar_border_color": "FFFFFF", "name": "William A. Watkins", "profile_image_url_https": "https://pbs.twimg.com/profile_images/862893437389070336/8-XH0fBq_normal.jpg", "created_at": "Thu Apr 30 02:02:22 +0000 2009", "screen_name": "wawdallas", "followers_count": 189, "listed_count": 12, "description": "Widefield, CO - Bayern, Wolves, Spurs, Madrid, Juventus, Lyon, FCDallas, FCCincinnati, Tigres, LA Angels, NJ Devils, UK Wildcats BBN - LMAero, F-22, F-35, C-130", "id_str": "36561016", "lang": "en", "statuses_count": 13542, "profile_sidebar_fill_color": "DDFFCC", "profile_background_image_url": "http://abs.twimg.com/images/themes/theme1/bg.png", "profile_text_color": "333333", "profile_banner_url": "https://pbs.twimg.com/profile_banners/36561016/1534002885", "profile_background_color": "9AE4E8", "id": 36561016, "friends_count": 49, "profile_image_url": "http://pbs.twimg.com/profile_images/862893437389070336/8-XH0fBq_normal.jpg", "profile_use_background_image": true, "profile_background_image_url_https": "https://abs.twimg.com/images/themes/theme1/bg.png", "profile_link_color": "E81C4F"}, "user_mentions": [{"id": 1367531, "screen_name": "FoxNews", "name": "Fox News", "id_str": "1367531"}, {"id": 89084561, "screen_name": "Target", "name": "Target", "id_str": "89084561"}], "created_at": "Mon Apr 25 00:43:40 +0000 2016", "in_reply_to_status_id": 724348906096590849, "in_reply_to_user_id": 1367531, "text": "@FoxNews @Target maybe they will do as well as Chick-fil-A when they put their foot down", "hashtags": [], "lang": "en", "in_reply_to_screen_name": "FoxNews", "source": "<a href=\"http://mvilla.it/fenix\" rel=\"nofollow\">Fenix for Android</a>"}