{"id": 724353816477331457, "id_str": "724353816477331457", "urls": [], "user": {"id_str": "4290465917", "location": "United States", "favourites_count": 1103, "profile_sidebar_border_color": "C0DEED", "name": "Oscar Navarro", "profile_image_url_https": "https://pbs.twimg.com/profile_images/670030672845807617/rtyf_2ft_normal.jpg", "created_at": "Thu Nov 26 23:57:07 +0000 2015", "screen_name": "O_J_Nav", "default_profile": true, "followers_count": 298, "listed_count": 8, "description": "Born in Cuba. US citizen 1968. USAF vet,, married, 4 children, 3 grandchildren. #MAGA #KAG #UnitingPatriotsTogether", "lang": "en", "statuses_count": 2084, "profile_sidebar_fill_color": "DDEEF6", "profile_background_image_url": "http://abs.twimg.com/images/themes/theme1/bg.png", "profile_text_color": "333333", "profile_banner_url": "https://pbs.twimg.com/profile_banners/4290465917/1538430797", "profile_background_color": "C0DEED", "id": 4290465917, "friends_count": 307, "profile_image_url": "http://pbs.twimg.com/profile_images/670030672845807617/rtyf_2ft_normal.jpg", "profile_use_background_image": true, "profile_background_image_url_https": "https://abs.twimg.com/images/themes/theme1/bg.png", "profile_link_color": "1DA1F2"}, "user_mentions": [{"id": 1367531, "screen_name": "FoxNews", "name": "Fox News", "id_str": "1367531"}, {"id": 89084561, "screen_name": "Target", "name": "Target", "id_str": "89084561"}], "created_at": "Sun Apr 24 21:46:22 +0000 2016", "in_reply_to_status_id": 724348906096590849, "in_reply_to_user_id": 1367531, "text": "@FoxNews @Target count me in. I pledge not to shop at Target.", "hashtags": [], "lang": "en", "in_reply_to_screen_name": "FoxNews", "source": "<a href=\"http://twitter.com/download/android\" rel=\"nofollow\">Twitter for Android</a>"}