{"id": 724321255822774272, "id_str": "724321255822774272", "urls": [], "user": {"geo_enabled": true, "location": "Kailua Hawaii", "favourites_count": 47507, "profile_sidebar_border_color": "C0DEED", "name": "HURRICANEPAUL", "profile_image_url_https": "https://pbs.twimg.com/profile_images/634849403581296640/Pnf9q1m6_normal.jpg", "created_at": "Sun Mar 18 22:16:19 +0000 2012", "screen_name": "HURRICANEPAUL", "default_profile": true, "followers_count": 661, "listed_count": 66, "description": "67 year old 'local haole' Surf Bum & Visionary - born & raised in Hawaii -- ^^^ That's me surfing Waikiki 7 yrs. ago when I was 57", "id_str": "528893228", "lang": "en", "statuses_count": 67339, "profile_sidebar_fill_color": "DDEEF6", "profile_background_image_url": "http://abs.twimg.com/images/themes/theme1/bg.png", "profile_text_color": "333333", "profile_banner_url": "https://pbs.twimg.com/profile_banners/528893228/1407649912", "profile_background_color": "C0DEED", "id": 528893228, "friends_count": 327, "profile_image_url": "http://pbs.twimg.com/profile_images/634849403581296640/Pnf9q1m6_normal.jpg", "profile_use_background_image": true, "profile_background_image_url_https": "https://abs.twimg.com/images/themes/theme1/bg.png", "profile_link_color": "1DA1F2"}, "user_mentions": [{"id": 1367531, "screen_name": "FoxNews", "name": "Fox News", "id_str": "1367531"}], "created_at": "Sun Apr 24 19:36:59 +0000 2016", "in_reply_to_status_id": 724320681517670400, "in_reply_to_user_id": 1367531, "text": "@FoxNews Women need to protest by flooding the men's room at Target with women so there's no place for men to pee.", "hashtags": [], "lang": "en", "place": {"id": "7f0e166849448f1d", "full_name": "Kailua, HI", "url": "https://api.twitter.com/1.1/geo/id/7f0e166849448f1d.json", "attributes": {}, "country_code": "US", "country": "Estados Unidos", "name": "Kailua", "contained_within": [], "place_type": "city", "bounding_box": {"type": "Polygon", "coordinates": [[[-157.765901, 21.352946], [-157.705775, 21.352946], [-157.705775, 21.4284474], [-157.765901, 21.4284474]]]}}, "in_reply_to_screen_name": "FoxNews", "source": "<a href=\"http://twitter.com\" rel=\"nofollow\">Twitter Web Client</a>"}