{"id": 724364647663460352, "id_str": "724364647663460352", "urls": [], "user": {"geo_enabled": true, "location": "lakewood co", "favourites_count": 31361, "profile_sidebar_border_color": "C0DEED", "name": "julie", "profile_image_url_https": "https://pbs.twimg.com/profile_images/1020351151038976001/ddu9vOGi_normal.jpg", "created_at": "Fri Sep 16 19:43:39 +0000 2011", "screen_name": "juliecarveth", "default_profile": true, "followers_count": 589, "listed_count": 21, "description": "patriot, love my president,love America,love our military", "id_str": "374701749", "lang": "en", "statuses_count": 37019, "profile_sidebar_fill_color": "DDEEF6", "profile_background_image_url": "http://abs.twimg.com/images/themes/theme1/bg.png", "profile_text_color": "333333", "profile_banner_url": "https://pbs.twimg.com/profile_banners/374701749/1532105221", "profile_background_color": "C0DEED", "id": 374701749, "friends_count": 164, "profile_image_url": "http://pbs.twimg.com/profile_images/1020351151038976001/ddu9vOGi_normal.jpg", "profile_use_background_image": true, "profile_background_image_url_https": "https://abs.twimg.com/images/themes/theme1/bg.png", "profile_link_color": "1DA1F2"}, "user_mentions": [{"id": 1367531, "screen_name": "FoxNews", "name": "Fox News", "id_str": "1367531"}], "created_at": "Sun Apr 24 22:29:24 +0000 2016", "in_reply_to_status_id": 724348906096590849, "in_reply_to_user_id": 1367531, "text": "@FoxNews good I would boycott target for their high prices not to mention the potty bad choice", "hashtags": [], "lang": "en", "place": {"id": "f7eb2fa2fea288b1", "full_name": "Lakewood, CO", "url": "https://api.twitter.com/1.1/geo/id/f7eb2fa2fea288b1.json", "attributes": {}, "country_code": "US", "country": "Estados Unidos", "name": "Lakewood", "contained_within": [], "place_type": "city", "bounding_box": {"type": "Polygon", "coordinates": [[[-105.193475, 39.60973], [-105.053164, 39.60973], [-105.053164, 39.761974], [-105.193475, 39.761974]]]}}, "in_reply_to_screen_name": "FoxNews", "source": "<a href=\"http://twitter.com/#!/download/ipad\" rel=\"nofollow\">Twitter for iPad</a>"}