{"id": 724634994346328065, "id_str": "724634994346328065", "urls": [], "user": {"geo_enabled": true, "location": "Pennsylvania, USA", "favourites_count": 1313, "profile_sidebar_border_color": "C0DEED", "name": "FathersforTrump!", "profile_image_url_https": "https://pbs.twimg.com/profile_images/758895031688138754/3LymZ3jr_normal.jpg", "created_at": "Sat Aug 21 12:51:55 +0000 2010", "screen_name": "derkshultz", "default_profile": true, "followers_count": 98, "listed_count": 3, "description": "Been on the #TrumpTrain since day 1. This thing doesn't stop or slow down. #TrumpPence16", "id_str": "181156274", "lang": "en", "statuses_count": 1359, "profile_sidebar_fill_color": "DDEEF6", "profile_background_image_url": "http://abs.twimg.com/images/themes/theme1/bg.png", "profile_text_color": "333333", "profile_banner_url": "https://pbs.twimg.com/profile_banners/181156274/1469755769", "profile_background_color": "C0DEED", "id": 181156274, "friends_count": 101, "profile_image_url": "http://pbs.twimg.com/profile_images/758895031688138754/3LymZ3jr_normal.jpg", "profile_use_background_image": true, "profile_background_image_url_https": "https://abs.twimg.com/images/themes/theme1/bg.png", "profile_link_color": "1DA1F2"}, "user_mentions": [{"id": 1367531, "screen_name": "FoxNews", "name": "Fox News", "id_str": "1367531"}], "created_at": "Mon Apr 25 16:23:40 +0000 2016", "in_reply_to_status_id": 724320681517670400, "in_reply_to_user_id": 1367531, "text": "@FoxNews going to target with my gun on my hip which they allow I'm going to go in the women's room they allow also #MENOCCUPYWOMANSRESTROOM", "hashtags": [{"text": "MENOCCUPYWOMANSRESTROOM"}], "lang": "en", "in_reply_to_screen_name": "FoxNews", "source": "<a href=\"http://twitter.com/download/android\" rel=\"nofollow\">Twitter for Android</a>"}