{"id": 724613465797586944, "id_str": "724613465797586944", "urls": [], "user": {"id_str": "28055127", "location": "Texas", "favourites_count": 742, "profile_sidebar_border_color": "BDDCAD", "name": "MaureenTweets", "profile_image_url_https": "https://pbs.twimg.com/profile_images/734086236613185536/H5uUyKfi_normal.jpg", "created_at": "Wed Apr 01 05:06:02 +0000 2009", "screen_name": "MaureenTweeting", "followers_count": 75, "listed_count": 5, "description": "Your one stop political and social pundit. Writer, commentary, expert analysis. Points of view new to you. Follow me.", "lang": "en", "statuses_count": 1798, "profile_sidebar_fill_color": "DDFFCC", "profile_background_image_url": "http://abs.twimg.com/images/themes/theme16/bg.gif", "profile_text_color": "333333", "profile_banner_url": "https://pbs.twimg.com/profile_banners/28055127/1463855229", "profile_background_color": "9AE4E8", "id": 28055127, "friends_count": 203, "profile_image_url": "http://pbs.twimg.com/profile_images/734086236613185536/H5uUyKfi_normal.jpg", "profile_use_background_image": true, "profile_background_image_url_https": "https://abs.twimg.com/images/themes/theme16/bg.gif", "profile_link_color": "0084B4"}, "user_mentions": [{"id": 457984599, "screen_name": "BreitbartNews", "name": "Breitbart News", "id_str": "457984599"}], "retweet_count": 1, "created_at": "Mon Apr 25 14:58:07 +0000 2016", "in_reply_to_status_id": 724603564946010112, "in_reply_to_user_id": 457984599, "text": "@BreitbartNews Beyond threats, what about causing discomfort to almost everyone, to prevent it for a few? What about my rights, comfort?", "hashtags": [], "lang": "en", "in_reply_to_screen_name": "BreitbartNews", "favorite_count": 2, "source": "<a href=\"http://twitter.com/download/iphone\" rel=\"nofollow\">Twitter for iPhone</a>"}