{"id": 724704886999408641, "id_str": "724704886999408641", "urls": [], "user": {"profile_text_color": "333333", "id_str": "3188668505", "favourites_count": 2769, "profile_sidebar_border_color": "C0DEED", "name": "GacWell", "profile_image_url_https": "https://pbs.twimg.com/profile_images/595717471644098562/KI3PLZdZ_normal.jpg", "created_at": "Mon Apr 20 23:22:37 +0000 2015", "screen_name": "glenn_carswell", "default_profile": true, "followers_count": 651, "description": "I will follow you will you follow me.   Genesis", "lang": "en", "statuses_count": 26634, "profile_sidebar_fill_color": "DDEEF6", "profile_background_image_url": "http://abs.twimg.com/images/themes/theme1/bg.png", "listed_count": 8, "profile_banner_url": "https://pbs.twimg.com/profile_banners/3188668505/1429573439", "profile_background_color": "C0DEED", "id": 3188668505, "friends_count": 842, "profile_image_url": "http://pbs.twimg.com/profile_images/595717471644098562/KI3PLZdZ_normal.jpg", "profile_use_background_image": true, "profile_background_image_url_https": "https://abs.twimg.com/images/themes/theme1/bg.png", "profile_link_color": "1DA1F2"}, "user_mentions": [{"id": 15754281, "screen_name": "USATODAY", "name": "USA TODAY", "id_str": "15754281"}], "created_at": "Mon Apr 25 21:01:24 +0000 2016", "in_reply_to_status_id": 724703995147751424, "in_reply_to_user_id": 15754281, "text": "@USATODAY looks like the transgenders got Target crapped on.", "hashtags": [], "lang": "en", "in_reply_to_screen_name": "USATODAY", "source": "<a href=\"http://twitter.com/download/iphone\" rel=\"nofollow\">Twitter for iPhone</a>"}