{"id": 724990661787676672, "id_str": "724990661787676672", "urls": [], "user": {"geo_enabled": true, "location": "Raleigh, NC", "favourites_count": 457, "name": "QuiltyDragon", "profile_image_url_https": "https://pbs.twimg.com/profile_images/1351836095/Amy_normal.JPG", "created_at": "Thu Mar 31 14:45:54 +0000 2011", "screen_name": "AmyTLo", "default_profile": true, "followers_count": 20, "listed_count": 2, "description": "On a big adventure of life", "id_str": "275048880", "lang": "en", "statuses_count": 514, "profile_sidebar_fill_color": "DDEEF6", "profile_background_image_url": "http://abs.twimg.com/images/themes/theme1/bg.png", "profile_text_color": "333333", "profile_sidebar_border_color": "C0DEED", "profile_background_color": "C0DEED", "id": 275048880, "friends_count": 14, "profile_image_url": "http://pbs.twimg.com/profile_images/1351836095/Amy_normal.JPG", "profile_use_background_image": true, "profile_background_image_url_https": "https://abs.twimg.com/images/themes/theme1/bg.png", "profile_link_color": "1DA1F2"}, "user_mentions": [{"id": 1367531, "screen_name": "FoxNews", "name": "Fox News", "id_str": "1367531"}, {"id": 89084561, "screen_name": "Target", "name": "Target", "id_str": "89084561"}, {"id": 66602794, "screen_name": "PatMcCroryNC", "name": "Pat McCrory", "id_str": "66602794"}], "created_at": "Tue Apr 26 15:56:58 +0000 2016", "in_reply_to_status_id": 724320681517670400, "in_reply_to_user_id": 1367531, "text": "@FoxNews .@Target Has my support and moola - embarrassed w/my state .@PatMcCroryNC", "hashtags": [], "lang": "en", "in_reply_to_screen_name": "FoxNews", "source": "<a href=\"http://twitter.com/download/iphone\" rel=\"nofollow\">Twitter for iPhone</a>"}