{"id": 724939017410727938, "id_str": "724939017410727938", "urls": [{"expanded_url": "http://usat.ly/1NOR33f", "url": "https://t.co/ZR8SBdPBZ0"}], "user": {"id_str": "14669951", "url": "http://t.co/dsLXEBfDsQ", "listed_count": 21549, "name": "DRUDGE REPORT", "profile_image_url_https": "https://pbs.twimg.com/profile_images/53808884/images_normal.jpeg", "created_at": "Tue May 06 05:34:47 +0000 2008", "screen_name": "DRUDGE_REPORT", "followers_count": 1411715, "description": "The DRUDGE REPORT is a U.S. based news aggregation website run by Matt Drudge(@DRUDGE).", "lang": "en", "statuses_count": 231023, "profile_sidebar_fill_color": "FFFFFF", "location": "US", "profile_background_image_url": "http://abs.twimg.com/images/themes/theme1/bg.png", "profile_text_color": "000000", "profile_sidebar_border_color": "FFFFFF", "profile_background_color": "FFFFFF", "id": 14669951, "friends_count": 2, "profile_image_url": "http://pbs.twimg.com/profile_images/53808884/images_normal.jpeg", "profile_background_image_url_https": "https://abs.twimg.com/images/themes/theme1/bg.png", "profile_link_color": "000000"}, "source": "<a href=\"http://drudge.tw\" rel=\"nofollow\">Drudge</a>", "user_mentions": [], "retweet_count": 214, "created_at": "Tue Apr 26 12:31:45 +0000 2016", "text": "500,000 boycott TARGET over trans bathroom policy... https://t.co/ZR8SBdPBZ0", "hashtags": [], "lang": "en", "favorite_count": 228}