{"id": 724941262181285890, "id_str": "724941262181285890", "urls": [{"expanded_url": "https://www.afa.net/action-alerts/sign-the-boycott-target-pledge/", "url": "https://t.co/Xfx5AdcNRk"}], "user": {"id_str": "27676513", "location": "SoCal", "favourites_count": 33899, "profile_sidebar_border_color": "BDDCAD", "name": "Joey Freeman", "profile_image_url_https": "https://pbs.twimg.com/profile_images/587051736348495874/BiAus5OS_normal.jpg", "created_at": "Mon Mar 30 16:41:11 +0000 2009", "screen_name": "JoeFree76", "followers_count": 1250, "listed_count": 1, "description": "\"Cosmic justice is...illusory and it...can cause us to lose what is attainable in a quest for the unattainable.\" Thomas Sowell    #KAG!   #BigGovSucks #WalkAway", "lang": "en", "statuses_count": 32750, "profile_sidebar_fill_color": "CCFFE5", "profile_background_image_url": "http://abs.twimg.com/images/themes/theme1/bg.png", "profile_text_color": "333333", "profile_banner_url": "https://pbs.twimg.com/profile_banners/27676513/1490862552", "profile_background_color": "C3F9F7", "id": 27676513, "friends_count": 967, "profile_image_url": "http://pbs.twimg.com/profile_images/587051736348495874/BiAus5OS_normal.jpg", "profile_use_background_image": true, "profile_background_image_url_https": "https://abs.twimg.com/images/themes/theme1/bg.png", "profile_link_color": "0084B4"}, "user_mentions": [{"id": 14669951, "screen_name": "DRUDGE_REPORT", "name": "DRUDGE REPORT", "id_str": "14669951"}], "retweet_count": 1, "created_at": "Tue Apr 26 12:40:40 +0000 2016", "in_reply_to_status_id": 724939017410727938, "in_reply_to_user_id": 14669951, "text": "@DRUDGE_REPORT Take the pledge and sign the petition. Here's the link...\nhttps://t.co/Xfx5AdcNRk", "hashtags": [], "lang": "en", "in_reply_to_screen_name": "DRUDGE_REPORT", "favorite_count": 1, "source": "<a href=\"http://twitter.com\" rel=\"nofollow\">Twitter Web Client</a>"}