{"id": 725083746882433025, "id_str": "725083746882433025", "urls": [], "user": {"profile_text_color": "333333", "id_str": "24519597", "favourites_count": 18, "profile_sidebar_border_color": "C0DEED", "name": "john D", "profile_image_url_https": "https://pbs.twimg.com/profile_images/1041785180426575874/L5kyZWBZ_normal.jpg", "created_at": "Sun Mar 15 12:52:37 +0000 2009", "screen_name": "jhrusher", "default_profile": true, "followers_count": 2506, "description": "conservative believe in the 2nd amend and in free enterprise let freedom ring 1st amend all the way and I salute the flag\na God loving man", "lang": "en", "statuses_count": 71563, "profile_sidebar_fill_color": "DDEEF6", "profile_background_image_url": "http://abs.twimg.com/images/themes/theme1/bg.png", "listed_count": 42, "profile_banner_url": "https://pbs.twimg.com/profile_banners/24519597/1497351270", "profile_background_color": "C0DEED", "id": 24519597, "friends_count": 2569, "profile_image_url": "http://pbs.twimg.com/profile_images/1041785180426575874/L5kyZWBZ_normal.jpg", "profile_use_background_image": true, "profile_background_image_url_https": "https://abs.twimg.com/images/themes/theme1/bg.png", "profile_link_color": "1DA1F2"}, "user_mentions": [{"id": 236487888, "screen_name": "WalshFreedom", "name": "Joe Walsh", "id_str": "236487888"}, {"id": 1657066518, "screen_name": "funEbone2u", "name": "abacus", "id_str": "1657066518"}], "retweet_count": 1, "created_at": "Tue Apr 26 22:06:51 +0000 2016", "in_reply_to_status_id": 725070832494624769, "in_reply_to_user_id": 236487888, "text": "@WalshFreedom @funEbone2u proud to say I signed it and spent my money at wal mart and I don't like wal mart but target is sick", "hashtags": [], "lang": "en", "in_reply_to_screen_name": "WalshFreedom", "source": "<a href=\"http://twitter.com\" rel=\"nofollow\">Twitter Web Client</a>"}