{"id": 725299990533423104, "id_str": "725299990533423104", "urls": [], "user": {"id_str": "166990045", "location": "#FreeForTheFirstTime", "favourites_count": 40823, "profile_sidebar_border_color": "C0DEED", "name": "de-Colonized Hein", "profile_image_url_https": "https://pbs.twimg.com/profile_images/1011897640315969536/BQsR5Ezi_normal.jpg", "created_at": "Thu Jul 15 13:53:55 +0000 2010", "screen_name": "Saamprater", "default_profile": true, "followers_count": 5783, "listed_count": 170, "description": "#SelfDetermination, Unapologetic - Christian Charismatic. Capitalist, Patriot, Realistic, True North. No Porn,Proudly South African https://t.co/JHQaYBJoK6", "lang": "en", "statuses_count": 134584, "profile_sidebar_fill_color": "DDEEF6", "profile_background_image_url": "http://abs.twimg.com/images/themes/theme1/bg.png", "profile_text_color": "333333", "profile_banner_url": "https://pbs.twimg.com/profile_banners/166990045/1412743071", "profile_background_color": "C0DEED", "id": 166990045, "friends_count": 6355, "profile_image_url": "http://pbs.twimg.com/profile_images/1011897640315969536/BQsR5Ezi_normal.jpg", "profile_use_background_image": true, "profile_background_image_url_https": "https://abs.twimg.com/images/themes/theme1/bg.png", "profile_link_color": "1DA1F2"}, "user_mentions": [{"id": 478157435, "screen_name": "LyndaG1963", "name": "\u274c #45Cultist \u274c", "id_str": "478157435"}, {"id": 279167748, "screen_name": "STSTWO", "name": "\ud83c\udfba TRUMPeting SKV \ud83c\udfba\u274c", "id_str": "279167748"}, {"id": 840862346, "screen_name": "debra0827", "name": "Super Elite \ud83d\udc97 Deplorable Debra", "id_str": "840862346"}, {"id": 236487888, "screen_name": "WalshFreedom", "name": "Joe Walsh", "id_str": "236487888"}], "retweet_count": 1, "in_reply_to_screen_name": "LyndaG1963", "created_at": "Wed Apr 27 12:26:07 +0000 2016", "in_reply_to_status_id": 725259905008058368, "in_reply_to_user_id": 478157435, "text": "@LyndaG1963 @STSTWO @debra0827 @WalshFreedom https://t.co/SgfToyqzx7", "hashtags": [], "lang": "und", "media": [{"id": 725299979653419010, "display_url": "pic.twitter.com/SgfToyqzx7", "expanded_url": "https://twitter.com/Saamprater/status/725299990533423104/photo/1", "url": "https://t.co/SgfToyqzx7", "media_url": "http://pbs.twimg.com/media/ChDIfRrXEAI9TkV.jpg", "type": "photo", "media_url_https": "https://pbs.twimg.com/media/ChDIfRrXEAI9TkV.jpg", "sizes": {"small": {"w": 560, "resize": "fit", "h": 516}, "large": {"w": 560, "resize": "fit", "h": 516}, "medium": {"w": 560, "resize": "fit", "h": 516}, "thumb": {"w": 150, "resize": "crop", "h": 150}}}], "favorite_count": 3, "source": "<a href=\"http://twitter.com/download/iphone\" rel=\"nofollow\">Twitter for iPhone</a>"}