{"id": 725259020416745472, "id_str": "725259020416745472", "urls": [], "user": {"profile_text_color": "333333", "id_str": "3365129740", "favourites_count": 912, "profile_sidebar_border_color": "C0DEED", "name": "yakov Mynttinen", "profile_image_url_https": "https://pbs.twimg.com/profile_images/665675308528492544/GEueYWPf_normal.jpg", "created_at": "Wed Jul 08 00:45:04 +0000 2015", "screen_name": "yakovmynt600", "default_profile": true, "followers_count": 21, "description": "paratrooper at Ft.Bragg,1stCoscom Airborne, now Carpenter local51,soon to be running an orchard.", "lang": "en", "statuses_count": 1490, "profile_sidebar_fill_color": "DDEEF6", "profile_background_image_url": "http://abs.twimg.com/images/themes/theme1/bg.png", "listed_count": 3, "profile_banner_url": "https://pbs.twimg.com/profile_banners/3365129740/1447544848", "profile_background_color": "C0DEED", "id": 3365129740, "friends_count": 53, "profile_image_url": "http://pbs.twimg.com/profile_images/665675308528492544/GEueYWPf_normal.jpg", "profile_use_background_image": true, "profile_background_image_url_https": "https://abs.twimg.com/images/themes/theme1/bg.png", "profile_link_color": "1DA1F2"}, "user_mentions": [{"id": 743571813649752064, "screen_name": "SandraALTX", "name": "vainessa Berera", "id_str": "743571813649752064"}, {"id": 54306830, "screen_name": "tomborelli", "name": "Tom Borelli", "id_str": "54306830"}], "retweet_count": 1, "created_at": "Wed Apr 27 09:43:19 +0000 2016", "in_reply_to_status_id": 725174535897620481, "in_reply_to_user_id": 33529092, "text": "@SandraALTX @tomborelli My whole family is Boycotting target.", "hashtags": [], "lang": "en", "in_reply_to_screen_name": "SandraTXAS", "favorite_count": 3, "source": "<a href=\"http://twitter.com/download/android\" rel=\"nofollow\">Twitter for Android</a>"}