{"id": 726190807380799493, "id_str": "726190807380799493", "urls": [], "user": {"profile_text_color": "333333", "id_str": "617492159", "favourites_count": 522, "name": "Germ", "profile_image_url_https": "https://pbs.twimg.com/profile_images/662780633979027457/zzSSbrTC_normal.jpg", "created_at": "Sun Jun 24 21:33:55 +0000 2012", "screen_name": "edseyger", "default_profile": true, "followers_count": 1145, "description": "equal opportunity muckraker [I don't do stalls] just staying in touch with reality[most of the time] toes in the water, ass in the sand, can't get any better", "lang": "en", "statuses_count": 21664, "profile_sidebar_fill_color": "DDEEF6", "profile_background_image_url": "http://abs.twimg.com/images/themes/theme1/bg.png", "listed_count": 32, "profile_sidebar_border_color": "C0DEED", "profile_background_color": "C0DEED", "id": 617492159, "friends_count": 1219, "profile_image_url": "http://pbs.twimg.com/profile_images/662780633979027457/zzSSbrTC_normal.jpg", "profile_use_background_image": true, "profile_background_image_url_https": "https://abs.twimg.com/images/themes/theme1/bg.png", "profile_link_color": "1DA1F2"}, "user_mentions": [{"id": 457984599, "screen_name": "BreitbartNews", "name": "Breitbart News", "id_str": "457984599"}, {"id": 25073877, "screen_name": "realDonaldTrump", "name": "Donald J. Trump", "id_str": "25073877"}, {"id": 282695161, "screen_name": "WayneDupreeShow", "name": "\ud83c\udf99Wayne Dupree", "id_str": "282695161"}], "created_at": "Fri Apr 29 23:25:55 +0000 2016", "in_reply_to_status_id": 726190016435728385, "in_reply_to_user_id": 457984599, "text": "@BreitbartNews @realDonaldTrump @WayneDupreeShow \nSo, Target how's that PCBS position working out for you now?", "hashtags": [], "lang": "en", "in_reply_to_screen_name": "BreitbartNews", "source": "<a href=\"http://twitter.com/download/android\" rel=\"nofollow\">Twitter for Android</a>"}