{"id": 726190016435728385, "id_str": "726190016435728385", "urls": [{"expanded_url": "http://trib.al/O1snoFW", "url": "https://t.co/TRfEZxNAYx"}], "user": {"profile_text_color": "333333", "id_str": "457984599", "url": "http://t.co/2sVbt3n6lO", "listed_count": 8491, "profile_banner_url": "https://pbs.twimg.com/profile_banners/457984599/1359997459", "name": "Breitbart News", "profile_image_url_https": "https://pbs.twimg.com/profile_images/949270171755077632/dw3M-58z_normal.jpg", "created_at": "Sun Jan 08 01:50:52 +0000 2012", "screen_name": "BreitbartNews", "followers_count": 999082, "description": "News, commentary, and destruction of the political/media establishment.", "lang": "en", "statuses_count": 97392, "profile_background_tile": true, "profile_sidebar_fill_color": "DDEEF6", "profile_background_image_url": "http://abs.twimg.com/images/themes/theme1/bg.png", "favourites_count": 961, "profile_sidebar_border_color": "FFFFFF", "profile_background_color": "0C0D0D", "id": 457984599, "verified": true, "friends_count": 101, "profile_image_url": "http://pbs.twimg.com/profile_images/949270171755077632/dw3M-58z_normal.jpg", "profile_use_background_image": true, "profile_background_image_url_https": "https://abs.twimg.com/images/themes/theme1/bg.png", "profile_link_color": "FF5402"}, "source": "<a href=\"http://www.socialflow.com\" rel=\"nofollow\">SocialFlow</a>", "user_mentions": [], "retweet_count": 234, "created_at": "Fri Apr 29 23:22:46 +0000 2016", "text": "Target Boycott Crosses 1 Million Signers, Stock Sinks by $1.5 Billion https://t.co/TRfEZxNAYx", "hashtags": [], "lang": "en", "favorite_count": 230}