{"id": 726443927146881024, "id_str": "726443927146881024", "urls": [], "user": {"geo_enabled": true, "url": "https://t.co/erwBHJho4R", "favourites_count": 16238, "profile_sidebar_border_color": "FFFFFF", "name": "Jeff Keck", "profile_image_url_https": "https://pbs.twimg.com/profile_images/991967703941439488/L06NOsOs_normal.jpg", "created_at": "Tue Jan 20 19:37:25 +0000 2009", "screen_name": "JeffreyKeck", "followers_count": 1742, "listed_count": 91, "description": "Worshipper, Husband, Father, Pastor, Church Planter, Teacher, @NewLifeMO, Cowboy, AzusaStreetRider, https://t.co/c75m1VSXwB @Cardinals, @UPCIorg \ud83c\uddfa\ud83c\uddf8", "id_str": "19252960", "lang": "en", "statuses_count": 27723, "profile_sidebar_fill_color": "CFCFE8", "location": "Chillicothe, MO", "profile_background_image_url": "http://abs.twimg.com/images/themes/theme6/bg.gif", "profile_text_color": "0F0F0F", "profile_banner_url": "https://pbs.twimg.com/profile_banners/19252960/1447005232", "profile_background_color": "0D4D91", "id": 19252960, "friends_count": 2804, "profile_image_url": "http://pbs.twimg.com/profile_images/991967703941439488/L06NOsOs_normal.jpg", "profile_use_background_image": true, "profile_background_image_url_https": "https://abs.twimg.com/images/themes/theme6/bg.gif", "profile_link_color": "089418"}, "user_mentions": [{"id": 236487888, "screen_name": "WalshFreedom", "name": "Joe Walsh", "id_str": "236487888"}, {"id": 89084561, "screen_name": "Target", "name": "Target", "id_str": "89084561"}], "retweet_count": 1, "created_at": "Sat Apr 30 16:11:43 +0000 2016", "in_reply_to_status_id": 726442550266044416, "in_reply_to_user_id": 236487888, "text": "@WalshFreedom @drmattperry This Is A Cultural Line In The Sand.\n@Target didn't go into this with their eyes closed. #PayDay", "hashtags": [{"text": "PayDay"}], "lang": "en", "place": {"id": "a592bd6ceb1319f7", "full_name": "San Diego, CA", "url": "https://api.twitter.com/1.1/geo/id/a592bd6ceb1319f7.json", "attributes": {}, "country_code": "US", "country": "Estados Unidos", "name": "San Diego", "contained_within": [], "place_type": "city", "bounding_box": {"type": "Polygon", "coordinates": [[[-117.282538, 32.53962], [-116.9274403, 32.53962], [-116.9274403, 33.0804044], [-117.282538, 33.0804044]]]}}, "in_reply_to_screen_name": "WalshFreedom", "favorite_count": 1, "source": "<a href=\"http://twitter.com/download/iphone\" rel=\"nofollow\">Twitter for iPhone</a>"}