{"id": 727175351693135872, "id_str": "727175351693135872", "urls": [], "user": {"geo_enabled": true, "favourites_count": 830, "name": "Red solo cup", "profile_image_url_https": "https://pbs.twimg.com/profile_images/741105444039630849/5GuAgUjr_normal.jpg", "created_at": "Sat Mar 19 22:17:55 +0000 2016", "screen_name": "SCPete2016", "default_profile": true, "followers_count": 38, "listed_count": 5, "description": "America", "id_str": "711315791963099136", "lang": "en", "profile_sidebar_fill_color": "DDEEF6", "statuses_count": 1158, "profile_text_color": "333333", "profile_sidebar_border_color": "C0DEED", "profile_background_color": "F5F8FA", "id": 711315791963099136, "friends_count": 66, "profile_image_url": "http://pbs.twimg.com/profile_images/741105444039630849/5GuAgUjr_normal.jpg", "profile_use_background_image": true, "profile_link_color": "1DA1F2"}, "user_mentions": [{"id": 860856512, "screen_name": "sommer_vsommer", "name": "Vanessa Sommer", "id_str": "860856512"}], "created_at": "Mon May 02 16:38:08 +0000 2016", "in_reply_to_status_id": 727174063165034496, "in_reply_to_user_id": 860856512, "text": "@sommer_vsommer thank NC for standing up", "hashtags": [], "lang": "en", "place": {"id": "3b98b02fba3f9753", "full_name": "Carolina del Norte, USA", "url": "https://api.twitter.com/1.1/geo/id/3b98b02fba3f9753.json", "attributes": {}, "country_code": "US", "country": "Estados Unidos", "name": "Carolina del Norte", "contained_within": [], "place_type": "admin", "bounding_box": {"type": "Polygon", "coordinates": [[[-84.3219475, 33.752879], [-75.40012, 33.752879], [-75.40012, 36.588118], [-84.3219475, 36.588118]]]}}, "in_reply_to_screen_name": "sommer_vsommer", "source": "<a href=\"http://twitter.com/download/iphone\" rel=\"nofollow\">Twitter for iPhone</a>"}