{"id": 727589537023660032, "id_str": "727589537023660032", "urls": [], "user": {"geo_enabled": true, "location": "Virginia, USA", "favourites_count": 12016, "profile_sidebar_border_color": "C0DEED", "name": "Robbie W.", "profile_image_url_https": "https://pbs.twimg.com/profile_images/947505013429030913/Z8It-iSe_normal.jpg", "created_at": "Thu Feb 25 17:38:53 +0000 2016", "screen_name": "ReadsHemingway", "default_profile": true, "followers_count": 959, "listed_count": 12, "description": "Happily married, Christian, Pro-Life Boomer. Ike, Reagan, Trump. MBA. Constitution. Apologetics. Fly fishing. NRA/C/C. God Bless Vets. Yeah, cats too - all ten.", "id_str": "702910650993999873", "lang": "en", "profile_sidebar_fill_color": "DDEEF6", "statuses_count": 16670, "profile_text_color": "333333", "profile_banner_url": "https://pbs.twimg.com/profile_banners/702910650993999873/1508392396", "profile_background_color": "F5F8FA", "id": 702910650993999873, "friends_count": 1525, "profile_image_url": "http://pbs.twimg.com/profile_images/947505013429030913/Z8It-iSe_normal.jpg", "profile_use_background_image": true, "profile_link_color": "1DA1F2"}, "user_mentions": [{"id": 14669951, "screen_name": "DRUDGE_REPORT", "name": "DRUDGE REPORT", "id_str": "14669951"}, {"id": 455764741, "screen_name": "FreeBeacon", "name": "Free Beacon", "id_str": "455764741"}], "retweet_count": 1, "created_at": "Tue May 03 20:03:58 +0000 2016", "in_reply_to_status_id": 727588444000526336, "in_reply_to_user_id": 14669951, "text": "@DRUDGE_REPORT @FreeBeacon HUGE EFFING SMOKING GUN!", "hashtags": [], "lang": "en", "in_reply_to_screen_name": "DRUDGE_REPORT", "source": "<a href=\"http://twitter.com/download/android\" rel=\"nofollow\">Twitter for Android</a>"}