{"id": 727844533082279938, "id_str": "727844533082279938", "urls": [], "user": {"profile_text_color": "333333", "id_str": "551645648", "favourites_count": 8171, "profile_sidebar_border_color": "C0DEED", "name": "Lisa Ward", "profile_image_url_https": "https://pbs.twimg.com/profile_images/788737917518688258/Z4QJmAxt_normal.jpg", "created_at": "Thu Apr 12 07:25:19 +0000 2012", "screen_name": "Lisaann525", "default_profile": true, "followers_count": 877, "description": "Mother, Wife, Businesswoman, Educated female Trump supporter. #MAGA", "lang": "en", "statuses_count": 27951, "profile_sidebar_fill_color": "DDEEF6", "profile_background_image_url": "http://abs.twimg.com/images/themes/theme1/bg.png", "listed_count": 18, "profile_banner_url": "https://pbs.twimg.com/profile_banners/551645648/1501451215", "profile_background_color": "C0DEED", "id": 551645648, "friends_count": 443, "profile_image_url": "http://pbs.twimg.com/profile_images/788737917518688258/Z4QJmAxt_normal.jpg", "profile_use_background_image": true, "profile_background_image_url_https": "https://abs.twimg.com/images/themes/theme1/bg.png", "profile_link_color": "1DA1F2"}, "user_mentions": [{"id": 26487169, "screen_name": "LouDobbs", "name": "Lou Dobbs", "id_str": "26487169"}], "retweet_count": 23, "created_at": "Wed May 04 12:57:14 +0000 2016", "in_reply_to_status_id": 727834854931435522, "in_reply_to_user_id": 26487169, "text": "@LouDobbs And here it starts..she doesn't even know what's coming to her. Finally America will be told what she is about..pure corruption", "hashtags": [], "lang": "en", "in_reply_to_screen_name": "LouDobbs", "favorite_count": 47, "source": "<a href=\"http://twitter.com/download/iphone\" rel=\"nofollow\">Twitter for iPhone</a>"}