{"id": 727973864039288832, "id_str": "727973864039288832", "urls": [], "user": {"id_str": "4914535790", "url": "https://t.co/HgOMOvRLgv", "favourites_count": 2109, "profile_sidebar_border_color": "000000", "name": "Old Simo", "profile_image_url_https": "https://pbs.twimg.com/profile_images/699476809805508608/Tzvgp2ES_normal.jpg", "profile_link_color": "ABB8C2", "screen_name": "old__simo", "followers_count": 823, "listed_count": 28, "description": "My Mission: Debate, Discussion & the Quest for Truth. As long as the world exists,there is always something to talk about. News,opinion & controversy. #oldsimo", "created_at": "Tue Feb 16 06:10:04 +0000 2016", "lang": "en", "profile_background_tile": true, "profile_sidebar_fill_color": "000000", "location": "Australia", "profile_background_image_url": "http://abs.twimg.com/images/themes/theme1/bg.png", "profile_text_color": "000000", "profile_banner_url": "https://pbs.twimg.com/profile_banners/4914535790/1455610319", "profile_background_color": "000000", "id": 4914535790, "friends_count": 1092, "profile_image_url": "http://pbs.twimg.com/profile_images/699476809805508608/Tzvgp2ES_normal.jpg", "profile_background_image_url_https": "https://abs.twimg.com/images/themes/theme1/bg.png", "statuses_count": 7845}, "user_mentions": [{"id": 854402779879804928, "screen_name": "HuffingtonPost", "name": "HuffPost", "id_str": "854402779879804928"}, {"id": 3303293865, "screen_name": "Caitlyn_Jenner", "name": "Caitlyn Jenner", "id_str": "3303293865"}], "created_at": "Wed May 04 21:31:08 +0000 2016", "in_reply_to_status_id": 727966590084485120, "in_reply_to_user_id": 14511951, "text": "@HuffingtonPost @Caitlyn_Jenner \"The hardest thing about being a woman is deciding what to wear for the day\". Do we see the major problem?", "hashtags": [], "lang": "en", "in_reply_to_screen_name": "HuffPost", "source": "<a href=\"http://twitter.com/download/android\" rel=\"nofollow\">Twitter for Android</a>"}