{"id": 727971102933303296, "id_str": "727971102933303296", "urls": [], "user": {"geo_enabled": true, "location": "#Espa\u00f1a Tarifa", "favourites_count": 560, "profile_sidebar_border_color": "F2E195", "name": "Mike Andrews", "profile_image_url_https": "https://pbs.twimg.com/profile_images/1800002676/P1030915__small_normal.jpg", "created_at": "Fri Aug 05 00:04:29 +0000 2011", "screen_name": "mikepjba", "followers_count": 1351, "listed_count": 25, "description": "#tennis nut & love #travelling-spain,argentina,chile,peru..love #trekking NZ S. Island.. the life -por supuesto - en #BuenosAires !", "id_str": "348774290", "lang": "en", "statuses_count": 18403, "profile_sidebar_fill_color": "FFF7CC", "profile_background_image_url": "http://abs.twimg.com/images/themes/theme12/bg.gif", "profile_text_color": "0C3E53", "profile_banner_url": "https://pbs.twimg.com/profile_banners/348774290/1371042538", "profile_background_color": "BADFCD", "id": 348774290, "friends_count": 1566, "profile_image_url": "http://pbs.twimg.com/profile_images/1800002676/P1030915__small_normal.jpg", "profile_use_background_image": true, "profile_background_image_url_https": "https://abs.twimg.com/images/themes/theme12/bg.gif", "profile_link_color": "FF0000"}, "user_mentions": [{"id": 854402779879804928, "screen_name": "HuffingtonPost", "name": "HuffPost", "id_str": "854402779879804928"}, {"id": 3303293865, "screen_name": "Caitlyn_Jenner", "name": "Caitlyn Jenner", "id_str": "3303293865"}], "created_at": "Wed May 04 21:20:10 +0000 2016", "in_reply_to_status_id": 727966590084485120, "in_reply_to_user_id": 14511951, "text": "@HuffingtonPost @Caitlyn_Jenner will be like rubberneckers at an accident-is \"it\" there or not ?", "hashtags": [], "lang": "en", "in_reply_to_screen_name": "HuffPost", "source": "<a href=\"http://twitter.com/#!/download/ipad\" rel=\"nofollow\">Twitter for iPad</a>"}