{"id": 728022520423587840, "id_str": "728022520423587840", "urls": [], "user": {"geo_enabled": true, "location": "Las Vegas", "favourites_count": 3477, "profile_sidebar_border_color": "152730", "name": "Ray", "profile_image_url_https": "https://pbs.twimg.com/profile_images/1031196870540898304/uNpwnCf0_normal.jpg", "created_at": "Sat May 21 18:19:03 +0000 2011", "screen_name": "Ray_CommaClub", "followers_count": 296, "listed_count": 4, "id_str": "302761754", "lang": "en", "statuses_count": 7777, "profile_sidebar_fill_color": "1476A3", "profile_background_image_url": "http://abs.twimg.com/images/themes/theme1/bg.png", "profile_text_color": "FFFFFF", "profile_banner_url": "https://pbs.twimg.com/profile_banners/302761754/1496208861", "profile_background_color": "0C0D0D", "id": 302761754, "friends_count": 804, "profile_image_url": "http://pbs.twimg.com/profile_images/1031196870540898304/uNpwnCf0_normal.jpg", "profile_use_background_image": true, "profile_background_image_url_https": "https://abs.twimg.com/images/themes/theme1/bg.png", "profile_link_color": "173642"}, "user_mentions": [{"id": 9648652, "screen_name": "FOXLA", "name": "FOX 11 Los Angeles", "id_str": "9648652"}], "created_at": "Thu May 05 00:44:29 +0000 2016", "in_reply_to_status_id": 728013148788154368, "in_reply_to_user_id": 9648652, "text": "@FOXLA \ud83e\udd14\ud83e\udd14\ud83d\ude16\ud83d\ude16", "hashtags": [], "lang": "und", "in_reply_to_screen_name": "FOXLA", "source": "<a href=\"http://twitter.com/download/iphone\" rel=\"nofollow\">Twitter for iPhone</a>"}