{"id": 728261992599855105, "id_str": "728261992599855105", "urls": [], "user": {"geo_enabled": true, "favourites_count": 588, "profile_sidebar_border_color": "C0DEED", "name": "leo", "profile_image_url_https": "https://pbs.twimg.com/profile_images/1012975158368190464/LWwFnJCq_normal.jpg", "created_at": "Mon May 11 01:44:08 +0000 2015", "screen_name": "hamsamohamed24", "default_profile": true, "followers_count": 310, "listed_count": 1, "description": "#TrustTheProcess", "id_str": "3191593057", "lang": "en", "statuses_count": 1372, "profile_sidebar_fill_color": "DDEEF6", "profile_background_image_url": "http://abs.twimg.com/images/themes/theme1/bg.png", "profile_text_color": "333333", "profile_banner_url": "https://pbs.twimg.com/profile_banners/3191593057/1485814116", "profile_background_color": "C0DEED", "id": 3191593057, "friends_count": 243, "profile_image_url": "http://pbs.twimg.com/profile_images/1012975158368190464/LWwFnJCq_normal.jpg", "profile_use_background_image": true, "profile_background_image_url_https": "https://abs.twimg.com/images/themes/theme1/bg.png", "profile_link_color": "1DA1F2"}, "user_mentions": [{"id": 9648652, "screen_name": "FOXLA", "name": "FOX 11 Los Angeles", "id_str": "9648652"}], "created_at": "Thu May 05 16:36:04 +0000 2016", "in_reply_to_status_id": 728013148788154368, "in_reply_to_user_id": 9648652, "text": "@FOXLA @CNTFNDME", "hashtags": [], "lang": "und", "in_reply_to_screen_name": "FOXLA", "favorite_count": 1, "source": "<a href=\"http://twitter.com/download/iphone\" rel=\"nofollow\">Twitter for iPhone</a>"}