{"id": 728232475340767232, "id_str": "728232475340767232", "urls": [], "user": {"geo_enabled": true, "url": "https://t.co/c7wmngFi2g", "favourites_count": 13734, "profile_sidebar_border_color": "000000", "name": "Son \ud83d\udc09", "profile_image_url_https": "https://pbs.twimg.com/profile_images/1040403791101788160/_qjehPqO_normal.jpg", "created_at": "Thu Aug 27 05:01:46 +0000 2015", "screen_name": "The_Great1___", "followers_count": 537, "listed_count": 8, "description": "Class of 2015| #ColeWorld| R.I.P TJT||Physical Therapy | Follow me while I'm a work in progress or don't bother showing up when I make it #SmallCityBigDreams", "id_str": "3454351696", "lang": "en", "statuses_count": 29442, "profile_background_tile": true, "profile_sidebar_fill_color": "000000", "location": "Cranston, RI", "profile_background_image_url": "http://abs.twimg.com/images/themes/theme1/bg.png", "profile_text_color": "000000", "profile_banner_url": "https://pbs.twimg.com/profile_banners/3454351696/1536854633", "profile_background_color": "C0DEED", "id": 3454351696, "friends_count": 465, "profile_image_url": "http://pbs.twimg.com/profile_images/1040403791101788160/_qjehPqO_normal.jpg", "profile_use_background_image": true, "profile_background_image_url_https": "https://abs.twimg.com/images/themes/theme1/bg.png", "profile_link_color": "0084B4"}, "user_mentions": [{"id": 9648652, "screen_name": "FOXLA", "name": "FOX 11 Los Angeles", "id_str": "9648652"}], "in_reply_to_screen_name": "FOXLA", "created_at": "Thu May 05 14:38:46 +0000 2016", "in_reply_to_status_id": 728013148788154368, "in_reply_to_user_id": 9648652, "text": "@FOXLA https://t.co/cpbnpaQCqZ", "hashtags": [], "lang": "und", "place": {"id": "6e9c054da607b539", "full_name": "New London, CT", "url": "https://api.twitter.com/1.1/geo/id/6e9c054da607b539.json", "attributes": {}, "country_code": "US", "country": "Estados Unidos", "name": "New London", "contained_within": [], "place_type": "city", "bounding_box": {"type": "Polygon", "coordinates": [[[-72.12852, 41.304762], [-72.087716, 41.304762], [-72.087716, 41.385244], [-72.12852, 41.385244]]]}}, "media": [{"id": 728232464552996864, "display_url": "pic.twitter.com/cpbnpaQCqZ", "expanded_url": "https://twitter.com/Younggreatness0/status/728232475340767232/photo/1", "url": "https://t.co/cpbnpaQCqZ", "media_url": "http://pbs.twimg.com/media/ChszkXOWsAAApG9.jpg", "type": "photo", "media_url_https": "https://pbs.twimg.com/media/ChszkXOWsAAApG9.jpg", "sizes": {"small": {"w": 680, "resize": "fit", "h": 378}, "large": {"w": 964, "resize": "fit", "h": 536}, "medium": {"w": 964, "resize": "fit", "h": 536}, "thumb": {"w": 150, "resize": "crop", "h": 150}}}, {"id": 728232464561405953, "display_url": "pic.twitter.com/cpbnpaQCqZ", "expanded_url": "https://twitter.com/Younggreatness0/status/728232475340767232/photo/1", "url": "https://t.co/cpbnpaQCqZ", "media_url": "http://pbs.twimg.com/media/ChszkXQXAAEUrwR.jpg", "type": "photo", "media_url_https": "https://pbs.twimg.com/media/ChszkXQXAAEUrwR.jpg", "sizes": {"small": {"w": 599, "resize": "fit", "h": 337}, "large": {"w": 599, "resize": "fit", "h": 337}, "medium": {"w": 599, "resize": "fit", "h": 337}, "thumb": {"w": 150, "resize": "crop", "h": 150}}}, {"id": 728232464569782274, "display_url": "pic.twitter.com/cpbnpaQCqZ", "expanded_url": "https://twitter.com/Younggreatness0/status/728232475340767232/photo/1", "url": "https://t.co/cpbnpaQCqZ", "media_url": "http://pbs.twimg.com/media/ChszkXSW0AIqdQW.jpg", "type": "photo", "media_url_https": "https://pbs.twimg.com/media/ChszkXSW0AIqdQW.jpg", "sizes": {"large": {"w": 750, "resize": "fit", "h": 748}, "small": {"w": 680, "resize": "fit", "h": 678}, "medium": {"w": 750, "resize": "fit", "h": 748}, "thumb": {"w": 150, "resize": "crop", "h": 150}}}, {"id": 728232464569765888, "display_url": "pic.twitter.com/cpbnpaQCqZ", "expanded_url": "https://twitter.com/Younggreatness0/status/728232475340767232/photo/1", "url": "https://t.co/cpbnpaQCqZ", "media_url": "http://pbs.twimg.com/media/ChszkXSWkAABRAa.jpg", "type": "photo", "media_url_https": "https://pbs.twimg.com/media/ChszkXSWkAABRAa.jpg", "sizes": {"small": {"w": 408, "resize": "fit", "h": 680}, "large": {"w": 682, "resize": "fit", "h": 1136}, "medium": {"w": 682, "resize": "fit", "h": 1136}, "thumb": {"w": 150, "resize": "crop", "h": 150}}}], "source": "<a href=\"http://twitter.com/#!/download/ipad\" rel=\"nofollow\">Twitter for iPad</a>"}