{"id": 728298864533512192, "id_str": "728298864533512192", "urls": [], "user": {"geo_enabled": true, "location": "Cedartown, GA", "favourites_count": 7624, "profile_sidebar_border_color": "C0DEED", "name": "pat", "profile_image_url_https": "https://pbs.twimg.com/profile_images/1046229713776250881/i1SmYPaA_normal.jpg", "created_at": "Fri Mar 07 20:32:14 +0000 2014", "screen_name": "Patty_Mac24", "default_profile": true, "followers_count": 229, "description": "903 \u2708\ufe0f 580 \u2708\ufe0f 901 \u2708 470", "id_str": "2377627225", "lang": "en", "statuses_count": 3839, "profile_sidebar_fill_color": "DDEEF6", "profile_background_image_url": "http://abs.twimg.com/images/themes/theme1/bg.png", "profile_text_color": "333333", "profile_banner_url": "https://pbs.twimg.com/profile_banners/2377627225/1538275589", "profile_background_color": "C0DEED", "id": 2377627225, "friends_count": 592, "profile_image_url": "http://pbs.twimg.com/profile_images/1046229713776250881/i1SmYPaA_normal.jpg", "profile_use_background_image": true, "profile_background_image_url_https": "https://abs.twimg.com/images/themes/theme1/bg.png", "profile_link_color": "1DA1F2"}, "user_mentions": [{"id": 9648652, "screen_name": "FOXLA", "name": "FOX 11 Los Angeles", "id_str": "9648652"}], "in_reply_to_screen_name": "FOXLA", "created_at": "Thu May 05 19:02:35 +0000 2016", "in_reply_to_status_id": 728013148788154368, "in_reply_to_user_id": 9648652, "text": "@FOXLA https://t.co/OUFwRRYJwu", "hashtags": [], "lang": "und", "media": [{"id": 728298858950885376, "display_url": "pic.twitter.com/OUFwRRYJwu", "expanded_url": "https://twitter.com/Patty_Mac24/status/728298864533512192/photo/1", "url": "https://t.co/OUFwRRYJwu", "media_url": "http://pbs.twimg.com/tweet_video_thumb/Chtv9BoXAAA_t6E.jpg", "video_info": {"variants": [{"content_type": "video/mp4", "bitrate": 0, "url": "https://video.twimg.com/tweet_video/Chtv9BoXAAA_t6E.mp4"}], "aspect_ratio": [50, 27]}, "type": "animated_gif", "media_url_https": "https://pbs.twimg.com/tweet_video_thumb/Chtv9BoXAAA_t6E.jpg", "sizes": {"small": {"w": 200, "resize": "fit", "h": 108}, "large": {"w": 200, "resize": "fit", "h": 108}, "medium": {"w": 200, "resize": "fit", "h": 108}, "thumb": {"w": 108, "resize": "crop", "h": 108}}}], "source": "<a href=\"http://twitter.com/download/iphone\" rel=\"nofollow\">Twitter for iPhone</a>"}