{"id": 728395805611020288, "id_str": "728395805611020288", "urls": [], "user": {"geo_enabled": true, "favourites_count": 47965, "profile_sidebar_border_color": "C0DEED", "name": "\ud83c\udf83SP\ud83d\udc40KY\ud83d\udc7bDAGGER\ud83d\udc7bDICK\ud83c\udf83", "profile_image_url_https": "https://pbs.twimg.com/profile_images/976198248812572672/HmmJFOUA_normal.jpg", "created_at": "Sun Mar 18 22:01:53 +0000 2012", "screen_name": "LilDickGrady", "default_profile": true, "followers_count": 603, "listed_count": 20, "description": "#LFC #BROWNS #BOOMERSOONER", "id_str": "528885033", "lang": "en", "statuses_count": 44609, "profile_sidebar_fill_color": "DDEEF6", "profile_background_image_url": "http://abs.twimg.com/images/themes/theme1/bg.png", "profile_text_color": "333333", "profile_banner_url": "https://pbs.twimg.com/profile_banners/528885033/1524789381", "profile_background_color": "C0DEED", "id": 528885033, "friends_count": 480, "profile_image_url": "http://pbs.twimg.com/profile_images/976198248812572672/HmmJFOUA_normal.jpg", "profile_use_background_image": true, "profile_background_image_url_https": "https://abs.twimg.com/images/themes/theme1/bg.png", "profile_link_color": "1DA1F2"}, "user_mentions": [{"id": 9648652, "screen_name": "FOXLA", "name": "FOX 11 Los Angeles", "id_str": "9648652"}], "in_reply_to_screen_name": "FOXLA", "created_at": "Fri May 06 01:27:47 +0000 2016", "in_reply_to_status_id": 728013148788154368, "in_reply_to_user_id": 9648652, "text": "@FOXLA https://t.co/1mpvyuNfBO", "hashtags": [], "lang": "und", "media": [{"id": 728395723675295749, "display_url": "pic.twitter.com/1mpvyuNfBO", "expanded_url": "https://twitter.com/GradyTheLoveBug/status/728395805611020288/photo/1", "url": "https://t.co/1mpvyuNfBO", "media_url": "http://pbs.twimg.com/tweet_video_thumb/ChvIDS2UYAU0vYS.jpg", "video_info": {"variants": [{"content_type": "video/mp4", "bitrate": 0, "url": "https://video.twimg.com/tweet_video/ChvIDS2UYAU0vYS.mp4"}], "aspect_ratio": [249, 124]}, "type": "animated_gif", "media_url_https": "https://pbs.twimg.com/tweet_video_thumb/ChvIDS2UYAU0vYS.jpg", "sizes": {"small": {"w": 498, "resize": "fit", "h": 248}, "large": {"w": 498, "resize": "fit", "h": 248}, "medium": {"w": 498, "resize": "fit", "h": 248}, "thumb": {"w": 150, "resize": "crop", "h": 150}}}], "source": "<a href=\"http://twitter.com/download/iphone\" rel=\"nofollow\">Twitter for iPhone</a>"}