{"id": 728416926666346496, "id_str": "728416926666346496", "urls": [], "user": {"geo_enabled": true, "location": "Miami, FL", "favourites_count": 608, "profile_sidebar_border_color": "C0DEED", "name": "\ud83d\udcb7\u2604\ufe0f\u0642\u0627\u0626\u062f", "profile_image_url_https": "https://pbs.twimg.com/profile_images/1041074172817014785/UJf4GM1L_normal.jpg", "created_at": "Sun May 18 23:55:19 +0000 2014", "screen_name": "Pacesetterrrr", "default_profile": true, "followers_count": 675, "listed_count": 2, "description": "\ud83c\uddef\ud83c\uddf2", "id_str": "2505837542", "lang": "en", "statuses_count": 9434, "profile_sidebar_fill_color": "DDEEF6", "profile_background_image_url": "http://abs.twimg.com/images/themes/theme1/bg.png", "profile_text_color": "333333", "profile_banner_url": "https://pbs.twimg.com/profile_banners/2505837542/1527914148", "profile_background_color": "C0DEED", "id": 2505837542, "friends_count": 1428, "profile_image_url": "http://pbs.twimg.com/profile_images/1041074172817014785/UJf4GM1L_normal.jpg", "profile_use_background_image": true, "profile_background_image_url_https": "https://abs.twimg.com/images/themes/theme1/bg.png", "profile_link_color": "1DA1F2"}, "user_mentions": [{"id": 9648652, "screen_name": "FOXLA", "name": "FOX 11 Los Angeles", "id_str": "9648652"}], "created_at": "Fri May 06 02:51:43 +0000 2016", "in_reply_to_status_id": 728013148788154368, "in_reply_to_user_id": 9648652, "text": "@FOXLA Gtfoh, they letting niggas carry on with anything", "hashtags": [], "lang": "en", "in_reply_to_screen_name": "FOXLA", "source": "<a href=\"http://twitter.com/download/iphone\" rel=\"nofollow\">Twitter for iPhone</a>"}