{"id": 728627623488786433, "id_str": "728627623488786433", "urls": [], "user": {"geo_enabled": true, "url": "http://t.co/Q7Zw9qoZw5", "favourites_count": 6, "profile_sidebar_border_color": "C0DEED", "name": "Happy Gilmore", "profile_image_url_https": "https://pbs.twimg.com/profile_images/1677891295/happy-gilmore_normal.jpg", "created_at": "Mon May 16 18:03:04 +0000 2011", "screen_name": "_Happy_Gilmore", "followers_count": 401797, "listed_count": 788, "description": "I'm a hockey player turned professional golfer. I love Subway. I hate Shooter McGavin. If you doubt my authenticity just ask Chubbs. Created by @ErikMiller3", "id_str": "299800115", "lang": "en", "statuses_count": 6213, "profile_background_tile": true, "profile_sidebar_fill_color": "DDEEF6", "location": "Waterbury, CT", "profile_background_image_url": "http://abs.twimg.com/images/themes/theme1/bg.png", "profile_text_color": "333333", "profile_banner_url": "https://pbs.twimg.com/profile_banners/299800115/1377581250", "profile_background_color": "C0DEED", "id": 299800115, "friends_count": 228, "profile_image_url": "http://pbs.twimg.com/profile_images/1677891295/happy-gilmore_normal.jpg", "profile_use_background_image": true, "profile_background_image_url_https": "https://abs.twimg.com/images/themes/theme1/bg.png", "profile_link_color": "0084B4"}, "user_mentions": [], "retweet_count": 953, "created_at": "Fri May 06 16:48:57 +0000 2016", "text": "BREAKING: Tom Brady set to share Sports Illustrated cover with Caitlyn Jenner.... https://t.co/wgzdXqsrWx", "hashtags": [], "lang": "en", "media": [{"id": 728627618057207809, "display_url": "pic.twitter.com/wgzdXqsrWx", "expanded_url": "https://twitter.com/_Happy_Gilmore/status/728627623488786433/photo/1", "url": "https://t.co/wgzdXqsrWx", "media_url": "http://pbs.twimg.com/media/Chya9UvWwAERgJo.jpg", "type": "photo", "media_url_https": "https://pbs.twimg.com/media/Chya9UvWwAERgJo.jpg", "sizes": {"large": {"w": 436, "resize": "fit", "h": 600}, "small": {"w": 436, "resize": "fit", "h": 600}, "medium": {"w": 436, "resize": "fit", "h": 600}, "thumb": {"w": 150, "resize": "crop", "h": 150}}}], "favorite_count": 1359, "source": "<a href=\"http://twitter.com/download/android\" rel=\"nofollow\">Twitter for Android</a>"}