{"id": 728710669839826945, "id_str": "728710669839826945", "urls": [], "user": {"geo_enabled": true, "url": "https://t.co/uJXTHwOMUE", "favourites_count": 12533, "profile_sidebar_border_color": "C0DEED", "name": "March 27, 2019 \ud83d\udc51", "profile_image_url_https": "https://pbs.twimg.com/profile_images/1049041815830257664/4KANJ8II_normal.jpg", "created_at": "Mon Oct 26 00:40:19 +0000 2015", "screen_name": "DespicableM2", "default_profile": true, "followers_count": 709, "listed_count": 1, "description": "Yusraa or Saleh \u2764\ufe0f", "id_str": "4042575495", "lang": "en", "statuses_count": 13140, "profile_sidebar_fill_color": "DDEEF6", "location": "Unavailable", "profile_background_image_url": "http://abs.twimg.com/images/themes/theme1/bg.png", "profile_text_color": "333333", "profile_banner_url": "https://pbs.twimg.com/profile_banners/4042575495/1538760365", "profile_background_color": "C0DEED", "id": 4042575495, "friends_count": 2280, "profile_image_url": "http://pbs.twimg.com/profile_images/1049041815830257664/4KANJ8II_normal.jpg", "profile_use_background_image": true, "profile_background_image_url_https": "https://abs.twimg.com/images/themes/theme1/bg.png", "profile_link_color": "1DA1F2"}, "user_mentions": [{"id": 9648652, "screen_name": "FOXLA", "name": "FOX 11 Los Angeles", "id_str": "9648652"}], "created_at": "Fri May 06 22:18:57 +0000 2016", "in_reply_to_status_id": 728013148788154368, "in_reply_to_user_id": 9648652, "text": "@FOXLA \ud83d\ude2d\ud83d\ude2d\ud83d\ude2d\ud83d\ude2d", "hashtags": [], "lang": "und", "in_reply_to_screen_name": "FOXLA", "source": "<a href=\"http://twitter.com/download/iphone\" rel=\"nofollow\">Twitter for iPhone</a>"}