{"id": 728932858400747520, "id_str": "728932858400747520", "urls": [], "user": {"geo_enabled": true, "url": "https://t.co/pBuuhD8nkS", "favourites_count": 451, "profile_sidebar_border_color": "C0DEED", "name": "John T", "profile_image_url_https": "https://pbs.twimg.com/profile_images/378800000084366821/9232a2e3b3434e2121372869ecefeaec_normal.jpeg", "created_at": "Thu Dec 29 23:17:31 +0000 2011", "screen_name": "hootdad", "default_profile": true, "followers_count": 109, "listed_count": 10, "description": "Interested in family, fitness, fun, travel and Disney - proud believer in the progressive ideals this country was founded on - Liberty and Justice for ALL", "id_str": "450161897", "lang": "en", "statuses_count": 3145, "profile_sidebar_fill_color": "DDEEF6", "profile_background_image_url": "http://abs.twimg.com/images/themes/theme1/bg.png", "profile_text_color": "333333", "profile_banner_url": "https://pbs.twimg.com/profile_banners/450161897/1356121108", "profile_background_color": "C0DEED", "id": 450161897, "friends_count": 468, "profile_image_url": "http://pbs.twimg.com/profile_images/378800000084366821/9232a2e3b3434e2121372869ecefeaec_normal.jpeg", "profile_use_background_image": true, "profile_background_image_url_https": "https://abs.twimg.com/images/themes/theme1/bg.png", "profile_link_color": "1DA1F2"}, "user_mentions": [{"id": 10168082, "screen_name": "Heritage", "name": "Heritage Foundation", "id_str": "10168082"}], "created_at": "Sat May 07 13:01:51 +0000 2016", "in_reply_to_status_id": 728625967921401856, "in_reply_to_user_id": 10168082, "text": "@Heritage is supposed to be some sort of \"think tank\"? Clearly \"thinking\" is not what you do. Spreading misinformation is.", "hashtags": [], "lang": "en", "in_reply_to_screen_name": "Heritage", "source": "<a href=\"http://twitter.com\" rel=\"nofollow\">Twitter Web Client</a>"}