{"id": 731095127083614208, "id_str": "731095127083614208", "urls": [], "user": {"profile_text_color": "333333", "id_str": "32293883", "favourites_count": 9986, "profile_sidebar_border_color": "C0DEED", "name": "drew25", "profile_image_url_https": "https://pbs.twimg.com/profile_images/992475778679001089/-pUtIXP9_normal.jpg", "created_at": "Fri Apr 17 03:50:09 +0000 2009", "screen_name": "rkwjk", "default_profile": true, "followers_count": 185, "description": "Republican", "lang": "en", "statuses_count": 12712, "profile_sidebar_fill_color": "DDEEF6", "profile_background_image_url": "http://abs.twimg.com/images/themes/theme1/bg.png", "listed_count": 8, "profile_banner_url": "https://pbs.twimg.com/profile_banners/32293883/1525459832", "profile_background_color": "C0DEED", "id": 32293883, "friends_count": 540, "profile_image_url": "http://pbs.twimg.com/profile_images/992475778679001089/-pUtIXP9_normal.jpg", "profile_use_background_image": true, "profile_background_image_url_https": "https://abs.twimg.com/images/themes/theme1/bg.png", "profile_link_color": "1DA1F2"}, "user_mentions": [{"id": 2467791, "screen_name": "washingtonpost", "name": "Washington Post", "id_str": "2467791"}], "created_at": "Fri May 13 12:13:56 +0000 2016", "in_reply_to_status_id": 731093044460683264, "in_reply_to_user_id": 2467791, "text": "@washingtonpost civil rights have nothing to do with where men use bathrooms &amp; its a disgrace that you would compare the 2. Done with target", "hashtags": [], "lang": "en", "in_reply_to_screen_name": "washingtonpost", "favorite_count": 3, "source": "<a href=\"http://twitter.com/download/iphone\" rel=\"nofollow\">Twitter for iPhone</a>"}