{"id": 740932874900144128, "id_str": "740932874900144128", "urls": [], "user": {"profile_text_color": "333333", "id_str": "993896732", "favourites_count": 74586, "profile_sidebar_border_color": "C0DEED", "name": "Lillian Murphy", "profile_image_url_https": "https://pbs.twimg.com/profile_images/761945413834317824/vNwKCPBy_normal.jpg", "created_at": "Thu Dec 06 21:52:06 +0000 2012", "screen_name": "MurphyLillian", "default_profile": true, "followers_count": 2108, "lang": "en", "statuses_count": 95115, "profile_sidebar_fill_color": "DDEEF6", "profile_background_image_url": "http://abs.twimg.com/images/themes/theme1/bg.png", "listed_count": 58, "profile_banner_url": "https://pbs.twimg.com/profile_banners/993896732/1464375773", "profile_background_color": "C0DEED", "id": 993896732, "friends_count": 1841, "profile_image_url": "http://pbs.twimg.com/profile_images/761945413834317824/vNwKCPBy_normal.jpg", "profile_use_background_image": true, "profile_background_image_url_https": "https://abs.twimg.com/images/themes/theme1/bg.png", "profile_link_color": "1DA1F2"}, "user_mentions": [{"id": 60113766, "screen_name": "Conservativeind", "name": "Kimberly Morin", "id_str": "60113766"}, {"id": 208083510, "screen_name": "Callisto1947", "name": "DR. TWEET, Ph.D.", "id_str": "208083510"}, {"id": 1339835893, "screen_name": "HillaryClinton", "name": "Hillary Clinton", "id_str": "1339835893"}, {"id": 51241574, "screen_name": "AP", "name": "The Associated Press", "id_str": "51241574"}, {"id": 2836421, "screen_name": "MSNBC", "name": "MSNBC", "id_str": "2836421"}, {"id": 807095, "screen_name": "nytimes", "name": "The New York Times", "id_str": "807095"}], "created_at": "Thu Jun 09 15:45:37 +0000 2016", "in_reply_to_status_id": 740748123581087745, "in_reply_to_user_id": 60113766, "text": "@Conservativeind @Callisto1947 @HillaryClinton @AP @MSNBC GET your FACTs Straight @nytimes", "hashtags": [], "lang": "en", "in_reply_to_screen_name": "Conservativeind", "source": "<a href=\"http://twitter.com\" rel=\"nofollow\">Twitter Web Client</a>"}