{"id": 740982276499116032, "id_str": "740982276499116032", "urls": [], "user": {"profile_text_color": "666666", "id_str": "4867581777", "url": "https://t.co/S2C9uplyTD", "favourites_count": 23634, "profile_sidebar_border_color": "181A1E", "name": "JudyDee 47", "profile_image_url_https": "https://pbs.twimg.com/profile_images/715830668043935745/NhyefxKa_normal.jpg", "created_at": "Sun Jan 31 23:35:10 +0000 2016", "screen_name": "judydee47", "followers_count": 2982, "description": "Christian,True American Patriot,respect & honor Military. I speak my mind and know my facts,Shove the PC crap no one tells me what I can't say. LAW & ORDER MAGA", "lang": "en", "statuses_count": 18801, "profile_sidebar_fill_color": "252429", "profile_background_image_url": "http://abs.twimg.com/images/themes/theme9/bg.gif", "listed_count": 21, "profile_banner_url": "https://pbs.twimg.com/profile_banners/4867581777/1462916282", "profile_background_color": "1A1B1F", "id": 4867581777, "friends_count": 3289, "profile_image_url": "http://pbs.twimg.com/profile_images/715830668043935745/NhyefxKa_normal.jpg", "profile_use_background_image": true, "profile_background_image_url_https": "https://abs.twimg.com/images/themes/theme9/bg.gif", "profile_link_color": "2FC2EF"}, "user_mentions": [{"id": 82447359, "screen_name": "ScottBaio", "name": "Scott Baio", "id_str": "82447359"}, {"id": 2407411801, "screen_name": "La700Robert", "name": "Hacker 4 Trump", "id_str": "2407411801"}, {"id": 1339835893, "screen_name": "HillaryClinton", "name": "Hillary Clinton", "id_str": "1339835893"}, {"id": 25073877, "screen_name": "realDonaldTrump", "name": "Donald J. Trump", "id_str": "25073877"}], "created_at": "Thu Jun 09 19:01:56 +0000 2016", "in_reply_to_status_id": 740791134146965504, "in_reply_to_user_id": 82447359, "text": "@ScottBaio @La700Robert @HillaryClinton @realDonaldTrump just another of her many lies.", "hashtags": [], "lang": "en", "in_reply_to_screen_name": "ScottBaio", "source": "<a href=\"http://twitter.com\" rel=\"nofollow\">Twitter Web Client</a>"}