{"id": 742050150307246080, "id_str": "742050150307246080", "urls": [{"expanded_url": "https://twitter.com/wsjMelanie/status/742049466962837505", "url": "https://t.co/TutrlZ78N6"}], "user": {"id_str": "16190478", "url": "https://t.co/pFasl5Svb2", "favourites_count": 25837, "profile_sidebar_border_color": "FFFFFF", "name": "L@@K SQUIRREL!!!!!!!", "profile_image_url_https": "https://pbs.twimg.com/profile_images/1037854481201999873/9mdSVka-_normal.jpg", "profile_link_color": "1B95E0", "screen_name": "HouseCracka", "followers_count": 57143, "listed_count": 1487, "description": "#MAGA #TrumpTrain \n#Trump2020 #KAG\n \ud83c\uddfa\ud83c\uddf8\ud83c\uddfa\ud83c\uddf8\ud83c\uddfa\ud83c\uddf8\ud83c\uddfa\ud83c\uddf8", "created_at": "Mon Sep 08 19:42:48 +0000 2008", "lang": "en", "profile_background_tile": true, "profile_sidebar_fill_color": "C0DFEC", "location": "Republic of House", "profile_background_image_url": "http://abs.twimg.com/images/themes/theme15/bg.png", "profile_text_color": "333333", "profile_banner_url": "https://pbs.twimg.com/profile_banners/16190478/1533487784", "profile_background_color": "3B94D9", "id": 16190478, "friends_count": 33197, "profile_image_url": "http://pbs.twimg.com/profile_images/1037854481201999873/9mdSVka-_normal.jpg", "profile_use_background_image": true, "profile_background_image_url_https": "https://abs.twimg.com/images/themes/theme15/bg.png", "statuses_count": 827715}, "quoted_status_id_str": "742049466962837505", "user_mentions": [], "quoted_status_id": 742049466962837505, "retweet_count": 141, "created_at": "Sun Jun 12 17:45:17 +0000 2016", "text": "Shooter in Orlando was: \n\nA. Muslim\nB. Registered Democrat Voter\nC. ISIS \nD. Homophobic \nE. Ready For Hillary \n https://t.co/TutrlZ78N6", "hashtags": [], "lang": "en", "quoted_status": {"id": 742049466962837505, "id_str": "742049466962837505", "urls": [{"expanded_url": "http://www.wsj.com/articles/orlando-nightclub-hit-by-shooting-causing-multiple-injuries-1465720691", "url": "https://t.co/3ivQLPq31p"}], "user": {"id_str": "867504295", "location": "Washington, DC ", "favourites_count": 2, "name": "Melanie Trottman", "profile_image_url_https": "https://pbs.twimg.com/profile_images/775747747076935680/tASuT2P1_normal.jpg", "created_at": "Mon Oct 08 06:03:38 +0000 2012", "screen_name": "MelanieTrottman", "default_profile": true, "followers_count": 3038, "listed_count": 211, "description": "Recent Wall Street Journal \"graduate\" transitioning to next phase of work. Have reported on labor and economics, airlines and travel, product safety and drugs.", "lang": "en", "statuses_count": 3128, "profile_sidebar_fill_color": "DDEEF6", "profile_background_image_url": "http://abs.twimg.com/images/themes/theme1/bg.png", "profile_text_color": "333333", "profile_sidebar_border_color": "C0DEED", "profile_background_color": "C0DEED", "id": 867504295, "friends_count": 370, "profile_image_url": "http://pbs.twimg.com/profile_images/775747747076935680/tASuT2P1_normal.jpg", "profile_use_background_image": true, "profile_background_image_url_https": "https://abs.twimg.com/images/themes/theme1/bg.png", "profile_link_color": "1DA1F2"}, "source": "<a href=\"http://mobile.twitter.com\" rel=\"nofollow\">Mobile Web</a>", "user_mentions": [], "retweet_count": 9, "created_at": "Sun Jun 12 17:42:34 +0000 2016", "text": "NEW INFO: Suspect in Orlando mass shooting was a security guard, had gun license and was U.S. citizen born in U.S. https://t.co/3ivQLPq31p", "hashtags": [], "lang": "en", "favorite_count": 4}, "favorite_count": 130, "source": "<a href=\"https://about.twitter.com/products/tweetdeck\" rel=\"nofollow\">TweetDeck</a>"}