{"id": 742011859755241472, "id_str": "742011859755241472", "urls": [], "user": {"profile_text_color": "333333", "id_str": "2516595448", "favourites_count": 27085, "profile_sidebar_border_color": "C0DEED", "name": "Brent", "profile_image_url_https": "https://pbs.twimg.com/profile_images/773475345269940228/NSELUqFC_normal.jpg", "created_at": "Tue Apr 29 10:03:11 +0000 2014", "screen_name": "gunmaster0702", "default_profile": true, "followers_count": 3569, "description": "Conservative, lover of aviation, 2nd Amendment defender. Molon Labe. I support Military & #Trump 100%.", "lang": "en", "statuses_count": 25741, "profile_sidebar_fill_color": "DDEEF6", "profile_background_image_url": "http://abs.twimg.com/images/themes/theme1/bg.png", "listed_count": 62, "profile_banner_url": "https://pbs.twimg.com/profile_banners/2516595448/1492179936", "profile_background_color": "C0DEED", "id": 2516595448, "friends_count": 3639, "profile_image_url": "http://pbs.twimg.com/profile_images/773475345269940228/NSELUqFC_normal.jpg", "profile_use_background_image": true, "profile_background_image_url_https": "https://abs.twimg.com/images/themes/theme1/bg.png", "profile_link_color": "1DA1F2"}, "user_mentions": [{"id": 497585347, "screen_name": "ajhlawless", "name": "LawlessInSeattle", "id_str": "497585347"}, {"id": 3092625141, "screen_name": "andieiamwhoiam", "name": "andieiam", "id_str": "3092625141"}], "created_at": "Sun Jun 12 15:13:07 +0000 2016", "in_reply_to_status_id": 741996756368510976, "in_reply_to_user_id": 497585347, "text": "@ajhlawless @andieiamwhoiam Paris has very strick gun laws. That didn't stop the Paris attacks. Gun laws are irrelevant.", "hashtags": [], "lang": "en", "in_reply_to_screen_name": "ajhlawless", "source": "<a href=\"http://twitter.com/download/android\" rel=\"nofollow\">Twitter for Android</a>"}