{"id": 742050823845253120, "id_str": "742050823845253120", "urls": [], "user": {"profile_text_color": "333333", "id_str": "4322318008", "favourites_count": 16806, "name": "Marc Rybyn", "profile_image_url_https": "https://pbs.twimg.com/profile_images/671167230500057088/QHEp1xyC_normal.jpg", "created_at": "Sun Nov 29 22:00:25 +0000 2015", "screen_name": "RybynM", "default_profile": true, "followers_count": 2038, "lang": "en", "statuses_count": 13634, "profile_sidebar_fill_color": "DDEEF6", "profile_background_image_url": "http://abs.twimg.com/images/themes/theme1/bg.png", "listed_count": 1, "profile_sidebar_border_color": "C0DEED", "profile_background_color": "C0DEED", "id": 4322318008, "friends_count": 4993, "profile_image_url": "http://pbs.twimg.com/profile_images/671167230500057088/QHEp1xyC_normal.jpg", "profile_use_background_image": true, "profile_background_image_url_https": "https://abs.twimg.com/images/themes/theme1/bg.png", "profile_link_color": "1DA1F2"}, "user_mentions": [{"id": 16190478, "screen_name": "HouseCracka", "name": "L@@K SQUIRREL!!!!!!!", "id_str": "16190478"}], "retweet_count": 1, "created_at": "Sun Jun 12 17:47:57 +0000 2016", "in_reply_to_status_id": 742050150307246080, "in_reply_to_user_id": 16190478, "text": "@HouseCracka @wsjMelanie F. Not an NRA member.", "hashtags": [], "lang": "en", "in_reply_to_screen_name": "HouseCracka", "favorite_count": 3, "source": "<a href=\"http://twitter.com/download/iphone\" rel=\"nofollow\">Twitter for iPhone</a>"}