{"id": 742056693140312064, "id_str": "742056693140312064", "urls": [], "user": {"favourites_count": 56642, "profile_sidebar_fill_color": "DDEEF6", "name": ".", "id_str": "4881287495", "listed_count": 1, "statuses_count": 16785, "profile_text_color": "333333", "profile_sidebar_border_color": "C0DEED", "profile_image_url_https": "https://pbs.twimg.com/profile_images/1011945932747763713/j_NgUovU_normal.jpg", "profile_background_color": "F5F8FA", "created_at": "Sat Feb 06 12:19:32 +0000 2016", "screen_name": "lifeinliv", "default_profile": true, "followers_count": 201, "friends_count": 1234, "profile_image_url": "http://pbs.twimg.com/profile_images/1011945932747763713/j_NgUovU_normal.jpg", "id": 4881287495, "profile_use_background_image": true, "lang": "en", "profile_link_color": "1DA1F2"}, "user_mentions": [{"id": 358545917, "screen_name": "Cernovich", "name": "Mike Cernovich \ud83c\uddfa\ud83c\uddf8", "id_str": "358545917"}], "created_at": "Sun Jun 12 18:11:17 +0000 2016", "in_reply_to_status_id": 742055437932040193, "in_reply_to_user_id": 358545917, "text": "@Cernovich Just because he is with Islam, doesn't meant that Islam is with him. All religion does not encourage anyone to do murder.", "hashtags": [], "lang": "en", "in_reply_to_screen_name": "Cernovich", "source": "<a href=\"http://twitter.com/#!/download/ipad\" rel=\"nofollow\">Twitter for iPad</a>"}