{"id": 742128362181808129, "id_str": "742128362181808129", "urls": [], "user": {"id_str": "478721569", "location": "Ayrshire", "favourites_count": 1377, "profile_sidebar_border_color": "000000", "name": "Hugh Parker", "profile_image_url_https": "https://pbs.twimg.com/profile_images/2593046440/6VSKAMHA_normal", "created_at": "Mon Jan 30 16:00:37 +0000 2012", "screen_name": "hughp1970", "followers_count": 150, "listed_count": 6, "description": "Architect & geek: equal measures art & science, double comics & sci-fi, with generous dash of football", "lang": "en", "statuses_count": 6052, "profile_sidebar_fill_color": "000000", "profile_background_image_url": "http://abs.twimg.com/images/themes/theme1/bg.png", "profile_text_color": "000000", "profile_banner_url": "https://pbs.twimg.com/profile_banners/478721569/1528136111", "profile_background_color": "000000", "id": 478721569, "friends_count": 409, "profile_image_url": "http://pbs.twimg.com/profile_images/2593046440/6VSKAMHA_normal", "profile_background_image_url_https": "https://abs.twimg.com/images/themes/theme1/bg.png", "profile_link_color": "0084B4"}, "user_mentions": [{"id": 14294848, "screen_name": "snopes", "name": "snopes.com", "id_str": "14294848"}, {"id": 25073877, "screen_name": "realDonaldTrump", "name": "Donald J. Trump", "id_str": "25073877"}], "created_at": "Sun Jun 12 22:56:04 +0000 2016", "in_reply_to_status_id": 742114513726623744, "in_reply_to_user_id": 14294848, "text": "@snopes @realDonaldTrump Really, reading the whole message doesn't actually make it any better.", "hashtags": [], "lang": "en", "in_reply_to_screen_name": "snopes", "source": "<a href=\"http://twitter.com/download/android\" rel=\"nofollow\">Twitter for Android</a>"}