{"id": 742118589336018945, "id_str": "742118589336018945", "urls": [], "user": {"geo_enabled": true, "location": "Chicago, IL", "favourites_count": 7857, "profile_sidebar_border_color": "C0DEED", "name": "Ded Zeppelin \ud83d\udc8e", "profile_image_url_https": "https://pbs.twimg.com/profile_images/1010850959038255105/XSQ_lBLg_normal.jpg", "created_at": "Sun Jan 11 19:27:50 +0000 2015", "screen_name": "dedzepln", "default_profile": true, "followers_count": 311, "listed_count": 8, "description": "Conservative Hip Hop Pioneer", "id_str": "2973551325", "lang": "en", "statuses_count": 8912, "profile_sidebar_fill_color": "DDEEF6", "profile_background_image_url": "http://abs.twimg.com/images/themes/theme1/bg.png", "profile_text_color": "333333", "profile_banner_url": "https://pbs.twimg.com/profile_banners/2973551325/1529840518", "profile_background_color": "C0DEED", "id": 2973551325, "friends_count": 325, "profile_image_url": "http://pbs.twimg.com/profile_images/1010850959038255105/XSQ_lBLg_normal.jpg", "profile_use_background_image": true, "profile_background_image_url_https": "https://abs.twimg.com/images/themes/theme1/bg.png", "profile_link_color": "1DA1F2"}, "user_mentions": [{"id": 14294848, "screen_name": "snopes", "name": "snopes.com", "id_str": "14294848"}, {"id": 25073877, "screen_name": "realDonaldTrump", "name": "Donald J. Trump", "id_str": "25073877"}, {"id": 14294848, "screen_name": "snopes", "name": "snopes.com", "id_str": "14294848"}], "created_at": "Sun Jun 12 22:17:14 +0000 2016", "in_reply_to_status_id": 742114513726623744, "in_reply_to_user_id": 14294848, "text": "@snopes @realDonaldTrump nice selective editing on the screen cap. My response to the shooting was @snopes likes balls", "hashtags": [], "lang": "en", "in_reply_to_screen_name": "snopes", "favorite_count": 1, "source": "<a href=\"http://twitter.com/download/iphone\" rel=\"nofollow\">Twitter for iPhone</a>"}