{"id": 745368641831583748, "id_str": "745368641831583748", "urls": [], "user": {"id_str": "274059601", "location": "Salisbury..Charlotte **704**", "favourites_count": 763, "profile_sidebar_border_color": "EEEEEE", "name": "Archie Bunker", "profile_image_url_https": "https://pbs.twimg.com/profile_images/746789688959197184/P6kf81Bb_normal.jpg", "profile_link_color": "009999", "screen_name": "ShotzBurygoon", "followers_count": 980, "listed_count": 24, "description": "It's all an illusion...", "created_at": "Tue Mar 29 17:07:26 +0000 2011", "lang": "en", "profile_background_tile": true, "profile_sidebar_fill_color": "EFEFEF", "profile_background_image_url": "http://abs.twimg.com/images/themes/theme1/bg.png", "profile_text_color": "333333", "profile_banner_url": "https://pbs.twimg.com/profile_banners/274059601/1453759731", "profile_background_color": "131516", "id": 274059601, "friends_count": 702, "profile_image_url": "http://pbs.twimg.com/profile_images/746789688959197184/P6kf81Bb_normal.jpg", "profile_use_background_image": true, "profile_background_image_url_https": "https://abs.twimg.com/images/themes/theme1/bg.png", "statuses_count": 182219}, "user_mentions": [{"id": 2293850340, "screen_name": "CharMeLoDi", "name": "come to me charmaine", "id_str": "2293850340"}], "created_at": "Tue Jun 21 21:31:47 +0000 2016", "in_reply_to_status_id": 745365403237376000, "in_reply_to_user_id": 56300259, "text": "@CharMeLoDi you have a source for this?", "hashtags": [], "lang": "en", "in_reply_to_screen_name": "CharMeLoDiZ", "favorite_count": 2, "source": "<a href=\"http://twitter.com/download/android\" rel=\"nofollow\">Twitter for Android</a>"}