{"created_at": "Mon Jun 27 03:50:26 +0000 2016", "id": 747275874811023361, "favorite_count": 2, "id_str": "747275874811023361", "urls": [], "text": "@peddoc63 You can't fix crazy.", "user": {"geo_enabled": true, "url": "https://t.co/x174ahgtqs", "favourites_count": 12482, "profile_sidebar_border_color": "C0DEED", "name": "Sandman's Last Stand", "profile_image_url_https": "https://pbs.twimg.com/profile_images/648699731661733888/XPaks2EO_normal.jpg", "created_at": "Sun Oct 20 09:27:49 +0000 2013", "screen_name": "nibirusandman", "default_profile": true, "followers_count": 3477, "listed_count": 40, "description": "Gracie Barra Black Belt, 10th Planet Ronin            \n    \nI'm a professional pterodactyl trainer.  My wish list if you're disturbed enough to buy me something", "id_str": "1974473508", "lang": "en", "statuses_count": 19727, "profile_sidebar_fill_color": "DDEEF6", "profile_background_image_url": "http://abs.twimg.com/images/themes/theme1/bg.png", "profile_text_color": "333333", "profile_banner_url": "https://pbs.twimg.com/profile_banners/1974473508/1412534637", "profile_background_color": "C0DEED", "id": 1974473508, "friends_count": 3317, "profile_image_url": "http://pbs.twimg.com/profile_images/648699731661733888/XPaks2EO_normal.jpg", "profile_use_background_image": true, "profile_background_image_url_https": "https://abs.twimg.com/images/themes/theme1/bg.png", "profile_link_color": "1DA1F2"}, "hashtags": [], "lang": "en", "source": "<a href=\"http://twitter.com/download/android\" rel=\"nofollow\">Twitter for Android</a>", "user_mentions": []}