{"created_at": "Mon Jun 27 03:57:31 +0000 2016", "id": 747277654995329025, "favorite_count": 2, "id_str": "747277654995329025", "urls": [], "text": "@peddoc63 I fought my whole life against stereotyping, and I'm in shock at how many people are falling for this crap. We have to stop them.", "user": {"geo_enabled": true, "location": "Florida", "favourites_count": 23734, "profile_sidebar_border_color": "FFFFFF", "name": "lee h. alderman", "profile_image_url_https": "https://pbs.twimg.com/profile_images/1038231930171469830/ngQommPy_normal.jpg", "created_at": "Fri Apr 24 07:56:27 +0000 2009", "screen_name": "reversechapter", "followers_count": 2057, "listed_count": 22, "description": "All Tweets are the sole opinion of this version of me.", "id_str": "34877825", "lang": "en", "statuses_count": 32934, "profile_sidebar_fill_color": "DDEEF6", "profile_background_image_url": "http://abs.twimg.com/images/themes/theme9/bg.gif", "profile_text_color": "333333", "profile_banner_url": "https://pbs.twimg.com/profile_banners/34877825/1536115705", "profile_background_color": "9E7C5F", "id": 34877825, "friends_count": 4519, "profile_image_url": "http://pbs.twimg.com/profile_images/1038231930171469830/ngQommPy_normal.jpg", "profile_use_background_image": true, "profile_background_image_url_https": "https://abs.twimg.com/images/themes/theme9/bg.gif", "profile_link_color": "0D35E0"}, "hashtags": [], "lang": "en", "source": "<a href=\"http://twitter.com\" rel=\"nofollow\">Twitter Web Client</a>", "user_mentions": []}