{"id": 748652254396198912, "id_str": "748652254396198912", "urls": [], "user": {"id_str": "551750280", "location": "Malibu, California", "favourites_count": 3174, "name": "Captain 787", "profile_image_url_https": "https://pbs.twimg.com/profile_images/510486014960234496/DcF7K-FZ_normal.jpeg", "created_at": "Thu Apr 12 08:08:40 +0000 2012", "screen_name": "Boeing7872012", "followers_count": 103, "listed_count": 4, "lang": "en", "statuses_count": 6771, "profile_sidebar_fill_color": "95E8EC", "profile_background_image_url": "http://abs.twimg.com/images/themes/theme4/bg.gif", "profile_text_color": "3C3940", "profile_sidebar_border_color": "5ED4DC", "profile_background_color": "0099B9", "id": 551750280, "friends_count": 251, "profile_image_url": "http://pbs.twimg.com/profile_images/510486014960234496/DcF7K-FZ_normal.jpeg", "profile_use_background_image": true, "profile_background_image_url_https": "https://abs.twimg.com/images/themes/theme4/bg.gif", "profile_link_color": "0099B9"}, "user_mentions": [{"id": 759251, "screen_name": "CNN", "name": "CNN", "id_str": "759251"}], "created_at": "Thu Jun 30 22:59:41 +0000 2016", "in_reply_to_status_id": 748640007934590976, "in_reply_to_user_id": 759251, "text": "@CNN The number 1 killer is CNN", "hashtags": [], "lang": "en", "in_reply_to_screen_name": "CNN", "source": "<a href=\"http://twitter.com\" rel=\"nofollow\">Twitter Web Client</a>"}