{"id": 749041116591251456, "id_str": "749041116591251456", "urls": [], "user": {"id_str": "3639087436", "location": "Indiana, USA", "favourites_count": 103459, "profile_sidebar_border_color": "C0DEED", "name": "Daniel Keller", "profile_image_url_https": "https://pbs.twimg.com/profile_images/955687451271581697/wZwxf6qm_normal.jpg", "created_at": "Sun Sep 13 05:49:34 +0000 2015", "screen_name": "DanielKusa", "default_profile": true, "followers_count": 3945, "listed_count": 120, "lang": "en", "statuses_count": 113944, "profile_sidebar_fill_color": "DDEEF6", "profile_background_image_url": "http://abs.twimg.com/images/themes/theme1/bg.png", "profile_text_color": "333333", "profile_banner_url": "https://pbs.twimg.com/profile_banners/3639087436/1524439092", "profile_background_color": "C0DEED", "id": 3639087436, "friends_count": 4832, "profile_image_url": "http://pbs.twimg.com/profile_images/955687451271581697/wZwxf6qm_normal.jpg", "profile_use_background_image": true, "profile_background_image_url_https": "https://abs.twimg.com/images/themes/theme1/bg.png", "profile_link_color": "1DA1F2"}, "user_mentions": [], "created_at": "Sat Jul 02 00:44:53 +0000 2016", "in_reply_to_status_id": 749039299677417472, "in_reply_to_user_id": 709497411144523776, "text": "@THExTRUMPxTRAIN .....WOOOWWW !!!...... were they paid to do this ?", "hashtags": [], "lang": "en", "in_reply_to_screen_name": "investors_mark", "favorite_count": 1, "source": "<a href=\"http://twitter.com/download/android\" rel=\"nofollow\">Twitter for Android</a>"}