{"id": 749287598879870976, "id_str": "749287598879870976", "urls": [], "user": {"favourites_count": 24, "profile_sidebar_fill_color": "DDEEF6", "name": "Nwankwo Cosmas", "id_str": "736331671700705282", "listed_count": 1, "statuses_count": 158, "profile_text_color": "333333", "profile_sidebar_border_color": "C0DEED", "default_profile_image": true, "profile_image_url_https": "https://abs.twimg.com/sticky/default_profile_images/default_profile_normal.png", "profile_background_color": "F5F8FA", "created_at": "Fri May 27 23:02:05 +0000 2016", "screen_name": "NCommas", "default_profile": true, "followers_count": 9, "friends_count": 93, "profile_image_url": "http://abs.twimg.com/sticky/default_profile_images/default_profile_normal.png", "id": 736331671700705282, "profile_use_background_image": true, "lang": "en-gb", "profile_link_color": "1DA1F2"}, "user_mentions": [{"id": 759251, "screen_name": "CNN", "name": "CNN", "id_str": "759251"}], "created_at": "Sat Jul 02 17:04:19 +0000 2016", "in_reply_to_status_id": 749286768554438658, "in_reply_to_user_id": 759251, "text": "@cnn remember in biafra africa dies support #biaexit from lies called nigeria", "hashtags": [{"text": "biaexit"}], "lang": "en", "in_reply_to_screen_name": "CNN", "source": "<a href=\"https://mobile.twitter.com\" rel=\"nofollow\">Mobile Web (M2)</a>"}