{"id": 749805239369404416, "id_str": "749805239369404416", "urls": [], "user": {"id_str": "2776376446", "location": "Florida, USA", "favourites_count": 128044, "profile_sidebar_border_color": "C0DEED", "name": "Dan Dare P.O.T.F.", "profile_image_url_https": "https://pbs.twimg.com/profile_images/795686812664655872/j31Zo7CX_normal.jpg", "created_at": "Fri Sep 19 17:22:50 +0000 2014", "screen_name": "unameitdestin", "default_profile": true, "followers_count": 3821, "listed_count": 74, "description": "Pirate of the Future ~ Lovin' Life, the Wife and Kids & Livin' on the Gulf Coast. RT's not endorsements. #Trump2016 ~ #MAGA ~ Semper Fi", "lang": "en", "statuses_count": 37381, "profile_sidebar_fill_color": "DDEEF6", "profile_background_image_url": "http://abs.twimg.com/images/themes/theme1/bg.png", "profile_text_color": "333333", "profile_banner_url": "https://pbs.twimg.com/profile_banners/2776376446/1458534953", "profile_background_color": "C0DEED", "id": 2776376446, "friends_count": 4980, "profile_image_url": "http://pbs.twimg.com/profile_images/795686812664655872/j31Zo7CX_normal.jpg", "profile_use_background_image": true, "profile_background_image_url_https": "https://abs.twimg.com/images/themes/theme1/bg.png", "profile_link_color": "1DA1F2"}, "user_mentions": [{"id": 16552921, "screen_name": "gamma_ray239", "name": "JMFJ \ud83c\uddf1\ud83c\uddf7\ud83e\udd82\ud83d\udd77\ud83d\udd78", "id_str": "16552921"}, {"id": 702396709297635329, "screen_name": "Cynthia_Jeanne3", "name": "\ud83c\uddfa\ud83c\uddf8 Cynthia", "id_str": "702396709297635329"}, {"id": 822215673812119553, "screen_name": "WhiteHouse", "name": "The White House", "id_str": "822215673812119553"}, {"id": 14377605, "screen_name": "TheDemocrats", "name": "The Democrats", "id_str": "14377605"}], "created_at": "Mon Jul 04 03:21:14 +0000 2016", "in_reply_to_status_id": 748543642323783681, "in_reply_to_user_id": 16552921, "text": "@gamma_ray239 @Cynthia_Jeanne3 @WhiteHouse @TheDemocrats and gives himself a raise", "hashtags": [], "lang": "en", "in_reply_to_screen_name": "gamma_ray239", "favorite_count": 1, "source": "<a href=\"http://twitter.com/download/iphone\" rel=\"nofollow\">Twitter for iPhone</a>"}