{"id": 750831699563540480, "id_str": "750831699563540480", "urls": [], "user": {"geo_enabled": true, "url": "https://t.co/5e657xa9Bl", "favourites_count": 3072, "name": "garrlous.com", "profile_image_url_https": "https://pbs.twimg.com/profile_images/2511635405/xu31522a5w75rquiq550_normal.jpeg", "created_at": "Tue Jul 31 13:55:04 +0000 2012", "screen_name": "httpgarrlouscom", "followers_count": 762, "listed_count": 15, "description": "the kid from long island NY TRUMP SUPPORT, FACTS AND OPINIONS pro.american pro police,military, patriot, defend america,conservative,manage immigration,refugees", "id_str": "728443410", "lang": "en", "statuses_count": 25631, "profile_sidebar_fill_color": "F6F6F6", "location": "united states", "profile_background_image_url": "http://abs.twimg.com/images/themes/theme18/bg.gif", "profile_text_color": "333333", "profile_sidebar_border_color": "EEEEEE", "profile_background_color": "ACDED6", "id": 728443410, "friends_count": 965, "profile_image_url": "http://pbs.twimg.com/profile_images/2511635405/xu31522a5w75rquiq550_normal.jpeg", "profile_use_background_image": true, "profile_background_image_url_https": "https://abs.twimg.com/images/themes/theme18/bg.gif", "profile_link_color": "038543"}, "user_mentions": [{"id": 16552921, "screen_name": "gamma_ray239", "name": "JMFJ \ud83c\uddf1\ud83c\uddf7\ud83e\udd82\ud83d\udd77\ud83d\udd78", "id_str": "16552921"}, {"id": 822215673812119553, "screen_name": "WhiteHouse", "name": "The White House", "id_str": "822215673812119553"}, {"id": 14377605, "screen_name": "TheDemocrats", "name": "The Democrats", "id_str": "14377605"}], "created_at": "Wed Jul 06 23:20:01 +0000 2016", "in_reply_to_status_id": 748543642323783681, "in_reply_to_user_id": 16552921, "text": "@gamma_ray239 @WhiteHouse @TheDemocrats maybe when the attack comes they can thro burgers and pork at them", "hashtags": [], "lang": "en", "in_reply_to_screen_name": "gamma_ray239", "source": "<a href=\"http://twitter.com/download/android\" rel=\"nofollow\">Twitter for Android</a>"}