{"id": 755563106474954753, "id_str": "755563106474954753", "urls": [], "user": {"geo_enabled": true, "location": "Pennsylvania, USA", "favourites_count": 6322, "profile_sidebar_border_color": "C0DEED", "name": "#Deplorable Debra", "profile_image_url_https": "https://pbs.twimg.com/profile_images/799055528223797248/HNaCAhXp_normal.jpg", "created_at": "Mon Apr 06 22:06:57 +0000 2015", "screen_name": "DebraAr49979596", "default_profile": true, "followers_count": 5961, "listed_count": 127, "description": "#PhillyPAMAGA \n#PRESIDENTTRUMP \nsupport police veterans \nIsrael.\nrelated to William Clayton first judge of PA \nI want my country back", "id_str": "3142081493", "lang": "en", "statuses_count": 39641, "profile_sidebar_fill_color": "DDEEF6", "profile_background_image_url": "http://abs.twimg.com/images/themes/theme1/bg.png", "profile_text_color": "333333", "profile_banner_url": "https://pbs.twimg.com/profile_banners/3142081493/1483826424", "profile_background_color": "C0DEED", "id": 3142081493, "friends_count": 1750, "profile_image_url": "http://pbs.twimg.com/profile_images/799055528223797248/HNaCAhXp_normal.jpg", "profile_use_background_image": true, "profile_background_image_url_https": "https://abs.twimg.com/images/themes/theme1/bg.png", "profile_link_color": "1DA1F2"}, "user_mentions": [{"id": 3272284375, "screen_name": "santiagos58", "name": "Santiago", "id_str": "3272284375"}, {"id": 594886554, "screen_name": "TheLastRefuge2", "name": "TheLastRefuge", "id_str": "594886554"}], "retweet_count": 2, "created_at": "Wed Jul 20 00:40:56 +0000 2016", "in_reply_to_status_id": 755475529294352385, "in_reply_to_user_id": 3272284375, "text": "@santiagos58 @TheLastRefuge2 Incredibly evil Hoodrats", "hashtags": [], "lang": "en", "in_reply_to_screen_name": "santiagos58", "favorite_count": 1, "source": "<a href=\"http://twitter.com/download/android\" rel=\"nofollow\">Twitter for Android</a>"}