{"id": 756303123405307904, "id_str": "756303123405307904", "urls": [{"expanded_url": "http://youtu.be/-dY77j6uBHI", "url": "https://t.co/JUnB2wxHxC"}], "user": {"geo_enabled": true, "favourites_count": 75, "name": "J. G. Paquette", "profile_image_url_https": "https://pbs.twimg.com/profile_images/589837094886965248/3MXjIcXl_normal.jpg", "created_at": "Sun Aug 14 13:24:01 +0000 2011", "screen_name": "JPaquette1", "default_profile": true, "followers_count": 9, "id_str": "354882541", "lang": "en", "statuses_count": 640, "profile_sidebar_fill_color": "DDEEF6", "profile_background_image_url": "http://abs.twimg.com/images/themes/theme1/bg.png", "profile_text_color": "333333", "profile_sidebar_border_color": "C0DEED", "profile_background_color": "C0DEED", "id": 354882541, "friends_count": 85, "profile_image_url": "http://pbs.twimg.com/profile_images/589837094886965248/3MXjIcXl_normal.jpg", "profile_use_background_image": true, "profile_background_image_url_https": "https://abs.twimg.com/images/themes/theme1/bg.png", "profile_link_color": "1DA1F2"}, "user_mentions": [{"id": 15164565, "screen_name": "Slate", "name": "Slate", "id_str": "15164565"}], "created_at": "Fri Jul 22 01:41:30 +0000 2016", "in_reply_to_status_id": 756282236375277568, "in_reply_to_user_id": 15164565, "text": "@Slate   See what Hillary is quoted as saying:  https://t.co/JUnB2wxHxC", "hashtags": [], "lang": "en", "place": {"id": "cd450c94084cbf9b", "full_name": "Massachusetts, USA", "url": "https://api.twitter.com/1.1/geo/id/cd450c94084cbf9b.json", "attributes": {}, "country_code": "US", "country": "Estados Unidos", "name": "Massachusetts", "contained_within": [], "place_type": "admin", "bounding_box": {"type": "Polygon", "coordinates": [[[-73.508143, 41.187054], [-69.858861, 41.187054], [-69.858861, 42.8868241], [-73.508143, 42.8868241]]]}}, "in_reply_to_screen_name": "Slate", "source": "<a href=\"http://twitter.com/download/iphone\" rel=\"nofollow\">Twitter for iPhone</a>"}