{"id": 756613339502022660, "id_str": "756613339502022660", "urls": [], "user": {"id_str": "382495307", "location": "Mother Earth \u262e", "favourites_count": 117875, "profile_sidebar_border_color": "FFFFFF", "name": "Deborah Solomon", "profile_image_url_https": "https://pbs.twimg.com/profile_images/1581046370/Crusader-1069270203_normal.jpg", "profile_link_color": "2FC2EF", "screen_name": "AlphaVita54", "followers_count": 3523, "listed_count": 16, "description": "Walking on the Twitwire .. this critical thinker makes a non-fiction living with words shaped by experience, insight and understanding. PC is a muzzle", "created_at": "Fri Sep 30 05:16:14 +0000 2011", "lang": "en", "profile_background_tile": true, "profile_sidebar_fill_color": "252429", "profile_background_image_url": "http://abs.twimg.com/images/themes/theme9/bg.gif", "profile_text_color": "666666", "profile_banner_url": "https://pbs.twimg.com/profile_banners/382495307/1384230277", "profile_background_color": "1A1B1F", "id": 382495307, "friends_count": 3004, "profile_image_url": "http://pbs.twimg.com/profile_images/1581046370/Crusader-1069270203_normal.jpg", "profile_use_background_image": true, "profile_background_image_url_https": "https://abs.twimg.com/images/themes/theme9/bg.gif", "statuses_count": 30769}, "user_mentions": [{"id": 986745014326788096, "screen_name": "Gotham3", "name": "Gotham", "id_str": "986745014326788096"}], "created_at": "Fri Jul 22 22:14:11 +0000 2016", "in_reply_to_status_id": 756224853183598593, "in_reply_to_user_id": 126903716, "text": "@Gotham3 But, it's obviously a wave either to someone specific or the crowd in that direction.", "hashtags": [], "lang": "en", "in_reply_to_screen_name": "KaptanHindustan", "source": "<a href=\"http://twitter.com\" rel=\"nofollow\">Twitter Web Client</a>"}