{"id": 758770547878539264, "id_str": "758770547878539264", "urls": [], "user": {"geo_enabled": true, "favourites_count": 19773, "name": "Sherri Martin", "profile_image_url_https": "https://pbs.twimg.com/profile_images/715300508995551233/dxbD10Y0_normal.jpg", "created_at": "Wed Jun 11 04:19:51 +0000 2014", "screen_name": "shaggalag50", "default_profile": true, "followers_count": 1963, "listed_count": 37, "id_str": "2560537256", "lang": "en", "statuses_count": 16607, "profile_sidebar_fill_color": "DDEEF6", "profile_background_image_url": "http://abs.twimg.com/images/themes/theme1/bg.png", "profile_text_color": "333333", "profile_sidebar_border_color": "C0DEED", "profile_background_color": "C0DEED", "id": 2560537256, "friends_count": 3249, "profile_image_url": "http://pbs.twimg.com/profile_images/715300508995551233/dxbD10Y0_normal.jpg", "profile_use_background_image": true, "profile_background_image_url_https": "https://abs.twimg.com/images/themes/theme1/bg.png", "profile_link_color": "1DA1F2"}, "user_mentions": [{"id": 986745014326788096, "screen_name": "Gotham3", "name": "Gotham", "id_str": "986745014326788096"}], "created_at": "Thu Jul 28 21:06:10 +0000 2016", "in_reply_to_status_id": 758766972502994950, "in_reply_to_user_id": 126903716, "text": "@Gotham3 you live in the US?", "hashtags": [], "lang": "en", "in_reply_to_screen_name": "KaptanHindustan", "source": "<a href=\"http://twitter.com/download/android\" rel=\"nofollow\">Twitter for Android</a>"}