{"id": 759168118048579584, "id_str": "759168118048579584", "urls": [], "user": {"id_str": "757211357385256960", "location": "London, England", "favourites_count": 26626, "profile_sidebar_border_color": "C0DEED", "name": "\u274c King \ud83d\udd31 Longshanks II \u274c", "profile_image_url_https": "https://pbs.twimg.com/profile_images/1026622414292246530/3gqX3WbS_normal.jpg", "created_at": "Sun Jul 24 13:50:30 +0000 2016", "screen_name": "kinglongshanks1", "default_profile": true, "followers_count": 687, "listed_count": 7, "description": "Political Junky. Progressive-Conservative. I always follow back. #BREXIT #MAGA", "lang": "en", "profile_sidebar_fill_color": "DDEEF6", "statuses_count": 5337, "profile_text_color": "333333", "profile_banner_url": "https://pbs.twimg.com/profile_banners/757211357385256960/1496188078", "profile_background_color": "F5F8FA", "id": 757211357385256960, "friends_count": 900, "profile_image_url": "http://pbs.twimg.com/profile_images/1026622414292246530/3gqX3WbS_normal.jpg", "profile_use_background_image": true, "profile_link_color": "1DA1F2"}, "user_mentions": [{"id": 393190233, "screen_name": "LeahR77", "name": "\ud835\udcdb\ud835\udcee\ud835\udcea\ud835\udcf1 RED WAVE \u271d\ufe0f\ud83c\uddfa\ud83c\uddf8\ud83c\udf35\ud83c\udfb8", "id_str": "393190233"}], "created_at": "Fri Jul 29 23:25:58 +0000 2016", "in_reply_to_status_id": 757748522481491968, "in_reply_to_user_id": 393190233, "text": "@LeahR77 this is NOT Muslim Brotherhood or even Islamic. He is visiting a Hindu community centre (of sorts) FCOL this makes us look ignorant", "hashtags": [], "lang": "en", "in_reply_to_screen_name": "LeahR77", "source": "<a href=\"http://twitter.com/download/android\" rel=\"nofollow\">Twitter for Android</a>"}