{"id": 760121736994185216, "id_str": "760121736994185216", "urls": [], "user": {"geo_enabled": true, "location": "Oak Ridge, TN", "favourites_count": 19145, "name": "Stephen Verran", "profile_image_url_https": "https://pbs.twimg.com/profile_images/759766573695590400/uMyOeHCs_normal.jpg", "created_at": "Mon Jul 25 23:22:31 +0000 2016", "screen_name": "Verran179", "default_profile": true, "followers_count": 439, "listed_count": 19, "id_str": "757717695093760000", "lang": "en", "profile_sidebar_fill_color": "DDEEF6", "statuses_count": 21721, "profile_text_color": "333333", "profile_sidebar_border_color": "C0DEED", "profile_background_color": "F5F8FA", "id": 757717695093760000, "friends_count": 803, "profile_image_url": "http://pbs.twimg.com/profile_images/759766573695590400/uMyOeHCs_normal.jpg", "profile_use_background_image": true, "profile_link_color": "1DA1F2"}, "user_mentions": [{"id": 44945327, "screen_name": "Franklin_Graham", "name": "Franklin Graham", "id_str": "44945327"}], "created_at": "Mon Aug 01 14:35:19 +0000 2016", "in_reply_to_status_id": 760120409429643266, "in_reply_to_user_id": 44945327, "text": "@Franklin_Graham Satan clubs are not happening. Shria law not coming to America. No death camps for Christians. What happened to love?", "hashtags": [], "lang": "en", "in_reply_to_screen_name": "Franklin_Graham", "source": "<a href=\"http://twitter.com/download/iphone\" rel=\"nofollow\">Twitter for iPhone</a>"}