{"id": 760202061728407552, "id_str": "760202061728407552", "urls": [], "user": {"profile_text_color": "333333", "id_str": "2544108704", "favourites_count": 6280, "profile_sidebar_border_color": "C0DEED", "name": "Hammaz", "profile_image_url_https": "https://pbs.twimg.com/profile_images/953901081888772097/l8FHXOen_normal.jpg", "created_at": "Tue Jun 03 18:43:49 +0000 2014", "screen_name": "waynezantac", "followers_count": 292, "lang": "en", "statuses_count": 19763, "profile_sidebar_fill_color": "DDEEF6", "profile_background_image_url": "http://abs.twimg.com/images/themes/theme1/bg.png", "listed_count": 12, "profile_banner_url": "https://pbs.twimg.com/profile_banners/2544108704/1520084934", "profile_background_color": "C0DEED", "id": 2544108704, "friends_count": 79, "profile_image_url": "http://pbs.twimg.com/profile_images/953901081888772097/l8FHXOen_normal.jpg", "profile_use_background_image": true, "profile_background_image_url_https": "https://abs.twimg.com/images/themes/theme1/bg.png", "profile_link_color": "00B380"}, "user_mentions": [{"id": 44945327, "screen_name": "Franklin_Graham", "name": "Franklin Graham", "id_str": "44945327"}], "in_reply_to_screen_name": "Franklin_Graham", "created_at": "Mon Aug 01 19:54:30 +0000 2016", "in_reply_to_status_id": 760120409429643266, "in_reply_to_user_id": 44945327, "text": "@Franklin_Graham https://t.co/NivmS5t0ZR", "hashtags": [], "lang": "und", "media": [{"id": 760202053373292544, "display_url": "pic.twitter.com/NivmS5t0ZR", "expanded_url": "https://twitter.com/waynezantac/status/760202061728407552/photo/1", "url": "https://t.co/NivmS5t0ZR", "media_url": "http://pbs.twimg.com/media/CozHvWTWcAAkTr_.jpg", "type": "photo", "media_url_https": "https://pbs.twimg.com/media/CozHvWTWcAAkTr_.jpg", "sizes": {"large": {"w": 480, "resize": "fit", "h": 360}, "small": {"w": 480, "resize": "fit", "h": 360}, "medium": {"w": 480, "resize": "fit", "h": 360}, "thumb": {"w": 150, "resize": "crop", "h": 150}}}], "source": "<a href=\"http://tapbots.com/tweetbot\" rel=\"nofollow\">Tweetbot for i\u039fS</a>"}