{"id": 760643683666407424, "id_str": "760643683666407424", "urls": [], "user": {"geo_enabled": true, "location": "New Zealand", "favourites_count": 13042, "profile_sidebar_border_color": "000000", "name": "Spaceman Steve", "profile_image_url_https": "https://pbs.twimg.com/profile_images/836802612003483649/-wXnTuwX_normal.jpg", "created_at": "Fri Aug 05 22:40:37 +0000 2011", "screen_name": "simba_83", "followers_count": 1238, "listed_count": 74, "description": "#Atheist, engineering science, naturalist, #science #physics #cosmos #evolution #climatechange #vaccinessavelives", "id_str": "349320377", "lang": "en", "statuses_count": 44424, "profile_sidebar_fill_color": "000000", "profile_background_image_url": "http://abs.twimg.com/images/themes/theme1/bg.png", "profile_text_color": "000000", "profile_banner_url": "https://pbs.twimg.com/profile_banners/349320377/1465616097", "profile_background_color": "000000", "id": 349320377, "friends_count": 883, "profile_image_url": "http://pbs.twimg.com/profile_images/836802612003483649/-wXnTuwX_normal.jpg", "profile_background_image_url_https": "https://abs.twimg.com/images/themes/theme1/bg.png", "profile_link_color": "3B94D9"}, "user_mentions": [{"id": 1408769192, "screen_name": "12livelarge", "name": "\u274cone2livelarge\u274c", "id_str": "1408769192"}, {"id": 2471786857, "screen_name": "sirthomasdrake", "name": "Thomas Steffens", "id_str": "2471786857"}], "created_at": "Wed Aug 03 01:09:20 +0000 2016", "in_reply_to_status_id": 760230185157394434, "in_reply_to_user_id": 1408769192, "text": "@12livelarge nonsense. citation? \n\nhow is human genome different (in terms of complexity) to a bonobo? \n\n @sirthomasdrake @aIliteration", "hashtags": [], "lang": "en", "in_reply_to_screen_name": "12livelarge", "source": "<a href=\"http://twitter.com/download/iphone\" rel=\"nofollow\">Twitter for iPhone</a>"}