{"id": 761574075726716933, "id_str": "761574075726716933", "urls": [], "user": {"geo_enabled": true, "favourites_count": 1671, "name": "G3", "profile_image_url_https": "https://pbs.twimg.com/profile_images/800025815312453632/pWiYslx3_normal.jpg", "created_at": "Thu Jul 23 03:23:10 +0000 2009", "screen_name": "Pallyez", "followers_count": 113, "listed_count": 6, "id_str": "59347334", "lang": "en", "statuses_count": 16360, "profile_sidebar_fill_color": "F6F6F6", "profile_background_image_url": "http://abs.twimg.com/images/themes/theme18/bg.gif", "profile_text_color": "333333", "profile_sidebar_border_color": "FFFFFF", "profile_background_color": "ACDED6", "id": 59347334, "friends_count": 60, "profile_image_url": "http://pbs.twimg.com/profile_images/800025815312453632/pWiYslx3_normal.jpg", "profile_use_background_image": true, "profile_background_image_url_https": "https://abs.twimg.com/images/themes/theme18/bg.gif", "profile_link_color": "038543"}, "user_mentions": [{"id": 822215673812119553, "screen_name": "WhiteHouse", "name": "The White House", "id_str": "822215673812119553"}], "retweet_count": 1, "created_at": "Fri Aug 05 14:46:23 +0000 2016", "in_reply_to_status_id": 761573188543229952, "in_reply_to_user_id": 30313925, "text": "@WhiteHouse this is a net gain negative for population that is increasing the illegal and legal immigrants coming to this country", "hashtags": [], "lang": "en", "in_reply_to_screen_name": "ObamaWhiteHouse", "source": "<a href=\"http://twitter.com/download/android\" rel=\"nofollow\">Twitter for Android</a>"}