{"id": 761641290844950528, "id_str": "761641290844950528", "urls": [], "user": {"id_str": "4854844535", "location": "Las Vegas, NV", "favourites_count": 30173, "profile_sidebar_border_color": "000000", "name": "\ud83c\uddfa\ud83c\uddf8America First", "profile_image_url_https": "https://pbs.twimg.com/profile_images/1008919285555576832/yxhZgv7P_normal.jpg", "created_at": "Wed Jan 27 20:47:35 +0000 2016", "screen_name": "Stvzbnk", "followers_count": 615, "listed_count": 5, "description": "Ideology: Conservatism for Sovereignty of Individual; Patient Empowerment in Restorative Health Care to Restrengthen Workforce.", "lang": "en", "statuses_count": 28630, "profile_sidebar_fill_color": "000000", "profile_background_image_url": "http://abs.twimg.com/images/themes/theme1/bg.png", "profile_text_color": "000000", "profile_banner_url": "https://pbs.twimg.com/profile_banners/4854844535/1528439465", "profile_background_color": "000000", "id": 4854844535, "friends_count": 12, "profile_image_url": "http://pbs.twimg.com/profile_images/1008919285555576832/yxhZgv7P_normal.jpg", "profile_background_image_url_https": "https://abs.twimg.com/images/themes/theme1/bg.png", "profile_link_color": "E81C4F"}, "user_mentions": [{"id": 822215673812119553, "screen_name": "WhiteHouse", "name": "The White House", "id_str": "822215673812119553"}, {"id": 1339835893, "screen_name": "HillaryClinton", "name": "Hillary Clinton", "id_str": "1339835893"}], "in_reply_to_screen_name": "ObamaWhiteHouse", "created_at": "Fri Aug 05 19:13:29 +0000 2016", "in_reply_to_status_id": 761573188543229952, "in_reply_to_user_id": 30313925, "text": "Lowest Labor Participation in Decades\nVote Trump &amp; Bring our Jobs Back\nfor Real Recovery\n@WhiteHouse @HillaryClinton https://t.co/oJHSk5Q9XL", "hashtags": [], "lang": "en", "media": [{"id": 761640401165922304, "display_url": "pic.twitter.com/oJHSk5Q9XL", "expanded_url": "https://twitter.com/Stvzbnk/status/761641290844950528/photo/1", "url": "https://t.co/oJHSk5Q9XL", "media_url": "http://pbs.twimg.com/media/CpHj6NYUsAA146z.jpg", "type": "photo", "media_url_https": "https://pbs.twimg.com/media/CpHj6NYUsAA146z.jpg", "sizes": {"large": {"w": 1366, "resize": "fit", "h": 768}, "small": {"w": 680, "resize": "fit", "h": 382}, "medium": {"w": 1200, "resize": "fit", "h": 675}, "thumb": {"w": 150, "resize": "crop", "h": 150}}}], "source": "<a href=\"http://twitter.com\" rel=\"nofollow\">Twitter Web Client</a>"}