{"id": 761719671770972161, "id_str": "761719671770972161", "urls": [], "user": {"geo_enabled": true, "location": "Phuket, Thailand", "favourites_count": 1940, "profile_sidebar_border_color": "C0DEED", "name": "Sonny_Tifosi", "profile_image_url_https": "https://pbs.twimg.com/profile_images/846348396311035904/agqrxdLk_normal.jpg", "created_at": "Sat Jun 20 22:37:44 +0000 2009", "screen_name": "equitis_quartus", "default_profile": true, "followers_count": 288, "listed_count": 8, "description": "2A Conservative. CCH/NRA Instructor. Comp shooter. Benchrest & all Clays.\nGet your CCH training while you can.\n U are the soft target without Protect ur family.", "id_str": "49144475", "lang": "en", "statuses_count": 6426, "profile_sidebar_fill_color": "DDEEF6", "profile_background_image_url": "http://abs.twimg.com/images/themes/theme1/bg.png", "profile_text_color": "333333", "profile_banner_url": "https://pbs.twimg.com/profile_banners/49144475/1487946852", "profile_background_color": "C0DEED", "id": 49144475, "friends_count": 318, "profile_image_url": "http://pbs.twimg.com/profile_images/846348396311035904/agqrxdLk_normal.jpg", "profile_use_background_image": true, "profile_background_image_url_https": "https://abs.twimg.com/images/themes/theme1/bg.png", "profile_link_color": "1DA1F2"}, "user_mentions": [{"id": 70468535, "screen_name": "LilaGraceRose", "name": "Lila Rose", "id_str": "70468535"}, {"id": 193526006, "screen_name": "squiressr", "name": "Rick", "id_str": "193526006"}], "created_at": "Sat Aug 06 00:24:56 +0000 2016", "in_reply_to_status_id": 760928376668454912, "in_reply_to_user_id": 70468535, "text": "@LilaGraceRose @squiressr I wouldn't publicize that. They have plenty more body bags.J/K\nI think.", "hashtags": [], "lang": "en", "in_reply_to_screen_name": "LilaGraceRose", "source": "<a href=\"http://twitter.com/download/android\" rel=\"nofollow\">Twitter for Android</a>"}