{"id": 762000688582983680, "id_str": "762000688582983680", "urls": [], "user": {"geo_enabled": true, "url": "http://t.co/IVptER5oBO", "favourites_count": 87, "profile_sidebar_border_color": "A8C7F7", "name": "GLOBAL NEWS PROVIDER", "profile_image_url_https": "https://pbs.twimg.com/profile_images/1029685260810952704/-eY2YsCj_normal.jpg", "created_at": "Thu Feb 16 17:09:12 +0000 2012", "screen_name": "CNA_Alerts", "followers_count": 1092, "listed_count": 64, "description": "Journalistic Analyst, Self Employed With The Global News Providers, CNA, Crime News Agency Of Pakistan,      STRIVING CRIME FREE SOCIETY https://t.co/rSnvY7xh", "id_str": "494215841", "lang": "en", "statuses_count": 41604, "profile_background_tile": true, "profile_sidebar_fill_color": "C0DFEC", "location": "KARACHI, Pakistan", "profile_background_image_url": "http://abs.twimg.com/images/themes/theme15/bg.png", "profile_text_color": "333333", "profile_banner_url": "https://pbs.twimg.com/profile_banners/494215841/1470159269", "profile_background_color": "022330", "id": 494215841, "friends_count": 131, "profile_image_url": "http://pbs.twimg.com/profile_images/1029685260810952704/-eY2YsCj_normal.jpg", "profile_use_background_image": true, "profile_background_image_url_https": "https://abs.twimg.com/images/themes/theme15/bg.png", "profile_link_color": "0084B4"}, "user_mentions": [{"id": 822215673812119553, "screen_name": "WhiteHouse", "name": "The White House", "id_str": "822215673812119553"}, {"id": 822215679726100480, "screen_name": "POTUS", "name": "President Trump", "id_str": "822215679726100480"}, {"id": 21870081, "screen_name": "TeamUSA", "name": "Team USA", "id_str": "21870081"}, {"id": 494215841, "screen_name": "CNA_Alerts", "name": "GLOBAL NEWS PROVIDER", "id_str": "494215841"}], "created_at": "Sat Aug 06 19:01:36 +0000 2016", "in_reply_to_status_id": 761999790892806144, "in_reply_to_user_id": 30313925, "text": "@WhiteHouse @POTUS @TeamUSA @CNA_Alerts", "hashtags": [], "lang": "und", "in_reply_to_screen_name": "ObamaWhiteHouse", "source": "<a href=\"http://twitter.com\" rel=\"nofollow\">Twitter Web Client</a>"}