{"id": 762176139825549312, "id_str": "762176139825549312", "urls": [], "user": {"geo_enabled": true, "location": "Laredo, TX", "favourites_count": 649, "profile_sidebar_border_color": "C0DEED", "name": "AC", "profile_image_url_https": "https://pbs.twimg.com/profile_images/982089333783105538/YcEClq1Y_normal.jpg", "created_at": "Tue Mar 16 17:46:13 +0000 2010", "screen_name": "DET_AC", "default_profile": true, "followers_count": 124, "listed_count": 4, "id_str": "123621149", "lang": "en", "statuses_count": 5391, "profile_sidebar_fill_color": "DDEEF6", "profile_background_image_url": "http://abs.twimg.com/images/themes/theme1/bg.png", "profile_text_color": "333333", "profile_banner_url": "https://pbs.twimg.com/profile_banners/123621149/1522983320", "profile_background_color": "C0DEED", "id": 123621149, "friends_count": 202, "profile_image_url": "http://pbs.twimg.com/profile_images/982089333783105538/YcEClq1Y_normal.jpg", "profile_use_background_image": true, "profile_background_image_url_https": "https://abs.twimg.com/images/themes/theme1/bg.png", "profile_link_color": "1DA1F2"}, "user_mentions": [{"id": 822215673812119553, "screen_name": "WhiteHouse", "name": "The White House", "id_str": "822215673812119553"}, {"id": 822215679726100480, "screen_name": "POTUS", "name": "President Trump", "id_str": "822215679726100480"}, {"id": 21870081, "screen_name": "TeamUSA", "name": "Team USA", "id_str": "21870081"}], "created_at": "Sun Aug 07 06:38:46 +0000 2016", "in_reply_to_status_id": 761999790892806144, "in_reply_to_user_id": 30313925, "text": "@WhiteHouse @POTUS @TeamUSA As if the WH, DEM or GOV had anything to do with that. This country Rocks! B better if GOV would butt out!", "hashtags": [], "lang": "en", "in_reply_to_screen_name": "ObamaWhiteHouse", "source": "<a href=\"http://twitter.com/download/iphone\" rel=\"nofollow\">Twitter for iPhone</a>"}