{"id": 762795575087624192, "id_str": "762795575087624192", "urls": [], "user": {"id_str": "315588853", "location": "United States", "favourites_count": 1883, "name": "Redacted", "profile_image_url_https": "https://pbs.twimg.com/profile_images/1392122060/image_normal.jpg", "created_at": "Sun Jun 12 03:48:22 +0000 2011", "screen_name": "eileeneulich", "followers_count": 293, "listed_count": 13, "description": "Not a Safe Space.", "lang": "en", "statuses_count": 6541, "profile_sidebar_fill_color": "C0DFEC", "profile_background_image_url": "http://abs.twimg.com/images/themes/theme15/bg.png", "profile_text_color": "333333", "profile_sidebar_border_color": "A8C7F7", "profile_background_color": "022330", "id": 315588853, "friends_count": 491, "profile_image_url": "http://pbs.twimg.com/profile_images/1392122060/image_normal.jpg", "profile_use_background_image": true, "profile_background_image_url_https": "https://abs.twimg.com/images/themes/theme15/bg.png", "profile_link_color": "0084B4"}, "user_mentions": [{"id": 822215673812119553, "screen_name": "WhiteHouse", "name": "The White House", "id_str": "822215673812119553"}, {"id": 822215679726100480, "screen_name": "POTUS", "name": "President Trump", "id_str": "822215679726100480"}, {"id": 818876014390603776, "screen_name": "FLOTUS", "name": "Melania Trump", "id_str": "818876014390603776"}], "created_at": "Mon Aug 08 23:40:11 +0000 2016", "in_reply_to_status_id": 762793077509464064, "in_reply_to_user_id": 30313925, "text": "@WhiteHouse @POTUS @FLOTUS marathon golf?", "hashtags": [], "lang": "cy", "in_reply_to_screen_name": "ObamaWhiteHouse", "favorite_count": 1, "source": "<a href=\"http://twitter.com/download/iphone\" rel=\"nofollow\">Twitter for iPhone</a>"}