{"id": 762797946341433344, "id_str": "762797946341433344", "urls": [], "user": {"profile_text_color": "333333", "id_str": "1571405365", "favourites_count": 14456, "profile_sidebar_border_color": "C0DEED", "name": "Full on Grumpy!!", "profile_image_url_https": "https://pbs.twimg.com/profile_images/933731680891715584/Q4seFOYx_normal.jpg", "created_at": "Fri Jul 05 21:28:23 +0000 2013", "screen_name": "Grumpy_Ol_Me", "default_profile": true, "followers_count": 1241, "description": "Now completely against religions, in particular Christianity! it\u2019s phoney and a scam! Oilfield Veteran opposing trump, still questioning his conservative roots", "lang": "en", "statuses_count": 86723, "profile_sidebar_fill_color": "DDEEF6", "profile_background_image_url": "http://abs.twimg.com/images/themes/theme1/bg.png", "listed_count": 119, "profile_banner_url": "https://pbs.twimg.com/profile_banners/1571405365/1511680697", "profile_background_color": "C0DEED", "id": 1571405365, "friends_count": 2598, "profile_image_url": "http://pbs.twimg.com/profile_images/933731680891715584/Q4seFOYx_normal.jpg", "profile_use_background_image": true, "profile_background_image_url_https": "https://abs.twimg.com/images/themes/theme1/bg.png", "profile_link_color": "1DA1F2"}, "user_mentions": [{"id": 822215673812119553, "screen_name": "WhiteHouse", "name": "The White House", "id_str": "822215673812119553"}, {"id": 822215679726100480, "screen_name": "POTUS", "name": "President Trump", "id_str": "822215679726100480"}, {"id": 818876014390603776, "screen_name": "FLOTUS", "name": "Melania Trump", "id_str": "818876014390603776"}], "created_at": "Mon Aug 08 23:49:37 +0000 2016", "in_reply_to_status_id": 762793077509464064, "in_reply_to_user_id": 30313925, "text": "@WhiteHouse @POTUS @FLOTUS ... Move to Canada when you're done!!!", "hashtags": [], "lang": "en", "in_reply_to_screen_name": "ObamaWhiteHouse", "source": "<a href=\"http://twitter.com/#!/download/ipad\" rel=\"nofollow\">Twitter for iPad</a>"}