{"id": 762794254792003584, "id_str": "762794254792003584", "urls": [], "user": {"geo_enabled": true, "location": "Greenville, SC", "favourites_count": 1916, "profile_sidebar_border_color": "C0DEED", "name": "M Vonnie Gamble  Osorio", "profile_image_url_https": "https://pbs.twimg.com/profile_images/877489183488692224/aZFuNP-0_normal.jpg", "created_at": "Sat May 09 00:55:48 +0000 2009", "screen_name": "vonniespace", "default_profile": true, "followers_count": 153, "listed_count": 4, "description": "Believer in God, love family and adore my sons... FAR FAR left is where my heart lives politically!", "id_str": "38760760", "lang": "en", "statuses_count": 1889, "profile_sidebar_fill_color": "DDEEF6", "profile_background_image_url": "http://abs.twimg.com/images/themes/theme1/bg.png", "profile_text_color": "333333", "profile_banner_url": "https://pbs.twimg.com/profile_banners/38760760/1498044673", "profile_background_color": "C0DEED", "id": 38760760, "friends_count": 539, "profile_image_url": "http://pbs.twimg.com/profile_images/877489183488692224/aZFuNP-0_normal.jpg", "profile_use_background_image": true, "profile_background_image_url_https": "https://abs.twimg.com/images/themes/theme1/bg.png", "profile_link_color": "1DA1F2"}, "user_mentions": [{"id": 822215673812119553, "screen_name": "WhiteHouse", "name": "The White House", "id_str": "822215673812119553"}, {"id": 822215679726100480, "screen_name": "POTUS", "name": "President Trump", "id_str": "822215679726100480"}, {"id": 818876014390603776, "screen_name": "FLOTUS", "name": "Melania Trump", "id_str": "818876014390603776"}], "created_at": "Mon Aug 08 23:34:57 +0000 2016", "in_reply_to_status_id": 762793077509464064, "in_reply_to_user_id": 30313925, "text": "@WhiteHouse @POTUS @FLOTUS What a great couple. Leaders of the USA!", "hashtags": [], "lang": "en", "in_reply_to_screen_name": "ObamaWhiteHouse", "favorite_count": 4, "source": "<a href=\"http://twitter.com/download/iphone\" rel=\"nofollow\">Twitter for iPhone</a>"}