{"id": 762815145714122752, "id_str": "762815145714122752", "urls": [], "user": {"geo_enabled": true, "location": "San Jose, CA", "favourites_count": 365, "profile_sidebar_border_color": "C0DEED", "name": "Peter Serpentino", "profile_image_url_https": "https://pbs.twimg.com/profile_images/3781844496/9f7a4a194c7d2e5c0b207ec9564a8884_normal.jpeg", "created_at": "Sun Feb 13 17:55:54 +0000 2011", "screen_name": "pserpent2011", "default_profile": true, "followers_count": 26, "listed_count": 3, "id_str": "251707157", "lang": "en", "statuses_count": 2112, "profile_sidebar_fill_color": "DDEEF6", "profile_background_image_url": "http://abs.twimg.com/images/themes/theme1/bg.png", "profile_text_color": "333333", "profile_banner_url": "https://pbs.twimg.com/profile_banners/251707157/1378839938", "profile_background_color": "C0DEED", "id": 251707157, "friends_count": 68, "profile_image_url": "http://pbs.twimg.com/profile_images/3781844496/9f7a4a194c7d2e5c0b207ec9564a8884_normal.jpeg", "profile_use_background_image": true, "profile_background_image_url_https": "https://abs.twimg.com/images/themes/theme1/bg.png", "profile_link_color": "1DA1F2"}, "user_mentions": [{"id": 822215673812119553, "screen_name": "WhiteHouse", "name": "The White House", "id_str": "822215673812119553"}, {"id": 822215679726100480, "screen_name": "POTUS", "name": "President Trump", "id_str": "822215679726100480"}, {"id": 818876014390603776, "screen_name": "FLOTUS", "name": "Melania Trump", "id_str": "818876014390603776"}], "created_at": "Tue Aug 09 00:57:57 +0000 2016", "in_reply_to_status_id": 762793077509464064, "in_reply_to_user_id": 30313925, "text": "@WhiteHouse @POTUS @FLOTUS Eating!", "hashtags": [], "lang": "en", "in_reply_to_screen_name": "ObamaWhiteHouse", "source": "<a href=\"http://twitter.com/download/iphone\" rel=\"nofollow\">Twitter for iPhone</a>"}