{"id": 762832293115203584, "id_str": "762832293115203584", "urls": [], "user": {"geo_enabled": true, "favourites_count": 4, "name": "My Info BOB", "profile_image_url_https": "https://abs.twimg.com/sticky/default_profile_images/default_profile_normal.png", "created_at": "Sun Sep 27 17:29:44 +0000 2015", "screen_name": "MyInfo17395540", "default_profile": true, "followers_count": 2, "id_str": "3705892634", "lang": "en", "statuses_count": 83, "profile_sidebar_fill_color": "DDEEF6", "default_profile_image": true, "profile_background_image_url": "http://abs.twimg.com/images/themes/theme1/bg.png", "profile_text_color": "333333", "profile_sidebar_border_color": "C0DEED", "profile_background_color": "C0DEED", "id": 3705892634, "friends_count": 84, "profile_image_url": "http://abs.twimg.com/sticky/default_profile_images/default_profile_normal.png", "profile_use_background_image": true, "profile_background_image_url_https": "https://abs.twimg.com/images/themes/theme1/bg.png", "profile_link_color": "1DA1F2"}, "user_mentions": [{"id": 822215673812119553, "screen_name": "WhiteHouse", "name": "The White House", "id_str": "822215673812119553"}, {"id": 822215679726100480, "screen_name": "POTUS", "name": "President Trump", "id_str": "822215679726100480"}, {"id": 818876014390603776, "screen_name": "FLOTUS", "name": "Melania Trump", "id_str": "818876014390603776"}], "created_at": "Tue Aug 09 02:06:06 +0000 2016", "in_reply_to_status_id": 762793077509464064, "in_reply_to_user_id": 30313925, "text": "@WhiteHouse @POTUS @FLOTUS diving or shooting", "hashtags": [], "lang": "en", "in_reply_to_screen_name": "ObamaWhiteHouse", "source": "<a href=\"http://twitter.com/download/android\" rel=\"nofollow\">Twitter for Android</a>"}