{"id": 763546647880007680, "id_str": "763546647880007680", "urls": [], "user": {"geo_enabled": true, "location": "Woodland ca", "favourites_count": 132974, "name": "deplorable Lee\ud83c\uddfa\ud83c\uddf8\ud83d\udc44\ud83d\ude82\ud83d\ude82", "profile_image_url_https": "https://pbs.twimg.com/profile_images/760347054593880064/Qgos0qHN_normal.jpg", "created_at": "Mon Jan 27 06:38:05 +0000 2014", "screen_name": "Lee0456lee", "followers_count": 12117, "listed_count": 28, "description": "retired nurse. mom gr.gr gram. world news important love animals fight for justice avid trump pence. back the blue. justice. no porn no lists =block", "id_str": "2313139874", "lang": "en", "statuses_count": 90805, "profile_sidebar_fill_color": "F6F6F6", "profile_background_image_url": "http://abs.twimg.com/images/themes/theme18/bg.gif", "profile_text_color": "333333", "profile_sidebar_border_color": "EEEEEE", "profile_background_color": "ACDED6", "id": 2313139874, "friends_count": 10413, "profile_image_url": "http://pbs.twimg.com/profile_images/760347054593880064/Qgos0qHN_normal.jpg", "profile_use_background_image": true, "profile_background_image_url_https": "https://abs.twimg.com/images/themes/theme18/bg.gif", "profile_link_color": "038543"}, "user_mentions": [{"id": 205644304, "screen_name": "Trump_World", "name": "TRUMP WORLD", "id_str": "205644304"}, {"id": 711649299323465728, "screen_name": "ReneeofSoCalif", "name": "ReneeOfSoCal", "id_str": "711649299323465728"}], "created_at": "Thu Aug 11 01:24:41 +0000 2016", "in_reply_to_status_id": 763524712853102596, "in_reply_to_user_id": 205644304, "text": "@Trump_World @ReneeofSoCalif post 9/11 isnt that terrorist threat", "hashtags": [], "lang": "en", "in_reply_to_screen_name": "Trump_World", "source": "<a href=\"http://twitter.com/download/android\" rel=\"nofollow\">Twitter for Android</a>"}