{"id": 763838587364409344, "id_str": "763838587364409344", "urls": [], "user": {"geo_enabled": true, "favourites_count": 120, "name": "Geezoman", "profile_image_url_https": "https://pbs.twimg.com/profile_images/813117361406509060/Pk_7mb9c_normal.jpg", "created_at": "Sun Apr 13 13:07:25 +0000 2014", "screen_name": "GeezOMan1", "default_profile": true, "followers_count": 311, "listed_count": 4, "description": "a conservative, pro-America, pro-Trump, pro 2nd amendment, pro-constitution citizen of the USA. Anti global, anti liberal, anti Clinton, & anti PC.", "id_str": "2481521193", "lang": "en", "statuses_count": 13557, "profile_sidebar_fill_color": "DDEEF6", "profile_background_image_url": "http://abs.twimg.com/images/themes/theme1/bg.png", "profile_text_color": "333333", "profile_sidebar_border_color": "C0DEED", "profile_background_color": "C0DEED", "id": 2481521193, "friends_count": 334, "profile_image_url": "http://pbs.twimg.com/profile_images/813117361406509060/Pk_7mb9c_normal.jpg", "profile_use_background_image": true, "profile_background_image_url_https": "https://abs.twimg.com/images/themes/theme1/bg.png", "profile_link_color": "1DA1F2"}, "user_mentions": [{"id": 15669672, "screen_name": "PamelaGeller", "name": "Pamela Geller", "id_str": "15669672"}, {"id": 383418826, "screen_name": "c5hardtop1999", "name": "Todd Griffith", "id_str": "383418826"}], "created_at": "Thu Aug 11 20:44:45 +0000 2016", "in_reply_to_status_id": 763738618573623297, "in_reply_to_user_id": 15669672, "text": "@PamelaGeller @c5hardtop1999 Did he include the F - bomb like he did on the Five? But democrats NEVER go over the line.", "hashtags": [], "lang": "en", "in_reply_to_screen_name": "PamelaGeller", "source": "<a href=\"http://twitter.com/download/iphone\" rel=\"nofollow\">Twitter for iPhone</a>"}