{"id": 763983107137556480, "id_str": "763983107137556480", "urls": [], "user": {"geo_enabled": true, "favourites_count": 317, "name": "Shawn Lon", "profile_image_url_https": "https://pbs.twimg.com/profile_images/3689887371/316d9a3bc4dabcd82aefdc1e3e44775c_normal.jpeg", "created_at": "Mon Dec 26 16:53:18 +0000 2011", "screen_name": "ShawnSTOM777", "default_profile": true, "followers_count": 60, "listed_count": 3, "id_str": "447216381", "lang": "en", "statuses_count": 19291, "profile_sidebar_fill_color": "DDEEF6", "profile_background_image_url": "http://abs.twimg.com/images/themes/theme1/bg.png", "profile_text_color": "333333", "profile_sidebar_border_color": "C0DEED", "profile_background_color": "C0DEED", "id": 447216381, "friends_count": 671, "profile_image_url": "http://pbs.twimg.com/profile_images/3689887371/316d9a3bc4dabcd82aefdc1e3e44775c_normal.jpeg", "profile_use_background_image": true, "profile_background_image_url_https": "https://abs.twimg.com/images/themes/theme1/bg.png", "profile_link_color": "1DA1F2"}, "user_mentions": [{"id": 1044606986946531328, "screen_name": "CNNMoney", "name": "moneyzab", "id_str": "1044606986946531328"}, {"id": 255388236, "screen_name": "theweeknd", "name": "The Weeknd", "id_str": "255388236"}, {"id": 110458336, "screen_name": "CNNent", "name": "CNN Entertainment", "id_str": "110458336"}], "in_reply_to_screen_name": "CNNBusiness", "created_at": "Fri Aug 12 06:19:01 +0000 2016", "in_reply_to_status_id": 763964234774347776, "in_reply_to_user_id": 16184358, "text": "@CNNMoney @theweeknd @CNNent https://t.co/8eop4oDFXX", "hashtags": [], "lang": "und", "media": [{"id": 763983097750691845, "display_url": "pic.twitter.com/8eop4oDFXX", "expanded_url": "https://twitter.com/ShawnS754/status/763983107137556480/photo/1", "url": "https://t.co/8eop4oDFXX", "media_url": "http://pbs.twimg.com/tweet_video_thumb/Cpo2lGPVIAU56Dc.jpg", "video_info": {"variants": [{"content_type": "video/mp4", "bitrate": 0, "url": "https://video.twimg.com/tweet_video/Cpo2lGPVIAU56Dc.mp4"}], "aspect_ratio": [1, 1]}, "type": "animated_gif", "media_url_https": "https://pbs.twimg.com/tweet_video_thumb/Cpo2lGPVIAU56Dc.jpg", "sizes": {"large": {"w": 160, "resize": "fit", "h": 160}, "small": {"w": 160, "resize": "fit", "h": 160}, "medium": {"w": 160, "resize": "fit", "h": 160}, "thumb": {"w": 150, "resize": "crop", "h": 150}}}], "favorite_count": 1, "source": "<a href=\"http://twitter.com/download/iphone\" rel=\"nofollow\">Twitter for iPhone</a>"}