{"id": 764513188062912512, "id_str": "764513188062912512", "urls": [], "user": {"profile_sidebar_fill_color": "000000", "name": "Godwin Caesar", "id_str": "2559249694", "favourites_count": 145, "profile_banner_url": "https://pbs.twimg.com/profile_banners/2559249694/1471076315", "profile_background_image_url": "http://abs.twimg.com/images/themes/theme1/bg.png", "profile_text_color": "000000", "profile_sidebar_border_color": "000000", "default_profile_image": true, "profile_image_url_https": "https://abs.twimg.com/sticky/default_profile_images/default_profile_normal.png", "profile_background_color": "000000", "created_at": "Thu May 22 19:05:22 +0000 2014", "screen_name": "cpage1310", "statuses_count": 118, "followers_count": 19, "friends_count": 83, "profile_image_url": "http://abs.twimg.com/sticky/default_profile_images/default_profile_normal.png", "id": 2559249694, "lang": "en", "profile_background_image_url_https": "https://abs.twimg.com/images/themes/theme1/bg.png", "profile_link_color": "E81C4F"}, "user_mentions": [{"id": 5402612, "screen_name": "BBCBreaking", "name": "BBC Breaking News", "id_str": "5402612"}, {"id": 612473, "screen_name": "BBCNews", "name": "BBC News (UK)", "id_str": "612473"}], "created_at": "Sat Aug 13 17:25:22 +0000 2016", "in_reply_to_status_id": 764497123530375169, "in_reply_to_user_id": 5402612, "text": "@BBCBreaking @BBCNews so sad...", "hashtags": [], "lang": "en", "in_reply_to_screen_name": "BBCBreaking", "source": "<a href=\"http://twitter.com/download/android\" rel=\"nofollow\">Twitter for Android</a>"}