{"id": 765188851681861633, "id_str": "765188851681861633", "urls": [], "user": {"geo_enabled": true, "location": "Kent England", "favourites_count": 2203, "profile_sidebar_border_color": "C0DEED", "name": "\ud83c\uddec\ud83c\udde7\ud83d\ude0e", "profile_image_url_https": "https://pbs.twimg.com/profile_images/1037379451162701824/qBtjvIje_normal.jpg", "created_at": "Sat Aug 10 11:56:41 +0000 2013", "screen_name": "trexal8", "default_profile": true, "followers_count": 402, "listed_count": 10, "description": "Environmentalist", "id_str": "1659955526", "lang": "en", "statuses_count": 2911, "profile_sidebar_fill_color": "DDEEF6", "profile_background_image_url": "http://abs.twimg.com/images/themes/theme1/bg.png", "profile_text_color": "333333", "profile_banner_url": "https://pbs.twimg.com/profile_banners/1659955526/1535570829", "profile_background_color": "C0DEED", "id": 1659955526, "friends_count": 696, "profile_image_url": "http://pbs.twimg.com/profile_images/1037379451162701824/qBtjvIje_normal.jpg", "profile_use_background_image": true, "profile_background_image_url_https": "https://abs.twimg.com/images/themes/theme1/bg.png", "profile_link_color": "1DA1F2"}, "user_mentions": [{"id": 3824065097, "screen_name": "hidenhand1", "name": "Hiddenhand\ud83d\udc65", "id_str": "3824065097"}, {"id": 4397026973, "screen_name": "dean_anonym", "name": "dean", "id_str": "4397026973"}, {"id": 5402612, "screen_name": "BBCBreaking", "name": "BBC Breaking News", "id_str": "5402612"}, {"id": 462751117, "screen_name": "KaiHolloway", "name": "No One Special", "id_str": "462751117"}, {"id": 612473, "screen_name": "BBCNews", "name": "BBC News (UK)", "id_str": "612473"}], "retweet_count": 2, "created_at": "Mon Aug 15 14:10:13 +0000 2016", "in_reply_to_status_id": 764501437749534721, "in_reply_to_user_id": 3824065097, "text": "@hidenhand1 @dean_anonym @BBCBreaking @KaiHolloway @BBCNews haarp is a bigger problem manipulation of the jetstream", "hashtags": [], "lang": "en", "in_reply_to_screen_name": "hidenhand1", "favorite_count": 1, "source": "<a href=\"http://twitter.com/download/android\" rel=\"nofollow\">Twitter for Android</a>"}