{"id": 765783919056805888, "id_str": "765783919056805888", "urls": [{"expanded_url": "http://jmkthought.blogspot.com/2016/08/how-heavy-is-floating-oil-rig-platform.html", "url": "https://t.co/ECwgjv1y1N"}], "user": {"id_str": "1735580114", "url": "https://t.co/VAvlp5HkJY", "favourites_count": 4963, "profile_sidebar_border_color": "C0DEED", "name": "John Michael Kaiser", "profile_image_url_https": "https://pbs.twimg.com/profile_images/873435029908578304/WVkkOyrc_normal.jpg", "created_at": "Fri Sep 06 16:18:14 +0000 2013", "screen_name": "johnkaiser13", "default_profile": true, "followers_count": 792, "listed_count": 88, "description": "Instrument Manager. Science Communicator. I try to raise awareness of science to the public through blogging.", "lang": "en", "statuses_count": 14287, "profile_sidebar_fill_color": "DDEEF6", "location": "Northridge , CA", "profile_background_image_url": "http://abs.twimg.com/images/themes/theme1/bg.png", "profile_text_color": "333333", "profile_banner_url": "https://pbs.twimg.com/profile_banners/1735580114/1523121591", "profile_background_color": "C0DEED", "id": 1735580114, "friends_count": 4621, "profile_image_url": "http://pbs.twimg.com/profile_images/873435029908578304/WVkkOyrc_normal.jpg", "profile_use_background_image": true, "profile_background_image_url_https": "https://abs.twimg.com/images/themes/theme1/bg.png", "profile_link_color": "1DA1F2"}, "user_mentions": [{"id": 5402612, "screen_name": "BBCBreaking", "name": "BBC Breaking News", "id_str": "5402612"}], "created_at": "Wed Aug 17 05:34:48 +0000 2016", "in_reply_to_status_id": 765779159176077312, "in_reply_to_user_id": 5402612, "text": "@BBCBreaking How does the oil rig weight compare to the Eiffel Tower? https://t.co/ECwgjv1y1N", "hashtags": [], "lang": "en", "in_reply_to_screen_name": "BBCBreaking", "favorite_count": 1, "source": "<a href=\"http://twitter.com\" rel=\"nofollow\">Twitter Web Client</a>"}