{"id": 765740085257969664, "id_str": "765740085257969664", "urls": [], "user": {"id_str": "398528595", "url": "https://t.co/gjFykeuiCO", "favourites_count": 893, "profile_sidebar_border_color": "FFFFFF", "name": "MoRings42", "profile_image_url_https": "https://pbs.twimg.com/profile_images/660566221062934528/BGZngrmM_normal.jpg", "profile_link_color": "000000", "screen_name": "MoRings42", "followers_count": 310, "listed_count": 13, "description": "Sci-Fi \ud83d\udc7d, Yankees Baseball \u26be\ufe0f, Metal & Classic Rock \ud83e\udd18, Random thoughts and political noise \ud83d\udde3\ufe0f", "created_at": "Wed Oct 26 05:50:07 +0000 2011", "lang": "en", "profile_background_tile": true, "profile_sidebar_fill_color": "78C0A8", "location": "a dimension of mind", "profile_background_image_url": "http://abs.twimg.com/images/themes/theme14/bg.gif", "profile_text_color": "5E412F", "profile_banner_url": "https://pbs.twimg.com/profile_banners/398528595/1446327130", "profile_background_color": "022330", "id": 398528595, "friends_count": 1288, "profile_image_url": "http://pbs.twimg.com/profile_images/660566221062934528/BGZngrmM_normal.jpg", "profile_use_background_image": true, "profile_background_image_url_https": "https://abs.twimg.com/images/themes/theme14/bg.gif", "statuses_count": 20632}, "user_mentions": [{"id": 377778216, "screen_name": "GideonResnick", "name": "Gideon Resnick", "id_str": "377778216"}], "created_at": "Wed Aug 17 02:40:37 +0000 2016", "in_reply_to_status_id": 765739657908850688, "in_reply_to_user_id": 377778216, "text": "@GideonResnick so I quote from a book said that Trump said that.. you people in the press are getting lazy.", "hashtags": [], "lang": "en", "in_reply_to_screen_name": "GideonResnick", "source": "<a href=\"http://twitter.com\" rel=\"nofollow\">Twitter Web Client</a>"}