{"id": 765809933249937408, "id_str": "765809933249937408", "urls": [{"expanded_url": "http://www.toprt.com/TopRT_NG/?t=765779159176077312", "url": "https://t.co/toPo81nrzM"}], "user": {"id_str": "851310092", "url": "http://t.co/4R35wwVFA1", "favourites_count": 49007, "name": "Nigeria: top news", "profile_image_url_https": "https://pbs.twimg.com/profile_images/2659001724/cb7e34841fae26cb588dbde9a5dcb759_normal.png", "created_at": "Fri Sep 28 15:59:51 +0000 2012", "screen_name": "TopRT_NG", "default_profile": true, "followers_count": 517, "listed_count": 30, "description": "Nigeria: most retweeted #news and #photo", "lang": "en", "statuses_count": 23971, "profile_sidebar_fill_color": "DDEEF6", "location": "Nigeria", "profile_background_image_url": "http://abs.twimg.com/images/themes/theme1/bg.png", "profile_text_color": "333333", "profile_sidebar_border_color": "C0DEED", "profile_background_color": "C0DEED", "id": 851310092, "friends_count": 177, "profile_image_url": "http://pbs.twimg.com/profile_images/2659001724/cb7e34841fae26cb588dbde9a5dcb759_normal.png", "profile_use_background_image": true, "profile_background_image_url_https": "https://abs.twimg.com/images/themes/theme1/bg.png", "profile_link_color": "1DA1F2"}, "user_mentions": [{"id": 5402612, "screen_name": "BBCBreaking", "name": "BBC Breaking News", "id_str": "5402612"}], "created_at": "Wed Aug 17 07:18:10 +0000 2016", "in_reply_to_status_id": 765779159176077312, "in_reply_to_user_id": 5402612, "text": "@BBCBreaking: \"Oil tanker hijacked off Malaysian port of Kuantan and taken into Indonesian waters,\u2026\" #1 in #Nigeria https://t.co/toPo81nrzM", "hashtags": [{"text": "Nigeria"}], "lang": "en", "in_reply_to_screen_name": "BBCBreaking", "favorite_count": 1, "source": "<a href=\"http://www.toprt.com\" rel=\"nofollow\">TopRT.com</a>"}