{"id": 766323884920537089, "id_str": "766323884920537089", "urls": [], "user": {"id_str": "1605491780", "url": "https://t.co/eAEk6SfFS5", "favourites_count": 31, "profile_sidebar_border_color": "000000", "name": "Open truth", "profile_image_url_https": "https://pbs.twimg.com/profile_images/783356996967886848/8gSeOK-O_normal.jpg", "created_at": "Fri Jul 19 09:08:30 +0000 2013", "screen_name": "carelessverdict", "followers_count": 120, "listed_count": 4, "description": "\ud83c\udf40\ud83c\udf40 Divided By Borders , Race , Religion , Color & Gender \ud83c\udf40\ud83c\udf40 \ud83c\udf37But United By Humanity Only \ud83c\udf37..Be A Human Before Being Anything Else.\ud83d\udc9e\ud83d\udc9e", "lang": "en", "statuses_count": 4649, "profile_sidebar_fill_color": "000000", "location": "At mars b'cse earth nt exist", "profile_background_image_url": "http://abs.twimg.com/images/themes/theme17/bg.gif", "profile_text_color": "000000", "profile_banner_url": "https://pbs.twimg.com/profile_banners/1605491780/1475601921", "profile_background_color": "000000", "id": 1605491780, "friends_count": 11, "profile_image_url": "http://pbs.twimg.com/profile_images/783356996967886848/8gSeOK-O_normal.jpg", "profile_background_image_url_https": "https://abs.twimg.com/images/themes/theme17/bg.gif", "profile_link_color": "19CF86"}, "user_mentions": [{"id": 428333, "screen_name": "cnnbrk", "name": "CNN Breaking News", "id_str": "428333"}, {"id": 16184358, "screen_name": "CNNMoney", "name": "CNNMoney", "id_str": "16184358"}], "created_at": "Thu Aug 18 17:20:26 +0000 2016", "in_reply_to_status_id": 766323684076322816, "in_reply_to_user_id": 428333, "text": "@cnnbrk @CNNMoney a very good decision.", "hashtags": [], "lang": "en", "in_reply_to_screen_name": "cnnbrk", "favorite_count": 2, "source": "<a href=\"http://twitter.com/download/android\" rel=\"nofollow\">Twitter for Android</a>"}