{"id": 766542176666853376, "id_str": "766542176666853376", "urls": [], "user": {"geo_enabled": true, "location": "London & Broadstone", "favourites_count": 24627, "name": "Will Graham", "profile_image_url_https": "https://pbs.twimg.com/profile_images/941447105712939008/UjXXs_NT_normal.jpg", "created_at": "Mon Feb 23 11:14:19 +0000 2009", "screen_name": "willse13", "followers_count": 971, "listed_count": 75, "description": "me, who else? member of assoc of celebrity assistants, but hold that against me!", "id_str": "21645812", "lang": "en", "statuses_count": 18129, "profile_sidebar_fill_color": "000000", "profile_background_image_url": "http://abs.twimg.com/images/themes/theme15/bg.png", "profile_text_color": "000000", "profile_sidebar_border_color": "000000", "profile_background_color": "000000", "id": 21645812, "friends_count": 1247, "profile_image_url": "http://pbs.twimg.com/profile_images/941447105712939008/UjXXs_NT_normal.jpg", "profile_background_image_url_https": "https://abs.twimg.com/images/themes/theme15/bg.png", "profile_link_color": "FFCC4D"}, "user_mentions": [{"id": 5402612, "screen_name": "BBCBreaking", "name": "BBC Breaking News", "id_str": "5402612"}, {"id": 612473, "screen_name": "BBCNews", "name": "BBC News (UK)", "id_str": "612473"}], "retweet_count": 1, "created_at": "Fri Aug 19 07:47:51 +0000 2016", "in_reply_to_status_id": 766541461189832704, "in_reply_to_user_id": 5402612, "text": "@BBCBreaking @BBCNews she should be charged with manslaughter", "hashtags": [], "lang": "en", "place": {"id": "09ba692cbddfc92c", "full_name": "Hammersmith, London", "url": "https://api.twitter.com/1.1/geo/id/09ba692cbddfc92c.json", "attributes": {}, "country_code": "GB", "country": "Reino Unido", "name": "Hammersmith", "contained_within": [], "place_type": "city", "bounding_box": {"type": "Polygon", "coordinates": [[[-0.254563, 51.463873], [-0.177653, 51.463873], [-0.177653, 51.532901], [-0.254563, 51.532901]]]}}, "in_reply_to_screen_name": "BBCBreaking", "favorite_count": 19, "source": "<a href=\"http://twitter.com/download/iphone\" rel=\"nofollow\">Twitter for iPhone</a>"}