{"id": 766571390204018688, "id_str": "766571390204018688", "urls": [], "user": {"geo_enabled": true, "url": "https://t.co/MXi3ihcWiD", "favourites_count": 1967, "profile_sidebar_border_color": "C0DEED", "name": "Don A. freddy", "profile_image_url_https": "https://pbs.twimg.com/profile_images/865074060048322561/1nYrUwig_normal.jpg", "created_at": "Wed Aug 12 11:36:38 +0000 2009", "screen_name": "aghaunorf", "default_profile": true, "followers_count": 414, "listed_count": 1, "description": "@MoreUnitedUK political movement; away from extreme politicking and towards a responsible govt.", "id_str": "65011165", "lang": "en", "statuses_count": 2913, "profile_sidebar_fill_color": "DDEEF6", "location": "Northern Ireland, UK ", "profile_background_image_url": "http://abs.twimg.com/images/themes/theme1/bg.png", "profile_text_color": "333333", "profile_banner_url": "https://pbs.twimg.com/profile_banners/65011165/1494697056", "profile_background_color": "C0DEED", "id": 65011165, "friends_count": 109, "profile_image_url": "http://pbs.twimg.com/profile_images/865074060048322561/1nYrUwig_normal.jpg", "profile_use_background_image": true, "profile_background_image_url_https": "https://abs.twimg.com/images/themes/theme1/bg.png", "profile_link_color": "1DA1F2"}, "user_mentions": [{"id": 5402612, "screen_name": "BBCBreaking", "name": "BBC Breaking News", "id_str": "5402612"}, {"id": 612473, "screen_name": "BBCNews", "name": "BBC News (UK)", "id_str": "612473"}], "retweet_count": 2, "created_at": "Fri Aug 19 09:43:56 +0000 2016", "in_reply_to_status_id": 766568413418356736, "in_reply_to_user_id": 5402612, "text": "@BBCBreaking @BBCNews Is pathetic how people just make up story to undermine a country reputation.", "hashtags": [], "lang": "en", "in_reply_to_screen_name": "BBCBreaking", "favorite_count": 25, "source": "<a href=\"http://twitter.com/download/android\" rel=\"nofollow\">Twitter for Android</a>"}