{"id": 766651140838715393, "id_str": "766651140838715393", "urls": [], "user": {"id_str": "404945292", "location": "America", "favourites_count": 97474, "profile_sidebar_border_color": "000000", "name": "JenniferV", "profile_image_url_https": "https://pbs.twimg.com/profile_images/691291411149426688/T2HbfqHU_normal.jpg", "created_at": "Fri Nov 04 16:43:06 +0000 2011", "screen_name": "2cents4change", "followers_count": 590, "listed_count": 24, "description": "Single mom of Autistic boy & ADHD girl - rude language not tolerated-Trumps not my President-White Pwr Groups r domestic terrorists- Antifa need 2 quit violence", "lang": "en", "statuses_count": 95972, "profile_sidebar_fill_color": "000000", "profile_background_image_url": "http://abs.twimg.com/images/themes/theme1/bg.png", "profile_text_color": "000000", "profile_banner_url": "https://pbs.twimg.com/profile_banners/404945292/1504308355", "profile_background_color": "000000", "id": 404945292, "friends_count": 119, "profile_image_url": "http://pbs.twimg.com/profile_images/691291411149426688/T2HbfqHU_normal.jpg", "profile_background_image_url_https": "https://abs.twimg.com/images/themes/theme1/bg.png", "profile_link_color": "94D487"}, "user_mentions": [{"id": 5402612, "screen_name": "BBCBreaking", "name": "BBC Breaking News", "id_str": "5402612"}], "created_at": "Fri Aug 19 15:00:50 +0000 2016", "in_reply_to_status_id": 766641643047030784, "in_reply_to_user_id": 5402612, "text": "@BBCBreaking .....he's STILL playing the victim !  #WhiteEliteProblems", "hashtags": [{"text": "WhiteEliteProblems"}], "lang": "en", "in_reply_to_screen_name": "BBCBreaking", "favorite_count": 1, "source": "<a href=\"http://twitter.com\" rel=\"nofollow\">Twitter Web Client</a>"}