{"id": 766626520177582080, "id_str": "766626520177582080", "urls": [], "user": {"id_str": "23098254", "location": "The White Mansion", "favourites_count": 480, "profile_sidebar_border_color": "BDDCAD", "name": "LOLprez", "profile_image_url_https": "https://pbs.twimg.com/profile_images/89433915/unum_normal.jpeg", "profile_link_color": "0084B4", "screen_name": "lolprez", "followers_count": 241, "listed_count": 7, "description": "Ruler of the Free World.", "created_at": "Fri Mar 06 18:23:42 +0000 2009", "lang": "en", "profile_background_tile": true, "profile_sidebar_fill_color": "DDFFCC", "profile_background_image_url": "http://abs.twimg.com/images/themes/theme1/bg.png", "profile_text_color": "333333", "profile_banner_url": "https://pbs.twimg.com/profile_banners/23098254/1349389755", "profile_background_color": "9AE4E8", "id": 23098254, "friends_count": 546, "profile_image_url": "http://pbs.twimg.com/profile_images/89433915/unum_normal.jpeg", "profile_use_background_image": true, "profile_background_image_url_https": "https://abs.twimg.com/images/themes/theme1/bg.png", "statuses_count": 3757}, "user_mentions": [{"id": 5402612, "screen_name": "BBCBreaking", "name": "BBC Breaking News", "id_str": "5402612"}, {"id": 612473, "screen_name": "BBCNews", "name": "BBC News (UK)", "id_str": "612473"}], "created_at": "Fri Aug 19 13:23:00 +0000 2016", "in_reply_to_status_id": 766568413418356736, "in_reply_to_user_id": 5402612, "text": "@BBCBreaking @BBCNews that sounds like a shake down.", "hashtags": [], "lang": "en", "in_reply_to_screen_name": "BBCBreaking", "source": "<a href=\"http://twitter.com/download/iphone\" rel=\"nofollow\">Twitter for iPhone</a>"}