{"id": 766677541776130048, "id_str": "766677541776130048", "urls": [], "user": {"geo_enabled": true, "location": "United Kingdom", "favourites_count": 10050, "profile_sidebar_border_color": "C0DEED", "name": "Iron Lung", "profile_image_url_https": "https://pbs.twimg.com/profile_images/549932712489156608/KzFlN4gd_normal.jpeg", "created_at": "Fri Jan 25 23:18:11 +0000 2013", "screen_name": "bselcoe", "default_profile": true, "followers_count": 1011, "listed_count": 34, "description": "Animal Rights  | Despise Racism | Subterranean Homesick Alien | Endless Wanderlust | 'Life is what happens when you're making other plans'", "id_str": "1120490101", "lang": "en", "statuses_count": 20131, "profile_sidebar_fill_color": "DDEEF6", "profile_background_image_url": "http://abs.twimg.com/images/themes/theme1/bg.png", "profile_text_color": "333333", "profile_banner_url": "https://pbs.twimg.com/profile_banners/1120490101/1528990397", "profile_background_color": "C0DEED", "id": 1120490101, "friends_count": 664, "profile_image_url": "http://pbs.twimg.com/profile_images/549932712489156608/KzFlN4gd_normal.jpeg", "profile_use_background_image": true, "profile_background_image_url_https": "https://abs.twimg.com/images/themes/theme1/bg.png", "profile_link_color": "1DA1F2"}, "user_mentions": [{"id": 5402612, "screen_name": "BBCBreaking", "name": "BBC Breaking News", "id_str": "5402612"}, {"id": 612473, "screen_name": "BBCNews", "name": "BBC News (UK)", "id_str": "612473"}], "created_at": "Fri Aug 19 16:45:44 +0000 2016", "in_reply_to_status_id": 766625910699204608, "in_reply_to_user_id": 5402612, "text": "@BBCBreaking Surely its time we had a law that owning certain breeds requires applying for a license &amp;they must be properly trained @BBCNews", "hashtags": [], "lang": "en", "in_reply_to_screen_name": "BBCBreaking", "favorite_count": 4, "source": "<a href=\"http://twitter.com/download/android\" rel=\"nofollow\">Twitter for Android</a>"}