{"id": 766602969869615105, "id_str": "766602969869615105", "urls": [], "user": {"id_str": "2938535319", "location": "neutral", "favourites_count": 2262, "name": "EthemAydinOrhonHunt", "profile_image_url_https": "https://pbs.twimg.com/profile_images/615550179467481088/y0YNiPUg_normal.jpg", "created_at": "Tue Dec 23 18:10:30 +0000 2014", "screen_name": "truthjbtwit", "default_profile": true, "followers_count": 567, "listed_count": 34, "description": "views expressed are not necessarily objective. Retweets vary, lots I do not agree with, definitely not endorsement", "lang": "en-GB", "statuses_count": 17820, "profile_sidebar_fill_color": "DDEEF6", "profile_background_image_url": "http://abs.twimg.com/images/themes/theme1/bg.png", "profile_text_color": "333333", "profile_sidebar_border_color": "C0DEED", "profile_background_color": "C0DEED", "id": 2938535319, "friends_count": 1153, "profile_image_url": "http://pbs.twimg.com/profile_images/615550179467481088/y0YNiPUg_normal.jpg", "profile_use_background_image": true, "profile_background_image_url_https": "https://abs.twimg.com/images/themes/theme1/bg.png", "profile_link_color": "1DA1F2"}, "user_mentions": [{"id": 5402612, "screen_name": "BBCBreaking", "name": "BBC Breaking News", "id_str": "5402612"}], "created_at": "Fri Aug 19 11:49:25 +0000 2016", "in_reply_to_status_id": 766541461189832704, "in_reply_to_user_id": 5402612, "text": "@BBCBreaking what about the stabbing in Strasbourg.", "hashtags": [], "lang": "en", "in_reply_to_screen_name": "BBCBreaking", "source": "<a href=\"https://mobile.twitter.com\" rel=\"nofollow\">Twitter Lite</a>"}