{"id": 766641945825382400, "id_str": "766641945825382400", "urls": [], "user": {"geo_enabled": true, "location": "hull", "favourites_count": 3462, "profile_sidebar_border_color": "000000", "name": "mark hughes", "profile_image_url_https": "https://pbs.twimg.com/profile_images/1030761135920832512/EZBQm6dz_normal.jpg", "created_at": "Wed Aug 17 00:17:27 +0000 2011", "screen_name": "sparkyhullfc", "followers_count": 344, "listed_count": 6, "description": "worker\n\nbig hull fc fan, snooker\n\n#nhlflames fan/follower visiting Calgary Canada late 2018", "id_str": "356528762", "lang": "en", "statuses_count": 14108, "profile_sidebar_fill_color": "000000", "profile_background_image_url": "http://abs.twimg.com/images/themes/theme1/bg.png", "profile_text_color": "000000", "profile_banner_url": "https://pbs.twimg.com/profile_banners/356528762/1415393605", "profile_background_color": "000000", "id": 356528762, "friends_count": 524, "profile_image_url": "http://pbs.twimg.com/profile_images/1030761135920832512/EZBQm6dz_normal.jpg", "profile_background_image_url_https": "https://abs.twimg.com/images/themes/theme1/bg.png", "profile_link_color": "9266CC"}, "user_mentions": [{"id": 5402612, "screen_name": "BBCBreaking", "name": "BBC Breaking News", "id_str": "5402612"}], "created_at": "Fri Aug 19 14:24:18 +0000 2016", "in_reply_to_status_id": 766641643047030784, "in_reply_to_user_id": 5402612, "text": "@BBCBreaking so has he made a charitable donation like the others or is that it!?", "hashtags": [], "lang": "en", "in_reply_to_screen_name": "BBCBreaking", "favorite_count": 1, "source": "<a href=\"http://twitter.com\" rel=\"nofollow\">Twitter Web Client</a>"}