{"id": 766652797064445952, "id_str": "766652797064445952", "urls": [], "user": {"profile_text_color": "3D1957", "id_str": "28353246", "url": "https://t.co/kCFzQb2YUb", "favourites_count": 32085, "profile_sidebar_border_color": "FFFFFF", "name": "Moleadot", "profile_image_url_https": "https://pbs.twimg.com/profile_images/964153375519625218/glFYmJRF_normal.jpg", "created_at": "Thu Apr 02 15:04:32 +0000 2009", "screen_name": "moleadot", "followers_count": 113, "description": "Not so much Handbags and Gladrags as Satchels and Duffle Coats.", "lang": "en", "statuses_count": 14973, "profile_sidebar_fill_color": "7AC3EE", "profile_background_image_url": "http://abs.twimg.com/images/themes/theme10/bg.gif", "listed_count": 11, "profile_banner_url": "https://pbs.twimg.com/profile_banners/28353246/1518707559", "profile_background_color": "6AC499", "id": 28353246, "friends_count": 140, "profile_image_url": "http://pbs.twimg.com/profile_images/964153375519625218/glFYmJRF_normal.jpg", "profile_use_background_image": true, "profile_background_image_url_https": "https://abs.twimg.com/images/themes/theme10/bg.gif", "profile_link_color": "FA9C0F"}, "user_mentions": [{"id": 5402612, "screen_name": "BBCBreaking", "name": "BBC Breaking News", "id_str": "5402612"}], "created_at": "Fri Aug 19 15:07:25 +0000 2016", "in_reply_to_status_id": 766641643047030784, "in_reply_to_user_id": 5402612, "text": "@BBCBreaking those that use long \"apology\" statements hope that by the time you get to the end you believe they are and have said sorry.", "hashtags": [], "lang": "en", "in_reply_to_screen_name": "BBCBreaking", "source": "<a href=\"http://twitter.com/#!/download/ipad\" rel=\"nofollow\">Twitter for iPad</a>"}