{"created_at": "Fri Aug 19 19:43:33 +0000 2016", "id": 766722288775561216, "id_str": "766722288775561216", "urls": [], "text": "@txhiyat @BBCBreaking @BBCNews @Tazz_Haq lol wth \ud83d\ude33", "user": {"id_str": "759522356", "location": "uk squad", "favourites_count": 698, "profile_sidebar_border_color": "FFFFFF", "name": "Nahi.", "profile_image_url_https": "https://pbs.twimg.com/profile_images/1047892733187305473/FMVnZ5Rs_normal.jpg", "profile_link_color": "ABB8C2", "screen_name": "taani_varun", "followers_count": 3794, "listed_count": 26, "description": "kyun ji, sab badhiya hai?", "created_at": "Wed Aug 15 14:52:21 +0000 2012", "lang": "en", "profile_background_tile": true, "profile_sidebar_fill_color": "F6F6F6", "profile_background_image_url": "http://abs.twimg.com/images/themes/theme18/bg.gif", "profile_text_color": "333333", "profile_banner_url": "https://pbs.twimg.com/profile_banners/759522356/1538671881", "profile_background_color": "ACDED6", "id": 759522356, "friends_count": 360, "profile_image_url": "http://pbs.twimg.com/profile_images/1047892733187305473/FMVnZ5Rs_normal.jpg", "profile_use_background_image": true, "profile_background_image_url_https": "https://abs.twimg.com/images/themes/theme18/bg.gif", "statuses_count": 64709}, "hashtags": [], "lang": "en", "source": "<a href=\"http://twitter.com/download/iphone\" rel=\"nofollow\">Twitter for iPhone</a>", "user_mentions": [{"id": 5402612, "screen_name": "BBCBreaking", "name": "BBC Breaking News", "id_str": "5402612"}, {"id": 612473, "screen_name": "BBCNews", "name": "BBC News (UK)", "id_str": "612473"}, {"id": 759640106, "screen_name": "Tazz_Haq", "name": "tasnim.", "id_str": "759640106"}]}