{"id": 766823022242201600, "id_str": "766823022242201600", "urls": [], "user": {"geo_enabled": true, "url": "https://t.co/MWLfWaQUBZ", "favourites_count": 26882, "profile_sidebar_border_color": "FFFFFF", "name": "Chloe Durham", "profile_image_url_https": "https://pbs.twimg.com/profile_images/511998749573279745/PrhEwA7H_normal.jpeg", "created_at": "Tue Feb 01 22:46:07 +0000 2011", "screen_name": "Shesgotblueeyes", "followers_count": 164, "listed_count": 6, "description": "Everyone thinks of changing the world, but no one thinks of changing himself\n\n\nhttps://t.co/KOLOddfwL3", "id_str": "246003233", "lang": "en-gb", "statuses_count": 23437, "profile_background_tile": true, "profile_sidebar_fill_color": "C9C5C5", "profile_background_image_url": "http://abs.twimg.com/images/themes/theme1/bg.png", "profile_text_color": "1A1A1A", "profile_banner_url": "https://pbs.twimg.com/profile_banners/246003233/1441069246", "profile_background_color": "750000", "id": 246003233, "friends_count": 651, "profile_image_url": "http://pbs.twimg.com/profile_images/511998749573279745/PrhEwA7H_normal.jpeg", "profile_use_background_image": true, "profile_background_image_url_https": "https://abs.twimg.com/images/themes/theme1/bg.png", "profile_link_color": "A80303"}, "user_mentions": [{"id": 2883841, "screen_name": "enews", "name": "E! News", "id_str": "2883841"}, {"id": 93439992, "screen_name": "Vaginiall", "name": "Emma A", "id_str": "93439992"}, {"id": 468519458, "screen_name": "chelslarrr", "name": "Chelsea Wilson", "id_str": "468519458"}], "created_at": "Sat Aug 20 02:23:50 +0000 2016", "in_reply_to_status_id": 766822417712963584, "in_reply_to_user_id": 2883841, "text": "@enews @Vaginiall @chelslarrr ONLY 5?!", "hashtags": [], "lang": "en", "in_reply_to_screen_name": "enews", "source": "<a href=\"http://twitter.com/download/android\" rel=\"nofollow\">Twitter for Android</a>"}