{"id": 766800133052825600, "id_str": "766800133052825600", "urls": [{"expanded_url": "http://mobile.nytimes.com/2015/04/24/us/cash-flowed-to-clinton-foundation-as-russians-pressed-for-control-of-uranium-company.html?_r=0&referer=http://r.search.yahoo.com/RV=1/RE=1471683145/RB=/RO=8/RU=http%3a%2f%2fwww.nytimes.com%2f2015%2f04%2f24%2fus%2fcash-flowed-to-clinton-foundation-as-russians-pressed-for-control-of-uranium-company.html/RS=%5EADAHp9X9T5BP91DVHJDVGg59f3EMTI", "url": "https://t.co/7imRr1kT3U"}], "user": {"geo_enabled": true, "url": "https://t.co/fDEBE5muxt", "favourites_count": 40964, "profile_sidebar_border_color": "000000", "name": "Ellah-Ween", "profile_image_url_https": "https://pbs.twimg.com/profile_images/1047680587308457984/WmeCjKxo_normal.jpg", "created_at": "Mon Jan 18 01:19:18 +0000 2010", "screen_name": "Ellahbie", "followers_count": 3565, "listed_count": 85, "description": "Proud member of the Unauthorized Left #GoVols!", "id_str": "105947980", "lang": "en", "statuses_count": 64015, "profile_sidebar_fill_color": "000B17", "location": "My Back Deck", "profile_background_image_url": "http://abs.twimg.com/images/themes/theme19/bg.gif", "profile_text_color": "004358", "profile_banner_url": "https://pbs.twimg.com/profile_banners/105947980/1538621493", "profile_background_color": "191970", "id": 105947980, "friends_count": 2354, "profile_image_url": "http://pbs.twimg.com/profile_images/1047680587308457984/WmeCjKxo_normal.jpg", "profile_use_background_image": true, "profile_background_image_url_https": "https://abs.twimg.com/images/themes/theme19/bg.gif", "profile_link_color": "019875"}, "user_mentions": [{"id": 14801786, "screen_name": "dlcama", "name": "Debi", "id_str": "14801786"}, {"id": 428333, "screen_name": "cnnbrk", "name": "CNN Breaking News", "id_str": "428333"}], "created_at": "Sat Aug 20 00:52:52 +0000 2016", "in_reply_to_status_id": 766762469113094144, "in_reply_to_user_id": 14801786, "text": "@dlcama @cnnbrk And Hillary's ties to them too. https://t.co/7imRr1kT3U-", "hashtags": [], "lang": "en", "in_reply_to_screen_name": "dlcama", "source": "<a href=\"http://twitter.com/download/iphone\" rel=\"nofollow\">Twitter for iPhone</a>"}