{"id": 767096494713339904, "id_str": "767096494713339904", "urls": [], "user": {"id_str": "1083467756", "location": "massachusetts", "favourites_count": 66470, "name": "irene", "profile_image_url_https": "https://pbs.twimg.com/profile_images/3099497103/55c1c8cd234e6ca1c4a8d035c98e33ae_normal.jpeg", "created_at": "Sat Jan 12 16:33:28 +0000 2013", "screen_name": "ireneandrade10", "default_profile": true, "followers_count": 2942, "listed_count": 16, "description": "#MAGA.                                                  #MilitaryBeforeIllegals", "lang": "en", "statuses_count": 79122, "profile_sidebar_fill_color": "DDEEF6", "profile_background_image_url": "http://abs.twimg.com/images/themes/theme1/bg.png", "profile_text_color": "333333", "profile_sidebar_border_color": "C0DEED", "profile_background_color": "C0DEED", "id": 1083467756, "friends_count": 3040, "profile_image_url": "http://pbs.twimg.com/profile_images/3099497103/55c1c8cd234e6ca1c4a8d035c98e33ae_normal.jpeg", "profile_use_background_image": true, "profile_background_image_url_https": "https://abs.twimg.com/images/themes/theme1/bg.png", "profile_link_color": "1DA1F2"}, "user_mentions": [{"id": 428333, "screen_name": "cnnbrk", "name": "CNN Breaking News", "id_str": "428333"}], "created_at": "Sat Aug 20 20:30:30 +0000 2016", "in_reply_to_status_id": 767092161716350980, "in_reply_to_user_id": 428333, "text": "@cnnbrk congratulations", "hashtags": [], "lang": "en", "in_reply_to_screen_name": "cnnbrk", "source": "<a href=\"http://twitter.com/download/iphone\" rel=\"nofollow\">Twitter for iPhone</a>"}