{"id": 767092473189376000, "id_str": "767092473189376000", "urls": [], "user": {"id_str": "428434595", "location": "Hawaii/San Francisco/Cape Cod", "favourites_count": 4983, "profile_sidebar_border_color": "C0DEED", "name": "Surfah Dee", "profile_image_url_https": "https://pbs.twimg.com/profile_images/885900844247302145/SKuWQc_F_normal.jpg", "created_at": "Sun Dec 04 19:17:19 +0000 2011", "screen_name": "greenmonstah4", "default_profile": true, "followers_count": 188, "listed_count": 20, "description": "Women who surf & kick ass in sports! Proud Patriot, God bless our troops & 1st responders! Not liberal not conservative simply American 4 America #Truth #Glock", "lang": "en", "statuses_count": 10128, "profile_sidebar_fill_color": "DDEEF6", "profile_background_image_url": "http://abs.twimg.com/images/themes/theme1/bg.png", "profile_text_color": "333333", "profile_banner_url": "https://pbs.twimg.com/profile_banners/428434595/1517824446", "profile_background_color": "C0DEED", "id": 428434595, "friends_count": 436, "profile_image_url": "http://pbs.twimg.com/profile_images/885900844247302145/SKuWQc_F_normal.jpg", "profile_use_background_image": true, "profile_background_image_url_https": "https://abs.twimg.com/images/themes/theme1/bg.png", "profile_link_color": "1DA1F2"}, "user_mentions": [{"id": 428333, "screen_name": "cnnbrk", "name": "CNN Breaking News", "id_str": "428333"}, {"id": 21870081, "screen_name": "TeamUSA", "name": "Team USA", "id_str": "21870081"}, {"id": 95431448, "screen_name": "BostonGlobe", "name": "The Boston Globe", "id_str": "95431448"}, {"id": 2097571, "screen_name": "cnni", "name": "CNN International", "id_str": "2097571"}, {"id": 16664681, "screen_name": "latimes", "name": "Los Angeles Times", "id_str": "16664681"}, {"id": 1652541, "screen_name": "Reuters", "name": "Reuters Top News", "id_str": "1652541"}], "created_at": "Sat Aug 20 20:14:32 +0000 2016", "in_reply_to_status_id": 767092161716350980, "in_reply_to_user_id": 428333, "text": "@cnnbrk even with Spain hacking away at them! BOOM USA! @TeamUSA @BostonGlobe @cnni @latimes @Reuters #RioOlympics2016 #Olympics2016 #USA", "hashtags": [{"text": "RioOlympics2016"}, {"text": "Olympics2016"}, {"text": "USA"}], "lang": "en", "in_reply_to_screen_name": "cnnbrk", "favorite_count": 1, "source": "<a href=\"http://twitter.com/download/iphone\" rel=\"nofollow\">Twitter for iPhone</a>"}