{"id": 767014424674721796, "id_str": "767014424674721796", "urls": [{"expanded_url": "https://twitter.com/sarrata/status/748946155858497536", "url": "https://t.co/nfGKplET9W"}], "user": {"geo_enabled": true, "location": "Around the WORLD", "favourites_count": 6002, "profile_sidebar_border_color": "000000", "name": "Claudio Almeida", "profile_image_url_https": "https://pbs.twimg.com/profile_images/848656856071495680/MNCkr476_normal.jpg", "created_at": "Tue Mar 17 20:24:12 +0000 2009", "screen_name": "sarrata", "followers_count": 2149, "listed_count": 23, "description": "Portuguese, English and Spanish; Universities: PUC Brazil(BA -Accountant) and SSU USA(BA-Marketing).", "id_str": "24947112", "lang": "en", "statuses_count": 49730, "profile_sidebar_fill_color": "000000", "profile_background_image_url": "http://abs.twimg.com/images/themes/theme1/bg.png", "profile_text_color": "000000", "profile_banner_url": "https://pbs.twimg.com/profile_banners/24947112/1500774457", "profile_background_color": "000000", "id": 24947112, "friends_count": 2421, "profile_image_url": "http://pbs.twimg.com/profile_images/848656856071495680/MNCkr476_normal.jpg", "profile_background_image_url_https": "https://abs.twimg.com/images/themes/theme1/bg.png", "profile_link_color": "0015B3"}, "quoted_status_id_str": "748946155858497536", "user_mentions": [{"id": 428333, "screen_name": "cnnbrk", "name": "CNN Breaking News", "id_str": "428333"}], "quoted_status_id": 748946155858497536, "in_reply_to_screen_name": "cnnbrk", "created_at": "Sat Aug 20 15:04:23 +0000 2016", "in_reply_to_status_id": 766760976968478720, "in_reply_to_user_id": 428333, "text": "@cnnbrk https://t.co/nfGKplET9W", "hashtags": [], "lang": "und", "quoted_status": {"id": 748946155858497536, "id_str": "748946155858497536", "urls": [{"expanded_url": "https://plus.google.com/107835312295887565713/posts/75EqHmRwfHu", "url": "https://t.co/IjBAJuRzHJ"}], "user": {"geo_enabled": true, "location": "Around the WORLD", "favourites_count": 6002, "profile_sidebar_border_color": "000000", "name": "Claudio Almeida", "profile_image_url_https": "https://pbs.twimg.com/profile_images/848656856071495680/MNCkr476_normal.jpg", "created_at": "Tue Mar 17 20:24:12 +0000 2009", "screen_name": "sarrata", "followers_count": 2149, "listed_count": 23, "description": "Portuguese, English and Spanish; Universities: PUC Brazil(BA -Accountant) and SSU USA(BA-Marketing).", "id_str": "24947112", "lang": "en", "statuses_count": 49730, "profile_sidebar_fill_color": "000000", "profile_background_image_url": "http://abs.twimg.com/images/themes/theme1/bg.png", "profile_text_color": "000000", "profile_banner_url": "https://pbs.twimg.com/profile_banners/24947112/1500774457", "profile_background_color": "000000", "id": 24947112, "friends_count": 2421, "profile_image_url": "http://pbs.twimg.com/profile_images/848656856071495680/MNCkr476_normal.jpg", "profile_background_image_url_https": "https://abs.twimg.com/images/themes/theme1/bg.png", "profile_link_color": "0015B3"}, "source": "<a href=\"http://twitter.com\" rel=\"nofollow\">Twitter Web Client</a>", "user_mentions": [], "retweet_count": 4, "created_at": "Fri Jul 01 18:27:32 +0000 2016", "text": "\u201cIf U work hard &amp; study, to constantly challenge yourselves, no limit to how big U can dream.\u201d NOT IN AMERICA!https://t.co/IjBAJuRzHJ", "hashtags": [], "lang": "en", "place": {"id": "711c63250a2df503", "full_name": "Fort Myers, FL", "url": "https://api.twitter.com/1.1/geo/id/711c63250a2df503.json", "attributes": {}, "country_code": "US", "country": "Estados Unidos", "name": "Fort Myers", "contained_within": [], "place_type": "city", "bounding_box": {"type": "Polygon", "coordinates": [[[-81.895498, 26.564625], [-81.750855, 26.564625], [-81.750855, 26.679673], [-81.895498, 26.679673]]]}}, "favorite_count": 8}, "source": "<a href=\"http://twitter.com/download/android\" rel=\"nofollow\">Twitter for Android</a>"}