{"id": 767131296820637696, "id_str": "767131296820637696", "urls": [], "user": {"geo_enabled": true, "url": "http://t.co/0h2I5uOVoP", "favourites_count": 1692, "name": "Sukka Cockatoo", "profile_image_url_https": "https://pbs.twimg.com/profile_images/2171456190/Go_Sukka_Cockatoo_normal.png", "created_at": "Fri Apr 27 22:43:02 +0000 2012", "screen_name": "SukkaCockatoo", "default_profile": true, "followers_count": 179, "listed_count": 8, "description": "Buy my crap,or I'll kill you.", "id_str": "564974377", "lang": "en", "statuses_count": 7229, "profile_sidebar_fill_color": "DDEEF6", "location": "In your heart", "profile_background_image_url": "http://abs.twimg.com/images/themes/theme1/bg.png", "profile_text_color": "333333", "profile_sidebar_border_color": "C0DEED", "profile_background_color": "C0DEED", "id": 564974377, "friends_count": 143, "profile_image_url": "http://pbs.twimg.com/profile_images/2171456190/Go_Sukka_Cockatoo_normal.png", "profile_use_background_image": true, "profile_background_image_url_https": "https://abs.twimg.com/images/themes/theme1/bg.png", "profile_link_color": "1DA1F2"}, "user_mentions": [{"id": 14075928, "screen_name": "TheOnion", "name": "The Onion", "id_str": "14075928"}], "created_at": "Sat Aug 20 22:48:48 +0000 2016", "in_reply_to_status_id": 767129248045948929, "in_reply_to_user_id": 14075928, "text": "@TheOnion And,if you hear that Justin Timberlake sunshine song 3 times you will turn into a werewolf.RETROTONESAPP", "hashtags": [], "lang": "en", "in_reply_to_screen_name": "TheOnion", "source": "<a href=\"http://twitter.com\" rel=\"nofollow\">Twitter Web Client</a>"}