{"id": 767180325025787904, "id_str": "767180325025787904", "urls": [], "user": {"id_str": "742396324969127936", "location": "United States", "favourites_count": 39248, "profile_sidebar_border_color": "C0DEED", "name": "Martha Perry\ud83c\uddfa\ud83c\uddf8\ud83c\uddf2\ud83c\uddfd", "profile_image_url_https": "https://pbs.twimg.com/profile_images/967192929461817344/amqIdcl__normal.jpg", "created_at": "Mon Jun 13 16:40:51 +0000 2016", "screen_name": "marthap1970", "default_profile": true, "followers_count": 4469, "listed_count": 54, "description": "Conservative Trump supporter! https://t.co/nc2YoTgHON MarthaPerry \ud83c\uddfa\ud83c\uddf8 Mexican naturalized USA citizen!! May God protect My President Trump!  #MAGA #Trump2020", "lang": "en", "profile_sidebar_fill_color": "DDEEF6", "statuses_count": 51933, "profile_text_color": "333333", "profile_banner_url": "https://pbs.twimg.com/profile_banners/742396324969127936/1517715206", "profile_background_color": "F5F8FA", "id": 742396324969127936, "friends_count": 4634, "profile_image_url": "http://pbs.twimg.com/profile_images/967192929461817344/amqIdcl__normal.jpg", "profile_use_background_image": true, "profile_link_color": "1DA1F2"}, "user_mentions": [{"id": 2884771, "screen_name": "Newsweek", "name": "Newsweek", "id_str": "2884771"}, {"id": 822657043, "screen_name": "El_Chuco_TX", "name": "\ud83c\uddfa\ud83c\uddf8Pablo\ud83c\uddfa\ud83c\uddf8", "id_str": "822657043"}], "retweet_count": 1, "created_at": "Sun Aug 21 02:03:37 +0000 2016", "in_reply_to_status_id": 765359928361922560, "in_reply_to_user_id": 2884771, "text": "@Newsweek @El_Chuco_TX why? People get offended by everything!! We are not that weak!?!? She has issues, she is not honest!!", "hashtags": [], "lang": "en", "in_reply_to_screen_name": "Newsweek", "source": "<a href=\"http://twitter.com/download/iphone\" rel=\"nofollow\">Twitter for iPhone</a>"}