{"id": 767571445396320257, "id_str": "767571445396320257", "urls": [], "user": {"id_str": "767273995876130816", "location": "Lufkin, TX", "favourites_count": 235, "profile_sidebar_border_color": "C0DEED", "name": "Matt Hanscom", "profile_image_url_https": "https://pbs.twimg.com/profile_images/847916253012537344/lRYy_27H_normal.jpg", "created_at": "Sun Aug 21 08:15:50 +0000 2016", "screen_name": "matthew_hanscom", "default_profile": true, "followers_count": 23, "description": "MMA Entertainment Gaming Government & Politics Movies NBA NFL Sports Sports Commentary Weather MLB", "lang": "en", "profile_sidebar_fill_color": "DDEEF6", "statuses_count": 338, "profile_text_color": "333333", "profile_banner_url": "https://pbs.twimg.com/profile_banners/767273995876130816/1471769158", "profile_background_color": "F5F8FA", "id": 767273995876130816, "friends_count": 579, "profile_image_url": "http://pbs.twimg.com/profile_images/847916253012537344/lRYy_27H_normal.jpg", "profile_use_background_image": true, "profile_link_color": "1DA1F2"}, "user_mentions": [{"id": 2557521, "screen_name": "espn", "name": "ESPN", "id_str": "2557521"}, {"id": 180188862, "screen_name": "wilsonchandler", "name": "Wilson Chandler", "id_str": "180188862"}], "created_at": "Mon Aug 22 03:57:48 +0000 2016", "in_reply_to_status_id": 767561970182598657, "in_reply_to_user_id": 2557521, "text": "@espn @wilsonchandler Now that's the definition of a #beast", "hashtags": [{"text": "beast"}], "lang": "en", "in_reply_to_screen_name": "espn", "source": "<a href=\"http://twitter.com/download/iphone\" rel=\"nofollow\">Twitter for iPhone</a>"}