{"id": 767700764907175936, "id_str": "767700764907175936", "urls": [], "user": {"geo_enabled": true, "location": " Canada, eh?", "favourites_count": 37688, "profile_sidebar_border_color": "000000", "name": "Lizard Gizard", "profile_image_url_https": "https://pbs.twimg.com/profile_images/1552573734/Lizard_001_normal.jpg", "created_at": "Fri Aug 12 02:10:37 +0000 2011", "screen_name": "LizardG", "followers_count": 1042, "listed_count": 26, "description": "Retired CDN citizen. Anti Tea Party/Anti Right Wing Extremist and the Fanatically Religious.", "id_str": "353433777", "lang": "en", "statuses_count": 51157, "profile_sidebar_fill_color": "000000", "profile_background_image_url": "http://abs.twimg.com/images/themes/theme1/bg.png", "profile_text_color": "000000", "profile_banner_url": "https://pbs.twimg.com/profile_banners/353433777/1407339680", "profile_background_color": "000000", "id": 353433777, "friends_count": 1542, "profile_image_url": "http://pbs.twimg.com/profile_images/1552573734/Lizard_001_normal.jpg", "profile_background_image_url_https": "https://abs.twimg.com/images/themes/theme1/bg.png", "profile_link_color": "9266CC"}, "user_mentions": [{"id": 3277696483, "screen_name": "TXCOL7", "name": "CDL", "id_str": "3277696483"}, {"id": 1367531, "screen_name": "FoxNews", "name": "Fox News", "id_str": "1367531"}], "created_at": "Mon Aug 22 12:31:40 +0000 2016", "in_reply_to_status_id": 767700120183906304, "in_reply_to_user_id": 3277696483, "text": "@TXCOL7 @FoxNews Get back in your trailer and close the door.", "hashtags": [], "lang": "en", "in_reply_to_screen_name": "TXCOL7", "source": "<a href=\"http://twitter.com\" rel=\"nofollow\">Twitter Web Client</a>"}