{"id": 767722766078504964, "id_str": "767722766078504964", "urls": [], "user": {"geo_enabled": true, "url": "https://t.co/kUn2NWSwy3", "favourites_count": 6181, "profile_sidebar_border_color": "BDDCAD", "name": "Stephen DeNuccio", "profile_image_url_https": "https://pbs.twimg.com/profile_images/695964354882179072/3xss7EiI_normal.jpg", "created_at": "Wed Aug 27 02:03:59 +0000 2008", "screen_name": "SteveJazz", "followers_count": 18085, "listed_count": 91, "description": "Dental Profession-Comic-Disney Entertainer-Republican-Jazz keyboard Appear Talk Radio Shows. Follow me Facebook\nhttps://t.co/DAXdRO3eyi", "id_str": "16006323", "lang": "en", "statuses_count": 51924, "profile_background_tile": true, "profile_sidebar_fill_color": "DDFFCC", "location": "\u00dcT: 41.936731,-71.469504", "profile_background_image_url": "http://abs.twimg.com/images/themes/theme1/bg.png", "profile_text_color": "333333", "profile_banner_url": "https://pbs.twimg.com/profile_banners/16006323/1399485460", "profile_background_color": "9AE4E8", "id": 16006323, "friends_count": 3259, "profile_image_url": "http://pbs.twimg.com/profile_images/695964354882179072/3xss7EiI_normal.jpg", "profile_use_background_image": true, "profile_background_image_url_https": "https://abs.twimg.com/images/themes/theme1/bg.png", "profile_link_color": "1B95E0"}, "user_mentions": [{"id": 1367531, "screen_name": "FoxNews", "name": "Fox News", "id_str": "1367531"}], "retweet_count": 2, "created_at": "Mon Aug 22 13:59:05 +0000 2016", "in_reply_to_status_id": 767710042816602112, "in_reply_to_user_id": 1367531, "text": "@FoxNews Swim with the devil Colin Powell and you get a pitch fork in your back from the devil herself, #HillaryClinton.", "hashtags": [{"text": "HillaryClinton"}], "lang": "en", "place": {"id": "00f7e472703b154d", "full_name": "Lincoln, RI", "url": "https://api.twitter.com/1.1/geo/id/00f7e472703b154d.json", "attributes": {}, "country_code": "US", "country": "Estados Unidos", "name": "Lincoln", "contained_within": [], "place_type": "city", "bounding_box": {"type": "Polygon", "coordinates": [[[-71.489807, 41.873477], [-71.394567, 41.873477], [-71.394567, 41.978753], [-71.489807, 41.978753]]]}}, "in_reply_to_screen_name": "FoxNews", "favorite_count": 18, "source": "<a href=\"http://twitter.com/download/iphone\" rel=\"nofollow\">Twitter for iPhone</a>"}