{"id": 767777776854192128, "id_str": "767777776854192128", "urls": [], "user": {"id_str": "3107355846", "location": "Arizona", "favourites_count": 75633, "profile_sidebar_border_color": "C0DEED", "name": "J Girl \ud83d\udcaa\ud83c\udffd", "profile_image_url_https": "https://pbs.twimg.com/profile_images/983474236072185856/T5iHWLJx_normal.jpg", "created_at": "Wed Mar 25 13:01:04 +0000 2015", "screen_name": "jerseygirl85331", "default_profile": true, "followers_count": 851, "listed_count": 15, "description": "Feminist, atheist, writer, lover of science & animals, hoping humans can save themselves from extinction. Yes, I have a day job.", "lang": "en", "statuses_count": 19986, "profile_sidebar_fill_color": "DDEEF6", "profile_background_image_url": "http://abs.twimg.com/images/themes/theme1/bg.png", "profile_text_color": "333333", "profile_banner_url": "https://pbs.twimg.com/profile_banners/3107355846/1537848073", "profile_background_color": "C0DEED", "id": 3107355846, "friends_count": 1125, "profile_image_url": "http://pbs.twimg.com/profile_images/983474236072185856/T5iHWLJx_normal.jpg", "profile_use_background_image": true, "profile_background_image_url_https": "https://abs.twimg.com/images/themes/theme1/bg.png", "profile_link_color": "1DA1F2"}, "user_mentions": [{"id": 1367531, "screen_name": "FoxNews", "name": "Fox News", "id_str": "1367531"}], "created_at": "Mon Aug 22 17:37:41 +0000 2016", "in_reply_to_status_id": 767710042816602112, "in_reply_to_user_id": 1367531, "text": "@FoxNews   Says the man who lied about weapons of mass destruction and was complicit in an illegal war.", "hashtags": [], "lang": "en", "in_reply_to_screen_name": "FoxNews", "source": "<a href=\"http://twitter.com/#!/download/ipad\" rel=\"nofollow\">Twitter for iPad</a>"}