{"id": 767717036516601857, "id_str": "767717036516601857", "urls": [], "user": {"geo_enabled": true, "favourites_count": 836, "name": "hsjrsafety", "profile_image_url_https": "https://abs.twimg.com/sticky/default_profile_images/default_profile_normal.png", "created_at": "Sat Aug 30 17:50:46 +0000 2014", "screen_name": "AHsjrsafety", "default_profile": true, "followers_count": 26, "listed_count": 1, "id_str": "2756041115", "lang": "en", "statuses_count": 2956, "profile_sidebar_fill_color": "DDEEF6", "default_profile_image": true, "profile_background_image_url": "http://abs.twimg.com/images/themes/theme1/bg.png", "profile_text_color": "333333", "profile_sidebar_border_color": "C0DEED", "profile_background_color": "C0DEED", "id": 2756041115, "friends_count": 238, "profile_image_url": "http://abs.twimg.com/sticky/default_profile_images/default_profile_normal.png", "profile_use_background_image": true, "profile_background_image_url_https": "https://abs.twimg.com/images/themes/theme1/bg.png", "profile_link_color": "1DA1F2"}, "user_mentions": [{"id": 1367531, "screen_name": "FoxNews", "name": "Fox News", "id_str": "1367531"}], "created_at": "Mon Aug 22 13:36:19 +0000 2016", "in_reply_to_status_id": 767710042816602112, "in_reply_to_user_id": 1367531, "text": "@FoxNews No surprise here as the HRC lies continue !  LIE LIE LIE !!!!!", "hashtags": [], "lang": "en", "in_reply_to_screen_name": "FoxNews", "source": "<a href=\"http://twitter.com/download/android\" rel=\"nofollow\">Twitter for Android</a>"}