{"id": 767714137296207872, "id_str": "767714137296207872", "urls": [], "user": {"favourites_count": 6940, "profile_sidebar_fill_color": "DDEEF6", "name": "Edwin E. Pieters", "id_str": "707614076382400512", "listed_count": 4, "statuses_count": 9174, "profile_text_color": "333333", "profile_sidebar_border_color": "C0DEED", "profile_image_url_https": "https://pbs.twimg.com/profile_images/710505516548628481/HdNV163b_normal.jpg", "profile_background_color": "F5F8FA", "created_at": "Wed Mar 09 17:08:37 +0000 2016", "screen_name": "edwinesberiop", "default_profile": true, "followers_count": 406, "friends_count": 535, "profile_image_url": "http://pbs.twimg.com/profile_images/710505516548628481/HdNV163b_normal.jpg", "id": 707614076382400512, "profile_use_background_image": true, "lang": "en", "profile_link_color": "1DA1F2"}, "user_mentions": [{"id": 1367531, "screen_name": "FoxNews", "name": "Fox News", "id_str": "1367531"}], "created_at": "Mon Aug 22 13:24:48 +0000 2016", "in_reply_to_status_id": 767710042816602112, "in_reply_to_user_id": 1367531, "text": "@FoxNews just like hillary to blame it on the brother (the black man).", "hashtags": [], "lang": "en", "in_reply_to_screen_name": "FoxNews", "source": "<a href=\"http://twitter.com/download/android\" rel=\"nofollow\">Twitter for Android</a>"}