{"id": 767795683801694208, "id_str": "767795683801694208", "urls": [], "user": {"profile_text_color": "333333", "id_str": "1973058392", "favourites_count": 3012, "name": "big chopper", "profile_image_url_https": "https://pbs.twimg.com/profile_images/793578131718152192/s09_HFPL_normal.jpg", "created_at": "Sat Oct 19 22:40:00 +0000 2013", "screen_name": "eddy_get", "default_profile": true, "followers_count": 697, "description": "R M Commando Blood 709 10 years service .Plus Merchant Marine Hate Deserts and Jungles Not my Pic. Just working class never middle class .USA since 1970", "lang": "en", "statuses_count": 14358, "profile_sidebar_fill_color": "DDEEF6", "profile_background_image_url": "http://abs.twimg.com/images/themes/theme1/bg.png", "listed_count": 9, "profile_sidebar_border_color": "C0DEED", "profile_background_color": "C0DEED", "id": 1973058392, "friends_count": 1098, "profile_image_url": "http://pbs.twimg.com/profile_images/793578131718152192/s09_HFPL_normal.jpg", "profile_use_background_image": true, "profile_background_image_url_https": "https://abs.twimg.com/images/themes/theme1/bg.png", "profile_link_color": "1DA1F2"}, "user_mentions": [{"id": 1367531, "screen_name": "FoxNews", "name": "Fox News", "id_str": "1367531"}], "created_at": "Mon Aug 22 18:48:50 +0000 2016", "in_reply_to_status_id": 767698691205410816, "in_reply_to_user_id": 1367531, "text": "@FoxNews Show his tax returns lets see how far his Patriotism goes", "hashtags": [], "lang": "en", "in_reply_to_screen_name": "FoxNews", "source": "<a href=\"http://twitter.com/#!/download/ipad\" rel=\"nofollow\">Twitter for iPad</a>"}