{"id": 767751282505371648, "id_str": "767751282505371648", "urls": [], "user": {"geo_enabled": true, "favourites_count": 10460, "profile_sidebar_border_color": "C0DEED", "name": "Trish D", "profile_image_url_https": "https://pbs.twimg.com/profile_images/696768541865803776/kxpYI3pZ_normal.jpg", "created_at": "Wed Jul 29 17:05:20 +0000 2015", "screen_name": "PatriciaDameron", "default_profile": true, "followers_count": 4682, "listed_count": 6, "description": "married to musician & sound man,love Jesus, U.S., & rock n roll. #buildthewall MAGA\ud83c\uddfa\ud83c\uddf8\ud83d\ude4f\ud83c\uddfa\ud83c\uddf8#FIGHTFORRIGHT\u271d\ufe0f#trump2020 #1Trumpster#draintheswamp#2nd Amend", "id_str": "3300774721", "lang": "en", "statuses_count": 13125, "profile_sidebar_fill_color": "DDEEF6", "profile_background_image_url": "http://abs.twimg.com/images/themes/theme1/bg.png", "profile_text_color": "333333", "profile_banner_url": "https://pbs.twimg.com/profile_banners/3300774721/1454956059", "profile_background_color": "C0DEED", "id": 3300774721, "friends_count": 4609, "profile_image_url": "http://pbs.twimg.com/profile_images/696768541865803776/kxpYI3pZ_normal.jpg", "profile_use_background_image": true, "profile_background_image_url_https": "https://abs.twimg.com/images/themes/theme1/bg.png", "profile_link_color": "1DA1F2"}, "user_mentions": [{"id": 1367531, "screen_name": "FoxNews", "name": "Fox News", "id_str": "1367531"}], "created_at": "Mon Aug 22 15:52:24 +0000 2016", "in_reply_to_status_id": 767698691205410816, "in_reply_to_user_id": 1367531, "text": "@FoxNews We know Trump really cares about people, he is NOT a politician, has a heart", "hashtags": [], "lang": "en", "place": {"id": "a2c84129f9dcf69f", "full_name": "San Marcos, CA", "url": "https://api.twitter.com/1.1/geo/id/a2c84129f9dcf69f.json", "attributes": {}, "country_code": "US", "country": "Estados Unidos", "name": "San Marcos", "contained_within": [], "place_type": "city", "bounding_box": {"type": "Polygon", "coordinates": [[[-117.2301723, 33.0907611], [-117.103461, 33.0907611], [-117.103461, 33.186722], [-117.2301723, 33.186722]]]}}, "in_reply_to_screen_name": "FoxNews", "source": "<a href=\"http://twitter.com/download/android\" rel=\"nofollow\">Twitter for Android</a>"}