{"id": 767757868279877636, "id_str": "767757868279877636", "urls": [], "user": {"geo_enabled": true, "location": "Dallas, TX", "favourites_count": 159378, "profile_sidebar_border_color": "000000", "name": "\u274cDM30959\u274c", "profile_image_url_https": "https://pbs.twimg.com/profile_images/868237813216686081/Vcko1E0Z_normal.jpg", "created_at": "Mon May 09 18:49:32 +0000 2016", "screen_name": "DM30959", "followers_count": 8656, "listed_count": 75, "description": "Hispanic, Conservative, Proud Life-Long Texan, American \ud83c\uddfa\ud83c\uddf8 #TrumpTrain \ud83d\ude82 #KAG \ud83c\uddfa\ud83c\uddf8 #AnimalRights \ud83d\udc36 #AnimalLover \u2764\ufe0f #LawNorder \ud83d\ude94 #TermLimits\u231b\ufe0f", "id_str": "729745131918626817", "lang": "en", "statuses_count": 110863, "profile_sidebar_fill_color": "000000", "profile_background_image_url": "http://abs.twimg.com/images/themes/theme1/bg.png", "profile_text_color": "000000", "profile_banner_url": "https://pbs.twimg.com/profile_banners/729745131918626817/1536232785", "profile_background_color": "000000", "id": 729745131918626817, "friends_count": 9513, "profile_image_url": "http://pbs.twimg.com/profile_images/868237813216686081/Vcko1E0Z_normal.jpg", "profile_background_image_url_https": "https://abs.twimg.com/images/themes/theme1/bg.png", "profile_link_color": "1B95E0"}, "user_mentions": [{"id": 428333, "screen_name": "cnnbrk", "name": "CNN Breaking News", "id_str": "428333"}], "created_at": "Mon Aug 22 16:18:34 +0000 2016", "in_reply_to_status_id": 767757454327312385, "in_reply_to_user_id": 4250222283, "text": "@JSpaPatriot @_K900_ @cnnbrk scared!", "hashtags": [], "lang": "en", "place": {"id": "18810aa5b43e76c7", "full_name": "Dallas, TX", "url": "https://api.twitter.com/1.1/geo/id/18810aa5b43e76c7.json", "attributes": {}, "country_code": "US", "country": "Estados Unidos", "name": "Dallas", "contained_within": [], "place_type": "city", "bounding_box": {"type": "Polygon", "coordinates": [[[-96.977527, 32.620678], [-96.54598, 32.620678], [-96.54598, 33.019039], [-96.977527, 33.019039]]]}}, "in_reply_to_screen_name": "Deplorable_PA", "source": "<a href=\"http://twitter.com/#!/download/ipad\" rel=\"nofollow\">Twitter for iPad</a>"}