{"id": 767750307644182530, "id_str": "767750307644182530", "urls": [], "user": {"geo_enabled": true, "url": "https://t.co/TV6B5un7dy", "favourites_count": 3646, "profile_sidebar_border_color": "C0DEED", "name": "Dave", "profile_image_url_https": "https://pbs.twimg.com/profile_images/1037134514223497216/Dnro8vZ3_normal.jpg", "created_at": "Sat Jul 12 03:50:44 +0000 2014", "screen_name": "34Dweaver", "default_profile": true, "followers_count": 2149, "listed_count": 14, "description": "\u201cWe must take sides... Silence encourages the tormentor, never the tormented.\u201d ~ Elie Wiesel, 1960 #MAGA #Trump", "id_str": "2701636599", "lang": "en", "statuses_count": 19102, "profile_sidebar_fill_color": "DDEEF6", "location": "United States", "profile_background_image_url": "http://abs.twimg.com/images/themes/theme1/bg.png", "profile_text_color": "333333", "profile_banner_url": "https://pbs.twimg.com/profile_banners/2701636599/1536107113", "profile_background_color": "C0DEED", "id": 2701636599, "friends_count": 2671, "profile_image_url": "http://pbs.twimg.com/profile_images/1037134514223497216/Dnro8vZ3_normal.jpg", "profile_use_background_image": true, "profile_background_image_url_https": "https://abs.twimg.com/images/themes/theme1/bg.png", "profile_link_color": "1DA1F2"}, "user_mentions": [{"id": 1367531, "screen_name": "FoxNews", "name": "Fox News", "id_str": "1367531"}], "created_at": "Mon Aug 22 15:48:32 +0000 2016", "in_reply_to_status_id": 767710042816602112, "in_reply_to_user_id": 1367531, "text": "@FoxNews I think he told her to jump off a cliff also!", "hashtags": [], "lang": "en", "in_reply_to_screen_name": "FoxNews", "source": "<a href=\"http://twitter.com/download/iphone\" rel=\"nofollow\">Twitter for iPhone</a>"}