{"id": 767794878289969153, "id_str": "767794878289969153", "urls": [], "user": {"geo_enabled": true, "favourites_count": 1070, "profile_sidebar_border_color": "181A1E", "name": "Estacia Nikesasa", "profile_image_url_https": "https://pbs.twimg.com/profile_images/681574302806847488/1ucC_kiJ_normal.jpg", "created_at": "Sun Apr 26 10:07:16 +0000 2009", "screen_name": "Estacia_Sasa", "followers_count": 56, "listed_count": 4, "description": "demon slayer", "id_str": "35440306", "lang": "en", "statuses_count": 822, "profile_sidebar_fill_color": "252429", "profile_background_image_url": "http://abs.twimg.com/images/themes/theme1/bg.png", "profile_text_color": "666666", "profile_banner_url": "https://pbs.twimg.com/profile_banners/35440306/1451335052", "profile_background_color": "1A1B1F", "id": 35440306, "friends_count": 104, "profile_image_url": "http://pbs.twimg.com/profile_images/681574302806847488/1ucC_kiJ_normal.jpg", "profile_use_background_image": true, "profile_background_image_url_https": "https://abs.twimg.com/images/themes/theme1/bg.png", "profile_link_color": "2FC2EF"}, "user_mentions": [{"id": 763926273504579585, "screen_name": "VmatteOf", "name": "son of man", "id_str": "763926273504579585"}, {"id": 14669951, "screen_name": "DRUDGE_REPORT", "name": "DRUDGE REPORT", "id_str": "14669951"}, {"id": 182107650, "screen_name": "PageSix", "name": "Page Six", "id_str": "182107650"}], "created_at": "Mon Aug 22 18:45:38 +0000 2016", "in_reply_to_status_id": 767543003103780864, "in_reply_to_user_id": 763926273504579585, "text": "@VmatteOf @DRUDGE_REPORT @PageSix Your definition of real needs some work.", "hashtags": [], "lang": "en", "in_reply_to_screen_name": "VmatteOf", "source": "<a href=\"http://twitter.com/download/iphone\" rel=\"nofollow\">Twitter for iPhone</a>"}