{"id": 767785102810157056, "id_str": "767785102810157056", "urls": [], "user": {"profile_text_color": "333333", "id_str": "244326892", "favourites_count": 100, "profile_sidebar_border_color": "C0DEED", "name": "MAGA", "profile_image_url_https": "https://pbs.twimg.com/profile_images/940205004559867904/XlT4AUSL_normal.jpg", "created_at": "Sat Jan 29 02:08:38 +0000 2011", "screen_name": "wzpd8z", "default_profile": true, "followers_count": 104, "lang": "en", "statuses_count": 9220, "profile_sidebar_fill_color": "DDEEF6", "profile_background_image_url": "http://abs.twimg.com/images/themes/theme1/bg.png", "listed_count": 3, "profile_banner_url": "https://pbs.twimg.com/profile_banners/244326892/1512997380", "profile_background_color": "C0DEED", "id": 244326892, "friends_count": 60, "profile_image_url": "http://pbs.twimg.com/profile_images/940205004559867904/XlT4AUSL_normal.jpg", "profile_use_background_image": true, "profile_background_image_url_https": "https://abs.twimg.com/images/themes/theme1/bg.png", "profile_link_color": "1DA1F2"}, "user_mentions": [{"id": 1367531, "screen_name": "FoxNews", "name": "Fox News", "id_str": "1367531"}], "created_at": "Mon Aug 22 18:06:47 +0000 2016", "in_reply_to_status_id": 767710042816602112, "in_reply_to_user_id": 1367531, "text": "@FoxNews Colin, and U want to endorse this lyin' criminal? Come on, your smarter than that.", "hashtags": [], "lang": "en", "in_reply_to_screen_name": "FoxNews", "source": "<a href=\"http://twitter.com/download/android\" rel=\"nofollow\">Twitter for Android</a>"}