{"id": 767714746640441344, "id_str": "767714746640441344", "urls": [], "user": {"id_str": "25600859", "location": "Waco TX", "favourites_count": 1922, "name": "Alisa Brown", "profile_image_url_https": "https://pbs.twimg.com/profile_images/1010988381034119168/6EryOL2D_normal.jpg", "created_at": "Fri Mar 20 23:42:26 +0000 2009", "screen_name": "alibro54", "default_profile": true, "followers_count": 260, "listed_count": 25, "description": "I made it to 64 and I will take no shit from anyone anymore.", "lang": "en", "statuses_count": 6005, "profile_sidebar_fill_color": "DDEEF6", "profile_background_image_url": "http://abs.twimg.com/images/themes/theme1/bg.png", "profile_text_color": "333333", "profile_sidebar_border_color": "C0DEED", "profile_background_color": "C0DEED", "id": 25600859, "friends_count": 606, "profile_image_url": "http://pbs.twimg.com/profile_images/1010988381034119168/6EryOL2D_normal.jpg", "profile_use_background_image": true, "profile_background_image_url_https": "https://abs.twimg.com/images/themes/theme1/bg.png", "profile_link_color": "1DA1F2"}, "user_mentions": [{"id": 1367531, "screen_name": "FoxNews", "name": "Fox News", "id_str": "1367531"}], "created_at": "Mon Aug 22 13:27:13 +0000 2016", "in_reply_to_status_id": 767698691205410816, "in_reply_to_user_id": 1367531, "text": "@FoxNews \"Optics of it\" is code word for photo op. Obama doesn't need one and Donnie boy does. Thanks for the Play-Doh. #dumptrump", "hashtags": [{"text": "dumptrump"}], "lang": "en", "in_reply_to_screen_name": "FoxNews", "source": "<a href=\"http://twitter.com/#!/download/ipad\" rel=\"nofollow\">Twitter for iPad</a>"}