{"id": 767862248584777728, "id_str": "767862248584777728", "urls": [], "user": {"geo_enabled": true, "location": "Cape Coral, FL", "favourites_count": 111379, "profile_sidebar_border_color": "C0DEED", "name": "Gail.48", "profile_image_url_https": "https://pbs.twimg.com/profile_images/1046403683599159297/U22SFvzP_normal.jpg", "created_at": "Fri May 03 00:04:33 +0000 2013", "screen_name": "48Gailschwerdt", "default_profile": true, "followers_count": 3135, "listed_count": 58, "description": "Be a snowflake. winter is coming #TheResistance vote them out 2018 #stillwithher#Ibelievechristine", "id_str": "1398462068", "lang": "en", "statuses_count": 155649, "profile_sidebar_fill_color": "DDEEF6", "profile_background_image_url": "http://abs.twimg.com/images/themes/theme1/bg.png", "profile_text_color": "333333", "profile_banner_url": "https://pbs.twimg.com/profile_banners/1398462068/1538311869", "profile_background_color": "C0DEED", "id": 1398462068, "friends_count": 2575, "profile_image_url": "http://pbs.twimg.com/profile_images/1046403683599159297/U22SFvzP_normal.jpg", "profile_use_background_image": true, "profile_background_image_url_https": "https://abs.twimg.com/images/themes/theme1/bg.png", "profile_link_color": "1DA1F2"}, "user_mentions": [{"id": 1367531, "screen_name": "FoxNews", "name": "Fox News", "id_str": "1367531"}, {"id": 25073877, "screen_name": "realDonaldTrump", "name": "Donald J. Trump", "id_str": "25073877"}, {"id": 1339835893, "screen_name": "HillaryClinton", "name": "Hillary Clinton", "id_str": "1339835893"}], "created_at": "Mon Aug 22 23:13:20 +0000 2016", "in_reply_to_status_id": 767861179951648768, "in_reply_to_user_id": 1367531, "text": "@FoxNews @realDonaldTrump @HillaryClinton theClinton foundation has helped millions of people thru out the world. Trump has done nothing", "hashtags": [], "lang": "en", "place": {"id": "fbd1502e5edce6bf", "full_name": "Cape Coral, FL", "url": "https://api.twitter.com/1.1/geo/id/fbd1502e5edce6bf.json", "attributes": {}, "country_code": "US", "country": "Estados Unidos", "name": "Cape Coral", "contained_within": [], "place_type": "city", "bounding_box": {"type": "Polygon", "coordinates": [[[-82.069567, 26.531814], [-81.9041014, 26.531814], [-81.9041014, 26.741146], [-82.069567, 26.741146]]]}}, "in_reply_to_screen_name": "FoxNews", "favorite_count": 1, "source": "<a href=\"http://twitter.com/download/iphone\" rel=\"nofollow\">Twitter for iPhone</a>"}