{"id": 767860032184590336, "id_str": "767860032184590336", "urls": [], "user": {"geo_enabled": true, "url": "https://t.co/8qozX8IzYu", "favourites_count": 5665, "profile_sidebar_border_color": "000000", "name": "Mike Pouraryan", "profile_image_url_https": "https://pbs.twimg.com/profile_images/1046195385226518528/esq8iKnr_normal.jpg", "created_at": "Thu Mar 06 04:10:49 +0000 2008", "screen_name": "mikepouraryan", "followers_count": 1905, "listed_count": 151, "description": "A Dad;  #COTUS  & member of the @ordinaryfaces striving to make a difference :)", "id_str": "14086836", "lang": "en", "statuses_count": 48134, "profile_sidebar_fill_color": "000000", "location": "\u00dcT: 33.539145,-117.667535", "profile_background_image_url": "http://abs.twimg.com/images/themes/theme19/bg.gif", "profile_text_color": "000000", "profile_banner_url": "https://pbs.twimg.com/profile_banners/14086836/1537668952", "profile_background_color": "000000", "id": 14086836, "friends_count": 3117, "profile_image_url": "http://pbs.twimg.com/profile_images/1046195385226518528/esq8iKnr_normal.jpg", "profile_use_background_image": true, "profile_background_image_url_https": "https://abs.twimg.com/images/themes/theme19/bg.gif", "profile_link_color": "1B95E0"}, "user_mentions": [{"id": 1367531, "screen_name": "FoxNews", "name": "Fox News", "id_str": "1367531"}, {"id": 69773058, "screen_name": "stephenfhayes", "name": "Stephen Hayes", "id_str": "69773058"}, {"id": 69773058, "screen_name": "stephenfhayes", "name": "Stephen Hayes", "id_str": "69773058"}], "created_at": "Mon Aug 22 23:04:32 +0000 2016", "in_reply_to_status_id": 767855091109863424, "in_reply_to_user_id": 1367531, "text": "@FoxNews @stephenfhayes : that's fine...but will @stephenfhayes ever stand up to Mr. Trump?", "hashtags": [], "lang": "en", "in_reply_to_screen_name": "FoxNews", "favorite_count": 1, "source": "<a href=\"http://twitter.com\" rel=\"nofollow\">Twitter Web Client</a>"}