{"id": 767882180341166080, "id_str": "767882180341166080", "urls": [], "user": {"id_str": "2815117175", "url": "http://t.co/tQyWdk9ZI1", "favourites_count": 234, "profile_sidebar_border_color": "C0DEED", "name": "Howard Pearce", "profile_image_url_https": "https://pbs.twimg.com/profile_images/579416988277194753/CPEeV8oa_normal.jpg", "created_at": "Wed Oct 08 11:52:13 +0000 2014", "screen_name": "HAPLibertarian", "default_profile": true, "followers_count": 86, "listed_count": 6, "description": "Radical libertarian for 40 + years", "lang": "en", "statuses_count": 8929, "profile_sidebar_fill_color": "DDEEF6", "location": "Naples, FL USA", "profile_background_image_url": "http://abs.twimg.com/images/themes/theme1/bg.png", "profile_text_color": "333333", "profile_banner_url": "https://pbs.twimg.com/profile_banners/2815117175/1426981049", "profile_background_color": "C0DEED", "id": 2815117175, "friends_count": 11, "profile_image_url": "http://pbs.twimg.com/profile_images/579416988277194753/CPEeV8oa_normal.jpg", "profile_use_background_image": true, "profile_background_image_url_https": "https://abs.twimg.com/images/themes/theme1/bg.png", "profile_link_color": "1DA1F2"}, "user_mentions": [{"id": 40277679, "screen_name": "EricKleefeld", "name": "Eric Kleefeld", "id_str": "40277679"}, {"id": 16664681, "screen_name": "latimes", "name": "Los Angeles Times", "id_str": "16664681"}, {"id": 26350255, "screen_name": "LeslieMarshall", "name": "Leslie Marshall", "id_str": "26350255"}], "created_at": "Tue Aug 23 00:32:33 +0000 2016", "in_reply_to_status_id": 767844044911370241, "in_reply_to_user_id": 40277679, "text": "@EricKleefeld  @latimes Receive stolen assets that @LeslieMarshall supports ?", "hashtags": [], "lang": "en", "in_reply_to_screen_name": "EricKleefeld", "source": "<a href=\"http://twitter.com\" rel=\"nofollow\">Twitter Web Client</a>"}