{"id": 767855091109863424, "id_str": "767855091109863424", "urls": [], "user": {"geo_enabled": true, "url": "http://t.co/ZYG58XZtAC", "listed_count": 64556, "profile_banner_url": "https://pbs.twimg.com/profile_banners/1367531/1492649996", "name": "Fox News", "profile_image_url_https": "https://pbs.twimg.com/profile_images/918480715158716419/4X8oCbge_normal.jpg", "created_at": "Sat Mar 17 19:01:26 +0000 2007", "screen_name": "FoxNews", "followers_count": 18102825, "description": "America\u2019s Strongest Primetime Lineup Anywhere! Follow America's #1 cable news network, delivering you breaking news, insightful analysis, and must-see videos.", "id_str": "1367531", "lang": "en", "statuses_count": 412476, "profile_sidebar_fill_color": "F4F4F4", "location": "U.S.A.", "profile_background_image_url": "http://abs.twimg.com/images/themes/theme1/bg.png", "profile_text_color": "000000", "profile_sidebar_border_color": "FFFFFF", "profile_background_color": "0E2331", "id": 1367531, "verified": true, "friends_count": 398, "profile_image_url": "http://pbs.twimg.com/profile_images/918480715158716419/4X8oCbge_normal.jpg", "profile_use_background_image": true, "profile_background_image_url_https": "https://abs.twimg.com/images/themes/theme1/bg.png", "profile_link_color": "183A52"}, "user_mentions": [{"id": 69773058, "screen_name": "stephenfhayes", "name": "Stephen Hayes", "id_str": "69773058"}], "retweet_count": 594, "created_at": "Mon Aug 22 22:44:54 +0000 2016", "text": ".@stephenfhayes: \"This is about HRC having made repeated representations that have turned out to be false.\" https://t.co/iBTsqjV9XB", "hashtags": [], "lang": "en", "media": [{"id": 767854841485864960, "display_url": "pic.twitter.com/iBTsqjV9XB", "expanded_url": "https://twitter.com/FoxNews/status/767855091109863424/photo/1", "url": "https://t.co/iBTsqjV9XB", "media_url": "http://pbs.twimg.com/media/Cqf36PnUMAArlxg.jpg", "type": "photo", "media_url_https": "https://pbs.twimg.com/media/Cqf36PnUMAArlxg.jpg", "sizes": {"small": {"w": 680, "resize": "fit", "h": 383}, "large": {"w": 1280, "resize": "fit", "h": 720}, "medium": {"w": 1200, "resize": "fit", "h": 675}, "thumb": {"w": 150, "resize": "crop", "h": 150}}}], "favorite_count": 940, "source": "<a href=\"http://twitter.com\" rel=\"nofollow\">Twitter Web Client</a>"}