{"id": 767880991083929600, "id_str": "767880991083929600", "urls": [], "user": {"geo_enabled": true, "favourites_count": 63143, "profile_sidebar_border_color": "C0DEED", "name": "Ernesto Ronin", "profile_image_url_https": "https://pbs.twimg.com/profile_images/1027641287229431808/rkdSVz-e_normal.jpg", "created_at": "Wed Mar 05 02:18:45 +0000 2014", "screen_name": "Ronin1021", "default_profile": true, "followers_count": 2017, "listed_count": 44, "description": "Stand up Philosopher, Space Cowboy, Gangster of Love, Mad Hatter. Head Salt Shaker Finder @ Margaritaville. Rocket Man. A Huckleberry, if you're a Daisy.", "id_str": "2373026731", "lang": "en", "statuses_count": 74327, "profile_sidebar_fill_color": "DDEEF6", "profile_background_image_url": "http://abs.twimg.com/images/themes/theme1/bg.png", "profile_text_color": "333333", "profile_banner_url": "https://pbs.twimg.com/profile_banners/2373026731/1418005755", "profile_background_color": "C0DEED", "id": 2373026731, "friends_count": 4373, "profile_image_url": "http://pbs.twimg.com/profile_images/1027641287229431808/rkdSVz-e_normal.jpg", "profile_use_background_image": true, "profile_background_image_url_https": "https://abs.twimg.com/images/themes/theme1/bg.png", "profile_link_color": "1DA1F2"}, "user_mentions": [{"id": 1367531, "screen_name": "FoxNews", "name": "Fox News", "id_str": "1367531"}, {"id": 69773058, "screen_name": "stephenfhayes", "name": "Stephen Hayes", "id_str": "69773058"}], "created_at": "Tue Aug 23 00:27:49 +0000 2016", "in_reply_to_status_id": 767855091109863424, "in_reply_to_user_id": 1367531, "text": "@FoxNews @stephenfhayes Just Say it They are called LIES! #NeverHillary", "hashtags": [{"text": "NeverHillary"}], "lang": "en", "in_reply_to_screen_name": "FoxNews", "source": "<a href=\"http://twitter.com\" rel=\"nofollow\">Twitter Web Client</a>"}