{"id": 767870509564489728, "id_str": "767870509564489728", "urls": [], "user": {"geo_enabled": true, "location": "Green Island", "favourites_count": 23, "profile_sidebar_border_color": "C0DEED", "name": "Brian Williams", "profile_image_url_https": "https://pbs.twimg.com/profile_images/378800000692173105/3fdceb9e167b5da56697c1ce1edaac67_normal.jpeg", "created_at": "Tue Oct 19 02:04:46 +0000 2010", "screen_name": "bwilliams547", "default_profile": true, "followers_count": 7, "id_str": "204603048", "lang": "en", "statuses_count": 155, "profile_sidebar_fill_color": "DDEEF6", "profile_background_image_url": "http://abs.twimg.com/images/themes/theme1/bg.png", "profile_text_color": "333333", "profile_banner_url": "https://pbs.twimg.com/profile_banners/204603048/1383545282", "profile_background_color": "C0DEED", "id": 204603048, "friends_count": 50, "profile_image_url": "http://pbs.twimg.com/profile_images/378800000692173105/3fdceb9e167b5da56697c1ce1edaac67_normal.jpeg", "profile_use_background_image": true, "profile_background_image_url_https": "https://abs.twimg.com/images/themes/theme1/bg.png", "profile_link_color": "1DA1F2"}, "user_mentions": [{"id": 1367531, "screen_name": "FoxNews", "name": "Fox News", "id_str": "1367531"}, {"id": 1339835893, "screen_name": "HillaryClinton", "name": "Hillary Clinton", "id_str": "1339835893"}, {"id": 147725246, "screen_name": "FoxNewsInsider", "name": "FoxNewsInsider", "id_str": "147725246"}], "created_at": "Mon Aug 22 23:46:10 +0000 2016", "in_reply_to_status_id": 767814876433571840, "in_reply_to_user_id": 1367531, "text": "@FoxNews @HillaryClinton @FoxNewsInsider stop your nonsense, Rudy. FBI's thorough investigations couldn't indict her. Get a life.", "hashtags": [], "lang": "en", "in_reply_to_screen_name": "FoxNews", "source": "<a href=\"http://twitter.com/download/android\" rel=\"nofollow\">Twitter for Android</a>"}