{"id": 767866767901233152, "id_str": "767866767901233152", "urls": [], "user": {"geo_enabled": true, "favourites_count": 8035, "name": "Laurence Berger", "profile_image_url_https": "https://abs.twimg.com/sticky/default_profile_images/default_profile_normal.png", "created_at": "Tue Nov 15 18:48:44 +0000 2011", "screen_name": "intrepid1957", "default_profile": true, "followers_count": 60, "listed_count": 3, "id_str": "413313042", "lang": "en", "statuses_count": 20333, "profile_sidebar_fill_color": "DDEEF6", "default_profile_image": true, "profile_background_image_url": "http://abs.twimg.com/images/themes/theme1/bg.png", "profile_text_color": "333333", "profile_sidebar_border_color": "C0DEED", "profile_background_color": "C0DEED", "id": 413313042, "friends_count": 126, "profile_image_url": "http://abs.twimg.com/sticky/default_profile_images/default_profile_normal.png", "profile_use_background_image": true, "profile_background_image_url_https": "https://abs.twimg.com/images/themes/theme1/bg.png", "profile_link_color": "1DA1F2"}, "user_mentions": [{"id": 1367531, "screen_name": "FoxNews", "name": "Fox News", "id_str": "1367531"}, {"id": 69773058, "screen_name": "stephenfhayes", "name": "Stephen Hayes", "id_str": "69773058"}], "created_at": "Mon Aug 22 23:31:18 +0000 2016", "in_reply_to_status_id": 767855091109863424, "in_reply_to_user_id": 1367531, "text": "@FoxNews @stephenfhayes that is true; she has told many lies; on the other hand, Trump is Trump, which is a lot more to be concerned about", "hashtags": [], "lang": "en", "in_reply_to_screen_name": "FoxNews", "source": "<a href=\"http://twitter.com/download/android\" rel=\"nofollow\">Twitter for Android</a>"}