{"id": 767815806252003328, "id_str": "767815806252003328", "urls": [], "user": {"id_str": "4291284979", "url": "https://t.co/cHlVO2QHOK", "favourites_count": 1201, "profile_sidebar_border_color": "C0DEED", "name": "Dan Winter", "profile_image_url_https": "https://pbs.twimg.com/profile_images/667483702230847488/UY-uqqfj_normal.png", "created_at": "Thu Nov 19 15:36:35 +0000 2015", "screen_name": "Winter4America", "default_profile": true, "followers_count": 73, "listed_count": 16, "description": "Former Republican sickened by what they\u2019ve become. I didn\u2019t vote for Trump but I want him to do a good job. I\u2019m salty because I\u2019m frustrated with Washington.", "lang": "en", "statuses_count": 3263, "profile_sidebar_fill_color": "DDEEF6", "location": "United States of America", "profile_background_image_url": "http://abs.twimg.com/images/themes/theme1/bg.png", "profile_text_color": "333333", "profile_banner_url": "https://pbs.twimg.com/profile_banners/4291284979/1447975525", "profile_background_color": "C0DEED", "id": 4291284979, "friends_count": 11, "profile_image_url": "http://pbs.twimg.com/profile_images/667483702230847488/UY-uqqfj_normal.png", "profile_use_background_image": true, "profile_background_image_url_https": "https://abs.twimg.com/images/themes/theme1/bg.png", "profile_link_color": "1DA1F2"}, "user_mentions": [{"id": 1367531, "screen_name": "FoxNews", "name": "Fox News", "id_str": "1367531"}], "retweet_count": 1, "created_at": "Mon Aug 22 20:08:48 +0000 2016", "in_reply_to_status_id": 767814876433571840, "in_reply_to_user_id": 1367531, "text": "@FoxNews Rudy... takes one to know one. Get out of my party Trump Sleeze.", "hashtags": [], "lang": "en", "in_reply_to_screen_name": "FoxNews", "favorite_count": 2, "source": "<a href=\"http://twitter.com\" rel=\"nofollow\">Twitter Web Client</a>"}