{"id": 767804129217511425, "id_str": "767804129217511425", "urls": [], "user": {"favourites_count": 11204, "profile_sidebar_fill_color": "DDEEF6", "name": "Honey B Damico", "id_str": "714966912237756416", "listed_count": 16, "statuses_count": 47395, "profile_text_color": "333333", "profile_sidebar_border_color": "C0DEED", "profile_image_url_https": "https://pbs.twimg.com/profile_images/714967283035144194/zCiyL2Tj_normal.jpg", "profile_background_color": "F5F8FA", "created_at": "Wed Mar 30 00:06:10 +0000 2016", "screen_name": "damico_honey", "default_profile": true, "followers_count": 347, "friends_count": 146, "profile_image_url": "http://pbs.twimg.com/profile_images/714967283035144194/zCiyL2Tj_normal.jpg", "id": 714966912237756416, "profile_use_background_image": true, "lang": "en", "profile_link_color": "1DA1F2"}, "user_mentions": [{"id": 28785486, "screen_name": "ABC", "name": "ABC News", "id_str": "28785486"}], "created_at": "Mon Aug 22 19:22:24 +0000 2016", "in_reply_to_status_id": 767803368081358848, "in_reply_to_user_id": 28785486, "text": "@ABC Hillary  has put our country and individuals in danger for the sake of her greed.there should be no questioned that she be disqualified", "hashtags": [], "lang": "en", "in_reply_to_screen_name": "ABC", "favorite_count": 1, "source": "<a href=\"http://twitter.com/#!/download/ipad\" rel=\"nofollow\">Twitter for iPad</a>"}