{"id": 767864060700422144, "id_str": "767864060700422144", "urls": [], "user": {"geo_enabled": true, "location": "Lawrenceville, GA", "favourites_count": 10, "name": "Desiree Thibodeaux", "profile_image_url_https": "https://pbs.twimg.com/profile_images/1268457515/Chris_Pictures_077_normal.jpg", "created_at": "Fri Mar 11 02:17:45 +0000 2011", "screen_name": "dochoa42", "followers_count": 21, "description": "Phone: 678-469-9631", "id_str": "263962160", "lang": "en", "statuses_count": 177, "profile_sidebar_fill_color": "DDEEF6", "profile_background_image_url": "http://abs.twimg.com/images/themes/theme1/bg.png", "profile_text_color": "333333", "profile_sidebar_border_color": "C0DEED", "profile_background_color": "C0DEED", "id": 263962160, "friends_count": 66, "profile_image_url": "http://pbs.twimg.com/profile_images/1268457515/Chris_Pictures_077_normal.jpg", "profile_use_background_image": true, "profile_background_image_url_https": "https://abs.twimg.com/images/themes/theme1/bg.png", "profile_link_color": "0084B4"}, "user_mentions": [{"id": 1367531, "screen_name": "FoxNews", "name": "Fox News", "id_str": "1367531"}, {"id": 25073877, "screen_name": "realDonaldTrump", "name": "Donald J. Trump", "id_str": "25073877"}, {"id": 1339835893, "screen_name": "HillaryClinton", "name": "Hillary Clinton", "id_str": "1339835893"}], "created_at": "Mon Aug 22 23:20:32 +0000 2016", "in_reply_to_status_id": 767861179951648768, "in_reply_to_user_id": 1367531, "text": "@FoxNews @realDonaldTrump @HillaryClinton damn straight", "hashtags": [], "lang": "en", "in_reply_to_screen_name": "FoxNews", "source": "<a href=\"http://twitter.com/download/android\" rel=\"nofollow\">Twitter for Android</a>"}