{"id": 767857833438089216, "id_str": "767857833438089216", "urls": [], "user": {"favourites_count": 4786, "profile_sidebar_fill_color": "DDEEF6", "name": "She Persisted", "id_str": "751232578166755328", "listed_count": 3, "profile_banner_url": "https://pbs.twimg.com/profile_banners/751232578166755328/1482533869", "statuses_count": 10889, "profile_text_color": "333333", "profile_sidebar_border_color": "C0DEED", "profile_image_url_https": "https://pbs.twimg.com/profile_images/838445104050257922/UiugPWk3_normal.jpg", "profile_background_color": "F5F8FA", "created_at": "Fri Jul 08 01:52:58 +0000 2016", "screen_name": "Imwithhernow", "default_profile": true, "followers_count": 794, "friends_count": 1310, "profile_image_url": "http://pbs.twimg.com/profile_images/838445104050257922/UiugPWk3_normal.jpg", "id": 751232578166755328, "profile_use_background_image": true, "lang": "en", "profile_link_color": "1DA1F2"}, "user_mentions": [{"id": 1367531, "screen_name": "FoxNews", "name": "Fox News", "id_str": "1367531"}, {"id": 1339835893, "screen_name": "HillaryClinton", "name": "Hillary Clinton", "id_str": "1339835893"}, {"id": 813560575951110144, "screen_name": "rudygiulianiGOP", "name": "EmWatson", "id_str": "813560575951110144"}], "created_at": "Mon Aug 22 22:55:48 +0000 2016", "in_reply_to_status_id": 767814876433571840, "in_reply_to_user_id": 1367531, "text": "@FoxNews @HillaryClinton @rudygiulianiGOP aren't you sitting down - you must be sick and dying.", "hashtags": [], "lang": "en", "in_reply_to_screen_name": "FoxNews", "source": "<a href=\"http://twitter.com\" rel=\"nofollow\">Twitter Web Client</a>"}