{"id": 767858365779238912, "id_str": "767858365779238912", "urls": [], "user": {"profile_text_color": "333333", "id_str": "4663571046", "favourites_count": 57515, "profile_sidebar_border_color": "C0DEED", "name": "Cryin' Chuck Schumer", "profile_image_url_https": "https://pbs.twimg.com/profile_images/966157770474049537/sz3TBNsG_normal.jpg", "created_at": "Sun Dec 27 22:01:39 +0000 2015", "screen_name": "lbljm1", "default_profile": true, "followers_count": 2556, "description": "Womp womp. Homeless AMERICAN children and vets first. I survived college without becoming a liberal. keep calm and reload.", "lang": "en", "profile_sidebar_fill_color": "DDEEF6", "statuses_count": 73929, "listed_count": 39, "profile_banner_url": "https://pbs.twimg.com/profile_banners/4663571046/1527137997", "profile_background_color": "F5F8FA", "id": 4663571046, "friends_count": 1296, "profile_image_url": "http://pbs.twimg.com/profile_images/966157770474049537/sz3TBNsG_normal.jpg", "profile_use_background_image": true, "profile_link_color": "1DA1F2"}, "user_mentions": [{"id": 1367531, "screen_name": "FoxNews", "name": "Fox News", "id_str": "1367531"}, {"id": 69773058, "screen_name": "stephenfhayes", "name": "Stephen Hayes", "id_str": "69773058"}], "retweet_count": 2, "in_reply_to_screen_name": "FoxNews", "created_at": "Mon Aug 22 22:57:55 +0000 2016", "in_reply_to_status_id": 767855091109863424, "in_reply_to_user_id": 1367531, "text": "@FoxNews @stephenfhayes https://t.co/hVuwGwkW8g", "hashtags": [], "lang": "und", "media": [{"id": 767858347815022593, "display_url": "pic.twitter.com/hVuwGwkW8g", "expanded_url": "https://twitter.com/lbljm1/status/767858365779238912/photo/1", "url": "https://t.co/hVuwGwkW8g", "media_url": "http://pbs.twimg.com/media/Cqf7GVtVMAEznRh.jpg", "type": "photo", "media_url_https": "https://pbs.twimg.com/media/Cqf7GVtVMAEznRh.jpg", "sizes": {"small": {"w": 680, "resize": "fit", "h": 383}, "large": {"w": 1024, "resize": "fit", "h": 577}, "medium": {"w": 1024, "resize": "fit", "h": 577}, "thumb": {"w": 150, "resize": "crop", "h": 150}}}], "favorite_count": 3, "source": "<a href=\"http://twitter.com/download/iphone\" rel=\"nofollow\">Twitter for iPhone</a>"}