{"id": 767858466991972352, "id_str": "767858466991972352", "urls": [], "user": {"geo_enabled": true, "location": "Virginia", "favourites_count": 325, "profile_sidebar_border_color": "65B0DA", "name": "Kathy", "profile_image_url_https": "https://pbs.twimg.com/profile_images/2672679004/09e9b0e3a312214eb56aab4c105b973b_normal.png", "created_at": "Sun Oct 04 23:24:49 +0000 2009", "screen_name": "smokey59", "followers_count": 173, "listed_count": 2, "description": "My husband Is trying to break into the art world at age 65. Please like him at WCJART facebook.", "id_str": "79858053", "lang": "en", "statuses_count": 7874, "profile_background_tile": true, "profile_sidebar_fill_color": "7AC3EE", "profile_background_image_url": "http://abs.twimg.com/images/themes/theme10/bg.gif", "profile_text_color": "FF0000", "profile_banner_url": "https://pbs.twimg.com/profile_banners/79858053/1442100437", "profile_background_color": "642D8B", "id": 79858053, "friends_count": 372, "profile_image_url": "http://pbs.twimg.com/profile_images/2672679004/09e9b0e3a312214eb56aab4c105b973b_normal.png", "profile_use_background_image": true, "profile_background_image_url_https": "https://abs.twimg.com/images/themes/theme10/bg.gif", "profile_link_color": "3D1957"}, "user_mentions": [{"id": 1367531, "screen_name": "FoxNews", "name": "Fox News", "id_str": "1367531"}, {"id": 69773058, "screen_name": "stephenfhayes", "name": "Stephen Hayes", "id_str": "69773058"}], "created_at": "Mon Aug 22 22:58:19 +0000 2016", "in_reply_to_status_id": 767855091109863424, "in_reply_to_user_id": 1367531, "text": "@FoxNews @stephenfhayes Steve I just have a ?. If you and fellow  Conservatives don't vote for Trump would you vote for Hillary or not vote", "hashtags": [], "lang": "en", "in_reply_to_screen_name": "FoxNews", "source": "<a href=\"http://twitter.com/download/iphone\" rel=\"nofollow\">Twitter for iPhone</a>"}