{"id": 768102671404322818, "id_str": "768102671404322818", "urls": [], "user": {"geo_enabled": true, "url": "https://t.co/mUs61eHAQ3", "favourites_count": 623, "profile_sidebar_border_color": "C0DEED", "name": "Jenny", "profile_image_url_https": "https://pbs.twimg.com/profile_images/894871691607846913/KJcK3v0R_normal.jpg", "created_at": "Fri Apr 29 15:46:29 +0000 2011", "screen_name": "MeleaniesMom", "default_profile": true, "followers_count": 272, "listed_count": 12, "description": "Voice Actor ...let me b the voice 4 ur next ad, video prod, audiobook, character, and much more.Check out my demo on my website. JENNY \"The Voice That Delivers\"", "id_str": "290000051", "lang": "en", "statuses_count": 17330, "profile_sidebar_fill_color": "DDEEF6", "location": "Pennsylvania", "profile_background_image_url": "http://abs.twimg.com/images/themes/theme1/bg.png", "profile_text_color": "333333", "profile_banner_url": "https://pbs.twimg.com/profile_banners/290000051/1502188963", "profile_background_color": "C0DEED", "id": 290000051, "friends_count": 303, "profile_image_url": "http://pbs.twimg.com/profile_images/894871691607846913/KJcK3v0R_normal.jpg", "profile_use_background_image": true, "profile_background_image_url_https": "https://abs.twimg.com/images/themes/theme1/bg.png", "profile_link_color": "1DA1F2"}, "user_mentions": [{"id": 748543, "screen_name": "johnbujalski", "name": "John Bujalski", "id_str": "748543"}, {"id": 206872748, "screen_name": "maddyjrbrown", "name": "mjrb", "id_str": "206872748"}, {"id": 1367531, "screen_name": "FoxNews", "name": "Fox News", "id_str": "1367531"}, {"id": 3814121307, "screen_name": "DonnaChivingto2", "name": "Donna Chivington", "id_str": "3814121307"}, {"id": 62374483, "screen_name": "Horn_Sannity", "name": "Horn Sannity", "id_str": "62374483"}, {"id": 14792049, "screen_name": "politicususa", "name": "PoliticusUSA", "id_str": "14792049"}], "created_at": "Tue Aug 23 15:08:42 +0000 2016", "in_reply_to_status_id": 768093596109172736, "in_reply_to_user_id": 748543, "text": "@johnbujalski @maddyjrbrown @FoxNews @DonnaChivingto2 @Horn_Sannity @F4lRu @politicususa 2 bad we dont take all this time to fix something!", "hashtags": [], "lang": "en", "in_reply_to_screen_name": "johnbujalski", "source": "<a href=\"http://twitter.com/#!/download/ipad\" rel=\"nofollow\">Twitter for iPad</a>"}