{"id": 768248677919883264, "id_str": "768248677919883264", "urls": [], "user": {"id_str": "1072144489", "location": "Seattle, Washington", "favourites_count": 65897, "profile_sidebar_border_color": "000000", "name": "Martin Bernier", "profile_image_url_https": "https://pbs.twimg.com/profile_images/824783909623721984/X6pD-cde_normal.jpg", "created_at": "Tue Jan 08 22:10:22 +0000 2013", "screen_name": "mortytoad", "followers_count": 1712, "listed_count": 42, "description": "Native West Seattle-ite. Unapologetic supporter of truth and justice for Meredith Kercher and her family.", "lang": "en", "statuses_count": 27524, "profile_sidebar_fill_color": "000000", "profile_background_image_url": "http://abs.twimg.com/images/themes/theme1/bg.png", "profile_text_color": "000000", "profile_banner_url": "https://pbs.twimg.com/profile_banners/1072144489/1491690613", "profile_background_color": "000000", "id": 1072144489, "friends_count": 3494, "profile_image_url": "http://pbs.twimg.com/profile_images/824783909623721984/X6pD-cde_normal.jpg", "profile_background_image_url_https": "https://abs.twimg.com/images/themes/theme1/bg.png", "profile_link_color": "1B95E0"}, "user_mentions": [{"id": 1367531, "screen_name": "FoxNews", "name": "Fox News", "id_str": "1367531"}, {"id": 39349894, "screen_name": "EricTrump", "name": "Eric Trump", "id_str": "39349894"}], "created_at": "Wed Aug 24 00:48:52 +0000 2016", "in_reply_to_status_id": 767698899939258368, "in_reply_to_user_id": 432173912, "text": "@DoctorPeterMD @FoxNews  But @EricTrump and his brother gave the meat of that leopard to the grateful villagers.", "hashtags": [], "lang": "en", "in_reply_to_screen_name": "PeterMDavies80", "source": "<a href=\"http://twitter.com\" rel=\"nofollow\">Twitter Web Client</a>"}