{"id": 768550396310786051, "id_str": "768550396310786051", "urls": [], "user": {"profile_text_color": "333333", "id_str": "2763596818", "favourites_count": 21158, "name": "Deplorable John", "profile_image_url_https": "https://pbs.twimg.com/profile_images/508416887324438528/qr2I3Zc2_normal.jpeg", "created_at": "Sun Sep 07 00:21:02 +0000 2014", "screen_name": "hellnk", "default_profile": true, "followers_count": 1727, "description": "conservative history buff interests economics, politics, military minitures, museum & historical ships. #2A Army Vet", "lang": "en", "statuses_count": 20509, "profile_sidebar_fill_color": "DDEEF6", "profile_background_image_url": "http://abs.twimg.com/images/themes/theme1/bg.png", "listed_count": 15, "profile_sidebar_border_color": "C0DEED", "profile_background_color": "C0DEED", "id": 2763596818, "friends_count": 2750, "profile_image_url": "http://pbs.twimg.com/profile_images/508416887324438528/qr2I3Zc2_normal.jpeg", "profile_use_background_image": true, "profile_background_image_url_https": "https://abs.twimg.com/images/themes/theme1/bg.png", "profile_link_color": "1DA1F2"}, "user_mentions": [{"id": 1367531, "screen_name": "FoxNews", "name": "Fox News", "id_str": "1367531"}, {"id": 1339835893, "screen_name": "HillaryClinton", "name": "Hillary Clinton", "id_str": "1339835893"}, {"id": 147725246, "screen_name": "FoxNewsInsider", "name": "FoxNewsInsider", "id_str": "147725246"}], "created_at": "Wed Aug 24 20:47:48 +0000 2016", "in_reply_to_status_id": 767814876433571840, "in_reply_to_user_id": 1367531, "text": "@FoxNews @dmorrow1125 @HillaryClinton @FoxNewsInsider Apparently she thinks Powell is the super predator Slick Willie signed laws to thwart.", "hashtags": [], "lang": "en", "in_reply_to_screen_name": "FoxNews", "source": "<a href=\"http://twitter.com/#!/download/ipad\" rel=\"nofollow\">Twitter for iPad</a>"}