{"id": 768970377611448320, "id_str": "768970377611448320", "urls": [], "user": {"profile_text_color": "333333", "id_str": "2889653187", "favourites_count": 14071, "name": "Linda M", "profile_image_url_https": "https://abs.twimg.com/sticky/default_profile_images/default_profile_normal.png", "created_at": "Sun Nov 23 20:31:31 +0000 2014", "screen_name": "LindaM_11", "default_profile": true, "followers_count": 147, "lang": "en", "statuses_count": 26719, "profile_sidebar_fill_color": "DDEEF6", "default_profile_image": true, "profile_background_image_url": "http://abs.twimg.com/images/themes/theme1/bg.png", "listed_count": 3, "profile_sidebar_border_color": "C0DEED", "profile_background_color": "C0DEED", "id": 2889653187, "friends_count": 131, "profile_image_url": "http://abs.twimg.com/sticky/default_profile_images/default_profile_normal.png", "profile_use_background_image": true, "profile_background_image_url_https": "https://abs.twimg.com/images/themes/theme1/bg.png", "profile_link_color": "1DA1F2"}, "user_mentions": [{"id": 428333, "screen_name": "cnnbrk", "name": "CNN Breaking News", "id_str": "428333"}], "created_at": "Fri Aug 26 00:36:39 +0000 2016", "in_reply_to_status_id": 766760976968478720, "in_reply_to_user_id": 428333, "text": "@cnnbrk That's great! The pressure is on, finally! Yea!", "hashtags": [], "lang": "en", "in_reply_to_screen_name": "cnnbrk", "source": "<a href=\"http://twitter.com/download/android\" rel=\"nofollow\">Twitter for Android</a>"}