{"id": 774934636103368708, "id_str": "774934636103368708", "urls": [], "user": {"geo_enabled": true, "url": "https://t.co/hqJn6Jh0BJ", "favourites_count": 5462, "name": "thefieldnegro", "profile_image_url_https": "https://pbs.twimg.com/profile_images/1030251606988734465/YKJ2wYFd_normal.jpg", "created_at": "Sat Aug 02 02:30:35 +0000 2008", "screen_name": "fieldnegro", "followers_count": 7440, "listed_count": 297, "description": "I sang Jackson 5 songs in the back of my daddy's church with Magic Johnson, and Chuck Berry almost threw me off a boat. I am a member of America's oldest bar.", "id_str": "15697364", "lang": "en", "statuses_count": 39316, "profile_sidebar_fill_color": "252429", "location": "Philadelphia", "profile_background_image_url": "http://abs.twimg.com/images/themes/theme9/bg.gif", "profile_text_color": "666666", "profile_sidebar_border_color": "181A1E", "profile_background_color": "1A1B1F", "id": 15697364, "friends_count": 2741, "profile_image_url": "http://pbs.twimg.com/profile_images/1030251606988734465/YKJ2wYFd_normal.jpg", "profile_use_background_image": true, "profile_background_image_url_https": "https://abs.twimg.com/images/themes/theme9/bg.gif", "profile_link_color": "2FC2EF"}, "user_mentions": [{"id": 373564351, "screen_name": "Khanoisseur", "name": "Adam Khan", "id_str": "373564351"}, {"id": 710556675418161153, "screen_name": "AnamikaMadad", "name": "Anamika", "id_str": "710556675418161153"}, {"id": 4847547283, "screen_name": "paddywhacker69", "name": "paddywhacker69", "id_str": "4847547283"}, {"id": 1888217911, "screen_name": "Sr0bi", "name": "Sheldon Robidoux", "id_str": "1888217911"}, {"id": 16069119, "screen_name": "stellaaaa", "name": "Stellaa the 18th angry Democrat", "id_str": "16069119"}, {"id": 232851192, "screen_name": "theonlyadult", "name": "44ever", "id_str": "232851192"}], "created_at": "Sun Sep 11 11:36:29 +0000 2016", "in_reply_to_status_id": 774889503873916928, "in_reply_to_user_id": 373564351, "text": "@khanoisseur @anamikamadad @paddywhacker69 @sr0bi @stellaaaa @theonlyadult And yet, it will not be properly covered. #Newsroomsofdeplorables", "hashtags": [{"text": "Newsroomsofdeplorables"}], "lang": "en", "in_reply_to_screen_name": "Khanoisseur", "favorite_count": 9, "source": "<a href=\"https://mobile.twitter.com\" rel=\"nofollow\">Mobile Web (M2)</a>"}