{"id": 774998540980334592, "id_str": "774998540980334592", "urls": [], "user": {"geo_enabled": true, "url": "https://t.co/Pg2pRKAeM3", "favourites_count": 21992, "profile_sidebar_border_color": "C0DEED", "name": "Deplorable USMCVET", "profile_image_url_https": "https://pbs.twimg.com/profile_images/779928316656558081/OXTd5PsH_normal.jpg", "created_at": "Wed May 18 07:47:30 +0000 2016", "screen_name": "wolfman762", "default_profile": true, "followers_count": 2611, "listed_count": 44, "description": "Born Hispanic in America (not like we can choose), Patriotic American by choice, military vet, full-time college student, father & husband #PresidentTrump #MAGA", "id_str": "732840019551981568", "lang": "en", "profile_sidebar_fill_color": "DDEEF6", "location": "San Diego, CA", "statuses_count": 30584, "profile_text_color": "333333", "profile_banner_url": "https://pbs.twimg.com/profile_banners/732840019551981568/1474784488", "profile_background_color": "F5F8FA", "id": 732840019551981568, "friends_count": 4200, "profile_image_url": "http://pbs.twimg.com/profile_images/779928316656558081/OXTd5PsH_normal.jpg", "profile_use_background_image": true, "profile_link_color": "1DA1F2"}, "user_mentions": [{"id": 3306629815, "screen_name": "AmericanMex067", "name": "Jorge \ud83c\uddfa\ud83c\uddf8 MAGA", "id_str": "3306629815"}, {"id": 742386395998650368, "screen_name": "pethillbecky", "name": "Becky", "id_str": "742386395998650368"}, {"id": 609219408, "screen_name": "kgbveteran", "name": "\u0641\u0647\u062f \u0627\u0644\u0641\u0631\u064a\u0627\u0646", "id_str": "609219408"}], "created_at": "Sun Sep 11 15:50:25 +0000 2016", "in_reply_to_status_id": 774842517657296898, "in_reply_to_user_id": 3306629815, "text": "@AmericanMex067 @pethillbecky @KGBVeteran #DeplorableLivesMatter #DeplorablesForTrump #BasketOfDeplorables", "hashtags": [{"text": "DeplorableLivesMatter"}, {"text": "DeplorablesForTrump"}, {"text": "BasketOfDeplorables"}], "lang": "und", "in_reply_to_screen_name": "AmericanMex067", "source": "<a href=\"http://twitter.com/download/android\" rel=\"nofollow\">Twitter for Android</a>"}