{"id": 777728642847678464, "id_str": "777728642847678464", "urls": [], "user": {"geo_enabled": true, "url": "http://t.co/7U63RiI6KN", "favourites_count": 1447, "profile_sidebar_border_color": "C0DEED", "name": "Russell S. Day", "profile_image_url_https": "https://pbs.twimg.com/profile_images/826856725709873152/hEHOGcMh_normal.jpg", "created_at": "Sun Jan 31 19:44:42 +0000 2010", "screen_name": "Transcendian", "default_profile": true, "followers_count": 1231, "listed_count": 69, "description": "Founder of Transcendia. Most important work.  Poet Author on Amazon Russell Scott Day", "id_str": "110218308", "lang": "en", "statuses_count": 63715, "profile_sidebar_fill_color": "DDEEF6", "location": "Transcendia TM, Intendor TM", "profile_background_image_url": "http://abs.twimg.com/images/themes/theme1/bg.png", "profile_text_color": "333333", "profile_banner_url": "https://pbs.twimg.com/profile_banners/110218308/1417323910", "profile_background_color": "C0DEED", "id": 110218308, "friends_count": 4395, "profile_image_url": "http://pbs.twimg.com/profile_images/826856725709873152/hEHOGcMh_normal.jpg", "profile_use_background_image": true, "profile_background_image_url_https": "https://abs.twimg.com/images/themes/theme1/bg.png", "profile_link_color": "1DA1F2"}, "user_mentions": [{"id": 522537060, "screen_name": "PoliticsNewz", "name": "Politics News", "id_str": "522537060"}], "created_at": "Mon Sep 19 04:38:52 +0000 2016", "in_reply_to_status_id": 777710439870455808, "in_reply_to_user_id": 522537060, "text": "@PoliticsNewz This is not true.", "hashtags": [], "lang": "en", "in_reply_to_screen_name": "PoliticsNewz", "source": "<a href=\"http://twitter.com\" rel=\"nofollow\">Twitter Web Client</a>"}