{"id": 778606009422082048, "id_str": "778606009422082048", "urls": [], "user": {"geo_enabled": true, "favourites_count": 80988, "profile_sidebar_border_color": "C0DEED", "name": "arlie is spoopy", "profile_image_url_https": "https://pbs.twimg.com/profile_images/1036327866575867905/g73rpW7x_normal.jpg", "created_at": "Sun May 11 16:39:47 +0000 2014", "screen_name": "lostinamy", "default_profile": true, "followers_count": 711, "listed_count": 24, "description": "they/them. evfan. // 5/2/16 I met my absolute idol Amy, she has my drawing. 11/12/16 I got to hug Dani! // 7/4/17, 7/12/18 Amy REPLIED to my tweet!", "id_str": "2541294010", "lang": "en", "statuses_count": 95069, "profile_sidebar_fill_color": "DDEEF6", "profile_background_image_url": "http://abs.twimg.com/images/themes/theme1/bg.png", "profile_text_color": "333333", "profile_banner_url": "https://pbs.twimg.com/profile_banners/2541294010/1535914793", "profile_background_color": "C0DEED", "id": 2541294010, "friends_count": 385, "profile_image_url": "http://pbs.twimg.com/profile_images/1036327866575867905/g73rpW7x_normal.jpg", "profile_use_background_image": true, "profile_background_image_url_https": "https://abs.twimg.com/images/themes/theme1/bg.png", "profile_link_color": "1DA1F2"}, "user_mentions": [{"id": 458882421, "screen_name": "SageAntone", "name": "Sage", "id_str": "458882421"}, {"id": 16041234, "screen_name": "RawStory", "name": "Raw Story", "id_str": "16041234"}], "retweet_count": 1, "created_at": "Wed Sep 21 14:45:13 +0000 2016", "in_reply_to_status_id": 778597298574155776, "in_reply_to_user_id": 458882421, "text": "@SageAntone @RawStory they get killed no matter what they do", "hashtags": [], "lang": "en", "in_reply_to_screen_name": "SageAntone", "favorite_count": 5, "source": "<a href=\"http://twitter.com/download/iphone\" rel=\"nofollow\">Twitter for iPhone</a>"}