{"id": 779091638010335232, "id_str": "779091638010335232", "urls": [], "user": {"favourites_count": 28600, "profile_sidebar_fill_color": "DDEEF6", "name": "BeyondTheBanter", "id_str": "727614729993125888", "listed_count": 102, "profile_banner_url": "https://pbs.twimg.com/profile_banners/727614729993125888/1462312634", "statuses_count": 33076, "profile_text_color": "333333", "profile_sidebar_border_color": "C0DEED", "profile_image_url_https": "https://pbs.twimg.com/profile_images/727618721565450240/qyJ4GWyk_normal.jpg", "profile_background_color": "F5F8FA", "created_at": "Tue May 03 21:44:04 +0000 2016", "screen_name": "BeyondTheBantr", "default_profile": true, "followers_count": 1124, "friends_count": 1620, "profile_image_url": "http://pbs.twimg.com/profile_images/727618721565450240/qyJ4GWyk_normal.jpg", "id": 727614729993125888, "profile_use_background_image": true, "lang": "en", "profile_link_color": "1DA1F2"}, "user_mentions": [{"id": 1137881, "screen_name": "AlfredSpellman", "name": "Alfred Spellman", "id_str": "1137881"}], "created_at": "Thu Sep 22 22:54:55 +0000 2016", "in_reply_to_status_id": 778949749156245504, "in_reply_to_user_id": 1137881, "text": "..those with dignity won't use this to commit crimes via #FreePass  @AlfredSpellman", "hashtags": [{"text": "FreePass"}], "lang": "en", "in_reply_to_screen_name": "AlfredSpellman", "source": "<a href=\"http://twitter.com/download/iphone\" rel=\"nofollow\">Twitter for iPhone</a>"}