{"id": 780436430732525569, "id_str": "780436430732525569", "urls": [{"expanded_url": "http://www.marijuana.com/blog/news/2016/09/chelsea-clinton-implies-marijuana-can-kill-you/", "url": "https://t.co/ThWiCUQspN"}], "user": {"profile_text_color": "000000", "id_str": "18013279", "url": "https://t.co/8sfJLC0JKx", "listed_count": 332, "profile_banner_url": "https://pbs.twimg.com/profile_banners/18013279/1413665816", "name": "Tom Angell \ud83c\udf33\ud83d\udcf0", "profile_image_url_https": "https://pbs.twimg.com/profile_images/976622575198629888/G8ODrvu4_normal.jpg", "created_at": "Wed Dec 10 05:37:51 +0000 2008", "screen_name": "tomangell", "followers_count": 14962, "description": "15+ years in cannabis reform. @MarijuanaMoment journalist. Founded Marijuana Majority (@JoinTheMajority). Forbes. Past: @PoliceForReform @ssdp tomangell@gmail", "lang": "en", "statuses_count": 25221, "profile_sidebar_fill_color": "000000", "location": "www.MarijuanaMajority.com", "profile_background_image_url": "http://abs.twimg.com/images/themes/theme5/bg.gif", "favourites_count": 1924, "profile_sidebar_border_color": "000000", "profile_background_color": "000000", "id": 18013279, "verified": true, "friends_count": 796, "profile_image_url": "http://pbs.twimg.com/profile_images/976622575198629888/G8ODrvu4_normal.jpg", "profile_background_image_url_https": "https://abs.twimg.com/images/themes/theme5/bg.gif", "profile_link_color": "19CF86"}, "source": "<a href=\"https://about.twitter.com/products/tweetdeck\" rel=\"nofollow\">TweetDeck</a>", "user_mentions": [], "retweet_count": 108, "created_at": "Mon Sep 26 15:58:39 +0000 2016", "text": "Well, this is a new one: \n\nChelsea Clinton implies that marijuana can kill you.\n\n2016, y\u2019all.\n\nhttps://t.co/ThWiCUQspN #mmot #p2 #tcot #tlot", "hashtags": [{"text": "mmot"}, {"text": "p2"}, {"text": "tcot"}, {"text": "tlot"}], "lang": "en", "favorite_count": 107}