{"id": 780885304186114048, "id_str": "780885304186114048", "urls": [], "user": {"geo_enabled": true, "favourites_count": 123, "profile_sidebar_border_color": "C0DEED", "name": "Brian Sullivan", "profile_image_url_https": "https://pbs.twimg.com/profile_images/1248183577/pond_skating_normal.jpg", "created_at": "Wed Apr 14 15:36:17 +0000 2010", "screen_name": "SullivanHockey", "followers_count": 946, "listed_count": 46, "description": "Full-time hockey addict, part-time writer, part-time sieve. **Hockey tweets will take a back seat to more urgent matters until conditions are more stable**", "id_str": "132937267", "lang": "en", "statuses_count": 25577, "profile_sidebar_fill_color": "DDEEF6", "profile_background_image_url": "http://abs.twimg.com/images/themes/theme1/bg.png", "profile_text_color": "333333", "profile_banner_url": "https://pbs.twimg.com/profile_banners/132937267/1426990022", "profile_background_color": "C0DEED", "id": 132937267, "friends_count": 452, "profile_image_url": "http://pbs.twimg.com/profile_images/1248183577/pond_skating_normal.jpg", "profile_use_background_image": true, "profile_background_image_url_https": "https://abs.twimg.com/images/themes/theme1/bg.png", "profile_link_color": "0084B4"}, "user_mentions": [{"id": 7900962, "screen_name": "lhfang", "name": "Lee Fang", "id_str": "7900962"}], "created_at": "Tue Sep 27 21:42:19 +0000 2016", "in_reply_to_status_id": 780882510645370880, "in_reply_to_user_id": 7900962, "text": "@lhfang Seems as though she is implying a detrimental chemical interaction between marijuana and other medications.", "hashtags": [], "lang": "en", "in_reply_to_screen_name": "lhfang", "favorite_count": 6, "source": "<a href=\"http://twitter.com/download/iphone\" rel=\"nofollow\">Twitter for iPhone</a>"}