{"id": 780883510601117696, "id_str": "780883510601117696", "urls": [], "user": {"geo_enabled": true, "url": "https://t.co/2cyK5bLspj", "favourites_count": 4129, "profile_sidebar_border_color": "000000", "name": "Josh Stewart", "profile_image_url_https": "https://pbs.twimg.com/profile_images/2655795539/ab2def35555a46adcaf95f58b3318bc0_normal.jpeg", "created_at": "Wed May 30 20:14:26 +0000 2012", "screen_name": "JoshDStewart", "followers_count": 1163, "listed_count": 57, "description": "Texan. @texasdemocrats press lead for battleground congressional races. Prev: @repmarcykaptur @senatorbegich & Obama OH. Cautious optimist. Music opinion haver.", "id_str": "594954864", "lang": "en", "statuses_count": 9513, "profile_sidebar_fill_color": "DDEEF6", "location": "Texas, USA", "profile_background_image_url": "http://abs.twimg.com/images/themes/theme1/bg.png", "profile_text_color": "333333", "profile_banner_url": "https://pbs.twimg.com/profile_banners/594954864/1399312056", "profile_background_color": "5DAED4", "id": 594954864, "friends_count": 1049, "profile_image_url": "http://pbs.twimg.com/profile_images/2655795539/ab2def35555a46adcaf95f58b3318bc0_normal.jpeg", "profile_use_background_image": true, "profile_background_image_url_https": "https://abs.twimg.com/images/themes/theme1/bg.png", "profile_link_color": "0084B4"}, "user_mentions": [{"id": 7900962, "screen_name": "lhfang", "name": "Lee Fang", "id_str": "7900962"}], "created_at": "Tue Sep 27 21:35:11 +0000 2016", "in_reply_to_status_id": 780882510645370880, "in_reply_to_user_id": 7900962, "text": "@lhfang I mean she is implying that mixing drugs including marijuana can lead to death. Which is very different...", "hashtags": [], "lang": "en", "in_reply_to_screen_name": "lhfang", "favorite_count": 31, "source": "<a href=\"http://twitter.com\" rel=\"nofollow\">Twitter Web Client</a>"}