{"id": 780958331561062400, "id_str": "780958331561062400", "urls": [], "user": {"geo_enabled": true, "url": "https://t.co/NjJAYLev4Z", "favourites_count": 7637, "profile_sidebar_border_color": "829D5E", "name": "Michael Lyons", "profile_image_url_https": "https://pbs.twimg.com/profile_images/976505714305728512/d7hrM0aa_normal.jpg", "created_at": "Mon May 04 00:11:47 +0000 2009", "screen_name": "TheLyons", "followers_count": 267, "listed_count": 6, "description": "i'm very confident and agile in the water.", "id_str": "37541242", "lang": "en", "statuses_count": 2685, "profile_sidebar_fill_color": "99CC33", "location": "Maui", "profile_background_image_url": "http://abs.twimg.com/images/themes/theme1/bg.png", "profile_text_color": "3E4415", "profile_banner_url": "https://pbs.twimg.com/profile_banners/37541242/1366385038", "profile_background_color": "352726", "id": 37541242, "friends_count": 1181, "profile_image_url": "http://pbs.twimg.com/profile_images/976505714305728512/d7hrM0aa_normal.jpg", "profile_use_background_image": true, "profile_background_image_url_https": "https://abs.twimg.com/images/themes/theme1/bg.png", "profile_link_color": "9266CC"}, "user_mentions": [{"id": 7900962, "screen_name": "lhfang", "name": "Lee Fang", "id_str": "7900962"}], "created_at": "Wed Sep 28 02:32:30 +0000 2016", "in_reply_to_status_id": 780882510645370880, "in_reply_to_user_id": 7900962, "text": "@lhfang she fucking says that it's anecdotal. Are you KIDDING ME? Isn't this a science, and data driven campaign?", "hashtags": [], "lang": "en", "in_reply_to_screen_name": "lhfang", "favorite_count": 1, "source": "<a href=\"http://twitter.com/download/android\" rel=\"nofollow\">Twitter for Android</a>"}