{"id": 780914943738556417, "id_str": "780914943738556417", "urls": [], "user": {"id_str": "748305534", "location": "Bernie's Basement, VT", "favourites_count": 144201, "profile_sidebar_border_color": "C0DEED", "name": "Dr. Boooo-tin_Is_My_Homey MD \ud83c\udf39", "profile_image_url_https": "https://pbs.twimg.com/profile_images/909127822593216517/9YV1FDrJ_normal.jpg", "profile_link_color": "0084B4", "screen_name": "AnthroGirl73", "followers_count": 2238, "listed_count": 9, "description": "Writer/Artist/Tree-hugger/Bibliophile/Animal lover/Veggie/Anachronism/Sexist Bro/Russian Spy. \nNo lists/No DMs", "created_at": "Fri Aug 10 01:14:06 +0000 2012", "lang": "en", "profile_background_tile": true, "profile_sidebar_fill_color": "DDEEF6", "profile_background_image_url": "http://abs.twimg.com/images/themes/theme1/bg.png", "profile_text_color": "333333", "profile_banner_url": "https://pbs.twimg.com/profile_banners/748305534/1505962688", "profile_background_color": "C0DEED", "id": 748305534, "friends_count": 1440, "profile_image_url": "http://pbs.twimg.com/profile_images/909127822593216517/9YV1FDrJ_normal.jpg", "profile_use_background_image": true, "profile_background_image_url_https": "https://abs.twimg.com/images/themes/theme1/bg.png", "statuses_count": 42011}, "user_mentions": [{"id": 7900962, "screen_name": "lhfang", "name": "Lee Fang", "id_str": "7900962"}], "retweet_count": 1, "created_at": "Tue Sep 27 23:40:05 +0000 2016", "in_reply_to_status_id": 780882510645370880, "in_reply_to_user_id": 7900962, "text": "@lhfang Anecdotal evidence. Totally the best kind of evidence.", "hashtags": [], "lang": "en", "in_reply_to_screen_name": "lhfang", "favorite_count": 1, "source": "<a href=\"http://twitter.com\" rel=\"nofollow\">Twitter Web Client</a>"}