{"id": 781003194105233408, "id_str": "781003194105233408", "urls": [], "user": {"geo_enabled": true, "url": "https://t.co/45MtMjC1Ji", "favourites_count": 47704, "name": "Insulin Addict", "profile_image_url_https": "https://pbs.twimg.com/profile_images/905221292810313728/fWTqztbK_normal.jpg", "created_at": "Thu May 21 19:36:47 +0000 2009", "screen_name": "jpnairn", "followers_count": 1343, "listed_count": 219, "description": "Type 1 Diabetic Marathon Maniac, aspiring triathlete. You ain't done nothin' if you ain't been called a red.", "id_str": "41658787", "lang": "en", "statuses_count": 46885, "profile_sidebar_fill_color": "020812", "location": "Long Beach, CA", "profile_background_image_url": "http://abs.twimg.com/images/themes/theme4/bg.gif", "profile_text_color": "2280A9", "profile_sidebar_border_color": "2280A9", "profile_background_color": "020812", "id": 41658787, "friends_count": 1958, "profile_image_url": "http://pbs.twimg.com/profile_images/905221292810313728/fWTqztbK_normal.jpg", "profile_use_background_image": true, "profile_background_image_url_https": "https://abs.twimg.com/images/themes/theme4/bg.gif", "profile_link_color": "17406C"}, "user_mentions": [{"id": 7900962, "screen_name": "lhfang", "name": "Lee Fang", "id_str": "7900962"}], "created_at": "Wed Sep 28 05:30:46 +0000 2016", "in_reply_to_status_id": 780882510645370880, "in_reply_to_user_id": 7900962, "text": "@lhfang That's how she lost her Dad.", "hashtags": [], "lang": "en", "in_reply_to_screen_name": "lhfang", "favorite_count": 1, "source": "<a href=\"http://twitter.com\" rel=\"nofollow\">Twitter Web Client</a>"}