{"id": 781366134251462656, "id_str": "781366134251462656", "urls": [], "user": {"geo_enabled": true, "location": "Los Angeles, CA", "favourites_count": 547, "profile_sidebar_border_color": "000000", "name": "Jim", "profile_image_url_https": "https://pbs.twimg.com/profile_images/1044706088531124224/tEZ6JX2b_normal.jpg", "created_at": "Wed Apr 15 06:54:39 +0000 2009", "screen_name": "DearAnxiety_", "followers_count": 1084, "listed_count": 35, "description": "What we've got here is a failure to communicate.", "id_str": "31359323", "lang": "en", "statuses_count": 21673, "profile_sidebar_fill_color": "000000", "profile_background_image_url": "http://abs.twimg.com/images/themes/theme2/bg.gif", "profile_text_color": "000000", "profile_banner_url": "https://pbs.twimg.com/profile_banners/31359323/1537794728", "profile_background_color": "000000", "id": 31359323, "friends_count": 549, "profile_image_url": "http://pbs.twimg.com/profile_images/1044706088531124224/tEZ6JX2b_normal.jpg", "profile_background_image_url_https": "https://abs.twimg.com/images/themes/theme2/bg.gif", "profile_link_color": "ABB8C2"}, "user_mentions": [{"id": 7900962, "screen_name": "lhfang", "name": "Lee Fang", "id_str": "7900962"}, {"id": 785315185, "screen_name": "BricksnBullets", "name": "Bricks & Bullets", "id_str": "785315185"}], "created_at": "Thu Sep 29 05:32:58 +0000 2016", "in_reply_to_status_id": 780882510645370880, "in_reply_to_user_id": 7900962, "text": "@lhfang @BricksnBullets Did she ever inhale?", "hashtags": [], "lang": "en", "in_reply_to_screen_name": "lhfang", "favorite_count": 1, "source": "<a href=\"http://twitter.com\" rel=\"nofollow\">Twitter Web Client</a>"}