{"id": 782359836994498560, "id_str": "782359836994498560", "urls": [], "user": {"geo_enabled": true, "location": "New York, NY Shithole", "favourites_count": 80357, "profile_sidebar_border_color": "C0DEED", "name": "Malynda", "profile_image_url_https": "https://pbs.twimg.com/profile_images/731247993689673728/AKz2858o_normal.jpg", "created_at": "Tue Feb 15 13:15:11 +0000 2011", "screen_name": "MalyndaNyc", "default_profile": true, "followers_count": 8819, "listed_count": 199, "description": "#WalkAway class of 2016. \nThe crazier the left, the farther right I go. On Gab @MalyNda #NRA #ConcealedCarry #1A #2A #MAGA #DrainTheSwamp #Demexit #FreeAssange", "id_str": "252566795", "lang": "en", "statuses_count": 66777, "profile_sidebar_fill_color": "DDEEF6", "profile_background_image_url": "http://abs.twimg.com/images/themes/theme1/bg.png", "profile_text_color": "333333", "profile_banner_url": "https://pbs.twimg.com/profile_banners/252566795/1538253621", "profile_background_color": "C0DEED", "id": 252566795, "friends_count": 5048, "profile_image_url": "http://pbs.twimg.com/profile_images/731247993689673728/AKz2858o_normal.jpg", "profile_use_background_image": true, "profile_background_image_url_https": "https://abs.twimg.com/images/themes/theme1/bg.png", "profile_link_color": "1DA1F2"}, "user_mentions": [{"id": 7900962, "screen_name": "lhfang", "name": "Lee Fang", "id_str": "7900962"}], "created_at": "Sat Oct 01 23:21:35 +0000 2016", "in_reply_to_status_id": 780882510645370880, "in_reply_to_user_id": 7900962, "text": "Chelsea is as unbearable as her mother. @lhfang", "hashtags": [], "lang": "en", "in_reply_to_screen_name": "lhfang", "favorite_count": 6, "source": "<a href=\"http://twitter.com\" rel=\"nofollow\">Twitter Web Client</a>"}