{"lang": "en", "in_reply_to_user_id": 15439395, "text": "@stephenfry can I get my jollies doing this? Was probably it", "created_at": "Wed May 15 17:35:44 +0000 2013", "hashtags": [], "user_mentions": [{"id_str": "15439395", "screen_name": "stephenfry", "name": "Stephen Fry", "id": 15439395}], "source": "<a href=\"http://www.hootsuite.com\" rel=\"nofollow\">Hootsuite</a>", "in_reply_to_status_id": 334722003057647616, "in_reply_to_screen_name": "stephenfry", "user": {"id": 122332490, "profile_image_url_https": "https://pbs.twimg.com/profile_images/724641537221644289/7f7sNlYj_normal.jpg", "profile_sidebar_fill_color": "95E8EC", "profile_text_color": "3C3940", "followers_count": 5684, "location": "UK", "profile_background_color": "6369BD", "id_str": "122332490", "statuses_count": 36445, "description": "Multi talented, whether the talent is any good is debatable.\nFormer Chef & blogger, successful at both, surprisingly.", "friends_count": 824, "profile_link_color": "B80000", "profile_image_url": "http://pbs.twimg.com/profile_images/724641537221644289/7f7sNlYj_normal.jpg", "profile_background_image_url_https": "https://abs.twimg.com/images/themes/theme9/bg.gif", "profile_banner_url": "https://pbs.twimg.com/profile_banners/122332490/1461662367", "profile_background_image_url": "http://abs.twimg.com/images/themes/theme9/bg.gif", "name": "ChumHum.cc", "lang": "en", "profile_background_tile": true, "favourites_count": 7, "screen_name": "chumhumcc", "url": "https://t.co/eSyymO2YaI", "created_at": "Fri Mar 12 10:29:01 +0000 2010", "profile_sidebar_border_color": "FFFFFF", "listed_count": 185}, "urls": [], "id": 334723787830489089, "id_str": "334723787830489089"}