{"lang": "en", "in_reply_to_user_id": 15439395, "text": "@stephenfry : Hornet stings cause swelling. Sweden invented the \"penis enlarging pump.\" Seems obvious to me. http://t.co/rFFbSKogXA \u2026", "created_at": "Wed May 15 17:35:06 +0000 2013", "hashtags": [], "user_mentions": [{"id_str": "15439395", "screen_name": "stephenfry", "name": "Stephen Fry", "id": 15439395}], "source": "<a href=\"http://twitter.com\" rel=\"nofollow\">Twitter Web Client</a>", "in_reply_to_status_id": 334722003057647616, "in_reply_to_screen_name": "stephenfry", "user": {"profile_use_background_image": true, "id": 498500868, "profile_image_url_https": "https://pbs.twimg.com/profile_images/585904305045049344/Uu6fmxX5_normal.jpg", "profile_sidebar_fill_color": "DDEEF6", "profile_text_color": "333333", "followers_count": 1986, "location": "Cloud City", "profile_background_color": "C0DEED", "id_str": "498500868", "statuses_count": 17684, "description": "If anything less than the best is a felony, then lock me up and throw away the key.", "friends_count": 1265, "profile_link_color": "1DA1F2", "profile_image_url": "http://pbs.twimg.com/profile_images/585904305045049344/Uu6fmxX5_normal.jpg", "profile_background_image_url_https": "https://abs.twimg.com/images/themes/theme1/bg.png", "profile_banner_url": "https://pbs.twimg.com/profile_banners/498500868/1490905660", "profile_background_image_url": "http://abs.twimg.com/images/themes/theme1/bg.png", "name": "Lando Kardashian", "lang": "en", "favourites_count": 52508, "screen_name": "LandoKardashian", "created_at": "Tue Feb 21 03:48:04 +0000 2012", "profile_sidebar_border_color": "C0DEED", "default_profile": true, "listed_count": 45}, "urls": [{"url": "http://t.co/rFFbSKogXA", "expanded_url": "http://m.ibtimes.co.uk/man-sweden-dies-sex-hornet-s-nest-467900.html"}], "id": 334723627704528896, "id_str": "334723627704528896"}