{"lang": "en", "in_reply_to_user_id": 236924921, "text": "@syjere17 Hassan should have been shot first thing in the morning after he murdered our troops on US soil!  No blindfold or cigarette either", "created_at": "Wed May 22 12:32:44 +0000 2013", "hashtags": [], "user_mentions": [{"id_str": "236924921", "screen_name": "syjere17", "name": "\u274c  I Am Verus  \u274c", "id": 236924921}], "source": "<a href=\"http://twitter.com/download/iphone\" rel=\"nofollow\">Twitter for iPhone</a>", "in_reply_to_status_id": 337183471174819840, "in_reply_to_screen_name": "syjere17", "user": {"profile_use_background_image": true, "id": 379675736, "profile_image_url_https": "https://pbs.twimg.com/profile_images/378800000339664940/613627fcacf9033976268a45ae51d144_normal.png", "profile_sidebar_fill_color": "95E8EC", "profile_text_color": "3C3940", "followers_count": 1997, "location": "Liberalville  Ohio", "profile_background_color": "0099B9", "id_str": "379675736", "statuses_count": 5244, "description": "I'm sad for our Country and mad as hell! #TCOT #NRA", "friends_count": 2586, "profile_link_color": "0099B9", "profile_image_url": "http://pbs.twimg.com/profile_images/378800000339664940/613627fcacf9033976268a45ae51d144_normal.png", "profile_background_image_url_https": "https://abs.twimg.com/images/themes/theme4/bg.gif", "profile_banner_url": "https://pbs.twimg.com/profile_banners/379675736/1351178798", "profile_background_image_url": "http://abs.twimg.com/images/themes/theme4/bg.gif", "name": "Buckeye Turk", "lang": "en", "favourites_count": 560, "screen_name": "BuckeyeTurk", "created_at": "Sun Sep 25 11:03:04 +0000 2011", "profile_sidebar_border_color": "5ED4DC", "listed_count": 29}, "urls": [], "id": 337184250648481792, "id_str": "337184250648481792"}