{"lang": "en", "in_reply_to_user_id": 1005183901, "text": "\u201c@cgs_atl: 'Outrage' understatement - IRS Sent $46 mil in Refunds to 24K Unauthorized\u2019 Aliens at 1 ATL Address http://t.co/uuBUoL0aZ1\u201d..WTF!", "created_at": "Sat Jun 22 06:42:11 +0000 2013", "hashtags": [], "user_mentions": [{"id_str": "1005183901", "screen_name": "cgs_atl", "name": "Cristina Gonzalez", "id": 1005183901}], "source": "<a href=\"http://twitter.com/download/iphone\" rel=\"nofollow\">Twitter for iPhone</a>", "in_reply_to_status_id": 348203818741272576, "in_reply_to_screen_name": "cgs_atl", "user": {"profile_use_background_image": true, "id": 1233457099, "profile_image_url_https": "https://pbs.twimg.com/profile_images/3383406313/4b05feff39a7d732c4f41fdf673569f8_normal.jpeg", "profile_sidebar_fill_color": "DDEEF6", "profile_text_color": "333333", "followers_count": 847, "id_str": "1233457099", "profile_background_color": "C0DEED", "listed_count": 15, "statuses_count": 9198, "description": "lover of pizza and golf", "friends_count": 2245, "profile_link_color": "1DA1F2", "profile_image_url": "http://pbs.twimg.com/profile_images/3383406313/4b05feff39a7d732c4f41fdf673569f8_normal.jpeg", "profile_background_image_url_https": "https://abs.twimg.com/images/themes/theme1/bg.png", "profile_banner_url": "https://pbs.twimg.com/profile_banners/1233457099/1363362680", "profile_background_image_url": "http://abs.twimg.com/images/themes/theme1/bg.png", "name": "Deep Dish", "lang": "en", "favourites_count": 226, "screen_name": "brettmartzke", "created_at": "Sat Mar 02 07:47:46 +0000 2013", "profile_sidebar_border_color": "C0DEED", "default_profile": true}, "urls": [{"url": "http://t.co/uuBUoL0aZ1", "expanded_url": "http://shar.es/xlQyL"}], "id": 348330055828656129, "id_str": "348330055828656129"}