{"lang": "en", "in_reply_to_user_id": 640893, "text": "\u201c@EWErickson: IRS Sent $46,378,040 in Refunds to 23,994 \u2018Unauthorized\u2019 Aliens at 1 Atlanta Address | That's why such skimpy bonuses this yr!", "created_at": "Sat Jun 22 14:11:58 +0000 2013", "hashtags": [], "user_mentions": [{"id_str": "640893", "screen_name": "EWErickson", "name": "Erick Erickson", "id": 640893}], "source": "<a href=\"http://twitter.com/#!/download/ipad\" rel=\"nofollow\">Twitter for iPad</a>", "in_reply_to_status_id": 348204426659508226, "in_reply_to_screen_name": "EWErickson", "user": {"profile_use_background_image": true, "id": 316404120, "profile_image_url_https": "https://pbs.twimg.com/profile_images/1870251197/The_boys_hangin__out_normal.jpg", "profile_sidebar_fill_color": "DDEEF6", "profile_text_color": "333333", "followers_count": 16, "id_str": "316404120", "profile_background_color": "C0DEED", "location": "Hingham, MA", "statuses_count": 582, "friends_count": 102, "profile_link_color": "1DA1F2", "profile_image_url": "http://pbs.twimg.com/profile_images/1870251197/The_boys_hangin__out_normal.jpg", "profile_background_image_url_https": "https://abs.twimg.com/images/themes/theme1/bg.png", "profile_background_image_url": "http://abs.twimg.com/images/themes/theme1/bg.png", "name": "Irv Rachstein", "lang": "en", "favourites_count": 20, "screen_name": "irachstein", "created_at": "Mon Jun 13 11:58:36 +0000 2011", "profile_sidebar_border_color": "C0DEED", "default_profile": true}, "urls": [], "id": 348443247997243392, "id_str": "348443247997243392"}