{"lang": "en", "in_reply_to_user_id": 640893, "text": "@EWErickson @LAsThePlace @ShareThis Can't wait to see their encore w/obamacare.", "created_at": "Mon Jun 24 02:57:57 +0000 2013", "hashtags": [], "user_mentions": [{"id_str": "640893", "screen_name": "EWErickson", "name": "Erick Erickson", "id": 640893}, {"id_str": "14116807", "screen_name": "ShareThis", "name": "ShareThis", "id": 14116807}], "source": "<a href=\"http://twitter.com\" rel=\"nofollow\">Twitter Web Client</a>", "in_reply_to_status_id": 348204426659508226, "in_reply_to_screen_name": "EWErickson", "user": {"profile_use_background_image": true, "id": 1499666485, "profile_image_url_https": "https://pbs.twimg.com/profile_images/344513261568959613/9e3d3d2459b46899e09cac54182e0277_normal.jpeg", "profile_sidebar_fill_color": "DDEEF6", "profile_text_color": "333333", "followers_count": 483, "id_str": "1499666485", "profile_background_color": "C0DEED", "listed_count": 11, "statuses_count": 15091, "description": "I refuse to let the vermin that constitutes the current Republican party soil my hard earned legacy! I come for you & will expose your cowardly actions.", "friends_count": 701, "profile_link_color": "1DA1F2", "profile_image_url": "http://pbs.twimg.com/profile_images/344513261568959613/9e3d3d2459b46899e09cac54182e0277_normal.jpeg", "profile_background_image_url_https": "https://abs.twimg.com/images/themes/theme1/bg.png", "profile_background_image_url": "http://abs.twimg.com/images/themes/theme1/bg.png", "name": "Gopis dead", "lang": "en", "favourites_count": 1282, "screen_name": "Gopisdead", "created_at": "Mon Jun 10 23:05:11 +0000 2013", "profile_sidebar_border_color": "C0DEED", "default_profile": true}, "urls": [], "id": 348998399200206848, "id_str": "348998399200206848"}