{"lang": "en", "in_reply_to_user_id": 503238478, "text": "\u201c@ReeseVictoria: Obama files federal charges against George Zimmerman \ud83d\ude4c\ud83d\ude4c\ud83d\ude4c that's MYYYYYYY president! Yaassssss \ud83d\ude4f praise The Lord.\u201dReally?", "created_at": "Sun Jul 14 06:33:17 +0000 2013", "hashtags": [], "user_mentions": [{"id_str": "503238478", "screen_name": "ReeseVictoria", "name": "ReeseVictoria", "id": 503238478}], "source": "<a href=\"http://twitter.com/download/iphone\" rel=\"nofollow\">Twitter for iPhone</a>", "in_reply_to_status_id": 356297080169447425, "in_reply_to_screen_name": "ReeseVictoria", "user": {"profile_use_background_image": true, "id": 218732715, "profile_image_url_https": "https://pbs.twimg.com/profile_images/1031019600207462400/GVFVSwYu_normal.jpg", "profile_sidebar_fill_color": "DDEEF6", "geo_enabled": true, "profile_text_color": "333333", "followers_count": 1743, "location": "The Gym, In Cali \u2600\ufe0f\u2b50\ufe0f", "profile_background_color": "352726", "id_str": "218732715", "statuses_count": 32505, "description": "#PlayThroughGod\ud83c\udfc0 \ud83d\udcf7 uriah.b \ud83d\udc7buriahbenning \ud83c\udfc1\ud83c\udfc1\ud83c\udfc1", "friends_count": 735, "profile_link_color": "D02B55", "profile_image_url": "http://pbs.twimg.com/profile_images/1031019600207462400/GVFVSwYu_normal.jpg", "profile_background_image_url_https": "https://abs.twimg.com/images/themes/theme1/bg.png", "profile_banner_url": "https://pbs.twimg.com/profile_banners/218732715/1537322275", "profile_background_image_url": "http://abs.twimg.com/images/themes/theme1/bg.png", "name": "\ud83d\udcb8\ud83e\udddf\u200d\u2642\ufe0f\ud83e\udd85", "lang": "en", "profile_background_tile": true, "favourites_count": 6984, "screen_name": "hairuthagreat", "url": "https://t.co/75fiVVA509", "created_at": "Tue Nov 23 03:37:58 +0000 2010", "profile_sidebar_border_color": "FFFFFF", "listed_count": 5}, "urls": [], "id": 356300350174658562, "id_str": "356300350174658562"}