{"lang": "en", "in_reply_to_user_id": 279390084, "text": "\u201c@YourAnonNews: FUKUSHIMA: HIGHLY RADIOACTIVE WATER SEEPING INTO THE OCEAN http://t.co/fYAhwiZ7wi\u201d\n\nguess no more sushi for a while", "created_at": "Tue Aug 06 03:33:42 +0000 2013", "hashtags": [], "user_mentions": [{"id_str": "279390084", "screen_name": "YourAnonNews", "name": "Anonymous", "id": 279390084}], "source": "<a href=\"http://twitter.com/download/iphone\" rel=\"nofollow\">Twitter for iPhone</a>", "in_reply_to_status_id": 364589696573124609, "in_reply_to_screen_name": "YourAnonNews", "user": {"profile_use_background_image": true, "id": 1083483782, "profile_image_url_https": "https://pbs.twimg.com/profile_images/965110170807296000/yrO14kXQ_normal.jpg", "profile_sidebar_fill_color": "EFEFEF", "geo_enabled": true, "profile_text_color": "333333", "followers_count": 160, "location": "LA", "profile_background_color": "131516", "id_str": "1083483782", "statuses_count": 20779, "description": "i write music and yell about sports", "friends_count": 146, "profile_link_color": "89C9FA", "profile_image_url": "http://pbs.twimg.com/profile_images/965110170807296000/yrO14kXQ_normal.jpg", "profile_background_image_url_https": "https://abs.twimg.com/images/themes/theme14/bg.gif", "profile_banner_url": "https://pbs.twimg.com/profile_banners/1083483782/1512252920", "profile_background_image_url": "http://abs.twimg.com/images/themes/theme14/bg.gif", "name": "stain", "lang": "en", "profile_background_tile": true, "favourites_count": 17414, "screen_name": "vince_stain", "url": "https://t.co/1nEWmqukrO", "created_at": "Sat Jan 12 16:40:03 +0000 2013", "profile_sidebar_border_color": "FFFFFF", "listed_count": 2}, "urls": [{"url": "http://t.co/fYAhwiZ7wi", "expanded_url": "http://reut.rs/16w6oCO"}], "id": 364590074869977088, "favorite_count": 1, "id_str": "364590074869977088"}