{"lang": "en", "in_reply_to_user_id": 3108351, "text": "\u201c@WSJ: Japan: Fukushima nuclear plant is leaking 80,000 gallons of radioactive water into ocean daily. http://t.co/tjwZswp9eQ\u201d", "created_at": "Thu Aug 08 02:03:07 +0000 2013", "hashtags": [], "user_mentions": [{"id_str": "3108351", "screen_name": "WSJ", "name": "The Wall Street Journal", "id": 3108351}], "source": "<a href=\"http://twitter.com/#!/download/ipad\" rel=\"nofollow\">Twitter for iPad</a>", "in_reply_to_status_id": 365276206381268995, "in_reply_to_screen_name": "WSJ", "user": {"profile_use_background_image": true, "id": 73132440, "profile_image_url_https": "https://pbs.twimg.com/profile_images/684402305924501504/qjlU0CgJ_normal.jpg", "profile_sidebar_fill_color": "F3F3F3", "profile_text_color": "333333", "followers_count": 499, "id_str": "73132440", "profile_background_color": "EBEBEB", "location": "East of Eden", "statuses_count": 10232, "description": "\"What is right is not always popular and what is popular is not always right.\" Albert Einstein", "friends_count": 555, "profile_link_color": "990000", "profile_image_url": "http://pbs.twimg.com/profile_images/684402305924501504/qjlU0CgJ_normal.jpg", "profile_background_image_url_https": "https://abs.twimg.com/images/themes/theme7/bg.gif", "profile_background_image_url": "http://abs.twimg.com/images/themes/theme7/bg.gif", "name": "Carobu", "lang": "en", "favourites_count": 1328, "screen_name": "carohboo", "created_at": "Thu Sep 10 14:47:43 +0000 2009", "profile_sidebar_border_color": "DFDFDF", "listed_count": 14}, "urls": [{"url": "http://t.co/tjwZswp9eQ", "expanded_url": "http://on.wsj.com/1cJ2KYY"}], "id": 365292056354107393, "id_str": "365292056354107393"}