{"lang": "en", "in_reply_to_user_id": 160817572, "text": "@TLea87  \u201c@Lord_Voldemort7: Once again, JK Rowling is NOT working on an eighth Harry Potter book.\u201d The Dark Lord has spoken. \u2022_\u2022", "created_at": "Mon Sep 09 03:25:58 +0000 2013", "hashtags": [], "user_mentions": [{"id_str": "239270849", "screen_name": "TLea87", "name": "Tara", "id": 239270849}, {"id_str": "160817572", "screen_name": "Lord_Voldemort7", "name": "The Dark Lord", "id": 160817572}], "source": "<a href=\"http://twitter.com/download/iphone\" rel=\"nofollow\">Twitter for iPhone</a>", "in_reply_to_status_id": 376874273601630208, "in_reply_to_screen_name": "Lord_Voldemort7", "user": {"profile_use_background_image": true, "id": 38466841, "profile_image_url_https": "https://pbs.twimg.com/profile_images/850864584223227904/VpfGNlqA_normal.jpg", "profile_sidebar_fill_color": "78C0A8", "profile_text_color": "5E412F", "followers_count": 115, "id_str": "38466841", "profile_background_color": "FCEBB6", "listed_count": 3, "statuses_count": 4869, "description": "Mom of 2 boys & a Whovian. Proud supporter of: BFing, VBAC, AP, baby wearing, NIP, human rights, co-sleeping.", "friends_count": 154, "profile_link_color": "CE7834", "profile_image_url": "http://pbs.twimg.com/profile_images/850864584223227904/VpfGNlqA_normal.jpg", "profile_background_image_url_https": "https://abs.twimg.com/images/themes/theme10/bg.gif", "profile_banner_url": "https://pbs.twimg.com/profile_banners/38466841/1403073889", "profile_background_image_url": "http://abs.twimg.com/images/themes/theme10/bg.gif", "name": "Ana", "lang": "en", "profile_background_tile": true, "favourites_count": 595, "screen_name": "iowamom19", "created_at": "Thu May 07 16:49:02 +0000 2009", "profile_sidebar_border_color": "F0A830"}, "urls": [], "id": 376909317259030528, "id_str": "376909317259030528"}