{"lang": "en", "in_reply_to_user_id": 2425231, "text": "\u201c@Fact: J.K. Rowling is working on an 8th Harry Potter book.\u201d\n\n\u0e44\u0e21\u0e48\u0e08\u0e23\u0e34\u0e07\u0e21\u0e49\u0e32\u0e07\u0e07\u0e07", "created_at": "Mon Sep 09 09:37:58 +0000 2013", "hashtags": [], "coordinates": {"type": "Point", "coordinates": [100.31223942, 13.80127041]}, "user_mentions": [{"id_str": "2425231", "screen_name": "Fact", "name": "Fact", "id": 2425231}], "source": "<a href=\"http://twitter.com/download/iphone\" rel=\"nofollow\">Twitter for iPhone</a>", "in_reply_to_status_id": 377002232257855488, "in_reply_to_screen_name": "Fact", "user": {"profile_use_background_image": true, "id": 118289875, "profile_image_url_https": "https://pbs.twimg.com/profile_images/1036951731047882753/mCG1CWiW_normal.jpg", "profile_sidebar_fill_color": "FFFFFF", "geo_enabled": true, "profile_text_color": "333333", "followers_count": 1423, "location": "Hatfield, East", "profile_background_color": "47260A", "id_str": "118289875", "statuses_count": 106041, "description": "Jaijai' 1997 |Multifandom|Cosplayer|Stark|P!ATD&FOB&MCR|MET BRENDON U.22116|GWay 230917|FrnkIero 221017| DOMH G. 110318|\ud83c\uddf9\ud83c\udded CCFX|\u0e08\u0e38\u0e4b\u0e22\u0e40\u0e27\u0e19\u0e40\u0e08\u0e2d\u0e23\u0e4c |STILL TRY TO ART", "friends_count": 1362, "profile_link_color": "85621C", "profile_image_url": "http://pbs.twimg.com/profile_images/1036951731047882753/mCG1CWiW_normal.jpg", "profile_background_image_url_https": "https://abs.twimg.com/images/themes/theme13/bg.gif", "profile_banner_url": "https://pbs.twimg.com/profile_banners/118289875/1506277327", "profile_background_image_url": "http://abs.twimg.com/images/themes/theme13/bg.gif", "name": "\u2022\u0e40\u0e21\u0e37\u0e48\u0e2d\u0e04\u0e34\u0e14\u0e43\u0e2b\u0e49\u0e14\u0e35\u0e42\u0e25\u0e01\u0e19\u0e35\u0e49\u0e1b\u0e23\u0e30\u0e2b\u0e25\u0e32\u0e14\u2022", "lang": "en", "favourites_count": 2301, "screen_name": "paspiz_jaijai", "url": "https://t.co/z3CLXqS5gi", "created_at": "Sun Feb 28 05:38:34 +0000 2010", "profile_sidebar_border_color": "000000", "listed_count": 25}, "urls": [], "geo": {"type": "Point", "coordinates": [13.80127041, 100.31223942]}, "id": 377002934195589120, "id_str": "377002934195589120"}