{"lang": "en", "in_reply_to_user_id": 1635754086, "text": "\u201c@BestProNews: A city in Louisiana has made \"twerking\" illegal, imposing a punishment of 30 days in jail for a first offense\u201d@briannavaccaro", "created_at": "Wed Sep 18 17:14:40 +0000 2013", "hashtags": [], "user_mentions": [{"id_str": "1635754086", "screen_name": "BestProNews", "name": "Life Pro News", "id": 1635754086}, {"id_str": "84204567", "screen_name": "briannavaccaro", "name": "brianna vaccaro", "id": 84204567}], "source": "<a href=\"http://twitter.com/download/iphone\" rel=\"nofollow\">Twitter for iPhone</a>", "in_reply_to_status_id": 380055172896272384, "in_reply_to_screen_name": "BestProNews", "user": {"profile_use_background_image": true, "id": 355274881, "profile_image_url_https": "https://pbs.twimg.com/profile_images/1037393654334332929/zUlshqlE_normal.jpg", "profile_sidebar_fill_color": "95E8EC", "geo_enabled": true, "profile_text_color": "3C3940", "followers_count": 277, "id_str": "355274881", "profile_background_color": "0099B9", "statuses_count": 5366, "friends_count": 410, "profile_link_color": "0099B9", "profile_image_url": "http://pbs.twimg.com/profile_images/1037393654334332929/zUlshqlE_normal.jpg", "profile_background_image_url_https": "https://abs.twimg.com/images/themes/theme4/bg.gif", "profile_banner_url": "https://pbs.twimg.com/profile_banners/355274881/1520216811", "profile_background_image_url": "http://abs.twimg.com/images/themes/theme4/bg.gif", "name": "SamanthaJo", "lang": "en", "favourites_count": 3754, "screen_name": "sammyveteri", "created_at": "Mon Aug 15 03:09:23 +0000 2011", "profile_sidebar_border_color": "5ED4DC"}, "urls": [], "id": 380379355182284800, "id_str": "380379355182284800"}