{"lang": "en", "in_reply_to_user_id": 13493302, "text": "@mmfa All Muslims are not our enemy and Fox wonders why Christians are killed in the middle east. How can U expect thm not to hate if We do?", "created_at": "Sun Oct 06 02:46:24 +0000 2013", "hashtags": [], "user_mentions": [{"id_str": "13493302", "screen_name": "mmfa", "name": "Media Matters", "id": 13493302}], "source": "<a href=\"http://twitter.com\" rel=\"nofollow\">Twitter Web Client</a>", "in_reply_to_status_id": 386682163862986752, "in_reply_to_screen_name": "mmfa", "user": {"profile_use_background_image": true, "id": 49251379, "profile_image_url_https": "https://pbs.twimg.com/profile_images/788135602185175040/5Kw13cna_normal.jpg", "profile_sidebar_fill_color": "DDEEF6", "geo_enabled": true, "profile_text_color": "333333", "followers_count": 1826, "location": "North Carolina", "profile_background_color": "C1E5EB", "id_str": "49251379", "statuses_count": 32490, "description": "God Lover,Fair. Open minded , Sports Lover , People Lover , Political Junkie.", "friends_count": 4635, "profile_link_color": "ABB8C2", "profile_image_url": "http://pbs.twimg.com/profile_images/788135602185175040/5Kw13cna_normal.jpg", "profile_background_image_url_https": "https://abs.twimg.com/images/themes/theme1/bg.png", "profile_banner_url": "https://pbs.twimg.com/profile_banners/49251379/1409977321", "profile_background_image_url": "http://abs.twimg.com/images/themes/theme1/bg.png", "name": "Martin McCall", "lang": "en", "profile_background_tile": true, "favourites_count": 14759, "screen_name": "flypapper", "created_at": "Sun Jun 21 06:20:27 +0000 2009", "profile_sidebar_border_color": "000000", "listed_count": 37}, "urls": [], "id": 386683830779645952, "id_str": "386683830779645952"}