{"lang": "en", "in_reply_to_user_id": 469194846, "text": "@TwitchyTeam Good. No intrusions on our cell phones", "created_at": "Mon Oct 07 01:01:18 +0000 2013", "hashtags": [], "user_mentions": [{"id_str": "469194846", "screen_name": "TwitchyTeam", "name": "Twitchy Team", "id": 469194846}], "source": "<a href=\"http://twitter.com\" rel=\"nofollow\">Twitter Web Client</a>", "in_reply_to_status_id": 387006700609228801, "in_reply_to_screen_name": "TwitchyTeam", "user": {"profile_use_background_image": true, "id": 22431546, "profile_image_url_https": "https://pbs.twimg.com/profile_images/463705400756285440/tS3IYfKR_normal.png", "profile_sidebar_fill_color": "DDEEF6", "geo_enabled": true, "profile_text_color": "333333", "followers_count": 73, "id_str": "22431546", "profile_background_color": "C0DEED", "listed_count": 4, "statuses_count": 7971, "friends_count": 341, "profile_link_color": "1DA1F2", "profile_image_url": "http://pbs.twimg.com/profile_images/463705400756285440/tS3IYfKR_normal.png", "profile_background_image_url_https": "https://abs.twimg.com/images/themes/theme1/bg.png", "profile_banner_url": "https://pbs.twimg.com/profile_banners/22431546/1402618544", "profile_background_image_url": "http://abs.twimg.com/images/themes/theme1/bg.png", "name": "Scott Robinson", "lang": "en", "favourites_count": 939, "screen_name": "Scottgas2", "created_at": "Mon Mar 02 01:05:22 +0000 2009", "profile_sidebar_border_color": "C0DEED", "default_profile": true}, "urls": [], "id": 387019772749025280, "id_str": "387019772749025280"}