{"lang": "en", "in_reply_to_user_id": 15976697, "text": "\u201c@michellemalkin: Really? Amber Alert website goes dark under government shutdown http://t.co/BUxzdkVot0\u201d\nThis is our president folks..sad", "created_at": "Mon Oct 07 01:01:31 +0000 2013", "hashtags": [], "user_mentions": [{"id_str": "15976697", "screen_name": "michellemalkin", "name": "Michelle Malkin", "id": 15976697}], "source": "<a href=\"http://twitter.com/download/iphone\" rel=\"nofollow\">Twitter for iPhone</a>", "in_reply_to_status_id": 387009577763360768, "in_reply_to_screen_name": "michellemalkin", "user": {"profile_use_background_image": true, "id": 81131465, "profile_image_url_https": "https://pbs.twimg.com/profile_images/378800000643330372/b8be9687c4a304d01966677237b3a7d4_normal.jpeg", "profile_sidebar_fill_color": "DDEEF6", "geo_enabled": true, "profile_text_color": "333333", "followers_count": 499, "id_str": "81131465", "profile_background_color": "C0DEED", "listed_count": 2, "statuses_count": 2894, "description": "Christian, 2nd Amendment supporter, NRA benefactor, Conservative, pro LEO. Proud American that believes in the Constitution and States rights. Traveling man.", "friends_count": 893, "profile_link_color": "1DA1F2", "profile_image_url": "http://pbs.twimg.com/profile_images/378800000643330372/b8be9687c4a304d01966677237b3a7d4_normal.jpeg", "profile_background_image_url_https": "https://abs.twimg.com/images/themes/theme1/bg.png", "profile_background_image_url": "http://abs.twimg.com/images/themes/theme1/bg.png", "name": "Lucky Wade", "lang": "en", "favourites_count": 2650, "screen_name": "AbleHunter", "created_at": "Fri Oct 09 15:20:05 +0000 2009", "profile_sidebar_border_color": "C0DEED", "default_profile": true}, "urls": [{"url": "http://t.co/BUxzdkVot0", "expanded_url": "http://twitchy.com/2013/10/06/really-amber-alert-website-goes-dark-under-government-shutdown/"}], "id": 387019826503225345, "id_str": "387019826503225345"}