{"lang": "en", "in_reply_to_user_id": 112280016, "text": "@yesnicksearcy @michellemalkin the man cuts off his nose to spite his face; despicable!!", "created_at": "Mon Oct 07 00:34:13 +0000 2013", "hashtags": [], "user_mentions": [{"id_str": "112280016", "screen_name": "yesnicksearcy", "name": "Nick Searcy, INTERNATIONAL FILM & TELEVISION STAR", "id": 112280016}, {"id_str": "15976697", "screen_name": "michellemalkin", "name": "Michelle Malkin", "id": 15976697}], "source": "<a href=\"http://twitter.com/#!/download/ipad\" rel=\"nofollow\">Twitter for iPad</a>", "in_reply_to_status_id": 387012463792635904, "in_reply_to_screen_name": "yesnicksearcy", "user": {"profile_use_background_image": true, "id": 23948429, "profile_image_url_https": "https://pbs.twimg.com/profile_images/535612391149424641/zXAUQmc6_normal.jpeg", "profile_sidebar_fill_color": "C3E3C4", "profile_text_color": "080707", "followers_count": 590, "location": "Pacific Northwest", "profile_background_color": "272F30", "id_str": "23948429", "statuses_count": 5571, "description": "Grateful Wife, Photographer, Someday Actress and complete nurd!", "friends_count": 726, "profile_link_color": "0B0B1A", "profile_image_url": "http://pbs.twimg.com/profile_images/535612391149424641/zXAUQmc6_normal.jpeg", "profile_background_image_url_https": "https://abs.twimg.com/images/themes/theme4/bg.gif", "profile_banner_url": "https://pbs.twimg.com/profile_banners/23948429/1351349672", "profile_background_image_url": "http://abs.twimg.com/images/themes/theme4/bg.gif", "name": "LeniPenny", "lang": "en", "favourites_count": 307, "screen_name": "LeniPenny", "created_at": "Thu Mar 12 13:45:11 +0000 2009", "profile_sidebar_border_color": "FFFFFF", "listed_count": 29}, "urls": [], "id": 387012954157109249, "id_str": "387012954157109249"}