{"lang": "en", "in_reply_to_user_id": 97994396, "text": "@th3j35t3r amber alert is shut down?! jesus", "created_at": "Mon Oct 07 01:45:20 +0000 2013", "hashtags": [], "user_mentions": [{"id_str": "97994396", "screen_name": "th3j35t3r", "name": "J\u039eS\u0166\u039eR \u272a \u0394C\u0166U\u0394L\u00b3\u00b3\u00ba\u00b9", "id": 97994396}], "source": "<a href=\"http://twitter.com\" rel=\"nofollow\">Twitter Web Client</a>", "in_reply_to_status_id": 387030572779847680, "in_reply_to_screen_name": "th3j35t3r", "user": {"profile_use_background_image": true, "id": 67727088, "profile_image_url_https": "https://pbs.twimg.com/profile_images/746128611111903233/J49EGwKK_normal.jpg", "profile_sidebar_fill_color": "0799B0", "profile_text_color": "001DBF", "followers_count": 20156, "location": "in your head", "profile_background_color": "000000", "id_str": "67727088", "statuses_count": 178689, "description": "Erotic hypnodomme, proud sex worker, gamer, atheist, skeptic, & geek.  Making the world a little better, one orgasm at a time  https://t.co/8NCPZyjaBm", "friends_count": 2793, "profile_link_color": "9C28D6", "profile_image_url": "http://pbs.twimg.com/profile_images/746128611111903233/J49EGwKK_normal.jpg", "profile_background_image_url_https": "https://abs.twimg.com/images/themes/theme1/bg.png", "profile_banner_url": "https://pbs.twimg.com/profile_banners/67727088/1403963481", "profile_background_image_url": "http://abs.twimg.com/images/themes/theme1/bg.png", "name": "Emma Evans \ud83c\udf83", "lang": "en", "favourites_count": 106338, "screen_name": "TrancewithMe", "url": "https://t.co/2ZyJBM0PU1", "created_at": "Fri Aug 21 21:41:49 +0000 2009", "profile_sidebar_border_color": "000000", "listed_count": 336}, "urls": [], "id": 387030851927564288, "id_str": "387030851927564288"}