{"lang": "en", "in_reply_to_user_id": 232901331, "text": "@dbongino @FormerDeminTX sick.   He must be spending a lot if time trying to find the next thing to close to hurt the most Americans", "created_at": "Mon Oct 07 00:33:59 +0000 2013", "hashtags": [], "user_mentions": [{"id_str": "232901331", "screen_name": "dbongino", "name": "Dan Bongino", "id": 232901331}], "source": "<a href=\"http://twitter.com/download/iphone\" rel=\"nofollow\">Twitter for iPhone</a>", "in_reply_to_status_id": 387010299536355328, "in_reply_to_screen_name": "dbongino", "user": {"profile_use_background_image": true, "id": 264972111, "profile_image_url_https": "https://pbs.twimg.com/profile_images/2251909577/IMG_0720_normal.JPG", "profile_sidebar_fill_color": "7AC3EE", "profile_text_color": "3D1957", "followers_count": 364, "location": "USA", "profile_background_color": "642D8B", "id_str": "264972111", "statuses_count": 13402, "friends_count": 1491, "profile_link_color": "FF0000", "profile_image_url": "http://pbs.twimg.com/profile_images/2251909577/IMG_0720_normal.JPG", "profile_background_image_url_https": "https://abs.twimg.com/images/themes/theme10/bg.gif", "profile_banner_url": "https://pbs.twimg.com/profile_banners/264972111/1414249653", "profile_background_image_url": "http://abs.twimg.com/images/themes/theme10/bg.gif", "name": "Linda", "lang": "en", "profile_background_tile": true, "favourites_count": 22811, "screen_name": "HLgdh24", "created_at": "Sat Mar 12 19:43:03 +0000 2011", "profile_sidebar_border_color": "65B0DA", "listed_count": 21}, "urls": [], "id": 387012897995763713, "id_str": "387012897995763713"}