{"lang": "en", "in_reply_to_user_id": 15976697, "text": "@michellemalkin   Well, heck.  We're from the Government and we've got our priorities.  Eating your vegetables is important.", "created_at": "Mon Oct 07 04:00:34 +0000 2013", "hashtags": [], "user_mentions": [{"id_str": "15976697", "screen_name": "michellemalkin", "name": "Michelle Malkin", "id": 15976697}], "source": "<a href=\"http://twitter.com\" rel=\"nofollow\">Twitter Web Client</a>", "in_reply_to_status_id": 387009577763360768, "in_reply_to_screen_name": "michellemalkin", "user": {"profile_use_background_image": true, "id": 1942681448, "profile_image_url_https": "https://pbs.twimg.com/profile_images/412803149867388928/PF5V6L_q_normal.jpeg", "profile_sidebar_fill_color": "DDEEF6", "profile_text_color": "333333", "followers_count": 205, "id_str": "1942681448", "profile_background_color": "C0DEED", "location": "Planet Earth", "statuses_count": 8485, "description": "Philosophically and politically independent.  Proud to be a citizen of a country in which that truly means something. Not amused by those who would end that.", "friends_count": 236, "profile_link_color": "1DA1F2", "profile_image_url": "http://pbs.twimg.com/profile_images/412803149867388928/PF5V6L_q_normal.jpeg", "profile_background_image_url_https": "https://abs.twimg.com/images/themes/theme1/bg.png", "profile_background_image_url": "http://abs.twimg.com/images/themes/theme1/bg.png", "name": "LP", "lang": "en", "favourites_count": 262, "screen_name": "ZooMaster76", "created_at": "Mon Oct 07 02:18:29 +0000 2013", "profile_sidebar_border_color": "C0DEED", "default_profile": true, "listed_count": 1}, "urls": [], "id": 387064883956576257, "id_str": "387064883956576257"}