{"lang": "en", "in_reply_to_user_id": 301108020, "text": "@sunnyright @DawnRiseth Dipped into his \"shame on me\" slush fund.  Hear it's overflowing these days.", "created_at": "Mon Oct 07 19:12:44 +0000 2013", "hashtags": [], "user_mentions": [{"id_str": "301108020", "screen_name": "sunnyright", "name": "Orange Muppet Energy", "id": 301108020}, {"id_str": "570911869", "screen_name": "DawnRiseth", "name": "Rising Dawn", "id": 570911869}], "source": "<a href=\"http://twitter.com\" rel=\"nofollow\">Twitter Web Client</a>", "in_reply_to_status_id": 387233034350514176, "in_reply_to_screen_name": "sunnyright", "user": {"profile_use_background_image": true, "id": 1901039672, "profile_image_url_https": "https://pbs.twimg.com/profile_images/378800000772928086/7f22ac4a3b83fb492c0191232ff5de1a_normal.jpeg", "profile_sidebar_fill_color": "DDEEF6", "profile_text_color": "333333", "followers_count": 223, "id_str": "1901039672", "profile_background_color": "C0DEED", "listed_count": 9, "statuses_count": 6584, "description": "An American That's my Daughter, Retired 911 Dispatcher, Mother of 2, Grandmother of 3 boys, Widow of Viet Nam Vet, Christian, sometimes too outspoken", "friends_count": 276, "profile_link_color": "1DA1F2", "profile_image_url": "http://pbs.twimg.com/profile_images/378800000772928086/7f22ac4a3b83fb492c0191232ff5de1a_normal.jpeg", "profile_background_image_url_https": "https://abs.twimg.com/images/themes/theme1/bg.png", "profile_background_image_url": "http://abs.twimg.com/images/themes/theme1/bg.png", "name": "Frankie Cook", "lang": "en", "favourites_count": 39, "screen_name": "FrankieCook16", "created_at": "Tue Sep 24 16:27:23 +0000 2013", "profile_sidebar_border_color": "C0DEED", "default_profile": true}, "urls": [], "id": 387294440663953408, "id_str": "387294440663953408"}