{"lang": "en", "in_reply_to_user_id": 1059240924, "text": "@SteveWorks4You what the hell is Obama smiling about? Not a care in the world, must ve nice.", "created_at": "Mon Oct 07 22:15:38 +0000 2013", "hashtags": [], "coordinates": {"type": "Point", "coordinates": [-121.88195, 38.00484]}, "user_mentions": [{"id_str": "1059240924", "screen_name": "SteveWorks4You", "name": "Steve Stockman", "id": 1059240924}], "source": "<a href=\"http://blackberry.com/twitter\" rel=\"nofollow\">Twitter for BlackBerry\u00ae</a>", "in_reply_to_status_id": 387236601450864641, "in_reply_to_screen_name": "SteveWorks4You", "user": {"profile_use_background_image": true, "id": 1069636147, "profile_image_url_https": "https://abs.twimg.com/sticky/default_profile_images/default_profile_normal.png", "profile_sidebar_fill_color": "DDEEF6", "geo_enabled": true, "profile_text_color": "333333", "followers_count": 121, "id_str": "1069636147", "default_profile_image": true, "listed_count": 1, "statuses_count": 1900, "profile_background_color": "C0DEED", "friends_count": 327, "profile_link_color": "1DA1F2", "profile_image_url": "http://abs.twimg.com/sticky/default_profile_images/default_profile_normal.png", "profile_background_image_url_https": "https://abs.twimg.com/images/themes/theme1/bg.png", "profile_background_image_url": "http://abs.twimg.com/images/themes/theme1/bg.png", "name": "Debbie Cipollina", "lang": "en", "favourites_count": 24, "screen_name": "Debcipollina12", "created_at": "Tue Jan 08 01:04:04 +0000 2013", "profile_sidebar_border_color": "C0DEED", "default_profile": true}, "urls": [], "place": {"full_name": "Pittsburg, CA", "url": "https://api.twitter.com/1.1/geo/id/ebd427773b31cb21.json", "country": "United States", "place_type": "city", "bounding_box": {"type": "Polygon", "coordinates": [[[-121.987421, 37.989865], [-121.8332676, 37.989865], [-121.8332676, 38.043639], [-121.987421, 38.043639]]]}, "contained_within": [], "country_code": "US", "attributes": {}, "id": "ebd427773b31cb21", "name": "Pittsburg"}, "geo": {"type": "Point", "coordinates": [38.00484, -121.88195]}, "id": 387340465952919553, "id_str": "387340465952919553"}