{"lang": "en", "in_reply_to_user_id": 15976697, "text": "rt @michellemalkin Really? Amber Alert website goes dark under government shutdown http://t.co/3bvYnN9nsK /YES REALLY MICHELLE #P2", "created_at": "Tue Oct 08 07:24:08 +0000 2013", "hashtags": [{"text": "P2"}], "user_mentions": [{"id_str": "15976697", "screen_name": "michellemalkin", "name": "Michelle Malkin", "id": 15976697}], "source": "<a href=\"http://twitter.com\" rel=\"nofollow\">Twitter Web Client</a>", "in_reply_to_status_id": 387009577763360768, "in_reply_to_screen_name": "michellemalkin", "user": {"profile_use_background_image": true, "id": 22066415, "profile_image_url_https": "https://pbs.twimg.com/profile_images/1351359394/MeNewPick_normal.jpg", "profile_sidebar_fill_color": "FFFFFF", "geo_enabled": true, "profile_text_color": "000000", "followers_count": 16772, "location": "Henderson Nv", "profile_background_color": "FFFFFF", "id_str": "22066415", "statuses_count": 197083, "description": "36yrs Employed Now Retired United States Postmaster I now spend my time working with, advocating & speaking out 4 voiceless on political issues", "friends_count": 18271, "profile_link_color": "430291", "profile_image_url": "http://pbs.twimg.com/profile_images/1351359394/MeNewPick_normal.jpg", "profile_background_image_url_https": "https://abs.twimg.com/images/themes/theme15/bg.png", "profile_background_image_url": "http://abs.twimg.com/images/themes/theme15/bg.png", "name": "Reda StCyr", "lang": "en", "favourites_count": 1853, "screen_name": "StCyrlyMe2", "url": "http://t.co/dd8sJZFmmw", "created_at": "Thu Feb 26 21:41:04 +0000 2009", "profile_sidebar_border_color": "FFFFFF", "listed_count": 604}, "urls": [{"url": "http://t.co/3bvYnN9nsK", "expanded_url": "http://twitchy.com/2013/10/06/really-amber-alert-website-goes-dark-under-government-shutdown/"}], "retweet_count": 1, "id": 387478500858290176, "id_str": "387478500858290176"}