{"lang": "en", "in_reply_to_user_id": 148779151, "text": "\u201c@teenagernotes: R.I.P to the driver that died with Paul Walker that no one cares about because he wasn't famous.\u201d RIP for them both.", "created_at": "Sun Dec 01 16:03:55 +0000 2013", "hashtags": [], "user_mentions": [{"id_str": "148779151", "screen_name": "teenagernotes", "name": "Teenager Notes", "id": 148779151}], "source": "<a href=\"http://twitter.com/download/iphone\" rel=\"nofollow\">Twitter for iPhone</a>", "in_reply_to_status_id": 407177474788057088, "in_reply_to_screen_name": "teenagernotes", "user": {"profile_use_background_image": true, "id": 562911511, "profile_image_url_https": "https://pbs.twimg.com/profile_images/1045630780372701184/ZCSqCA7y_normal.jpg", "profile_sidebar_fill_color": "DDEEF6", "geo_enabled": true, "profile_text_color": "333333", "followers_count": 1822, "location": "bosco \u2022 ust", "profile_background_color": "2D2D2E", "id_str": "562911511", "statuses_count": 52527, "description": "hindi nga pogi, may dating lang", "friends_count": 1223, "profile_link_color": "101B82", "profile_image_url": "http://pbs.twimg.com/profile_images/1045630780372701184/ZCSqCA7y_normal.jpg", "profile_background_image_url_https": "https://abs.twimg.com/images/themes/theme14/bg.gif", "profile_banner_url": "https://pbs.twimg.com/profile_banners/562911511/1535890733", "profile_background_image_url": "http://abs.twimg.com/images/themes/theme14/bg.gif", "name": "Ruspel Ramos", "lang": "en", "profile_background_tile": true, "favourites_count": 28787, "screen_name": "ruspelken", "created_at": "Wed Apr 25 14:07:58 +0000 2012", "profile_sidebar_border_color": "000000", "listed_count": 9}, "urls": [], "id": 407178254903046144, "favorite_count": 2, "id_str": "407178254903046144"}