{"lang": "en", "in_reply_to_user_id": 22179997, "text": "good news \u201c@ENews: Fast and Furious 7 \"Delayed\" But \"Won't Be Scrapped\" Following Paul Walker's Death: Report http://t.co/BC7z3Vp0bA\u201d", "created_at": "Sun Dec 01 21:18:12 +0000 2013", "hashtags": [], "user_mentions": [{"id_str": "2883841", "screen_name": "enews", "name": "E! News", "id": 2883841}], "source": "<a href=\"http://twitter.com/download/iphone\" rel=\"nofollow\">Twitter for iPhone</a>", "in_reply_to_status_id": 407254590363426816, "in_reply_to_screen_name": "e_entertainment", "user": {"profile_use_background_image": true, "id": 85568363, "profile_image_url_https": "https://pbs.twimg.com/profile_images/1031127898525245440/Nf3679pJ_normal.jpg", "profile_sidebar_fill_color": "0F0F0F", "geo_enabled": true, "profile_text_color": "3FD85B", "followers_count": 298, "location": "Aldershot, hants", "profile_background_color": "000000", "id_str": "85568363", "statuses_count": 7638, "description": "Ain't no thing like me, 'cept me.", "friends_count": 727, "profile_link_color": "B9B9B9", "profile_image_url": "http://pbs.twimg.com/profile_images/1031127898525245440/Nf3679pJ_normal.jpg", "profile_background_image_url_https": "https://abs.twimg.com/images/themes/theme10/bg.gif", "profile_banner_url": "https://pbs.twimg.com/profile_banners/85568363/1405662899", "profile_background_image_url": "http://abs.twimg.com/images/themes/theme10/bg.gif", "name": "Emma", "lang": "en", "favourites_count": 185, "screen_name": "emmzz_lou", "created_at": "Tue Oct 27 13:28:32 +0000 2009", "profile_sidebar_border_color": "333333", "listed_count": 5}, "urls": [{"url": "http://t.co/BC7z3Vp0bA", "expanded_url": "http://eonli.ne/IxWRTn"}], "id": 407257344905871360, "id_str": "407257344905871360"}