{"lang": "en", "in_reply_to_user_id": 25589776, "text": "@peoplemag Of Course Speed Played a part..RIP Paul. Sometimes We Forget that We're Nothing but Dust, No matter What it Looks Like", "created_at": "Sun Dec 01 21:08:51 +0000 2013", "hashtags": [], "user_mentions": [{"id_str": "3064617094", "screen_name": "peoplemag", "name": "People Magazine", "id": 3064617094}], "source": "<a href=\"http://twitter.com/download/android\" rel=\"nofollow\">Twitter for Android</a>", "in_reply_to_status_id": 407179055763836928, "in_reply_to_screen_name": "people", "user": {"profile_use_background_image": true, "id": 19360575, "profile_image_url_https": "https://pbs.twimg.com/profile_images/1033476080861171712/rhBsES22_normal.jpg", "profile_sidebar_fill_color": "DDEEF6", "geo_enabled": true, "profile_text_color": "333333", "followers_count": 165, "id_str": "19360575", "profile_background_color": "C0DEED", "listed_count": 8, "statuses_count": 21865, "friends_count": 383, "profile_link_color": "1DA1F2", "profile_image_url": "http://pbs.twimg.com/profile_images/1033476080861171712/rhBsES22_normal.jpg", "profile_background_image_url_https": "https://abs.twimg.com/images/themes/theme1/bg.png", "profile_background_image_url": "http://abs.twimg.com/images/themes/theme1/bg.png", "name": "B Cassell", "lang": "en", "favourites_count": 3192, "screen_name": "alljoy", "created_at": "Thu Jan 22 20:53:35 +0000 2009", "profile_sidebar_border_color": "C0DEED", "default_profile": true}, "urls": [], "id": 407254993751007232, "id_str": "407254993751007232"}