{"lang": "en", "in_reply_to_user_id": 148779151, "text": "@teenagernotes m telln u.. Lol", "created_at": "Sun Dec 01 18:48:45 +0000 2013", "hashtags": [], "user_mentions": [{"id_str": "148779151", "screen_name": "teenagernotes", "name": "Teenager Notes", "id": 148779151}], "source": "<a href=\"http://blackberry.com/twitter\" rel=\"nofollow\">Twitter for BlackBerry\u00ae</a>", "in_reply_to_status_id": 407177474788057088, "in_reply_to_screen_name": "teenagernotes", "user": {"profile_use_background_image": true, "id": 249128441, "profile_image_url_https": "https://pbs.twimg.com/profile_images/632985500748509184/jTLhJzvk_normal.jpg", "profile_sidebar_fill_color": "DDEEF6", "profile_text_color": "333333", "followers_count": 84, "id_str": "249128441", "profile_background_color": "C0DEED", "statuses_count": 986, "description": "Simply sexy", "friends_count": 111, "profile_link_color": "1DA1F2", "profile_image_url": "http://pbs.twimg.com/profile_images/632985500748509184/jTLhJzvk_normal.jpg", "profile_background_image_url_https": "https://abs.twimg.com/images/themes/theme1/bg.png", "profile_banner_url": "https://pbs.twimg.com/profile_banners/249128441/1439643943", "profile_background_image_url": "http://abs.twimg.com/images/themes/theme1/bg.png", "name": "faith idisi", "lang": "en", "favourites_count": 8, "screen_name": "fizzydaza", "created_at": "Tue Feb 08 12:35:46 +0000 2011", "profile_sidebar_border_color": "C0DEED", "default_profile": true}, "urls": [], "id": 407219736804851712, "id_str": "407219736804851712"}