{"lang": "en", "in_reply_to_user_id": 308850792, "text": "@MsElleVictoria From that pic it shows that he's a racer? 2 lives were lost because of carelessness.", "created_at": "Sun Dec 01 18:10:51 +0000 2013", "hashtags": [], "user_mentions": [{"id_str": "308850792", "screen_name": "MsElleVictoria", "name": "The_ElleVictoria\u2122", "id": 308850792}], "source": "<a href=\"http://twitter.com\" rel=\"nofollow\">Twitter Web Client</a>", "in_reply_to_status_id": 407209892013821952, "in_reply_to_screen_name": "MsElleVictoria", "user": {"profile_use_background_image": true, "id": 199910005, "profile_image_url_https": "https://pbs.twimg.com/profile_images/378800000187614090/c0a3644f8827d656c89a99a3b825a9ef_normal.jpeg", "profile_sidebar_fill_color": "DDEEF6", "profile_text_color": "333333", "followers_count": 739, "location": "Canada", "profile_background_color": "C0DEED", "id_str": "199910005", "statuses_count": 15195, "description": "Barcelona and Lakers fan! Following all who follow me. #Cule #LakerNation #DenverBroncos", "friends_count": 760, "profile_link_color": "0084B4", "profile_image_url": "http://pbs.twimg.com/profile_images/378800000187614090/c0a3644f8827d656c89a99a3b825a9ef_normal.jpeg", "profile_background_image_url_https": "https://abs.twimg.com/images/themes/theme1/bg.png", "profile_banner_url": "https://pbs.twimg.com/profile_banners/199910005/1378342661", "profile_background_image_url": "http://abs.twimg.com/images/themes/theme1/bg.png", "name": "Mat", "lang": "en", "favourites_count": 128, "screen_name": "FCBLakers", "created_at": "Fri Oct 08 00:46:20 +0000 2010", "profile_sidebar_border_color": "FFFFFF", "listed_count": 5}, "urls": [], "id": 407210199347257344, "favorite_count": 1, "id_str": "407210199347257344"}