{"lang": "en", "in_reply_to_user_id": 275686563, "text": "RT @verge Fast &amp; Furious 7 might still come out even after Paul Walker's death http://t.co/mBzL9N9GBw", "created_at": "Sun Dec 01 21:13:22 +0000 2013", "hashtags": [], "user_mentions": [{"id_str": "275686563", "screen_name": "verge", "name": "The Verge", "id": 275686563}], "source": "<a href=\"http://www.myplume.com/\" rel=\"nofollow\">Plume\u00a0for\u00a0Android</a>", "in_reply_to_status_id": 407253198395555840, "in_reply_to_screen_name": "verge", "user": {"profile_use_background_image": true, "id": 74498666, "profile_image_url_https": "https://pbs.twimg.com/profile_images/926996136774250496/HbtCCJEB_normal.jpg", "profile_sidebar_fill_color": "000000", "profile_text_color": "193BC4", "followers_count": 1009, "id_str": "74498666", "profile_background_color": "000000", "location": "Orlando, FL", "statuses_count": 208735, "friends_count": 234, "profile_link_color": "888891", "profile_image_url": "http://pbs.twimg.com/profile_images/926996136774250496/HbtCCJEB_normal.jpg", "profile_background_image_url_https": "https://abs.twimg.com/images/themes/theme9/bg.gif", "profile_banner_url": "https://pbs.twimg.com/profile_banners/74498666/1488923106", "profile_background_image_url": "http://abs.twimg.com/images/themes/theme9/bg.gif", "name": "Will \ud83c\uddf5\ud83c\uddf7", "lang": "en", "screen_name": "SubyWill", "created_at": "Tue Sep 15 17:14:23 +0000 2009", "profile_sidebar_border_color": "000000", "listed_count": 114}, "urls": [{"url": "http://t.co/mBzL9N9GBw", "expanded_url": "http://vrge.co/1dJNuOR"}], "retweet_count": 1, "id": 407256128813150208, "id_str": "407256128813150208"}