{"lang": "en", "in_reply_to_user_id": 76156485, "text": "@dave_schilling @VICE i had to double check i was reading a Vice article and not something from TMZ #nobueno", "created_at": "Mon Dec 02 02:26:00 +0000 2013", "hashtags": [{"text": "nobueno"}], "user_mentions": [{"id_str": "76156485", "screen_name": "dave_schilling", "name": "Dave Schilling", "id": 76156485}, {"id_str": "23818581", "screen_name": "VICE", "name": "VICE", "id": 23818581}], "source": "<a href=\"http://twitter.com\" rel=\"nofollow\">Twitter Web Client</a>", "in_reply_to_status_id": 407275991610818560, "in_reply_to_screen_name": "dave_schilling", "user": {"profile_use_background_image": true, "id": 23532336, "profile_image_url_https": "https://pbs.twimg.com/profile_images/2762300860/ef877bc8e3ef18bbb69d9db9b6594e23_normal.jpeg", "profile_sidebar_fill_color": "DDEEF6", "geo_enabled": true, "profile_text_color": "333333", "followers_count": 412, "location": "Manhattan, NY", "profile_background_color": "C0DEED", "id_str": "23532336", "statuses_count": 2131, "description": "passionate about technology, football and music! want to connect?  ping me on LinkedIn! http://t.co/nbGW3Pr4Yu", "friends_count": 677, "profile_link_color": "1DA1F2", "profile_image_url": "http://pbs.twimg.com/profile_images/2762300860/ef877bc8e3ef18bbb69d9db9b6594e23_normal.jpeg", "profile_background_image_url_https": "https://abs.twimg.com/images/themes/theme1/bg.png", "profile_background_image_url": "http://abs.twimg.com/images/themes/theme1/bg.png", "name": "Michael Wheeler", "lang": "en", "favourites_count": 420, "screen_name": "CloudWizMike", "created_at": "Tue Mar 10 00:44:51 +0000 2009", "profile_sidebar_border_color": "C0DEED", "default_profile": true, "listed_count": 129}, "urls": [], "id": 407334807853477888, "id_str": "407334807853477888"}