{"lang": "en", "in_reply_to_user_id": 148779151, "text": "\u201c@teenagernotes: R.I.P to the driver that died with Paul Walker that no one cares about because he wasn't famous.\u201d", "created_at": "Mon Dec 02 01:29:38 +0000 2013", "hashtags": [], "coordinates": {"type": "Point", "coordinates": [-92.38013882, 35.2192806]}, "user_mentions": [{"id_str": "148779151", "screen_name": "teenagernotes", "name": "Teenager Notes", "id": 148779151}], "source": "<a href=\"http://twitter.com/download/iphone\" rel=\"nofollow\">Twitter for iPhone</a>", "in_reply_to_status_id": 407177474788057088, "in_reply_to_screen_name": "teenagernotes", "user": {"profile_use_background_image": true, "id": 608303973, "profile_image_url_https": "https://pbs.twimg.com/profile_images/1039043992569212928/gifkLUM1_normal.jpg", "profile_sidebar_fill_color": "E5507E", "geo_enabled": true, "profile_text_color": "362720", "followers_count": 670, "location": "Arkansas", "profile_background_color": "FF6699", "id_str": "608303973", "statuses_count": 7082, "description": "Barrel Racer | Dog Mom | Vet Assistant | Luke 1:37 | Aries | Veterinary Technician Student \ud83d\udc3e snap: lexi_lauryn17", "friends_count": 174, "profile_link_color": "B40B43", "profile_image_url": "http://pbs.twimg.com/profile_images/1039043992569212928/gifkLUM1_normal.jpg", "profile_background_image_url_https": "https://abs.twimg.com/images/themes/theme11/bg.gif", "profile_banner_url": "https://pbs.twimg.com/profile_banners/608303973/1536562418", "profile_background_image_url": "http://abs.twimg.com/images/themes/theme11/bg.gif", "name": "Alexis Lauryn", "lang": "en", "profile_background_tile": true, "favourites_count": 11321, "screen_name": "lexilquintana", "created_at": "Thu Jun 14 15:13:10 +0000 2012", "profile_sidebar_border_color": "CC3366", "listed_count": 2}, "urls": [], "place": {"full_name": "Greenbrier, AR", "url": "https://api.twitter.com/1.1/geo/id/5df277b07a394303.json", "country": "United States", "place_type": "city", "bounding_box": {"type": "Polygon", "coordinates": [[[-92.40934, 35.20625], [-92.360997, 35.20625], [-92.360997, 35.252835], [-92.40934, 35.252835]]]}, "contained_within": [], "country_code": "US", "attributes": {}, "id": "5df277b07a394303", "name": "Greenbrier"}, "geo": {"type": "Point", "coordinates": [35.2192806, -92.38013882]}, "id": 407320620222132224, "favorite_count": 3, "id_str": "407320620222132224"}