{"lang": "en", "in_reply_to_user_id": 216579173, "text": "\u201c@A_hamad77: Rip Roger Rodas the man who died with Paul walker in the fatal car crash #dontforgethim http://t.co/jx8xdAFfQL\u201d #RIP", "created_at": "Thu Dec 05 00:15:06 +0000 2013", "hashtags": [{"text": "dontforgethim"}, {"text": "RIP"}], "user_mentions": [{"id_str": "216579173", "screen_name": "A_hamad77", "name": "Ahmad Hamad", "id": 216579173}], "source": "<a href=\"http://twitter.com/download/iphone\" rel=\"nofollow\">Twitter for iPhone</a>", "in_reply_to_status_id": 407189015582887936, "in_reply_to_screen_name": "A_hamad77", "user": {"profile_use_background_image": true, "id": 719997210, "profile_image_url_https": "https://pbs.twimg.com/profile_images/849096512898568192/UiRSK0Mu_normal.jpg", "profile_sidebar_fill_color": "DDEEF6", "profile_text_color": "333333", "followers_count": 444, "location": "instagram- @perezident13 ", "profile_background_color": "C0DEED", "id_str": "719997210", "statuses_count": 12998, "description": "stay trippy yo \nadd me on snap chat-- @perezident33 Ssonic does Music https://t.co/B09bl9DdKc", "friends_count": 882, "profile_link_color": "1DA1F2", "profile_image_url": "http://pbs.twimg.com/profile_images/849096512898568192/UiRSK0Mu_normal.jpg", "profile_background_image_url_https": "https://abs.twimg.com/images/themes/theme1/bg.png", "profile_banner_url": "https://pbs.twimg.com/profile_banners/719997210/1351968663", "profile_background_image_url": "http://abs.twimg.com/images/themes/theme1/bg.png", "name": "Randolph", "lang": "en", "favourites_count": 880, "screen_name": "Sonicnohedgehog", "url": "https://t.co/qPv7bmRIhg", "created_at": "Fri Jul 27 11:39:48 +0000 2012", "profile_sidebar_border_color": "C0DEED", "default_profile": true, "listed_count": 3}, "urls": [], "media": [{"expanded_url": "https://twitter.com/A_hamad77/status/407189015582887936/photo/1", "display_url": "pic.twitter.com/jx8xdAFfQL", "url": "http://t.co/jx8xdAFfQL", "media_url_https": "https://pbs.twimg.com/media/BaagQIkCUAEbxHj.jpg", "sizes": {"large": {"h": 502, "resize": "fit", "w": 640}, "small": {"h": 502, "resize": "fit", "w": 640}, "medium": {"h": 502, "resize": "fit", "w": 640}, "thumb": {"h": 150, "resize": "crop", "w": 150}}, "type": "photo", "id": 407189015360589825, "media_url": "http://pbs.twimg.com/media/BaagQIkCUAEbxHj.jpg"}], "id": 408389027008479232, "id_str": "408389027008479232"}