{"lang": "en", "in_reply_to_user_id": 14173315, "text": "@NBCNews he lived a long life. What is the average age a man lives?", "created_at": "Mon Jan 27 11:25:17 +0000 2014", "hashtags": [], "user_mentions": [{"id_str": "14173315", "screen_name": "NBCNews", "name": "NBC News", "id": 14173315}], "source": "<a href=\"http://twitter.com/download/iphone\" rel=\"nofollow\">Twitter for iPhone</a>", "in_reply_to_status_id": 427762638274437120, "in_reply_to_screen_name": "NBCNews", "user": {"id": 39195848, "profile_image_url_https": "https://pbs.twimg.com/profile_images/1799509779/if10_normal.jpg", "profile_sidebar_fill_color": "7AC3EE", "geo_enabled": true, "profile_text_color": "3D1957", "followers_count": 295, "id_str": "39195848", "profile_background_color": "B2DFDA", "location": "Toronto", "statuses_count": 3185, "friends_count": 1653, "profile_link_color": "E81C4F", "profile_image_url": "http://pbs.twimg.com/profile_images/1799509779/if10_normal.jpg", "profile_background_image_url_https": "https://abs.twimg.com/images/themes/theme10/bg.gif", "profile_background_image_url": "http://abs.twimg.com/images/themes/theme10/bg.gif", "name": "mbellis", "lang": "en", "favourites_count": 861, "screen_name": "snickers9601", "created_at": "Mon May 11 04:58:38 +0000 2009", "profile_sidebar_border_color": "65B0DA", "listed_count": 8}, "urls": [], "id": 427764242557964288, "id_str": "427764242557964288"}