{"lang": "en", "in_reply_to_user_id": 14511951, "text": "@HuffingtonPost This is an example of irony. Not coincidence.", "created_at": "Mon Jan 27 07:52:34 +0000 2014", "hashtags": [], "user_mentions": [{"id_str": "854402779879804928", "screen_name": "HuffingtonPost", "name": "HuffPost", "id": 854402779879804928}], "source": "<a href=\"http://twitter.com\" rel=\"nofollow\">Twitter Web Client</a>", "in_reply_to_status_id": 427690961280696320, "in_reply_to_screen_name": "HuffPost", "user": {"profile_use_background_image": true, "id": 2293298454, "profile_image_url_https": "https://pbs.twimg.com/profile_images/972938557206577152/IjkgpuVn_normal.jpg", "profile_sidebar_fill_color": "DDEEF6", "geo_enabled": true, "profile_text_color": "333333", "followers_count": 46, "location": "Las Vegas, Nevada", "profile_background_color": "C0DEED", "id_str": "2293298454", "statuses_count": 2835, "description": "Content creator. New writing for now people.", "friends_count": 51, "profile_link_color": "1DA1F2", "profile_image_url": "http://pbs.twimg.com/profile_images/972938557206577152/IjkgpuVn_normal.jpg", "profile_background_image_url_https": "https://abs.twimg.com/images/themes/theme1/bg.png", "profile_banner_url": "https://pbs.twimg.com/profile_banners/2293298454/1441662719", "profile_background_image_url": "http://abs.twimg.com/images/themes/theme1/bg.png", "name": "Rex Merritt", "lang": "en", "favourites_count": 146, "screen_name": "rex_retrex", "url": "http://t.co/Aps3laaFv9", "created_at": "Wed Jan 15 19:57:53 +0000 2014", "profile_sidebar_border_color": "C0DEED", "default_profile": true}, "urls": [], "id": 427710712073306112, "id_str": "427710712073306112"}