{"lang": "en", "in_reply_to_user_id": 2467791, "text": "\u201c@washingtonpost: Ex-Marlboro man dies from smoking-related disease http://t.co/YMsbWdv4Zc\u201d // RIP", "created_at": "Mon Jan 27 23:50:44 +0000 2014", "hashtags": [], "user_mentions": [{"id_str": "2467791", "screen_name": "washingtonpost", "name": "Washington Post", "id": 2467791}], "source": "<a href=\"http://twitter.com/download/iphone\" rel=\"nofollow\">Twitter for iPhone</a>", "in_reply_to_status_id": 427944719612915712, "in_reply_to_screen_name": "washingtonpost", "user": {"profile_use_background_image": true, "id": 2237408230, "profile_image_url_https": "https://pbs.twimg.com/profile_images/648655029650489344/t_CVPCRu_normal.jpg", "profile_sidebar_fill_color": "DDEEF6", "profile_text_color": "333333", "followers_count": 822, "location": "DC & Montefino", "profile_background_color": "C0DEED", "id_str": "2237408230", "statuses_count": 32719, "description": "Lifetime gypsy (if it had missile silos or was on State's Watchlist, I've prob lived there) left politics to buy olive farm & write early 80s Beirut memoir", "friends_count": 1586, "profile_link_color": "1DA1F2", "profile_image_url": "http://pbs.twimg.com/profile_images/648655029650489344/t_CVPCRu_normal.jpg", "profile_background_image_url_https": "https://abs.twimg.com/images/themes/theme1/bg.png", "profile_banner_url": "https://pbs.twimg.com/profile_banners/2237408230/1391859909", "profile_background_image_url": "http://abs.twimg.com/images/themes/theme1/bg.png", "name": "Rebecca Jaramillo", "lang": "en", "favourites_count": 19005, "screen_name": "RebeccazWriting", "created_at": "Sun Dec 22 02:29:09 +0000 2013", "profile_sidebar_border_color": "C0DEED", "default_profile": true, "listed_count": 41}, "urls": [{"url": "http://t.co/YMsbWdv4Zc", "expanded_url": "http://wapo.st/1jYAxzX"}], "id": 427951841444634624, "id_str": "427951841444634624"}