{"lang": "en", "in_reply_to_user_id": 143257853, "text": "\u201c@ThelIluminati: #Obamacare will soon require you to get an RFID chip implanted into your skin to monitor and track you.\u201d #swerve", "created_at": "Wed Jan 29 03:37:56 +0000 2014", "hashtags": [{"text": "Obamacare"}, {"text": "swerve"}], "coordinates": {"type": "Point", "coordinates": [-94.97116294, 29.75828131]}, "user_mentions": [{"id_str": "143257853", "screen_name": "ThelIluminati", "name": "THE ILLUMINATI", "id": 143257853}], "source": "<a href=\"http://twitter.com/download/iphone\" rel=\"nofollow\">Twitter for iPhone</a>", "in_reply_to_status_id": 428366153149194240, "in_reply_to_screen_name": "ThelIluminati", "user": {"profile_use_background_image": true, "id": 573197582, "profile_image_url_https": "https://pbs.twimg.com/profile_images/597598417636827136/L2VWPOYo_normal.jpg", "profile_sidebar_fill_color": "DDEEF6", "geo_enabled": true, "profile_text_color": "333333", "followers_count": 292, "location": "Houston, TX", "profile_background_color": "C0DEED", "id_str": "573197582", "statuses_count": 5109, "description": "\u00af\\_(\u30c4)_/\u00af", "friends_count": 285, "profile_link_color": "1DA1F2", "profile_image_url": "http://pbs.twimg.com/profile_images/597598417636827136/L2VWPOYo_normal.jpg", "profile_background_image_url_https": "https://abs.twimg.com/images/themes/theme1/bg.png", "profile_banner_url": "https://pbs.twimg.com/profile_banners/573197582/1405737264", "profile_background_image_url": "http://abs.twimg.com/images/themes/theme1/bg.png", "name": "Whitney Cornett", "lang": "en", "favourites_count": 1181, "screen_name": "Whittcornett", "created_at": "Mon May 07 01:51:45 +0000 2012", "profile_sidebar_border_color": "C0DEED", "default_profile": true}, "urls": [], "place": {"full_name": "Baytown, TX", "url": "https://api.twitter.com/1.1/geo/id/7543692056063d2f.json", "country": "United States", "place_type": "city", "bounding_box": {"type": "Polygon", "coordinates": [[[-95.078859, 29.7046854], [-94.874344, 29.7046854], [-94.874344, 29.831209], [-95.078859, 29.831209]]]}, "contained_within": [], "country_code": "US", "attributes": {}, "id": "7543692056063d2f", "name": "Baytown"}, "geo": {"type": "Point", "coordinates": [29.75828131, -94.97116294]}, "id": 428371406267490304, "favorite_count": 1, "id_str": "428371406267490304"}