{"lang": "en", "in_reply_to_user_id": 143257853, "text": "@oswaldojunior RT @ThelIluminati: #Obamacare will soon require you to get an RFID chip implanted into your skin to monitor and track you.", "created_at": "Wed Jan 29 10:55:42 +0000 2014", "hashtags": [{"text": "Obamacare"}], "user_mentions": [{"id_str": "11486082", "screen_name": "oswaldojunior", "name": "Oswaldo Portella Jr", "id": 11486082}, {"id_str": "143257853", "screen_name": "ThelIluminati", "name": "THE ILLUMINATI", "id": 143257853}], "source": "<a href=\"http://www.twitter.com\" rel=\"nofollow\">Twitter for Windows Phone</a>", "in_reply_to_status_id": 428366153149194240, "in_reply_to_screen_name": "ThelIluminati", "user": {"profile_use_background_image": true, "id": 82362488, "profile_image_url_https": "https://pbs.twimg.com/profile_images/378800000475021111/8aa1858c2e2cb226afa615b6f4dc34c9_normal.jpeg", "profile_sidebar_fill_color": "252429", "profile_text_color": "666666", "followers_count": 112, "location": "S\u00e3o Paulo", "profile_background_color": "1A1B1F", "id_str": "82362488", "statuses_count": 5536, "description": "Changing the way you buy with @QueroPagarX", "friends_count": 126, "profile_link_color": "2FC2EF", "profile_image_url": "http://pbs.twimg.com/profile_images/378800000475021111/8aa1858c2e2cb226afa615b6f4dc34c9_normal.jpeg", "profile_background_image_url_https": "https://abs.twimg.com/images/themes/theme9/bg.gif", "profile_banner_url": "https://pbs.twimg.com/profile_banners/82362488/1416969169", "profile_background_image_url": "http://abs.twimg.com/images/themes/theme9/bg.gif", "name": "La\u00e9rcio Carvalho", "lang": "pt", "favourites_count": 31, "screen_name": "caculas", "url": "http://t.co/bFCxgM8Nn7", "created_at": "Wed Oct 14 13:45:01 +0000 2009", "profile_sidebar_border_color": "181A1E", "listed_count": 21}, "urls": [], "id": 428481571218530304, "id_str": "428481571218530304"}