{"lang": "en", "in_reply_to_user_id": 759251, "text": "\u201c@CNN: Nestl\u00e9 USA has issued a recall of Hot Pockets. See the affected: http://t.co/Z1N45Uyg5a\u201d Attention Philly Cheese Steak HP Heads!", "created_at": "Wed Feb 19 15:36:32 +0000 2014", "hashtags": [], "user_mentions": [{"id_str": "759251", "screen_name": "CNN", "name": "CNN", "id": 759251}], "source": "<a href=\"http://twitter.com/download/iphone\" rel=\"nofollow\">Twitter for iPhone</a>", "in_reply_to_status_id": 436160836524965891, "in_reply_to_screen_name": "CNN", "user": {"profile_use_background_image": true, "id": 33096011, "verified": true, "profile_image_url_https": "https://pbs.twimg.com/profile_images/907977504190803968/ByiwFMw-_normal.jpg", "profile_sidebar_fill_color": "EDE8ED", "profile_text_color": "000000", "followers_count": 53035, "location": "Minneapolis, MN", "profile_background_color": "000000", "id_str": "33096011", "statuses_count": 30969, "description": "Barely Living Legend", "friends_count": 2635, "profile_link_color": "283EE0", "profile_image_url": "http://pbs.twimg.com/profile_images/907977504190803968/ByiwFMw-_normal.jpg", "profile_background_image_url_https": "https://abs.twimg.com/images/themes/theme5/bg.gif", "profile_banner_url": "https://pbs.twimg.com/profile_banners/33096011/1401763694", "profile_background_image_url": "http://abs.twimg.com/images/themes/theme5/bg.gif", "name": "Har Mar Superstar", "lang": "en", "profile_background_tile": true, "favourites_count": 39331, "screen_name": "HarMarSuperstar", "url": "https://t.co/tKiMckDJYI", "created_at": "Sun Apr 19 02:16:13 +0000 2009", "profile_sidebar_border_color": "000000", "listed_count": 822}, "urls": [{"url": "http://t.co/Z1N45Uyg5a", "expanded_url": "http://cnn.it/1c2EpuB"}], "id": 436162391362240512, "favorite_count": 3, "id_str": "436162391362240512"}