{"lang": "en", "in_reply_to_user_id": 953961499, "text": "\u201c@marijaoficial: \"talking angela gets ur personal info\"\n\"he's a kidnapper\"\n\"he watches u through ur camera\" http://t.co/Xj898HiNyv\u201d", "created_at": "Wed Feb 19 20:27:10 +0000 2014", "hashtags": [], "user_mentions": [], "source": "<a href=\"http://twitter.com/download/iphone\" rel=\"nofollow\">Twitter for iPhone</a>", "in_reply_to_status_id": 436157173161144321, "in_reply_to_screen_name": "MotivasiRasa", "user": {"profile_use_background_image": true, "id": 733445714, "profile_image_url_https": "https://pbs.twimg.com/profile_images/1044781264224612352/WAqBQx-6_normal.jpg", "profile_sidebar_fill_color": "FFFFFF", "geo_enabled": true, "profile_text_color": "000000", "followers_count": 2236, "location": "KY", "profile_background_color": "FFFFFF", "id_str": "733445714", "statuses_count": 55134, "description": "\ud835\udd55\ud835\udd52\ud835\udd63\ud835\udd5d\ud835\udd5a\ud835\udd5f\ud835\udd58, \ud835\udd52\ud835\udd5d\ud835\udd5d \ud835\udd60\ud835\udd57 \ud835\udd5e\ud835\udd6a \ud835\udd68\ud835\udd63\ud835\udd60\ud835\udd5f\ud835\udd58\ud835\udd64 \ud835\udd65\ud835\udd59\ud835\udd56\ud835\udd6a \ud835\udd5d\ud835\udd56\ud835\udd55 \ud835\udd5e\ud835\udd56 \ud835\udd63\ud835\udd5a\ud835\udd58\ud835\udd59\ud835\udd65 \ud835\udd65\ud835\udd60 \ud835\udd6a\ud835\udd60\ud835\udd66", "friends_count": 2771, "profile_link_color": "000000", "profile_image_url": "http://pbs.twimg.com/profile_images/1044781264224612352/WAqBQx-6_normal.jpg", "profile_background_image_url_https": "https://abs.twimg.com/images/themes/theme1/bg.png", "profile_banner_url": "https://pbs.twimg.com/profile_banners/733445714/1537930241", "profile_background_image_url": "http://abs.twimg.com/images/themes/theme1/bg.png", "name": "\ud835\udd65\ud835\udd5a\ud835\udd57\ud835\udd57", "lang": "en", "profile_background_tile": true, "favourites_count": 42337, "screen_name": "tiffxleann", "created_at": "Thu Aug 02 19:57:10 +0000 2012", "profile_sidebar_border_color": "FFFFFF", "listed_count": 14}, "urls": [], "media": [{"expanded_url": "https://twitter.com/marijaoficial/status/436157173161144321/photo/1", "display_url": "pic.twitter.com/Xj898HiNyv", "url": "http://t.co/Xj898HiNyv", "media_url_https": "https://pbs.twimg.com/media/Bg2Ko10CMAA_3FK.jpg", "sizes": {"small": {"h": 313, "resize": "fit", "w": 598}, "large": {"h": 313, "resize": "fit", "w": 598}, "medium": {"h": 313, "resize": "fit", "w": 598}, "thumb": {"h": 150, "resize": "crop", "w": 150}}, "type": "photo", "id": 436157173169532928, "media_url": "http://pbs.twimg.com/media/Bg2Ko10CMAA_3FK.jpg"}], "id": 436235533673439233, "id_str": "436235533673439233"}