{"lang": "en", "in_reply_to_user_id": 18208354, "text": "@joerogan @DangerBurgundy wasn`t it already determined that the maximum time span dna can survive in any state was way later than dinos :(", "created_at": "Sun Mar 30 19:18:00 +0000 2014", "hashtags": [], "user_mentions": [{"id_str": "18208354", "screen_name": "joerogan", "name": "Joe Rogan", "id": 18208354}, {"id_str": "366415076", "screen_name": "DangerBurgundy", "name": "DB", "id": 366415076}], "source": "<a href=\"http://twitter.com\" rel=\"nofollow\">Twitter Web Client</a>", "in_reply_to_status_id": 450341615979069440, "in_reply_to_screen_name": "joerogan", "user": {"profile_use_background_image": true, "id": 165112841, "profile_image_url_https": "https://pbs.twimg.com/profile_images/1070455852/pisuri_normal.jpg", "profile_sidebar_fill_color": "DDEEF6", "profile_text_color": "333333", "followers_count": 11, "id_str": "165112841", "profile_background_color": "C0DEED", "location": "Helsinki/Finland", "statuses_count": 1339, "description": "http://t.co/Ws1VMe9IYF all must fall.", "friends_count": 60, "profile_link_color": "1DA1F2", "profile_image_url": "http://pbs.twimg.com/profile_images/1070455852/pisuri_normal.jpg", "profile_background_image_url_https": "https://abs.twimg.com/images/themes/theme1/bg.png", "profile_background_image_url": "http://abs.twimg.com/images/themes/theme1/bg.png", "name": "waltteri wiikinkoski", "lang": "en", "screen_name": "pisuri", "created_at": "Sat Jul 10 16:48:42 +0000 2010", "profile_sidebar_border_color": "C0DEED", "default_profile": true, "listed_count": 1}, "urls": [], "id": 450351254003548160, "id_str": "450351254003548160"}