{"lang": "en", "in_reply_to_user_id": 63056402, "text": "@KREAYSHAWN you're grandpa has a dream!  So does Leo. For an Oscar. Lol #SadButTrue", "created_at": "Mon Apr 14 02:03:13 +0000 2014", "hashtags": [{"text": "SadButTrue"}], "user_mentions": [{"id_str": "63056402", "screen_name": "KREAYSHAWN", "name": "Sunshine Lexus", "id": 63056402}], "source": "<a href=\"http://twitter.com/download/android\" rel=\"nofollow\">Twitter for Android</a>", "in_reply_to_status_id": 455525437351800832, "in_reply_to_screen_name": "KREAYSHAWN", "user": {"id": 103737486, "profile_image_url_https": "https://pbs.twimg.com/profile_images/1041378513616560131/Oq4mXUEr_normal.jpg", "profile_sidebar_fill_color": "DDEEF6", "geo_enabled": true, "profile_text_color": "333333", "followers_count": 184, "location": "inside the wave", "profile_background_color": "131516", "id_str": "103737486", "statuses_count": 5490, "description": "\ud83e\udd8bantisocial butterfly\u2022mg wave rider\u2022|s y n e r g y|", "friends_count": 90, "profile_link_color": "000000", "profile_image_url": "http://pbs.twimg.com/profile_images/1041378513616560131/Oq4mXUEr_normal.jpg", "profile_background_image_url_https": "https://abs.twimg.com/images/themes/theme1/bg.png", "profile_banner_url": "https://pbs.twimg.com/profile_banners/103737486/1537118961", "profile_background_image_url": "http://abs.twimg.com/images/themes/theme1/bg.png", "name": "\ud83e\udd40W \u0394 R", "lang": "en", "profile_background_tile": true, "favourites_count": 3967, "screen_name": "whoisillsyn", "created_at": "Mon Jan 11 02:58:55 +0000 2010", "profile_sidebar_border_color": "000000", "listed_count": 7}, "urls": [], "id": 455526657227776000, "id_str": "455526657227776000"}