{"lang": "en", "in_reply_to_user_id": 271413771, "text": "@HuffPostUK @SasyaShsha video is here, http://t.co/vawCFk1HTf", "created_at": "Thu Jul 17 15:47:51 +0000 2014", "hashtags": [], "user_mentions": [{"id_str": "271413771", "screen_name": "HuffPostUK", "name": "HuffPost UK", "id": 271413771}], "source": "<a href=\"https://about.twitter.com/products/tweetdeck\" rel=\"nofollow\">TweetDeck</a>", "in_reply_to_status_id": 489796998615547904, "in_reply_to_screen_name": "HuffPostUK", "user": {"id": 42421075, "profile_image_url_https": "https://pbs.twimg.com/profile_images/1018774476723351553/njyg5b52_normal.jpg", "profile_sidebar_fill_color": "F6CE93", "geo_enabled": true, "profile_text_color": "000000", "followers_count": 3825, "location": "not BKI", "profile_background_color": "FFFFFF", "id_str": "42421075", "statuses_count": 186217, "description": "eat sleep fly repeat", "friends_count": 2774, "profile_link_color": "1B95E0", "profile_image_url": "http://pbs.twimg.com/profile_images/1018774476723351553/njyg5b52_normal.jpg", "profile_background_image_url_https": "https://abs.twimg.com/images/themes/theme5/bg.gif", "profile_banner_url": "https://pbs.twimg.com/profile_banners/42421075/1472081074", "profile_background_image_url": "http://abs.twimg.com/images/themes/theme5/bg.gif", "name": "rizarul je la", "lang": "en", "profile_background_tile": true, "favourites_count": 95615, "screen_name": "rizarul", "url": "https://t.co/Bhnp74RZ6J", "created_at": "Mon May 25 15:09:11 +0000 2009", "profile_sidebar_border_color": "000000", "listed_count": 36}, "urls": [{"url": "http://t.co/vawCFk1HTf", "expanded_url": "http://www.youtube.com/watch?v=dTCulEzHQh4"}], "retweet_count": 12, "id": 489798643122061312, "favorite_count": 1, "id_str": "489798643122061312"}