{"lang": "en", "in_reply_to_user_id": 2467791, "text": "@washingtonpost They lost another one @hecknoEMILIO", "created_at": "Thu Jul 17 16:01:57 +0000 2014", "hashtags": [], "user_mentions": [{"id_str": "2467791", "screen_name": "washingtonpost", "name": "Washington Post", "id": 2467791}, {"id_str": "125527964", "screen_name": "hecknoEMILIO", "name": "Emilio", "id": 125527964}], "source": "<a href=\"http://twitter.com\" rel=\"nofollow\">Twitter Web Client</a>", "in_reply_to_status_id": 489800427152879616, "in_reply_to_screen_name": "washingtonpost", "user": {"profile_use_background_image": true, "id": 434798659, "profile_image_url_https": "https://pbs.twimg.com/profile_images/827308689329528832/7Bdcvh7Z_normal.jpg", "profile_sidebar_fill_color": "252429", "geo_enabled": true, "profile_text_color": "666666", "followers_count": 100, "id_str": "434798659", "profile_background_color": "1A1B1F", "listed_count": 3, "statuses_count": 8459, "description": "Engineer. Liberal.", "friends_count": 170, "profile_link_color": "2FC2EF", "profile_image_url": "http://pbs.twimg.com/profile_images/827308689329528832/7Bdcvh7Z_normal.jpg", "profile_background_image_url_https": "https://abs.twimg.com/images/themes/theme9/bg.gif", "profile_banner_url": "https://pbs.twimg.com/profile_banners/434798659/1368074241", "profile_background_image_url": "http://abs.twimg.com/images/themes/theme9/bg.gif", "name": "Noel Sebasti\u00e1n", "lang": "en", "favourites_count": 5635, "screen_name": "ns_arroyo", "created_at": "Mon Dec 12 09:57:43 +0000 2011", "profile_sidebar_border_color": "181A1E"}, "urls": [], "id": 489802191339659264, "id_str": "489802191339659264"}