{"lang": "en", "in_reply_to_user_id": 1051922042, "text": "@Pm3marston Sure, it was US responsibility, not the terrorists', that the 911 planes flew into the World Trade Center. Crude logic!", "created_at": "Thu Jul 17 16:47:26 +0000 2014", "hashtags": [], "user_mentions": [{"id_str": "1051922042", "screen_name": "Pm3marston", "name": "Pm3marston", "id": 1051922042}], "source": "<a href=\"https://about.twitter.com/products/tweetdeck\" rel=\"nofollow\">TweetDeck</a>", "in_reply_to_status_id": 489813164234522624, "in_reply_to_screen_name": "Pm3marston", "user": {"profile_use_background_image": true, "id": 16786879, "profile_image_url_https": "https://pbs.twimg.com/profile_images/1024555321652654080/InHAjBDB_normal.jpg", "profile_sidebar_fill_color": "76A9F0", "geo_enabled": true, "profile_text_color": "6B708F", "followers_count": 3516, "location": "Rheinland", "profile_background_color": "79B5F2", "id_str": "16786879", "statuses_count": 9802, "description": "Redakteur (WirtschaftsWoche, @GadgetInspektor) hier privat, Alt-Onliner (pr\u00e4-www), Retter (FW) & Alpenfreund (CH)", "friends_count": 1385, "profile_link_color": "202D54", "profile_image_url": "http://pbs.twimg.com/profile_images/1024555321652654080/InHAjBDB_normal.jpg", "profile_background_image_url_https": "https://abs.twimg.com/images/themes/theme2/bg.gif", "profile_banner_url": "https://pbs.twimg.com/profile_banners/16786879/1533108886", "profile_background_image_url": "http://abs.twimg.com/images/themes/theme2/bg.gif", "name": "Thomas Kuhn \ud83d\udc68\ud83c\udffc\u200d\ud83d\ude92", "lang": "de", "profile_background_tile": true, "favourites_count": 4463, "screen_name": "ThomasKuhn", "url": "https://t.co/n8AJJ2862S", "created_at": "Wed Oct 15 16:45:57 +0000 2008", "profile_sidebar_border_color": "3E4D54", "listed_count": 237}, "urls": [], "id": 489813641068544000, "id_str": "489813641068544000"}