{"lang": "en", "in_reply_to_user_id": 16973333, "text": "@Independent  I bet each one blames the other, but my thoughts are the rebels/Russians may be in line as the  suspects.", "created_at": "Thu Jul 17 20:44:18 +0000 2014", "hashtags": [], "user_mentions": [{"id_str": "16973333", "screen_name": "Independent", "name": "The Independent", "id": 16973333}], "source": "<a href=\"http://twitter.com/download/android\" rel=\"nofollow\">Twitter for Android</a>", "in_reply_to_status_id": 489854703321509888, "in_reply_to_screen_name": "Independent", "user": {"profile_use_background_image": true, "id": 1704159024, "profile_image_url_https": "https://abs.twimg.com/sticky/default_profile_images/default_profile_normal.png", "profile_sidebar_fill_color": "DDEEF6", "profile_text_color": "333333", "followers_count": 61, "id_str": "1704159024", "default_profile_image": true, "listed_count": 1, "statuses_count": 813, "profile_background_color": "C0DEED", "friends_count": 474, "profile_link_color": "1DA1F2", "profile_image_url": "http://abs.twimg.com/sticky/default_profile_images/default_profile_normal.png", "profile_background_image_url_https": "https://abs.twimg.com/images/themes/theme1/bg.png", "profile_background_image_url": "http://abs.twimg.com/images/themes/theme1/bg.png", "name": "Bernard Ogden", "lang": "en", "favourites_count": 770, "screen_name": "bernard_ogden", "created_at": "Tue Aug 27 09:18:26 +0000 2013", "profile_sidebar_border_color": "C0DEED", "default_profile": true}, "urls": [], "id": 489873249506197504, "id_str": "489873249506197504"}