{"lang": "in", "in_reply_to_user_id": 759251, "text": "kenapa tembak pesawat kami #Mh17 @cnn", "created_at": "Thu Jul 17 18:39:42 +0000 2014", "hashtags": [{"text": "Mh17"}], "user_mentions": [{"id_str": "759251", "screen_name": "CNN", "name": "CNN", "id": 759251}], "source": "<a href=\"https://mobile.twitter.com\" rel=\"nofollow\">Mobile Web (M2)</a>", "in_reply_to_status_id": 489812926828924928, "in_reply_to_screen_name": "CNN", "user": {"profile_use_background_image": true, "id": 449689683, "profile_image_url_https": "https://pbs.twimg.com/profile_images/684836181020950530/_ipqspZ6_normal.jpg", "profile_sidebar_fill_color": "EADEAA", "geo_enabled": true, "profile_text_color": "333333", "followers_count": 104, "location": "Limbang, Sarawak", "profile_background_color": "8B542B", "id_str": "449689683", "statuses_count": 698, "description": "jangan hanya tahu memakai baju hitam mengaku diri sdiri seorang rock. jdi lah sorg rock rockers sejati & tetap dengan pendirian   \\m/", "friends_count": 329, "profile_link_color": "9D582E", "profile_image_url": "http://pbs.twimg.com/profile_images/684836181020950530/_ipqspZ6_normal.jpg", "profile_background_image_url_https": "https://abs.twimg.com/images/themes/theme8/bg.gif", "profile_banner_url": "https://pbs.twimg.com/profile_banners/449689683/1434267795", "profile_background_image_url": "http://abs.twimg.com/images/themes/theme8/bg.gif", "name": "Rosli Survive", "lang": "en", "favourites_count": 299, "screen_name": "RosliSurvive", "created_at": "Thu Dec 29 11:31:09 +0000 2011", "profile_sidebar_border_color": "D9B17E"}, "urls": [], "id": 489841891765407744, "id_str": "489841891765407744"}