{"lang": "und", "in_reply_to_user_id": 16973333, "text": "@Independent", "created_at": "Thu Jul 17 18:55:20 +0000 2014", "hashtags": [], "user_mentions": [{"id_str": "16973333", "screen_name": "Independent", "name": "The Independent", "id": 16973333}], "source": "<a href=\"http://twitter.com/download/android\" rel=\"nofollow\">Twitter for Android</a>", "in_reply_to_status_id": 489841070818488320, "in_reply_to_screen_name": "Independent", "user": {"lang": "en", "default_profile": true, "statuses_count": 1, "screen_name": "8c78c51f22e343c", "friends_count": 5, "profile_use_background_image": true, "profile_link_color": "1DA1F2", "created_at": "Thu Jul 17 18:43:27 +0000 2014", "profile_sidebar_fill_color": "DDEEF6", "profile_image_url": "http://pbs.twimg.com/profile_images/489842975674208256/G16YPC6M_normal.jpeg", "profile_image_url_https": "https://pbs.twimg.com/profile_images/489842975674208256/G16YPC6M_normal.jpeg", "profile_text_color": "333333", "profile_sidebar_border_color": "C0DEED", "id_str": "2715869735", "profile_background_color": "C0DEED", "favourites_count": 1, "profile_background_image_url_https": "https://abs.twimg.com/images/themes/theme1/bg.png", "id": 2715869735, "profile_background_image_url": "http://abs.twimg.com/images/themes/theme1/bg.png", "name": "michaelhepple"}, "urls": [], "id": 489845827247304704, "id_str": "489845827247304704"}