{"lang": "en", "in_reply_to_user_id": 972651, "text": "@mashable News reports that analysts are determining now where  missile was shot from. Also, flight route has been used by other airlines.", "created_at": "Fri Jul 18 00:36:59 +0000 2014", "hashtags": [], "user_mentions": [{"id_str": "972651", "screen_name": "mashable", "name": "Mashable", "id": 972651}], "source": "<a href=\"http://twitter.com/#!/download/ipad\" rel=\"nofollow\">Twitter for iPad</a>", "in_reply_to_status_id": 489902412900343809, "in_reply_to_screen_name": "mashable", "user": {"profile_use_background_image": true, "id": 466841123, "profile_image_url_https": "https://pbs.twimg.com/profile_images/696194322157273088/nvYPM1vA_normal.jpg", "profile_sidebar_fill_color": "DDEEF6", "geo_enabled": true, "profile_text_color": "333333", "followers_count": 195, "location": "California", "profile_background_color": "C0DEED", "id_str": "466841123", "statuses_count": 4321, "description": "Cal Alum - Go Bears! | Designer | Tech Geek | Dog Lover | Sacramento Kings | San Francisco 49ers | Oakland A's | San Jose Sharks", "friends_count": 262, "profile_link_color": "1DA1F2", "profile_image_url": "http://pbs.twimg.com/profile_images/696194322157273088/nvYPM1vA_normal.jpg", "profile_background_image_url_https": "https://abs.twimg.com/images/themes/theme1/bg.png", "profile_banner_url": "https://pbs.twimg.com/profile_banners/466841123/1461898952", "profile_background_image_url": "http://abs.twimg.com/images/themes/theme1/bg.png", "name": "Jenman Fong", "lang": "en", "favourites_count": 3330, "screen_name": "Jenman27", "url": "https://t.co/SCr4kHbQwx", "created_at": "Tue Jan 17 21:09:03 +0000 2012", "profile_sidebar_border_color": "C0DEED", "default_profile": true, "listed_count": 5}, "urls": [], "id": 489931806360084481, "id_str": "489931806360084481"}