{"lang": "en", "in_reply_to_user_id": 16973333, "text": "@Independent @allyc375 \nAre Britons and children worth more than anyone else?  Equally tragic for all.", "created_at": "Fri Jul 18 07:48:33 +0000 2014", "hashtags": [], "user_mentions": [{"id_str": "16973333", "screen_name": "Independent", "name": "The Independent", "id": 16973333}, {"id_str": "15569336", "screen_name": "allyc375", "name": "Alison Cameron #FBPE", "id": 15569336}], "source": "<a href=\"http://twitter.com/download/iphone\" rel=\"nofollow\">Twitter for iPhone</a>", "in_reply_to_status_id": 489841070818488320, "in_reply_to_screen_name": "Independent", "user": {"profile_use_background_image": true, "id": 249236062, "profile_image_url_https": "https://pbs.twimg.com/profile_images/1039486318122868737/LfCVicIj_normal.jpg", "profile_sidebar_fill_color": "DDEEF6", "geo_enabled": true, "profile_text_color": "333333", "followers_count": 3683, "location": "London", "profile_background_color": "C0DEED", "id_str": "249236062", "statuses_count": 85220, "description": "Writer. @neversaidplay #wggbawards Best Radio Drama; Citizens of Nowhere? 6/7 Oct 2018 #ChinaChangingFest @southbankcentre https://t.co/afXBJQQpI5", "friends_count": 3345, "profile_link_color": "1B00B3", "profile_image_url": "http://pbs.twimg.com/profile_images/1039486318122868737/LfCVicIj_normal.jpg", "profile_background_image_url_https": "https://abs.twimg.com/images/themes/theme1/bg.png", "profile_banner_url": "https://pbs.twimg.com/profile_banners/249236062/1537560303", "profile_background_image_url": "http://abs.twimg.com/images/themes/theme1/bg.png", "name": "Ming Ho", "lang": "en", "favourites_count": 30825, "screen_name": "Minghowriter", "url": "https://t.co/9iZmc1pNyF", "created_at": "Tue Feb 08 17:00:33 +0000 2011", "profile_sidebar_border_color": "FFFFFF", "listed_count": 170}, "urls": [], "id": 490040411160055808, "id_str": "490040411160055808"}