{"lang": "en", "in_reply_to_user_id": 1051922042, "text": "@Pm3marston @cnni Really? You are stupid bastards. Pro-Russian terrorists shot down #MH17, because they thought it was Ukrainian jet.", "created_at": "Mon Jul 21 12:58:20 +0000 2014", "hashtags": [{"text": "MH17"}], "user_mentions": [{"id_str": "1051922042", "screen_name": "Pm3marston", "name": "Pm3marston", "id": 1051922042}, {"id_str": "2097571", "screen_name": "cnni", "name": "CNN International", "id": 2097571}], "source": "<a href=\"http://twitter.com\" rel=\"nofollow\">Twitter Web Client</a>", "in_reply_to_status_id": 491200789994430464, "in_reply_to_screen_name": "Pm3marston", "user": {"profile_use_background_image": true, "id": 74001464, "profile_image_url_https": "https://pbs.twimg.com/profile_images/717766723/KVM_icq_ava_normal.bmp", "profile_sidebar_fill_color": "99CC33", "profile_text_color": "1A1717", "followers_count": 93, "id_str": "74001464", "profile_background_color": "352726", "listed_count": 7, "statuses_count": 1672, "description": "master of automation and computer systems", "friends_count": 355, "profile_link_color": "D02B55", "profile_image_url": "http://pbs.twimg.com/profile_images/717766723/KVM_icq_ava_normal.bmp", "profile_background_image_url_https": "https://abs.twimg.com/images/themes/theme5/bg.gif", "profile_background_image_url": "http://abs.twimg.com/images/themes/theme5/bg.gif", "name": "K.V.M.", "lang": "uk", "favourites_count": 606, "screen_name": "kvm_corp", "created_at": "Sun Sep 13 23:30:11 +0000 2009", "profile_sidebar_border_color": "829D5E"}, "urls": [], "id": 491205535505850368, "favorite_count": 1, "id_str": "491205535505850368"}