{"lang": "en", "in_reply_to_user_id": 759251, "text": "@CNN @SidhantVaidya if you read 'Ukraine government' replace it by 'Hitler'. That's what it is: a fascist regime.", "created_at": "Tue Jul 22 15:22:38 +0000 2014", "hashtags": [], "user_mentions": [{"id_str": "759251", "screen_name": "CNN", "name": "CNN", "id": 759251}, {"id_str": "2169512643", "screen_name": "SidhantVaidya", "name": "\u2708\ufe0fSidhant Vaidya\u2708\ufe0f", "id": 2169512643}], "source": "<a href=\"https://about.twitter.com/products/tweetdeck\" rel=\"nofollow\">TweetDeck</a>", "in_reply_to_status_id": 491591245152935936, "in_reply_to_screen_name": "CNN", "user": {"profile_use_background_image": true, "id": 553780375, "description": "#avgeek \u2708\ufe0f Business Aviation Evangelist, #bizav, #businessaviation, #corporateaviation, Helicopter Private Pilot \ud83d\ude81,  aerospace enthusiast \ud83d\ude80", "profile_image_url_https": "https://abs.twimg.com/sticky/default_profile_images/default_profile_normal.png", "profile_sidebar_fill_color": "DDEEF6", "profile_text_color": "333333", "followers_count": 747, "location": "Homebase: Munich", "default_profile_image": true, "id_str": "553780375", "statuses_count": 3744, "profile_background_color": "0084B4", "friends_count": 443, "profile_link_color": "1B95E0", "profile_image_url": "http://abs.twimg.com/sticky/default_profile_images/default_profile_normal.png", "profile_background_image_url_https": "https://abs.twimg.com/images/themes/theme1/bg.png", "profile_background_image_url": "http://abs.twimg.com/images/themes/theme1/bg.png", "name": "Ken Meyer", "lang": "en", "profile_background_tile": true, "favourites_count": 1182, "screen_name": "Ken__Meyer", "created_at": "Sat Apr 14 19:32:37 +0000 2012", "profile_sidebar_border_color": "FFFFFF", "listed_count": 17}, "urls": [], "retweet_count": 7, "id": 491604236212658176, "id_str": "491604236212658176"}