{"lang": "en", "in_reply_to_user_id": 34713362, "text": "@BloombergNews As soon as @TeslaMotors offers a convertible, I'll be  purchasing one.", "created_at": "Fri Aug 01 20:35:45 +0000 2014", "hashtags": [], "user_mentions": [], "source": "<a href=\"http://twitter.com/download/iphone\" rel=\"nofollow\">Twitter for iPhone</a>", "in_reply_to_status_id": 495305620342714369, "in_reply_to_screen_name": "business", "user": {"profile_use_background_image": true, "id": 334629072, "profile_image_url_https": "https://pbs.twimg.com/profile_images/2238971767/IMG01462-20110614-1526_normal.jpg", "profile_sidebar_fill_color": "DDEEF6", "profile_text_color": "333333", "followers_count": 1729, "location": "USA", "profile_background_color": "C0DEED", "id_str": "334629072", "statuses_count": 12294, "description": "Marketing Director in NYC. Extensive travel. Ju Jitsu and Judo instructor, Boxing Fanatic, Skier, Sailor, NASA Social attendee, Poor golfer.", "friends_count": 2020, "profile_link_color": "1DA1F2", "profile_image_url": "http://pbs.twimg.com/profile_images/2238971767/IMG01462-20110614-1526_normal.jpg", "profile_background_image_url_https": "https://abs.twimg.com/images/themes/theme1/bg.png", "profile_background_image_url": "http://abs.twimg.com/images/themes/theme1/bg.png", "name": "Curtis Packer", "lang": "en", "favourites_count": 101, "screen_name": "cjujitsu", "url": "http://t.co/4QEHcJP93s", "created_at": "Wed Jul 13 12:13:44 +0000 2011", "profile_sidebar_border_color": "C0DEED", "default_profile": true, "listed_count": 54}, "urls": [], "id": 495306913220165632, "id_str": "495306913220165632"}