{"lang": "en", "in_reply_to_user_id": 1239313056, "text": "@JBCrewdotcom Omg what \ud83d\ude02\ud83d\ude02", "created_at": "Tue Aug 05 16:49:42 +0000 2014", "hashtags": [], "user_mentions": [{"id_str": "1439055242", "screen_name": "JBCrewdotcom", "name": "Justin Bieber Crew", "id": 1439055242}], "source": "<a href=\"http://twitter.com/download/iphone\" rel=\"nofollow\">Twitter for iPhone</a>", "in_reply_to_status_id": 496698590153416704, "in_reply_to_screen_name": "JBCrewposts", "user": {"profile_use_background_image": true, "id": 2365642619, "profile_image_url_https": "https://pbs.twimg.com/profile_images/570918022447149056/N_YY_pVg_normal.jpeg", "profile_sidebar_fill_color": "DDEEF6", "profile_text_color": "333333", "followers_count": 469, "id_str": "2365642619", "profile_background_color": "C0DEED", "listed_count": 3, "statuses_count": 1378, "description": "inactive bc finals", "friends_count": 1127, "profile_link_color": "1DA1F2", "profile_image_url": "http://pbs.twimg.com/profile_images/570918022447149056/N_YY_pVg_normal.jpeg", "profile_background_image_url_https": "https://abs.twimg.com/images/themes/theme1/bg.png", "profile_banner_url": "https://pbs.twimg.com/profile_banners/2365642619/1424952385", "profile_background_image_url": "http://abs.twimg.com/images/themes/theme1/bg.png", "name": "inactive.", "lang": "en", "favourites_count": 94, "screen_name": "bizzle_bby", "created_at": "Tue Feb 25 20:44:44 +0000 2014", "profile_sidebar_border_color": "C0DEED", "default_profile": true}, "urls": [], "id": 496699579652644865, "id_str": "496699579652644865"}