{"lang": "en", "in_reply_to_user_id": 42921216, "text": "*sigh* RT @ksdknews: Confirmed: #MikeBrown had no criminal record. http://t.co/gWruAjKbQz  #Ferguson http://t.co/vCt14RyTwG", "created_at": "Wed Aug 13 22:31:07 +0000 2014", "hashtags": [{"text": "MikeBrown"}, {"text": "Ferguson"}], "user_mentions": [{"id_str": "42921216", "screen_name": "ksdknews", "name": "KSDK News", "id": 42921216}], "source": "<a href=\"http://twitter.com\" rel=\"nofollow\">Twitter Web Client</a>", "in_reply_to_status_id": 499679379820412928, "in_reply_to_screen_name": "ksdknews", "user": {"id": 68020673, "profile_image_url_https": "https://pbs.twimg.com/profile_images/1022309917225574405/9wKx8RkP_normal.jpg", "profile_sidebar_fill_color": "F6F7AA", "geo_enabled": true, "profile_text_color": "333333", "followers_count": 5584, "location": "West Philly Baby", "profile_background_color": "851818", "id_str": "68020673", "statuses_count": 65335, "description": "NatSec Correspondent for Highlights Magazine. Scared funny don't make funny. Talk to me about: \u26be\ud83c\udf7b\u262d \ud83d\udc36", "friends_count": 3272, "profile_link_color": "851818", "profile_image_url": "http://pbs.twimg.com/profile_images/1022309917225574405/9wKx8RkP_normal.jpg", "profile_background_image_url_https": "https://abs.twimg.com/images/themes/theme1/bg.png", "profile_banner_url": "https://pbs.twimg.com/profile_banners/68020673/1502906752", "profile_background_image_url": "http://abs.twimg.com/images/themes/theme1/bg.png", "name": "The Beer Liker", "lang": "en", "favourites_count": 45018, "screen_name": "blunted215", "url": "https://t.co/ll956FFATB", "created_at": "Sun Aug 23 00:05:09 +0000 2009", "profile_sidebar_border_color": "000000", "listed_count": 189}, "urls": [{"url": "http://t.co/gWruAjKbQz", "expanded_url": "http://on.ksdk.com/1ovtJPT"}], "media": [{"expanded_url": "https://twitter.com/ksdknews/status/499679379820412928/photo/1", "display_url": "pic.twitter.com/vCt14RyTwG", "url": "http://t.co/vCt14RyTwG", "media_url_https": "https://pbs.twimg.com/media/Bu83v5OIQAA-r3p.jpg", "sizes": {"large": {"h": 1080, "resize": "fit", "w": 1920}, "small": {"h": 383, "resize": "fit", "w": 680}, "medium": {"h": 675, "resize": "fit", "w": 1200}, "thumb": {"h": 150, "resize": "crop", "w": 150}}, "type": "photo", "id": 499679379614875648, "media_url": "http://pbs.twimg.com/media/Bu83v5OIQAA-r3p.jpg"}], "retweet_count": 16, "id": 499684602701574145, "favorite_count": 3, "id_str": "499684602701574145"}