{"lang": "en", "in_reply_to_user_id": 359462427, "text": "@fiyawata @60th_Street @ksdknews That's only one way to smear his memory eliminated; there are plenty left, I'm sure.", "created_at": "Wed Aug 13 22:47:16 +0000 2014", "hashtags": [], "user_mentions": [{"id_str": "359462427", "screen_name": "fiyawata", "name": "Yaba Blay", "id": 359462427}, {"id_str": "15522566", "screen_name": "60th_Street", "name": "Charismatic Tweeter", "id": 15522566}, {"id_str": "42921216", "screen_name": "ksdknews", "name": "KSDK News", "id": 42921216}], "source": "<a href=\"http://twitter.com\" rel=\"nofollow\">Twitter Web Client</a>", "in_reply_to_status_id": 499681227411316737, "in_reply_to_screen_name": "fiyawata", "user": {"profile_use_background_image": true, "id": 22077489, "profile_image_url_https": "https://pbs.twimg.com/profile_images/764807804171399168/aLs3wwAT_normal.jpg", "profile_sidebar_fill_color": "252429", "profile_text_color": "666666", "followers_count": 2190, "location": "Neither the time nor place for", "profile_background_color": "1A1B1F", "id_str": "22077489", "statuses_count": 275170, "description": "The Droid You Were Looking For", "friends_count": 1991, "profile_link_color": "94D487", "profile_image_url": "http://pbs.twimg.com/profile_images/764807804171399168/aLs3wwAT_normal.jpg", "profile_background_image_url_https": "https://abs.twimg.com/images/themes/theme9/bg.gif", "profile_banner_url": "https://pbs.twimg.com/profile_banners/22077489/1413676161", "profile_background_image_url": "http://abs.twimg.com/images/themes/theme9/bg.gif", "name": "Boring Tweet Clearinghouse", "lang": "en", "favourites_count": 122175, "screen_name": "count_01", "url": "https://t.co/EAwkaXcZFh", "created_at": "Thu Feb 26 23:14:23 +0000 2009", "profile_sidebar_border_color": "181A1E", "listed_count": 143}, "urls": [], "id": 499688665170206722, "id_str": "499688665170206722"}