{"lang": "en", "in_reply_to_user_id": 42921216, "text": "@ksdknews @biblioteq_tress even if he did, y does that matter?", "created_at": "Thu Aug 14 00:15:34 +0000 2014", "hashtags": [], "user_mentions": [{"id_str": "42921216", "screen_name": "ksdknews", "name": "KSDK News", "id": 42921216}, {"id_str": "19489355", "screen_name": "biblioteq_tress", "name": "la bibliotequetress*\u0421\u043c\u0440\u0442 \u0444\u0430\u0448\u0438\u0437\u043c\u0443, \u0441\u043b\u043e\u0431\u043e\u0434\u0430 \u043d\u0430\u0440\u043e\u0434\u0443!*", "id": 19489355}], "source": "<a href=\"http://twitter.com/download/iphone\" rel=\"nofollow\">Twitter for iPhone</a>", "in_reply_to_status_id": 499679379820412928, "in_reply_to_screen_name": "ksdknews", "user": {"profile_use_background_image": true, "id": 22011193, "profile_image_url_https": "https://pbs.twimg.com/profile_images/882227646419042305/G6UTztJX_normal.jpg", "profile_sidebar_fill_color": "DDFFCC", "geo_enabled": true, "profile_text_color": "333333", "followers_count": 1002, "location": "\u00dcT: 40.685421,-73.948962", "profile_background_color": "9AE4E8", "id_str": "22011193", "statuses_count": 6729, "description": "i'm political, spiritual and wayward all at the same time!", "friends_count": 1982, "profile_link_color": "0084B4", "profile_image_url": "http://pbs.twimg.com/profile_images/882227646419042305/G6UTztJX_normal.jpg", "profile_background_image_url_https": "https://abs.twimg.com/images/themes/theme1/bg.png", "profile_banner_url": "https://pbs.twimg.com/profile_banners/22011193/1458723653", "profile_background_image_url": "http://abs.twimg.com/images/themes/theme1/bg.png", "name": "james johnson", "lang": "en", "profile_background_tile": true, "favourites_count": 3657, "screen_name": "rstone385", "created_at": "Thu Feb 26 14:03:57 +0000 2009", "profile_sidebar_border_color": "BDDCAD", "listed_count": 10}, "urls": [], "id": 499710887276867584, "id_str": "499710887276867584"}