{"lang": "en", "in_reply_to_user_id": 14173315, "text": "@NBCNews Is there a police report we can see? Initially, the police said the victim was stopped for walking in the street.  #Ferguson", "created_at": "Fri Aug 15 14:58:13 +0000 2014", "hashtags": [{"text": "Ferguson"}], "user_mentions": [{"id_str": "14173315", "screen_name": "NBCNews", "name": "NBC News", "id": 14173315}], "source": "<a href=\"http://twitter.com/download/android\" rel=\"nofollow\">Twitter for Android</a>", "in_reply_to_status_id": 500294803402137600, "in_reply_to_screen_name": "NBCNews", "user": {"profile_use_background_image": true, "id": 611058482, "profile_image_url_https": "https://pbs.twimg.com/profile_images/1042925361548480512/0r8McuhR_normal.jpg", "profile_sidebar_fill_color": "DDEEF6", "geo_enabled": true, "profile_text_color": "333333", "followers_count": 745, "location": "Anywhere I show up", "profile_background_color": "C0DEED", "id_str": "611058482", "statuses_count": 31879, "description": "Don't vote= don't talk to me. I block racist and stupid trolls.   #unapologetic #Finer #ZPhiB #ScholarWithStreetCred  #Educator  #RESIST", "friends_count": 1682, "profile_link_color": "1DA1F2", "profile_image_url": "http://pbs.twimg.com/profile_images/1042925361548480512/0r8McuhR_normal.jpg", "profile_background_image_url_https": "https://abs.twimg.com/images/themes/theme1/bg.png", "profile_banner_url": "https://pbs.twimg.com/profile_banners/611058482/1537487609", "profile_background_image_url": "http://abs.twimg.com/images/themes/theme1/bg.png", "name": "AJP, EdD", "lang": "en", "favourites_count": 12253, "screen_name": "DrJP2011", "created_at": "Sun Jun 17 19:27:23 +0000 2012", "profile_sidebar_border_color": "C0DEED", "default_profile": true, "listed_count": 40}, "urls": [], "id": 500295400696586240, "favorite_count": 3, "id_str": "500295400696586240"}