{"lang": "en", "in_reply_to_user_id": 15108530, "text": "@ReutersUS @Reuters they don't have a choice under MO law", "created_at": "Fri Aug 15 13:36:07 +0000 2014", "hashtags": [], "user_mentions": [{"id_str": "15108530", "screen_name": "ReutersUS", "name": "Reuters U.S. News", "id": 15108530}, {"id_str": "1652541", "screen_name": "Reuters", "name": "Reuters Top News", "id": 1652541}], "source": "<a href=\"http://twitter.com/download/iphone\" rel=\"nofollow\">Twitter for iPhone</a>", "in_reply_to_status_id": 500270780832174080, "in_reply_to_screen_name": "ReutersUS", "user": {"id": 65598570, "profile_image_url_https": "https://pbs.twimg.com/profile_images/822205853688336385/4qk2iRyt_normal.jpg", "profile_sidebar_fill_color": "000000", "profile_text_color": "000000", "followers_count": 349, "id_str": "65598570", "profile_background_color": "000000", "location": "USA", "statuses_count": 34309, "description": "Im not a Democrat or a Republican, I'm an American. Retweets are not an endorsement.", "friends_count": 484, "profile_link_color": "1B95E0", "profile_image_url": "http://pbs.twimg.com/profile_images/822205853688336385/4qk2iRyt_normal.jpg", "profile_background_image_url_https": "https://abs.twimg.com/images/themes/theme14/bg.gif", "profile_banner_url": "https://pbs.twimg.com/profile_banners/65598570/1349187689", "profile_background_image_url": "http://abs.twimg.com/images/themes/theme14/bg.gif", "name": "TL", "lang": "en", "favourites_count": 24294, "screen_name": "efi2nr", "created_at": "Fri Aug 14 09:07:15 +0000 2009", "profile_sidebar_border_color": "000000", "listed_count": 16}, "urls": [], "id": 500274739537924096, "id_str": "500274739537924096"}