{"lang": "en", "in_reply_to_user_id": 15754281, "text": "@USATODAY  like holding back zombies", "created_at": "Fri Aug 15 13:20:12 +0000 2014", "hashtags": [], "user_mentions": [{"id_str": "15754281", "screen_name": "USATODAY", "name": "USA TODAY", "id": 15754281}], "source": "<a href=\"http://twitter.com/download/iphone\" rel=\"nofollow\">Twitter for iPhone</a>", "in_reply_to_status_id": 500258409988763649, "in_reply_to_screen_name": "USATODAY", "user": {"profile_use_background_image": true, "id": 503580426, "profile_image_url_https": "https://pbs.twimg.com/profile_images/2304967325/bvjyqmxut95ab976yxkg_normal.jpeg", "profile_sidebar_fill_color": "DDEEF6", "geo_enabled": true, "profile_text_color": "333333", "followers_count": 197, "location": "Adrian, MI", "profile_background_color": "C0DEED", "id_str": "503580426", "statuses_count": 27371, "description": "i am a in-treatment Juvenile Behavioral Specialist\n#GoPackGo, #Redwings,#Blackhawks", "friends_count": 237, "profile_link_color": "1DA1F2", "profile_image_url": "http://pbs.twimg.com/profile_images/2304967325/bvjyqmxut95ab976yxkg_normal.jpeg", "profile_background_image_url_https": "https://abs.twimg.com/images/themes/theme1/bg.png", "profile_background_image_url": "http://abs.twimg.com/images/themes/theme1/bg.png", "name": "richie", "lang": "en", "favourites_count": 25666, "screen_name": "us_rich", "created_at": "Sat Feb 25 21:33:51 +0000 2012", "profile_sidebar_border_color": "C0DEED", "default_profile": true, "listed_count": 20}, "urls": [], "id": 500270734934282240, "id_str": "500270734934282240"}