{"lang": "en", "in_reply_to_user_id": 18765401, "text": "@chrisnmartin @edeweysmith I don't deal in what ifs. Further, the fact that it took a week to tell us something makes me more suspicous.", "created_at": "Fri Aug 15 14:21:18 +0000 2014", "hashtags": [], "user_mentions": [{"id_str": "18765401", "screen_name": "chrisnmartin", "name": "Chris Martin", "id": 18765401}, {"id_str": "193395018", "screen_name": "edeweysmith", "name": "E. Dewey Smith", "id": 193395018}], "source": "<a href=\"http://twitter.com/download/android\" rel=\"nofollow\">Twitter for Android</a>", "in_reply_to_status_id": 500285010591887361, "in_reply_to_screen_name": "chrisnmartin", "user": {"profile_use_background_image": true, "id": 580118481, "profile_image_url_https": "https://pbs.twimg.com/profile_images/541271517212852224/IrvOI4lt_normal.jpeg", "profile_sidebar_fill_color": "252429", "geo_enabled": true, "profile_text_color": "666666", "followers_count": 813, "location": "On Assignment ", "profile_background_color": "1A1B1F", "id_str": "580118481", "statuses_count": 9525, "description": "Sinner Saved by Grace | Saved to Serve", "friends_count": 519, "profile_link_color": "2FC2EF", "profile_image_url": "http://pbs.twimg.com/profile_images/541271517212852224/IrvOI4lt_normal.jpeg", "profile_background_image_url_https": "https://abs.twimg.com/images/themes/theme9/bg.gif", "profile_background_image_url": "http://abs.twimg.com/images/themes/theme9/bg.gif", "name": "ZMD McGregor, Th.M", "lang": "en", "favourites_count": 21942, "screen_name": "ZMDMcGregor", "created_at": "Mon May 14 16:49:19 +0000 2012", "profile_sidebar_border_color": "181A1E", "listed_count": 22}, "urls": [], "id": 500286110875254784, "id_str": "500286110875254784"}