{"lang": "en", "text": "Ferguson police chief: Officer involved in shooting of Michael Brown was Darren Wilson, a 6-year veteran with no disciplinary record", "created_at": "Fri Aug 15 13:50:14 +0000 2014", "hashtags": [], "user_mentions": [], "source": "<a href=\"https://about.twitter.com/products/tweetdeck\" rel=\"nofollow\">TweetDeck</a>", "user": {"profile_use_background_image": true, "id": 2467791, "verified": true, "profile_image_url_https": "https://pbs.twimg.com/profile_images/875440182501277696/n-Ic9nBO_normal.jpg", "profile_sidebar_fill_color": "DBDBDB", "geo_enabled": true, "profile_text_color": "323232", "followers_count": 12840272, "location": "Washington, DC", "profile_background_color": "333333", "id_str": "2467791", "statuses_count": 285504, "description": "Breaking news, analysis, and opinion. Founded in 1877. Our staff on Twitter: https://t.co/VV0UBAMHg8", "friends_count": 1506, "profile_link_color": "0057EC", "profile_image_url": "http://pbs.twimg.com/profile_images/875440182501277696/n-Ic9nBO_normal.jpg", "profile_background_image_url_https": "https://abs.twimg.com/images/themes/theme1/bg.png", "profile_banner_url": "https://pbs.twimg.com/profile_banners/2467791/1469484132", "profile_background_image_url": "http://abs.twimg.com/images/themes/theme1/bg.png", "name": "Washington Post", "lang": "en", "favourites_count": 4460, "screen_name": "washingtonpost", "url": "http://t.co/Hq7hTYkOPg", "created_at": "Tue Mar 27 11:19:39 +0000 2007", "profile_sidebar_border_color": "FFFFFF", "listed_count": 86918}, "urls": [], "retweet_count": 102, "id": 500278294055768064, "favorite_count": 33, "id_str": "500278294055768064"}