{"lang": "en", "in_reply_to_user_id": 15996661, "text": "@LisaBloom did of release the report filed by Wilson?", "created_at": "Fri Aug 15 21:42:45 +0000 2014", "hashtags": [], "user_mentions": [{"id_str": "15996661", "screen_name": "LisaBloom", "name": "Lisa Bloom", "id": 15996661}], "source": "<a href=\"http://twitter.com/download/iphone\" rel=\"nofollow\">Twitter for iPhone</a>", "in_reply_to_status_id": 500389488217309184, "in_reply_to_screen_name": "LisaBloom", "user": {"profile_use_background_image": true, "id": 33947719, "profile_image_url_https": "https://pbs.twimg.com/profile_images/1687066741/she_s_up_normal", "profile_sidebar_fill_color": "95E8EC", "geo_enabled": true, "profile_text_color": "3C3940", "followers_count": 290, "location": "In The Ozarks", "profile_background_color": "0099B9", "id_str": "33947719", "statuses_count": 1266, "description": "mean mamma, tech savvy girl, keeping my finger on the pulse of society", "friends_count": 1427, "profile_link_color": "0099B9", "profile_image_url": "http://pbs.twimg.com/profile_images/1687066741/she_s_up_normal", "profile_background_image_url_https": "https://abs.twimg.com/images/themes/theme4/bg.gif", "profile_banner_url": "https://pbs.twimg.com/profile_banners/33947719/1375448900", "profile_background_image_url": "http://abs.twimg.com/images/themes/theme4/bg.gif", "name": "Angela Ginger Scott", "lang": "en", "favourites_count": 1698, "screen_name": "angelagscott", "created_at": "Tue Apr 21 16:03:25 +0000 2009", "profile_sidebar_border_color": "5ED4DC", "listed_count": 2}, "urls": [], "id": 500397204730048512, "id_str": "500397204730048512"}