{"lang": "en", "in_reply_to_user_id": 1445267244, "text": "@tomman191 @andybankertv @FOX2now Obviously? So he took off his socks in the 5m between the video and getting shot? http://t.co/O8mE7LTuoc", "created_at": "Fri Aug 15 21:24:32 +0000 2014", "hashtags": [], "user_mentions": [{"id_str": "1445267244", "screen_name": "tomman191", "name": "tomman19", "id": 1445267244}, {"id_str": "347451363", "screen_name": "andybankertv", "name": "Andy Banker", "id": 347451363}, {"id_str": "11265832", "screen_name": "FOX2now", "name": "FOX2now", "id": 11265832}], "source": "<a href=\"http://twitter.com\" rel=\"nofollow\">Twitter Web Client</a>", "in_reply_to_status_id": 500392059832770560, "in_reply_to_screen_name": "tomman191", "user": {"id": 177052107, "profile_image_url_https": "https://pbs.twimg.com/profile_images/925744923478917121/YTvC7-qW_normal.jpg", "profile_sidebar_fill_color": "000000", "profile_text_color": "000000", "followers_count": 5638, "location": "West Fargo, ND", "profile_background_color": "000000", "id_str": "177052107", "statuses_count": 137943, "description": "Jay Allen, freelance writer/idiot. Lately: PCGamesN, PC Gamer, Gamasutra. Previously: Boingboing, Guardian, Kotaku, Polygon. Gmail: amibfromtwitter@", "friends_count": 172, "profile_link_color": "303050", "profile_image_url": "http://pbs.twimg.com/profile_images/925744923478917121/YTvC7-qW_normal.jpg", "profile_background_image_url_https": "https://abs.twimg.com/images/themes/theme14/bg.gif", "profile_banner_url": "https://pbs.twimg.com/profile_banners/177052107/1518384326", "profile_background_image_url": "http://abs.twimg.com/images/themes/theme14/bg.gif", "name": "Jay Allen {You Have The Plague}", "lang": "en", "favourites_count": 107532, "screen_name": "a_man_in_black", "url": "https://t.co/mvw0jFantE", "created_at": "Wed Aug 11 03:35:57 +0000 2010", "profile_sidebar_border_color": "000000", "listed_count": 136}, "urls": [{"url": "http://t.co/O8mE7LTuoc", "expanded_url": "https://twitter.com/DramaAndEggs/status/500390097217277952/photo/1"}], "id": 500392623107223552, "id_str": "500392623107223552"}