{"lang": "en", "in_reply_to_user_id": 347451363, "text": "@andybankertv @FOX2now why did the store owner say it wasn't him and the friend admitted it was? Have the gotten an explanation", "created_at": "Sat Aug 16 04:44:55 +0000 2014", "hashtags": [], "user_mentions": [{"id_str": "347451363", "screen_name": "andybankertv", "name": "Andy Banker", "id": 347451363}, {"id_str": "11265832", "screen_name": "FOX2now", "name": "FOX2now", "id": 11265832}], "source": "<a href=\"http://twitter.com/download/iphone\" rel=\"nofollow\">Twitter for iPhone</a>", "in_reply_to_status_id": 500391222075076610, "in_reply_to_screen_name": "andybankertv", "user": {"profile_use_background_image": true, "id": 163996185, "profile_image_url_https": "https://pbs.twimg.com/profile_images/977675587711053825/hxU3sx1i_normal.jpg", "profile_sidebar_fill_color": "F7DA93", "profile_text_color": "000000", "followers_count": 6005, "location": "Atlanta", "profile_background_color": "000000", "id_str": "163996185", "statuses_count": 125399, "description": "Atlanta native, Father & Husband #RealGSU Georgia Southern degree in Political Science/Sociology. MJS Sou. New Hamp Univ #OmegaPsiPhi #MakinMovesandConfettiEnt", "friends_count": 6439, "profile_link_color": "CC3300", "profile_image_url": "http://pbs.twimg.com/profile_images/977675587711053825/hxU3sx1i_normal.jpg", "profile_background_image_url_https": "https://abs.twimg.com/images/themes/theme1/bg.png", "profile_background_image_url": "http://abs.twimg.com/images/themes/theme1/bg.png", "name": "Biscuit Boom", "lang": "en", "favourites_count": 21443, "screen_name": "M2C_BoomQue", "url": "https://t.co/Xhny7JeSgR", "created_at": "Wed Jul 07 19:54:06 +0000 2010", "profile_sidebar_border_color": "FFFFFF", "listed_count": 49}, "urls": [], "id": 500503447544680448, "id_str": "500503447544680448"}