{"lang": "en", "in_reply_to_user_id": 46822887, "text": "@AngryBlackLady @MattMurph24 In a world where you have to convince everyone where the community is comprised of crazed animals and unsafe.", "created_at": "Sat Aug 16 05:36:21 +0000 2014", "hashtags": [], "user_mentions": [{"id_str": "46822887", "screen_name": "AngryBlackLady", "name": "Imani Gandy o\u2014\u20ac", "id": 46822887}, {"id_str": "49800332", "screen_name": "MattMurph24", "name": "Matt Murphy", "id": 49800332}], "source": "<a href=\"http://twitter.com\" rel=\"nofollow\">Twitter Web Client</a>", "in_reply_to_status_id": 500371149713178625, "in_reply_to_screen_name": "AngryBlackLady", "user": {"profile_use_background_image": true, "id": 247378337, "profile_image_url_https": "https://pbs.twimg.com/profile_images/1016010704371920897/pvA8Y4e4_normal.jpg", "profile_sidebar_fill_color": "3867E4", "geo_enabled": true, "profile_text_color": "02010A", "followers_count": 9291, "location": "Los Angeles", "profile_background_color": "EDEDED", "id_str": "247378337", "statuses_count": 211735, "description": "Degenerate Artist. I don't argue with morons, I block them. I won't follow back if all you do is \"Like\" Tweets but never RT. #RESIST #BLM #FBR", "friends_count": 6754, "profile_link_color": "FF691F", "profile_image_url": "http://pbs.twimg.com/profile_images/1016010704371920897/pvA8Y4e4_normal.jpg", "profile_background_image_url_https": "https://abs.twimg.com/images/themes/theme1/bg.png", "profile_banner_url": "https://pbs.twimg.com/profile_banners/247378337/1531070719", "profile_background_image_url": "http://abs.twimg.com/images/themes/theme1/bg.png", "name": "NationalStrikeNow  \ud83c\udf0a", "lang": "en", "profile_background_tile": true, "favourites_count": 26266, "screen_name": "Chernynkaya", "url": "http://t.co/6qs7Er8gn3", "created_at": "Fri Feb 04 17:34:26 +0000 2011", "profile_sidebar_border_color": "FFFFFF", "listed_count": 168}, "urls": [], "id": 500516393305907200, "id_str": "500516393305907200"}