{"lang": "en", "in_reply_to_user_id": 25073877, "text": "@realDonaldTrump - his actions prove how little regard he really has for our military and veterans.", "created_at": "Mon Aug 18 21:11:54 +0000 2014", "hashtags": [], "user_mentions": [{"id_str": "25073877", "screen_name": "realDonaldTrump", "name": "Donald J. Trump", "id": 25073877}], "source": "<a href=\"http://twitter.com/#!/download/ipad\" rel=\"nofollow\">Twitter for iPad</a>", "in_reply_to_status_id": 501474962935648256, "in_reply_to_screen_name": "realDonaldTrump", "user": {"profile_use_background_image": true, "id": 2429463188, "profile_image_url_https": "https://pbs.twimg.com/profile_images/498141549424033792/YXlzaR7J_normal.jpeg", "profile_sidebar_fill_color": "DDEEF6", "geo_enabled": true, "profile_text_color": "333333", "followers_count": 124, "id_str": "2429463188", "profile_background_color": "C0DEED", "listed_count": 9, "statuses_count": 4134, "description": "Proud American conservative. Avid hunter,fisherman,golfer and gun owner. Fighting for the America that used to be.", "friends_count": 217, "profile_link_color": "1DA1F2", "profile_image_url": "http://pbs.twimg.com/profile_images/498141549424033792/YXlzaR7J_normal.jpeg", "profile_background_image_url_https": "https://abs.twimg.com/images/themes/theme1/bg.png", "profile_banner_url": "https://pbs.twimg.com/profile_banners/2429463188/1396743397", "profile_background_image_url": "http://abs.twimg.com/images/themes/theme1/bg.png", "name": "Ron Kramer", "lang": "en", "favourites_count": 788, "screen_name": "Rakramer73", "created_at": "Sat Apr 05 21:17:52 +0000 2014", "profile_sidebar_border_color": "C0DEED", "default_profile": true}, "urls": [], "id": 501476606402396160, "id_str": "501476606402396160"}