{"lang": "en", "in_reply_to_user_id": 253647516, "text": "@adjordan @NBCNews @FroodyWisco If he is arrested it will not stop the madness it will get worse", "created_at": "Tue Aug 19 16:45:16 +0000 2014", "hashtags": [], "user_mentions": [{"id_str": "253647516", "screen_name": "adjordan", "name": "NotMyPresident \ud83c\uddfa\ud83c\uddf8", "id": 253647516}, {"id_str": "14173315", "screen_name": "NBCNews", "name": "NBC News", "id": 14173315}, {"id_str": "950738846", "screen_name": "FroodyWisco", "name": "Father O'Blivion", "id": 950738846}], "source": "<a href=\"http://twitter.com\" rel=\"nofollow\">Twitter Web Client</a>", "in_reply_to_status_id": 501769619326369792, "in_reply_to_screen_name": "adjordan", "user": {"profile_use_background_image": true, "id": 264121807, "profile_image_url_https": "https://pbs.twimg.com/profile_images/498073105391038464/jQ2GE9Z9_normal.jpeg", "profile_sidebar_fill_color": "DDEEF6", "geo_enabled": true, "profile_text_color": "333333", "followers_count": 862, "location": "Indiana", "profile_background_color": "C0DEED", "id_str": "264121807", "statuses_count": 16097, "description": "NASCAR", "friends_count": 2125, "profile_link_color": "1DA1F2", "profile_image_url": "http://pbs.twimg.com/profile_images/498073105391038464/jQ2GE9Z9_normal.jpeg", "profile_background_image_url_https": "https://abs.twimg.com/images/themes/theme1/bg.png", "profile_background_image_url": "http://abs.twimg.com/images/themes/theme1/bg.png", "name": "Vicki Parsons", "lang": "en", "favourites_count": 4225, "screen_name": "diehardt88", "created_at": "Fri Mar 11 11:03:12 +0000 2011", "profile_sidebar_border_color": "C0DEED", "default_profile": true, "listed_count": 19}, "urls": [], "id": 501771892676902912, "id_str": "501771892676902912"}