{"lang": "en", "in_reply_to_user_id": 279390084, "text": "@YourAnonNews @PattyArquette @FergusonUnity Patricia, this is better than using CS which effects bystanders. the police are doing a fine job", "created_at": "Tue Aug 19 20:43:07 +0000 2014", "hashtags": [], "user_mentions": [{"id_str": "279390084", "screen_name": "YourAnonNews", "name": "Anonymous", "id": 279390084}, {"id_str": "122533830", "screen_name": "PattyArquette", "name": "Patricia Arquette", "id": 122533830}], "source": "<a href=\"http://twitter.com\" rel=\"nofollow\">Twitter Web Client</a>", "in_reply_to_status_id": 501774615837163521, "in_reply_to_screen_name": "YourAnonNews", "user": {"profile_use_background_image": true, "id": 52305612, "profile_image_url_https": "https://pbs.twimg.com/profile_images/574832938195386368/6EGw3mfv_normal.jpeg", "profile_sidebar_fill_color": "DDEEF6", "geo_enabled": true, "profile_text_color": "333333", "followers_count": 9, "location": "York, England.", "profile_background_color": "C0DEED", "id_str": "52305612", "statuses_count": 1688, "friends_count": 2, "profile_link_color": "1DA1F2", "profile_image_url": "http://pbs.twimg.com/profile_images/574832938195386368/6EGw3mfv_normal.jpeg", "profile_background_image_url_https": "https://abs.twimg.com/images/themes/theme1/bg.png", "profile_banner_url": "https://pbs.twimg.com/profile_banners/52305612/1425921824", "profile_background_image_url": "http://abs.twimg.com/images/themes/theme1/bg.png", "name": "John Wood", "lang": "en", "favourites_count": 12, "screen_name": "john1576", "created_at": "Tue Jun 30 04:42:44 +0000 2009", "profile_sidebar_border_color": "C0DEED", "default_profile": true}, "urls": [], "id": 501831751207907328, "id_str": "501831751207907328"}