{"lang": "en", "in_reply_to_user_id": 1734470426, "text": "@ElaineWharton1 @WildwindRachel really? her comments make her the same as someone who actually cut someones head off? is that a joke?", "created_at": "Mon Aug 25 15:47:13 +0000 2014", "hashtags": [], "user_mentions": [{"id_str": "1734470426", "screen_name": "ElaineWharton1", "name": "Elaine Saboteur \ud83c\uddea\ud83c\uddfa", "id": 1734470426}, {"id_str": "1235421986", "screen_name": "WildwindRachel", "name": "\u2764Rachel\u2764", "id": 1235421986}], "source": "<a href=\"http://twitter.com\" rel=\"nofollow\">Twitter Web Client</a>", "in_reply_to_status_id": 503898139984941057, "in_reply_to_screen_name": "ElaineWharton1", "user": {"profile_use_background_image": true, "id": 180044689, "profile_image_url_https": "https://pbs.twimg.com/profile_images/1137968040/ept_sports_golf_experts-57450084-1286203344_normal.jpg", "profile_sidebar_fill_color": "DDEEF6", "profile_text_color": "333333", "followers_count": 151, "id_str": "180044689", "profile_background_color": "C0DEED", "listed_count": 7, "statuses_count": 12611, "friends_count": 625, "profile_link_color": "1DA1F2", "profile_image_url": "http://pbs.twimg.com/profile_images/1137968040/ept_sports_golf_experts-57450084-1286203344_normal.jpg", "profile_background_image_url_https": "https://abs.twimg.com/images/themes/theme1/bg.png", "profile_banner_url": "https://pbs.twimg.com/profile_banners/180044689/1411159932", "profile_background_image_url": "http://abs.twimg.com/images/themes/theme1/bg.png", "name": "BG", "lang": "en", "favourites_count": 4469, "screen_name": "BGSPOTS", "created_at": "Wed Aug 18 18:19:20 +0000 2010", "profile_sidebar_border_color": "C0DEED", "default_profile": true}, "urls": [], "id": 503931611722022912, "id_str": "503931611722022912"}