{"lang": "en", "in_reply_to_user_id": 790783038, "text": "@sportbikeguy00 @CNN no it's a gang!!", "created_at": "Tue Aug 26 15:20:09 +0000 2014", "hashtags": [], "user_mentions": [{"id_str": "790783038", "screen_name": "sportbikeguy00", "name": "Patrick", "id": 790783038}, {"id_str": "759251", "screen_name": "CNN", "name": "CNN", "id": 759251}], "source": "<a href=\"http://twitter.com/download/iphone\" rel=\"nofollow\">Twitter for iPhone</a>", "in_reply_to_status_id": 504268715316498435, "in_reply_to_screen_name": "sportbikeguy00", "user": {"profile_use_background_image": true, "id": 36459436, "profile_image_url_https": "https://pbs.twimg.com/profile_images/1033380421873160193/IJATSiss_normal.jpg", "profile_sidebar_fill_color": "2D2C30", "geo_enabled": true, "profile_text_color": "79D152", "followers_count": 368, "location": "San AnTokyo, TX", "profile_background_color": "1A1B1F", "id_str": "36459436", "statuses_count": 11679, "description": "-Trapper of the year '17, '18\n-Most likely to fail at life\n-Wanted in 3 states\n-Jus popped another Xanny", "friends_count": 245, "profile_link_color": "2FC2EF", "profile_image_url": "http://pbs.twimg.com/profile_images/1033380421873160193/IJATSiss_normal.jpg", "profile_background_image_url_https": "https://abs.twimg.com/images/themes/theme1/bg.png", "profile_banner_url": "https://pbs.twimg.com/profile_banners/36459436/1529298486", "profile_background_image_url": "http://abs.twimg.com/images/themes/theme1/bg.png", "name": "\ud83c\udf1f\ud83c\udf1fLIL youngin' PEEPZ\ud83c\udf1f\ud83c\udf1f", "lang": "en", "favourites_count": 6205, "screen_name": "andrezzi_live", "created_at": "Wed Apr 29 19:53:37 +0000 2009", "profile_sidebar_border_color": "181A1E", "listed_count": 3}, "urls": [], "id": 504287189162020864, "id_str": "504287189162020864"}