{"lang": "en", "in_reply_to_user_id": 328810158, "text": "@strombone1 I can picture it now: Vegas #winterclassic", "created_at": "Wed Aug 27 01:11:00 +0000 2014", "hashtags": [{"text": "winterclassic"}], "user_mentions": [{"id_str": "328810158", "screen_name": "strombone1", "name": "Strombone", "id": 328810158}], "source": "<a href=\"http://twitter.com/download/android\" rel=\"nofollow\">Twitter for Android</a>", "in_reply_to_status_id": 504433135036407808, "in_reply_to_screen_name": "strombone1", "user": {"profile_use_background_image": true, "id": 96182464, "profile_image_url_https": "https://pbs.twimg.com/profile_images/564966834697285632/vhnbaD5e_normal.png", "profile_sidebar_fill_color": "DDEEF6", "geo_enabled": true, "profile_text_color": "333333", "followers_count": 177, "id_str": "96182464", "profile_background_color": "C0DEED", "listed_count": 7, "statuses_count": 2904, "description": "Yes, I am a ginger. And Canadian. Check out my Twitch stream and YouTube :) http://t.co/ziSWdWpen0 and http://t.co/IZRdBvZT7L", "friends_count": 205, "profile_link_color": "1DA1F2", "profile_image_url": "http://pbs.twimg.com/profile_images/564966834697285632/vhnbaD5e_normal.png", "profile_background_image_url_https": "https://abs.twimg.com/images/themes/theme1/bg.png", "profile_background_image_url": "http://abs.twimg.com/images/themes/theme1/bg.png", "name": "daver", "lang": "en", "favourites_count": 804, "screen_name": "davergamestv", "url": "http://t.co/cRj9egGWT6", "created_at": "Fri Dec 11 18:50:02 +0000 2009", "profile_sidebar_border_color": "C0DEED", "default_profile": true}, "urls": [], "id": 504435881135312896, "id_str": "504435881135312896"}