{"lang": "en", "in_reply_to_user_id": 15256225, "text": "@theScore @nielsonTSN1260 that would be great news for me! Would they play at Thomas and Mack?", "created_at": "Wed Aug 27 00:51:37 +0000 2014", "hashtags": [], "user_mentions": [{"id_str": "15256225", "screen_name": "theScore", "name": "theScore", "id": 15256225}, {"id_str": "57005320", "screen_name": "nielsonTSN1260", "name": "Dustin Nielson", "id": 57005320}], "source": "<a href=\"http://twitter.com/#!/download/ipad\" rel=\"nofollow\">Twitter for iPad</a>", "in_reply_to_status_id": 504419526998360064, "in_reply_to_screen_name": "theScore", "user": {"profile_use_background_image": true, "id": 368980387, "profile_image_url_https": "https://pbs.twimg.com/profile_images/2854601813/cd9233eddf9b88ce7a5e70f7463cfb50_normal.jpeg", "profile_sidebar_fill_color": "E6E3E6", "geo_enabled": true, "profile_text_color": "080808", "followers_count": 1194, "location": "Canada", "profile_background_color": "030303", "id_str": "368980387", "statuses_count": 34902, "description": "Hockey, Football, & Baseball is my passion & I like to tweet about it. Enjoying my retirement... & I love to travel. :)", "friends_count": 966, "profile_link_color": "F00C32", "profile_image_url": "http://pbs.twimg.com/profile_images/2854601813/cd9233eddf9b88ce7a5e70f7463cfb50_normal.jpeg", "profile_background_image_url_https": "https://abs.twimg.com/images/themes/theme15/bg.png", "profile_background_image_url": "http://abs.twimg.com/images/themes/theme15/bg.png", "name": "Doug Lehman", "lang": "en", "profile_background_tile": true, "favourites_count": 4610, "screen_name": "28doug", "created_at": "Tue Sep 06 15:18:10 +0000 2011", "profile_sidebar_border_color": "E6E6E6", "listed_count": 36}, "urls": [], "id": 504431003058708481, "id_str": "504431003058708481"}