{"lang": "en", "in_reply_to_user_id": 21660529, "text": "\u201c@Sportsnet: Report: #NHL expansion to Las Vegas \u2018a done deal\u2019 http://t.co/o67ihmtPry http://t.co/sbgAd66qsw\u201d so they'll have NHL and ECHL?", "created_at": "Wed Aug 27 03:04:11 +0000 2014", "hashtags": [{"text": "NHL"}], "user_mentions": [{"id_str": "21660529", "screen_name": "Sportsnet", "name": "Sportsnet", "id": 21660529}], "source": "<a href=\"http://twitter.com/download/iphone\" rel=\"nofollow\">Twitter for iPhone</a>", "in_reply_to_status_id": 504453071041482753, "in_reply_to_screen_name": "Sportsnet", "user": {"profile_use_background_image": true, "id": 382198073, "profile_image_url_https": "https://pbs.twimg.com/profile_images/700430967647965184/UGl9xOGF_normal.jpg", "profile_sidebar_fill_color": "DDEEF6", "geo_enabled": true, "profile_text_color": "333333", "followers_count": 604, "id_str": "382198073", "profile_background_color": "C0DEED", "listed_count": 3, "statuses_count": 26424, "description": "I'm that guy that marks his place in the history books. #BostonSports #BruinsFam #\u03c0\u039a\u03b1 #\u03c6\u03c6\u03ba\u03b1", "friends_count": 794, "profile_link_color": "0084B4", "profile_image_url": "http://pbs.twimg.com/profile_images/700430967647965184/UGl9xOGF_normal.jpg", "profile_background_image_url_https": "https://abs.twimg.com/images/themes/theme1/bg.png", "profile_banner_url": "https://pbs.twimg.com/profile_banners/382198073/1457639656", "profile_background_image_url": "http://abs.twimg.com/images/themes/theme1/bg.png", "name": "Dalton Day", "lang": "en", "profile_background_tile": true, "favourites_count": 1916, "screen_name": "ThatHockeyKid17", "created_at": "Thu Sep 29 17:09:53 +0000 2011", "profile_sidebar_border_color": "FFFFFF"}, "urls": [{"url": "http://t.co/o67ihmtPry", "expanded_url": "http://ow.ly/AL7VR"}], "media": [{"expanded_url": "https://twitter.com/Sportsnet/status/504453071041482753/photo/1", "display_url": "pic.twitter.com/sbgAd66qsw", "url": "http://t.co/sbgAd66qsw", "media_url_https": "https://pbs.twimg.com/media/BwAtZS7IAAAsRvM.jpg", "sizes": {"large": {"h": 360, "resize": "fit", "w": 640}, "small": {"h": 360, "resize": "fit", "w": 640}, "medium": {"h": 360, "resize": "fit", "w": 640}, "thumb": {"h": 150, "resize": "crop", "w": 150}}, "type": "photo", "id": 504453070865301504, "media_url": "http://pbs.twimg.com/media/BwAtZS7IAAAsRvM.jpg"}], "id": 504464362695053312, "id_str": "504464362695053312"}