{"lang": "en", "in_reply_to_user_id": 29849267, "text": "@SportsBizNews @JenkinsSports I think two current teams would move in that situation.", "created_at": "Wed Aug 27 03:52:01 +0000 2014", "hashtags": [], "user_mentions": [{"id_str": "29849267", "screen_name": "SportsBizNews", "name": "Howard Bloom", "id": 29849267}, {"id_str": "1030240102935605248", "screen_name": "jenkinssports", "name": "jenkinssports", "id": 1030240102935605248}], "source": "<a href=\"http://twitter.com\" rel=\"nofollow\">Twitter Web Client</a>", "in_reply_to_status_id": 504448356584677377, "in_reply_to_screen_name": "SportsBizNews", "user": {"profile_use_background_image": true, "id": 2477561683, "profile_image_url_https": "https://pbs.twimg.com/profile_images/603242483124801536/JgYQOwFU_normal.jpg", "profile_sidebar_fill_color": "DDEEF6", "geo_enabled": true, "profile_text_color": "333333", "followers_count": 913, "location": "Dallas, Texas", "profile_background_color": "C0DEED", "id_str": "2477561683", "statuses_count": 48223, "description": "Assistant Executive of Hockey Media for the @TexSportsReview. @TexSR_StarsTalk", "friends_count": 1264, "profile_link_color": "00B383", "profile_image_url": "http://pbs.twimg.com/profile_images/603242483124801536/JgYQOwFU_normal.jpg", "profile_background_image_url_https": "https://abs.twimg.com/images/themes/theme1/bg.png", "profile_banner_url": "https://pbs.twimg.com/profile_banners/2477561683/1432923386", "profile_background_image_url": "http://abs.twimg.com/images/themes/theme1/bg.png", "name": "Tanner Wilson", "lang": "en", "favourites_count": 11288, "screen_name": "TexSR_Tanner1", "url": "http://t.co/QdU3P2zJsy", "created_at": "Sun May 04 23:54:20 +0000 2014", "profile_sidebar_border_color": "C0DEED", "listed_count": 42}, "urls": [], "id": 504476400846651392, "id_str": "504476400846651392"}