{"lang": "en", "in_reply_to_user_id": 15256225, "text": "@theScore is the score reliable? Nobody else had said this. Rumour at this point", "created_at": "Wed Aug 27 02:01:38 +0000 2014", "hashtags": [], "user_mentions": [{"id_str": "15256225", "screen_name": "theScore", "name": "theScore", "id": 15256225}], "source": "<a href=\"http://twitter.com/download/android\" rel=\"nofollow\">Twitter for Android</a>", "in_reply_to_status_id": 504419526998360064, "in_reply_to_screen_name": "theScore", "user": {"profile_use_background_image": true, "id": 269236044, "profile_image_url_https": "https://pbs.twimg.com/profile_images/968334386654515202/4HVi9tJV_normal.jpg", "profile_sidebar_fill_color": "DDEEF6", "geo_enabled": true, "profile_text_color": "333333", "followers_count": 93, "location": "Winnipeg, Manitoba", "profile_background_color": "C0DEED", "id_str": "269236044", "statuses_count": 10118, "description": "Hockey. Football. Dogs. The Outdoors. The Lake. Violet \u2764Michelle\u2764", "friends_count": 170, "profile_link_color": "1DA1F2", "profile_image_url": "http://pbs.twimg.com/profile_images/968334386654515202/4HVi9tJV_normal.jpg", "profile_background_image_url_https": "https://abs.twimg.com/images/themes/theme1/bg.png", "profile_banner_url": "https://pbs.twimg.com/profile_banners/269236044/1527549806", "profile_background_image_url": "http://abs.twimg.com/images/themes/theme1/bg.png", "name": "That Guy", "lang": "en", "favourites_count": 4350, "screen_name": "Thewpgboy", "created_at": "Sun Mar 20 10:45:25 +0000 2011", "profile_sidebar_border_color": "C0DEED", "default_profile": true, "listed_count": 14}, "urls": [], "id": 504448622780751874, "id_str": "504448622780751874"}