{"lang": "en", "in_reply_to_user_id": 29849267, "text": "@SportsBizNews Howard, hoping to have you on in Seattle today if you have a few minutes. Would 3:45pm or 4:00pm PT work for you?", "created_at": "Wed Aug 27 20:08:57 +0000 2014", "hashtags": [], "user_mentions": [{"id_str": "29849267", "screen_name": "SportsBizNews", "name": "Howard Bloom", "id": 29849267}], "source": "<a href=\"https://about.twitter.com/products/tweetdeck\" rel=\"nofollow\">TweetDeck</a>", "in_reply_to_status_id": 504448356584677377, "in_reply_to_screen_name": "SportsBizNews", "user": {"profile_use_background_image": true, "id": 19280389, "verified": true, "profile_image_url_https": "https://pbs.twimg.com/profile_images/1035419284292288512/jaf3iM9Z_normal.jpg", "profile_sidebar_fill_color": "DDFFCC", "geo_enabled": true, "profile_text_color": "333333", "followers_count": 10724, "location": "Seattle, WA", "profile_background_color": "9AE4E8", "id_str": "19280389", "statuses_count": 85110, "description": "philly sports lover, seattle sports coverer, twitter overuser\n\nRandom Twitter Playlist: https://t.co/y3pkjPDGas", "friends_count": 939, "profile_link_color": "0084B4", "profile_image_url": "http://pbs.twimg.com/profile_images/1035419284292288512/jaf3iM9Z_normal.jpg", "profile_background_image_url_https": "https://abs.twimg.com/images/themes/theme1/bg.png", "profile_banner_url": "https://pbs.twimg.com/profile_banners/19280389/1403934469", "profile_background_image_url": "http://abs.twimg.com/images/themes/theme1/bg.png", "name": "Kevin Shockey", "lang": "en", "profile_background_tile": true, "favourites_count": 2218, "screen_name": "KevinShockey", "url": "http://t.co/xOa5smkLQa", "created_at": "Wed Jan 21 07:58:25 +0000 2009", "profile_sidebar_border_color": "BDDCAD", "listed_count": 211}, "urls": [], "id": 504722256119861248, "id_str": "504722256119861248"}