{"lang": "en", "text": "47 days after his plane was shot down over Ukraine, #MH17 pilot laid to rest http://t.co/yG4pzYFe93 http://t.co/ghDztejhJr", "created_at": "Tue Sep 02 12:43:45 +0000 2014", "hashtags": [{"text": "MH17"}], "user_mentions": [], "source": "<a href=\"http://adobe.com\" rel=\"nofollow\">Adobe\u00ae Social</a>", "user": {"profile_use_background_image": true, "id": 14173315, "verified": true, "profile_image_url_https": "https://pbs.twimg.com/profile_images/875411730679173121/l9PSFLJb_normal.jpg", "profile_sidebar_fill_color": "FFFFFF", "geo_enabled": true, "profile_text_color": "000000", "followers_count": 6198361, "location": "New York, NY", "profile_background_color": "062131", "id_str": "14173315", "statuses_count": 170633, "description": "The leading source of global news and info for more than 75 years. \n\nhttps://t.co/Hd7rJQeDzP", "friends_count": 2768, "profile_link_color": "5172A0", "profile_image_url": "http://pbs.twimg.com/profile_images/875411730679173121/l9PSFLJb_normal.jpg", "profile_background_image_url_https": "https://abs.twimg.com/images/themes/theme1/bg.png", "profile_banner_url": "https://pbs.twimg.com/profile_banners/14173315/1537286046", "profile_background_image_url": "http://abs.twimg.com/images/themes/theme1/bg.png", "name": "NBC News", "lang": "en", "profile_background_tile": true, "favourites_count": 774, "screen_name": "NBCNews", "url": "https://t.co/Z73is4fJ3x", "created_at": "Tue Mar 18 23:19:17 +0000 2008", "profile_sidebar_border_color": "FFFFFF", "listed_count": 39569}, "urls": [{"url": "http://t.co/yG4pzYFe93", "expanded_url": "http://nbcnews.to/1ntQsa7"}], "media": [{"expanded_url": "https://twitter.com/NBCNews/status/506784541696991232/photo/1", "display_url": "pic.twitter.com/ghDztejhJr", "url": "http://t.co/ghDztejhJr", "media_url_https": "https://pbs.twimg.com/media/Bwh12vxCUAALdLg.jpg", "sizes": {"large": {"h": 900, "resize": "fit", "w": 1333}, "small": {"h": 459, "resize": "fit", "w": 680}, "medium": {"h": 810, "resize": "fit", "w": 1200}, "thumb": {"h": 150, "resize": "crop", "w": 150}}, "type": "photo", "id": 506784541474705408, "media_url": "http://pbs.twimg.com/media/Bwh12vxCUAALdLg.jpg"}], "retweet_count": 106, "id": 506784541696991232, "favorite_count": 52, "id_str": "506784541696991232"}