{"lang": "en", "in_reply_to_user_id": 51241574, "text": "@AP Sheesh. I thought they were going to pick Texas. Guess Perry's pitch wasn't good enough.", "created_at": "Wed Sep 03 20:06:34 +0000 2014", "hashtags": [], "user_mentions": [{"id_str": "51241574", "screen_name": "AP", "name": "The Associated Press", "id": 51241574}], "source": "<a href=\"http://twitter.com\" rel=\"nofollow\">Twitter Web Client</a>", "in_reply_to_status_id": 507257950868885504, "in_reply_to_screen_name": "AP", "user": {"profile_use_background_image": true, "id": 28387347, "profile_image_url_https": "https://pbs.twimg.com/profile_images/509404998975762432/rE5LyZMM_normal.jpeg", "profile_sidebar_fill_color": "DDFFCC", "profile_text_color": "333333", "followers_count": 1350, "id_str": "28387347", "profile_background_color": "131516", "listed_count": 70, "statuses_count": 170617, "friends_count": 2323, "profile_link_color": "009999", "profile_image_url": "http://pbs.twimg.com/profile_images/509404998975762432/rE5LyZMM_normal.jpeg", "profile_background_image_url_https": "https://abs.twimg.com/images/themes/theme1/bg.png", "profile_banner_url": "https://pbs.twimg.com/profile_banners/28387347/1410286756", "profile_background_image_url": "http://abs.twimg.com/images/themes/theme1/bg.png", "name": "I'm That Type Of Guy", "lang": "en", "profile_background_tile": true, "favourites_count": 16202, "screen_name": "Marrrrcussss", "created_at": "Thu Apr 02 18:13:27 +0000 2009", "profile_sidebar_border_color": "000000"}, "urls": [], "id": 507258369082920961, "id_str": "507258369082920961"}