{"lang": "en", "in_reply_to_user_id": 51241574, "text": "@AP Why Nevada?.", "created_at": "Wed Sep 03 20:07:13 +0000 2014", "hashtags": [], "user_mentions": [{"id_str": "51241574", "screen_name": "AP", "name": "The Associated Press", "id": 51241574}], "source": "<a href=\"http://twitter.com\" rel=\"nofollow\">Twitter Web Client</a>", "in_reply_to_status_id": 507257950868885504, "in_reply_to_screen_name": "AP", "user": {"profile_use_background_image": true, "id": 47548194, "profile_image_url_https": "https://pbs.twimg.com/profile_images/1001965906157694977/KLALLdhW_normal.jpg", "profile_sidebar_fill_color": "DDEEF6", "geo_enabled": true, "profile_text_color": "333333", "followers_count": 79, "id_str": "47548194", "profile_background_color": "C0DEED", "listed_count": 6, "statuses_count": 4350, "description": "Fotografo por Pasi\u00f3n, Arquitecto por Elecci\u00f3n, Idealista de Nacimiento/Passion for Photography, Architect by Choice, Idealist since Birth", "friends_count": 379, "profile_link_color": "1DA1F2", "profile_image_url": "http://pbs.twimg.com/profile_images/1001965906157694977/KLALLdhW_normal.jpg", "profile_background_image_url_https": "https://abs.twimg.com/images/themes/theme1/bg.png", "profile_banner_url": "https://pbs.twimg.com/profile_banners/47548194/1527722432", "profile_background_image_url": "http://abs.twimg.com/images/themes/theme1/bg.png", "name": "Arturo", "lang": "en", "favourites_count": 6518, "screen_name": "ArqArturo", "created_at": "Tue Jun 16 05:04:24 +0000 2009", "profile_sidebar_border_color": "C0DEED", "default_profile": true}, "urls": [], "id": 507258532442677249, "id_str": "507258532442677249"}