{"lang": "en", "in_reply_to_user_id": 51241574, "text": "@AP tesla is not worried it knows that it will just be bailed out again if it needs to be http://t.co/Wj7VAq9yU6", "created_at": "Wed Sep 03 21:44:49 +0000 2014", "hashtags": [], "user_mentions": [{"id_str": "51241574", "screen_name": "AP", "name": "The Associated Press", "id": 51241574}], "source": "<a href=\"http://twitter.com\" rel=\"nofollow\">Twitter Web Client</a>", "in_reply_to_status_id": 507257950868885504, "in_reply_to_screen_name": "AP", "user": {"profile_use_background_image": true, "id": 882947018, "profile_image_url_https": "https://pbs.twimg.com/profile_images/2760334194/adcc7e0822f806f508cbe0666bebf659_normal.png", "profile_sidebar_fill_color": "A0C5C7", "profile_text_color": "333333", "followers_count": 6203, "id_str": "882947018", "profile_background_color": "709397", "listed_count": 190, "statuses_count": 148506, "description": "God/Honey to my Gunny/Mom/Country/Constitution /former FMF Corpsman & EMT/writer/blogger/gardener/farmer/mediator/seeking proven leadership/opinions are my own!", "friends_count": 6455, "profile_link_color": "FF3300", "profile_image_url": "http://pbs.twimg.com/profile_images/2760334194/adcc7e0822f806f508cbe0666bebf659_normal.png", "profile_background_image_url_https": "https://abs.twimg.com/images/themes/theme6/bg.gif", "profile_background_image_url": "http://abs.twimg.com/images/themes/theme6/bg.gif", "name": "Stone Cold Chik", "lang": "en", "favourites_count": 97961, "screen_name": "StoneColdChik", "created_at": "Mon Oct 15 19:19:05 +0000 2012", "profile_sidebar_border_color": "86A4A6"}, "urls": [{"url": "http://t.co/Wj7VAq9yU6", "expanded_url": "http://sadhillnews.com/2012/12/29/bankrupt-tesla-ceo-buys-17-million-mansion-after-receiving-465-million-taxpayer-funded-bailout"}], "id": 507283094265921537, "favorite_count": 1, "id_str": "507283094265921537"}