{"lang": "en", "in_reply_to_user_id": 1367531, "text": "@FoxNews @FoxCarReport sorry i don't remote control cars!!!", "created_at": "Wed Sep 03 20:29:08 +0000 2014", "hashtags": [], "user_mentions": [{"id_str": "1367531", "screen_name": "FoxNews", "name": "Fox News", "id": 1367531}], "source": "<a href=\"http://twitter.com/download/android\" rel=\"nofollow\">Twitter for Android</a>", "in_reply_to_status_id": 507263441359613953, "in_reply_to_screen_name": "FoxNews", "user": {"profile_use_background_image": true, "id": 2745158945, "profile_image_url_https": "https://pbs.twimg.com/profile_images/502662351016194049/uMaStR4M_normal.jpeg", "profile_sidebar_fill_color": "DDEEF6", "geo_enabled": true, "profile_text_color": "333333", "followers_count": 75, "location": "Texas!", "profile_background_color": "C0DEED", "id_str": "2745158945", "statuses_count": 2417, "description": "Just ask me if you want to know.", "friends_count": 227, "profile_link_color": "1DA1F2", "profile_image_url": "http://pbs.twimg.com/profile_images/502662351016194049/uMaStR4M_normal.jpeg", "profile_background_image_url_https": "https://abs.twimg.com/images/themes/theme1/bg.png", "profile_banner_url": "https://pbs.twimg.com/profile_banners/2745158945/1408679017", "profile_background_image_url": "http://abs.twimg.com/images/themes/theme1/bg.png", "name": "cliftongraber", "lang": "en", "favourites_count": 1069, "screen_name": "cliftongraber", "created_at": "Sun Aug 17 08:13:07 +0000 2014", "profile_sidebar_border_color": "C0DEED", "default_profile": true}, "urls": [], "id": 507264048065679360, "id_str": "507264048065679360"}