{"lang": "en", "in_reply_to_user_id": 2883841, "text": "\u201c@eonline: Betty White Is Victim of Death Hoax After Fans Misread Satirical Story[...] http://t.co/unD13QLuwO\u201d @biancazimmer_", "created_at": "Thu Sep 04 02:32:38 +0000 2014", "hashtags": [], "user_mentions": [{"id_str": "725665248280236032", "screen_name": "eonline", "name": "E! Online", "id": 725665248280236032}, {"id_str": "2179140959", "screen_name": "biancazimmer_", "name": "b.", "id": 2179140959}], "source": "<a href=\"http://twitter.com/download/iphone\" rel=\"nofollow\">Twitter for iPhone</a>", "in_reply_to_status_id": 507354546041925632, "in_reply_to_screen_name": "enews", "user": {"profile_use_background_image": true, "id": 30085910, "profile_image_url_https": "https://pbs.twimg.com/profile_images/994016103239159808/Sx4_VUpp_normal.jpg", "profile_sidebar_fill_color": "0D0806", "profile_text_color": "544C45", "followers_count": 212, "location": "Ontario, Canada", "profile_background_color": "000000", "id_str": "30085910", "statuses_count": 7594, "description": "Canadian", "friends_count": 398, "profile_link_color": "332D23", "profile_image_url": "http://pbs.twimg.com/profile_images/994016103239159808/Sx4_VUpp_normal.jpg", "profile_background_image_url_https": "https://abs.twimg.com/images/themes/theme7/bg.gif", "profile_banner_url": "https://pbs.twimg.com/profile_banners/30085910/1517365697", "profile_background_image_url": "http://abs.twimg.com/images/themes/theme7/bg.gif", "name": "Natasha Hanna", "lang": "en", "favourites_count": 893, "screen_name": "natashahanna_14", "created_at": "Thu Apr 09 22:36:12 +0000 2009", "profile_sidebar_border_color": "000000"}, "urls": [{"url": "http://t.co/unD13QLuwO", "expanded_url": "http://eonli.ne/1qeaeeA"}], "id": 507355526741917697, "id_str": "507355526741917697"}