{"lang": "en", "in_reply_to_user_id": 428333, "text": "@cnnbrk @ThisHour I wonder how he likes HELL?", "created_at": "Sat Sep 06 01:57:34 +0000 2014", "hashtags": [], "user_mentions": [{"id_str": "428333", "screen_name": "cnnbrk", "name": "CNN Breaking News", "id": 428333}, {"id_str": "2330415198", "screen_name": "ThisHour", "name": "@THISHOUR", "id": 2330415198}], "source": "<a href=\"http://twitter.com/download/android\" rel=\"nofollow\">Twitter for Android</a>", "in_reply_to_status_id": 507918114567499776, "in_reply_to_screen_name": "cnnbrk", "user": {"profile_use_background_image": true, "id": 2419763557, "profile_image_url_https": "https://pbs.twimg.com/profile_images/464107317911646208/VBiWyJms_normal.jpeg", "profile_sidebar_fill_color": "DDEEF6", "profile_text_color": "333333", "followers_count": 15, "id_str": "2419763557", "profile_background_color": "C0DEED", "location": "Oklahoma City,  Oklahoma", "statuses_count": 1070, "description": "Enjoying retirement", "friends_count": 53, "profile_link_color": "1DA1F2", "profile_image_url": "http://pbs.twimg.com/profile_images/464107317911646208/VBiWyJms_normal.jpeg", "profile_background_image_url_https": "https://abs.twimg.com/images/themes/theme1/bg.png", "profile_background_image_url": "http://abs.twimg.com/images/themes/theme1/bg.png", "name": "Mark Meade", "lang": "en", "favourites_count": 51, "screen_name": "rosetoddtravis", "created_at": "Mon Mar 31 01:10:42 +0000 2014", "profile_sidebar_border_color": "C0DEED", "default_profile": true, "listed_count": 1}, "urls": [], "id": 508071477540048896, "id_str": "508071477540048896"}