{"lang": "en", "in_reply_to_user_id": 5695632, "text": "@BuzzFeed @maria_gulino why would you favor this", "created_at": "Mon Sep 08 19:13:14 +0000 2014", "hashtags": [], "user_mentions": [{"id_str": "5695632", "screen_name": "BuzzFeed", "name": "BuzzFeed", "id": 5695632}, {"id_str": "3030472672", "screen_name": "maria_gulino", "name": "Maria Gulino", "id": 3030472672}], "source": "<a href=\"http://twitter.com/download/iphone\" rel=\"nofollow\">Twitter for iPhone</a>", "in_reply_to_status_id": 509031495101874176, "in_reply_to_screen_name": "BuzzFeed", "user": {"profile_use_background_image": true, "id": 2498639951, "profile_image_url_https": "https://pbs.twimg.com/profile_images/573653752768499712/andl933t_normal.jpeg", "profile_sidebar_fill_color": "DDEEF6", "profile_text_color": "333333", "followers_count": 168, "id_str": "2498639951", "profile_background_color": "C0DEED", "listed_count": 2, "statuses_count": 1751, "friends_count": 214, "profile_link_color": "1DA1F2", "profile_image_url": "http://pbs.twimg.com/profile_images/573653752768499712/andl933t_normal.jpeg", "profile_background_image_url_https": "https://abs.twimg.com/images/themes/theme1/bg.png", "profile_banner_url": "https://pbs.twimg.com/profile_banners/2498639951/1421535892", "profile_background_image_url": "http://abs.twimg.com/images/themes/theme1/bg.png", "name": "esteisi", "lang": "en", "favourites_count": 3615, "screen_name": "stacyykan", "created_at": "Mon Apr 21 02:37:36 +0000 2014", "profile_sidebar_border_color": "C0DEED", "default_profile": true}, "urls": [], "id": 509056887430852609, "id_str": "509056887430852609"}