{"lang": "en", "in_reply_to_user_id": 2883841, "text": "\u201c@eonline: Sorry, everyone\u2014Durex is NOT making Pumpkin Spice condoms this fall: http://t.co/ylFVNqQEvQ http://t.co/Q8uV8e7V75\u201d@camismoler \ud83d\ude33", "created_at": "Mon Sep 08 23:17:43 +0000 2014", "hashtags": [], "user_mentions": [{"id_str": "725665248280236032", "screen_name": "eonline", "name": "E! Online", "id": 725665248280236032}, {"id_str": "203728316", "screen_name": "camismoler", "name": "cs", "id": 203728316}], "source": "<a href=\"http://twitter.com/download/iphone\" rel=\"nofollow\">Twitter for iPhone</a>", "in_reply_to_status_id": 509114008587100160, "in_reply_to_screen_name": "enews", "user": {"profile_use_background_image": true, "id": 212623581, "profile_image_url_https": "https://pbs.twimg.com/profile_images/883145350743306241/6pTAeqLy_normal.jpg", "profile_sidebar_fill_color": "DDEEF6", "geo_enabled": true, "profile_text_color": "333333", "followers_count": 126, "id_str": "212623581", "profile_background_color": "C0DEED", "listed_count": 3, "statuses_count": 6345, "friends_count": 404, "profile_link_color": "1DA1F2", "profile_image_url": "http://pbs.twimg.com/profile_images/883145350743306241/6pTAeqLy_normal.jpg", "profile_background_image_url_https": "https://abs.twimg.com/images/themes/theme1/bg.png", "profile_banner_url": "https://pbs.twimg.com/profile_banners/212623581/1499393235", "profile_background_image_url": "http://abs.twimg.com/images/themes/theme1/bg.png", "name": "jean smoler", "lang": "en", "favourites_count": 14260, "screen_name": "jeansmoler", "created_at": "Sat Nov 06 15:59:01 +0000 2010", "profile_sidebar_border_color": "C0DEED", "default_profile": true}, "urls": [{"url": "http://t.co/ylFVNqQEvQ", "expanded_url": "http://eonli.ne/1ol1RJg"}], "media": [{"expanded_url": "https://twitter.com/eonline/status/509114008587100160/photo/1", "display_url": "pic.twitter.com/Q8uV8e7V75", "url": "http://t.co/Q8uV8e7V75", "media_url_https": "https://pbs.twimg.com/media/BxC8fjgCEAAsD7z.jpg", "sizes": {"small": {"h": 600, "resize": "fit", "w": 600}, "large": {"h": 600, "resize": "fit", "w": 600}, "medium": {"h": 600, "resize": "fit", "w": 600}, "thumb": {"h": 150, "resize": "crop", "w": 150}}, "type": "photo", "id": 509114008184426496, "media_url": "http://pbs.twimg.com/media/BxC8fjgCEAAsD7z.jpg"}], "id": 509118412191453184, "id_str": "509118412191453184"}