{"lang": "en", "in_reply_to_user_id": 5695632, "text": "\u201c@BuzzFeed: Calm Yourselves-\nDurex has NOT come out with a pumpkin spice condom\nhttp://t.co/rgv2sKETyB http://t.co/yh5zV4zEGn\u201d @tdeezy07? \ud83d\ude02", "created_at": "Tue Sep 09 01:38:02 +0000 2014", "hashtags": [], "user_mentions": [{"id_str": "5695632", "screen_name": "BuzzFeed", "name": "BuzzFeed", "id": 5695632}, {"id_str": "366377752", "screen_name": "tdeezy07", "name": "Tyler Heinz", "id": 366377752}], "source": "<a href=\"http://twitter.com/download/iphone\" rel=\"nofollow\">Twitter for iPhone</a>", "in_reply_to_status_id": 509152237503778816, "in_reply_to_screen_name": "BuzzFeed", "user": {"profile_use_background_image": true, "id": 573072651, "profile_image_url_https": "https://pbs.twimg.com/profile_images/1044071095874269184/ocxkr5ix_normal.jpg", "profile_sidebar_fill_color": "000000", "geo_enabled": true, "profile_text_color": "000000", "followers_count": 225, "id_str": "573072651", "profile_background_color": "131516", "listed_count": 1, "statuses_count": 14629, "description": "harry potter junkie \u26a1\ufe0f makeup enthusiast \ud83d\udc84 coffee addict \u2615\ufe0f music lover \ud83c\udfb6 book obsessed \ud83d\udcda", "friends_count": 286, "profile_link_color": "9266CC", "profile_image_url": "http://pbs.twimg.com/profile_images/1044071095874269184/ocxkr5ix_normal.jpg", "profile_background_image_url_https": "https://abs.twimg.com/images/themes/theme14/bg.gif", "profile_banner_url": "https://pbs.twimg.com/profile_banners/573072651/1531605931", "profile_background_image_url": "http://abs.twimg.com/images/themes/theme14/bg.gif", "name": "\u25b3\u20d2\u20d8s/\\r/\\h\u25b3\u20d2\u20d8", "lang": "en", "profile_background_tile": true, "favourites_count": 7340, "screen_name": "skh_28", "created_at": "Sun May 06 20:30:27 +0000 2012", "profile_sidebar_border_color": "000000"}, "urls": [{"url": "http://t.co/rgv2sKETyB", "expanded_url": "http://bzfd.it/1tmSvA3"}], "media": [{"expanded_url": "https://twitter.com/BuzzFeed/status/509152237503778816/photo/1", "display_url": "pic.twitter.com/yh5zV4zEGn", "url": "http://t.co/yh5zV4zEGn", "media_url_https": "https://pbs.twimg.com/media/BxBxl5VIIAA4YJI.jpg", "sizes": {"small": {"h": 439, "resize": "fit", "w": 453}, "large": {"h": 439, "resize": "fit", "w": 453}, "medium": {"h": 439, "resize": "fit", "w": 453}, "thumb": {"h": 150, "resize": "crop", "w": 150}}, "type": "photo", "id": 509031653751398400, "media_url": "http://pbs.twimg.com/media/BxBxl5VIIAA4YJI.jpg"}], "retweet_count": 1, "id": 509153724132888577, "favorite_count": 1, "id_str": "509153724132888577"}