{"lang": "en", "in_reply_to_user_id": 2883841, "text": "@eonline but I bought uggs just for this occasion!", "created_at": "Tue Sep 09 01:31:17 +0000 2014", "hashtags": [], "user_mentions": [{"id_str": "725665248280236032", "screen_name": "eonline", "name": "E! Online", "id": 725665248280236032}], "source": "<a href=\"http://twitter.com/download/android\" rel=\"nofollow\">Twitter for Android</a>", "in_reply_to_status_id": 509114008587100160, "in_reply_to_screen_name": "enews", "user": {"profile_use_background_image": true, "id": 45906670, "profile_image_url_https": "https://pbs.twimg.com/profile_images/720426819430682625/mqhxpBau_normal.jpg", "profile_sidebar_fill_color": "C0DFEC", "geo_enabled": true, "profile_text_color": "333333", "followers_count": 50, "location": "Katy Tx", "profile_background_color": "022330", "id_str": "45906670", "statuses_count": 4633, "description": "If life hands you MELONS, you might be dislexic. Just a simple FANGIRL, Daughter, Wife and Mom in my off-time.", "friends_count": 43, "profile_link_color": "0084B4", "profile_image_url": "http://pbs.twimg.com/profile_images/720426819430682625/mqhxpBau_normal.jpg", "profile_background_image_url_https": "https://abs.twimg.com/images/themes/theme15/bg.png", "profile_banner_url": "https://pbs.twimg.com/profile_banners/45906670/1460598113", "profile_background_image_url": "http://abs.twimg.com/images/themes/theme15/bg.png", "name": "Liz Metz", "lang": "en", "favourites_count": 5235, "screen_name": "liz_metz85", "created_at": "Tue Jun 09 18:40:00 +0000 2009", "profile_sidebar_border_color": "A8C7F7", "listed_count": 2}, "urls": [], "id": 509152028678168576, "id_str": "509152028678168576"}