{"lang": "en", "in_reply_to_user_id": 14799177, "text": "@eurogamer if this is true then it will be the death of Minecraft as we know it", "created_at": "Tue Sep 09 23:13:32 +0000 2014", "hashtags": [], "user_mentions": [{"id_str": "14799177", "screen_name": "eurogamer", "name": "Eurogamer", "id": 14799177}], "source": "<a href=\"http://twitter.com/download/android\" rel=\"nofollow\">Twitter for Android</a>", "in_reply_to_status_id": 509478961705807872, "in_reply_to_screen_name": "eurogamer", "user": {"id": 429262266, "profile_image_url_https": "https://pbs.twimg.com/profile_images/1013751345801826304/K9Cok1jS_normal.jpg", "profile_sidebar_fill_color": "000000", "geo_enabled": true, "profile_text_color": "000000", "followers_count": 608, "location": "Great Britain", "profile_background_color": "000000", "id_str": "429262266", "statuses_count": 62381, "description": "I'm that bloke that knows that streamer you like. Family Man, Beardy Bloke, Variety Streamer, Twitch Affiliate.", "friends_count": 258, "profile_link_color": "000000", "profile_image_url": "http://pbs.twimg.com/profile_images/1013751345801826304/K9Cok1jS_normal.jpg", "profile_background_image_url_https": "https://abs.twimg.com/images/themes/theme14/bg.gif", "profile_banner_url": "https://pbs.twimg.com/profile_banners/429262266/1513037550", "profile_background_image_url": "http://abs.twimg.com/images/themes/theme14/bg.gif", "name": "TheBatNaz", "lang": "en", "favourites_count": 38772, "screen_name": "TheBatNaz", "url": "https://t.co/myPjKptWKF", "created_at": "Mon Dec 05 19:17:15 +0000 2011", "profile_sidebar_border_color": "000000", "listed_count": 32}, "urls": [], "id": 509479747488063489, "id_str": "509479747488063489"}