{"lang": "und", "in_reply_to_user_id": 14173315, "text": "@NBCNews", "created_at": "Thu Sep 11 00:47:16 +0000 2014", "hashtags": [], "user_mentions": [{"id_str": "14173315", "screen_name": "NBCNews", "name": "NBC News", "id": 14173315}], "source": "<a href=\"http://twitter.com/download/android\" rel=\"nofollow\">Twitter for Android</a>", "in_reply_to_status_id": 501768276523761666, "in_reply_to_screen_name": "NBCNews", "user": {"profile_use_background_image": true, "id": 2572111260, "profile_image_url_https": "https://pbs.twimg.com/profile_images/492883105540087808/Rs2NubGo_normal.jpeg", "profile_sidebar_fill_color": "DDEEF6", "geo_enabled": true, "profile_text_color": "333333", "followers_count": 37, "id_str": "2572111260", "profile_background_color": "C0DEED", "statuses_count": 25, "friends_count": 198, "profile_link_color": "1DA1F2", "profile_image_url": "http://pbs.twimg.com/profile_images/492883105540087808/Rs2NubGo_normal.jpeg", "profile_background_image_url_https": "https://abs.twimg.com/images/themes/theme1/bg.png", "profile_background_image_url": "http://abs.twimg.com/images/themes/theme1/bg.png", "name": "maribel Valdez", "lang": "es", "favourites_count": 9, "screen_name": "maribelvaldez61", "created_at": "Tue Jun 17 03:30:26 +0000 2014", "profile_sidebar_border_color": "C0DEED", "default_profile": true}, "urls": [], "id": 509865725163761664, "id_str": "509865725163761664"}