{"lang": "en", "in_reply_to_user_id": 1367531, "text": "@FoxNews WHO WAS IT THAT BEHEADED SADDAM HUSSEIN???", "created_at": "Sat Sep 13 22:44:48 +0000 2014", "hashtags": [], "user_mentions": [{"id_str": "1367531", "screen_name": "FoxNews", "name": "Fox News", "id": 1367531}], "source": "<a href=\"http://twitter.com\" rel=\"nofollow\">Twitter Web Client</a>", "in_reply_to_status_id": 510918747188514816, "in_reply_to_screen_name": "FoxNews", "user": {"profile_use_background_image": true, "id": 803405311, "profile_image_url_https": "https://pbs.twimg.com/profile_images/378800000094093824/f75ee6d71e59b2ad82288247380f1cd8_normal.jpeg", "profile_sidebar_fill_color": "95E8EC", "profile_text_color": "3C3940", "followers_count": 16, "location": "US", "profile_background_color": "0099B9", "id_str": "803405311", "statuses_count": 1257, "description": "Kind to Humans, & All  forms of Life--Trying to Add & Receive A Smile From Anyone I Can-Knowledge Seeker- Bing, Google, Yahoo, Searcher, And that Beeee's Me!", "friends_count": 98, "profile_link_color": "0099B9", "profile_image_url": "http://pbs.twimg.com/profile_images/378800000094093824/f75ee6d71e59b2ad82288247380f1cd8_normal.jpeg", "profile_background_image_url_https": "https://abs.twimg.com/images/themes/theme4/bg.gif", "profile_banner_url": "https://pbs.twimg.com/profile_banners/803405311/1417926630", "profile_background_image_url": "http://abs.twimg.com/images/themes/theme4/bg.gif", "name": "Russell3", "lang": "en", "profile_background_tile": true, "favourites_count": 8, "screen_name": "LearningBeing", "created_at": "Tue Sep 04 23:12:40 +0000 2012", "profile_sidebar_border_color": "000000"}, "urls": [], "id": 510922069962657792, "id_str": "510922069962657792"}