{"lang": "en", "in_reply_to_user_id": 16172991, "text": "@SCClemons @ACTED UK muslims firmly condemn #ISIS and their brarbaric actions. Our thoughts are with #david haines  family", "created_at": "Sat Sep 13 23:02:45 +0000 2014", "hashtags": [{"text": "ISIS"}, {"text": "david"}], "user_mentions": [{"id_str": "16172991", "screen_name": "SCClemons", "name": "Steve Clemons", "id": 16172991}, {"id_str": "94539935", "screen_name": "ACTED", "name": "ACTED", "id": 94539935}], "source": "<a href=\"http://twitter.com/download/iphone\" rel=\"nofollow\">Twitter for iPhone</a>", "in_reply_to_status_id": 510921017972514817, "in_reply_to_screen_name": "SCClemons", "user": {"profile_use_background_image": true, "id": 2748656645, "profile_image_url_https": "https://pbs.twimg.com/profile_images/1046211628511956992/JIlsmmL__normal.jpg", "profile_sidebar_fill_color": "DDEEF6", "profile_text_color": "333333", "followers_count": 763, "location": "Planet Earth \ud83c\udf0f", "profile_background_color": "C0DEED", "id_str": "2748656645", "statuses_count": 23123, "description": "Nosey neighbour @WestHamUtd", "friends_count": 616, "profile_link_color": "1DA1F2", "profile_image_url": "http://pbs.twimg.com/profile_images/1046211628511956992/JIlsmmL__normal.jpg", "profile_background_image_url_https": "https://abs.twimg.com/images/themes/theme1/bg.png", "profile_banner_url": "https://pbs.twimg.com/profile_banners/2748656645/1465353248", "profile_background_image_url": "http://abs.twimg.com/images/themes/theme1/bg.png", "name": "Manu Palestine \ud83c\uddf5\ud83c\uddf8", "lang": "en", "favourites_count": 7913, "screen_name": "whumaan", "created_at": "Thu Aug 21 02:13:01 +0000 2014", "profile_sidebar_border_color": "C0DEED", "default_profile": true, "listed_count": 12}, "urls": [], "id": 510926585055444992, "favorite_count": 2, "id_str": "510926585055444992"}