{"lang": "en", "in_reply_to_user_id": 1367531, "text": "\u201c@FoxNews: BREAKING: Video claims to show beheading of British aid worker David Haines by #ISIS.\u201d Prayers to him&amp;his family! #StopBeheadings", "created_at": "Sat Sep 13 22:35:48 +0000 2014", "hashtags": [{"text": "ISIS"}, {"text": "StopBeheadings"}], "user_mentions": [{"id_str": "1367531", "screen_name": "FoxNews", "name": "Fox News", "id": 1367531}], "source": "<a href=\"http://twitter.com/download/iphone\" rel=\"nofollow\">Twitter for iPhone</a>", "in_reply_to_status_id": 510918747188514816, "in_reply_to_screen_name": "FoxNews", "user": {"id": 190271406, "profile_image_url_https": "https://pbs.twimg.com/profile_images/872682425079537664/EBcm7XMe_normal.jpg", "profile_sidebar_fill_color": "000000", "profile_text_color": "000000", "followers_count": 1541, "id_str": "190271406", "profile_background_color": "000000", "listed_count": 140, "statuses_count": 175436, "description": "https://t.co/iL78emOz4v Woman of mystery!I love writing, superheroes,movies,TV, Sports,music&more!Writer for @SpoilerTV #TakeBackOurFandom", "friends_count": 832, "profile_link_color": "1B95E0", "profile_image_url": "http://pbs.twimg.com/profile_images/872682425079537664/EBcm7XMe_normal.jpg", "profile_background_image_url_https": "https://abs.twimg.com/images/themes/theme4/bg.gif", "profile_banner_url": "https://pbs.twimg.com/profile_banners/190271406/1470693691", "profile_background_image_url": "http://abs.twimg.com/images/themes/theme4/bg.gif", "name": "DJCromeans", "lang": "en", "favourites_count": 252860, "screen_name": "DJRiter", "url": "https://t.co/4nYXYq9E7B", "created_at": "Mon Sep 13 14:43:52 +0000 2010", "profile_sidebar_border_color": "000000"}, "urls": [], "id": 510919802911617024, "favorite_count": 1, "id_str": "510919802911617024"}