{"lang": "en", "in_reply_to_user_id": 1367531, "text": "@FoxNews Isis is pushing to the limit, not even Obama can contain the peoples wrath. Now the British are awakening.", "created_at": "Sun Sep 14 00:08:26 +0000 2014", "hashtags": [], "user_mentions": [{"id_str": "1367531", "screen_name": "FoxNews", "name": "Fox News", "id": 1367531}], "source": "<a href=\"http://twitter.com/download/iphone\" rel=\"nofollow\">Twitter for iPhone</a>", "in_reply_to_status_id": 510931521306243072, "in_reply_to_screen_name": "FoxNews", "user": {"profile_use_background_image": true, "id": 1468602847, "profile_image_url_https": "https://pbs.twimg.com/profile_images/3752932709/74ad32090e591154bf36210aca49193a_normal.jpeg", "profile_sidebar_fill_color": "DDEEF6", "geo_enabled": true, "profile_text_color": "333333", "followers_count": 5, "id_str": "1468602847", "profile_background_color": "C0DEED", "statuses_count": 10, "friends_count": 110, "profile_link_color": "1DA1F2", "profile_image_url": "http://pbs.twimg.com/profile_images/3752932709/74ad32090e591154bf36210aca49193a_normal.jpeg", "profile_background_image_url_https": "https://abs.twimg.com/images/themes/theme1/bg.png", "profile_background_image_url": "http://abs.twimg.com/images/themes/theme1/bg.png", "name": "jerry mills", "lang": "en", "favourites_count": 13, "screen_name": "millsjerryromo9", "created_at": "Thu May 30 00:37:51 +0000 2013", "profile_sidebar_border_color": "C0DEED", "default_profile": true}, "urls": [], "id": 510943115814133761, "id_str": "510943115814133761"}