{"lang": "en", "in_reply_to_user_id": 16887175, "text": "@DailyMirror ISIS is a group of COWARDS that Will answer to the Universal Law of KARMA.", "created_at": "Sun Sep 14 04:00:17 +0000 2014", "hashtags": [], "coordinates": {"type": "Point", "coordinates": [-84.5519733, 39.1676114]}, "user_mentions": [{"id_str": "16887175", "screen_name": "DailyMirror", "name": "Daily Mirror", "id": 16887175}], "source": "<a href=\"http://twitter.com/download/android\" rel=\"nofollow\">Twitter for Android</a>", "in_reply_to_status_id": 510908595144519680, "in_reply_to_screen_name": "DailyMirror", "user": {"profile_use_background_image": true, "id": 1532735994, "profile_image_url_https": "https://pbs.twimg.com/profile_images/378800000055641109/a050e02b3871c1967765dc0c3e838bf2_normal.jpeg", "profile_sidebar_fill_color": "DDEEF6", "geo_enabled": true, "profile_text_color": "333333", "id_str": "1532735994", "profile_background_color": "C0DEED", "statuses_count": 25, "description": "Love to work with my hands, do research, nature and be creative.", "friends_count": 17, "profile_link_color": "1DA1F2", "profile_image_url": "http://pbs.twimg.com/profile_images/378800000055641109/a050e02b3871c1967765dc0c3e838bf2_normal.jpeg", "profile_background_image_url_https": "https://abs.twimg.com/images/themes/theme1/bg.png", "profile_background_image_url": "http://abs.twimg.com/images/themes/theme1/bg.png", "name": "Renee Brubaker", "lang": "en", "favourites_count": 23, "screen_name": "ladysige", "created_at": "Thu Jun 20 04:03:36 +0000 2013", "profile_sidebar_border_color": "C0DEED", "default_profile": true}, "urls": [], "place": {"full_name": "Cincinnati, OH", "url": "https://api.twitter.com/1.1/geo/id/e444ecd51bd16ff3.json", "country": "United States", "place_type": "city", "bounding_box": {"type": "Polygon", "coordinates": [[[-84.710722, 39.052962], [-84.3689026, 39.052962], [-84.3689026, 39.2211137], [-84.710722, 39.2211137]]]}, "contained_within": [], "country_code": "US", "attributes": {}, "id": "e444ecd51bd16ff3", "name": "Cincinnati"}, "geo": {"type": "Point", "coordinates": [39.1676114, -84.5519733]}, "id": 511001465356574720, "id_str": "511001465356574720"}