{"lang": "en", "in_reply_to_user_id": 121656624, "text": "@PJStrikeForce And the worst traitor is in military where he can aide ISIS for O. How stupid is America?  Really very stupid.", "created_at": "Tue Sep 16 16:47:30 +0000 2014", "hashtags": [], "user_mentions": [{"id_str": "121656624", "screen_name": "PJStrikeForce", "name": "\ud83c\uddfa\ud83c\uddf8\ud83c\uddf3\ud83c\uddeeLindaPJ \ud83d\udcd6\ud83d\ude4f\ud83c\udffb #KAG #MAGA", "id": 121656624}], "source": "<a href=\"http://twitter.com\" rel=\"nofollow\">Twitter Web Client</a>", "in_reply_to_status_id": 511918957255991296, "in_reply_to_screen_name": "PJStrikeForce", "user": {"profile_use_background_image": true, "id": 24427864, "profile_image_url_https": "https://pbs.twimg.com/profile_images/1043505781604212741/_gXxcmTW_normal.jpg", "profile_sidebar_fill_color": "DDEEF6", "geo_enabled": true, "profile_text_color": "333333", "followers_count": 1002, "location": "If a question about Psychology, esominder@yahoo.com ? in subject box", "profile_background_color": "C0DEED", "id_str": "24427864", "statuses_count": 104376, "description": "Research: https://t.co/ayO83kk1Oy", "friends_count": 211, "profile_link_color": "1DA1F2", "profile_image_url": "http://pbs.twimg.com/profile_images/1043505781604212741/_gXxcmTW_normal.jpg", "profile_background_image_url_https": "https://abs.twimg.com/images/themes/theme1/bg.png", "profile_banner_url": "https://pbs.twimg.com/profile_banners/24427864/1537973064", "profile_background_image_url": "http://abs.twimg.com/images/themes/theme1/bg.png", "name": "@BrotherJames", "lang": "en", "favourites_count": 14354, "screen_name": "Docjp", "url": "https://t.co/4IVWPvnTnl", "created_at": "Sat Mar 14 20:52:26 +0000 2009", "profile_sidebar_border_color": "C0DEED", "default_profile": true, "listed_count": 40}, "urls": [], "id": 511919316317396992, "favorite_count": 2, "id_str": "511919316317396992"}