{"lang": "en", "in_reply_to_user_id": 9763482, "text": "@NYDailyNews @RicHDaWGz does she want to make herself unattractive or does she want more attention?", "created_at": "Mon Sep 22 16:04:39 +0000 2014", "hashtags": [], "user_mentions": [{"id_str": "9763482", "screen_name": "NYDailyNews", "name": "New York Daily News", "id": 9763482}, {"id_str": "163549895", "screen_name": "RicHDaWGz", "name": "Henny Gawd", "id": 163549895}], "source": "<a href=\"http://twitter.com/download/iphone\" rel=\"nofollow\">Twitter for iPhone</a>", "in_reply_to_status_id": 514072132301910016, "in_reply_to_screen_name": "NYDailyNews", "user": {"profile_use_background_image": true, "id": 282988606, "profile_image_url_https": "https://pbs.twimg.com/profile_images/1011043639315828737/OqsHx52n_normal.jpg", "profile_sidebar_fill_color": "DDEEF6", "geo_enabled": true, "profile_text_color": "333333", "followers_count": 167, "id_str": "282988606", "profile_background_color": "C0DEED", "location": "BROOKLYN!!!", "statuses_count": 8632, "friends_count": 89, "profile_link_color": "1DA1F2", "profile_image_url": "http://pbs.twimg.com/profile_images/1011043639315828737/OqsHx52n_normal.jpg", "profile_background_image_url_https": "https://abs.twimg.com/images/themes/theme1/bg.png", "profile_background_image_url": "http://abs.twimg.com/images/themes/theme1/bg.png", "name": "Meliza", "lang": "en", "favourites_count": 14, "screen_name": "M_iz4_Mel", "created_at": "Sat Apr 16 10:25:51 +0000 2011", "profile_sidebar_border_color": "C0DEED", "default_profile": true}, "urls": [], "id": 514082859737681920, "id_str": "514082859737681920"}