{"lang": "en", "in_reply_to_user_id": 9763482, "text": "@NYDailyNews @NewsroomJim She's the girl from Total Recall!", "created_at": "Mon Sep 22 16:57:57 +0000 2014", "hashtags": [], "user_mentions": [{"id_str": "9763482", "screen_name": "NYDailyNews", "name": "New York Daily News", "id": 9763482}, {"id_str": "618258504", "screen_name": "NewsroomJim", "name": "Jim Harper", "id": 618258504}], "source": "<a href=\"http://twitter.com\" rel=\"nofollow\">Twitter Web Client</a>", "in_reply_to_status_id": 514072132301910016, "in_reply_to_screen_name": "NYDailyNews", "user": {"profile_use_background_image": true, "id": 25205874, "profile_image_url_https": "https://pbs.twimg.com/profile_images/500366464264577024/XEzskcG-_normal.jpeg", "profile_sidebar_fill_color": "DDEEF6", "geo_enabled": true, "profile_text_color": "333333", "followers_count": 1714, "location": "Collingwood, Ontario", "profile_background_color": "C0DEED", "id_str": "25205874", "statuses_count": 22597, "description": "Managing Editor (Acting) for  @SimcoeNews. Opinions my own. Tweets loaded with irony and/or sarcasm. Story ideas? Email iadams@simcoe.com", "friends_count": 769, "profile_link_color": "0084B4", "profile_image_url": "http://pbs.twimg.com/profile_images/500366464264577024/XEzskcG-_normal.jpeg", "profile_background_image_url_https": "https://abs.twimg.com/images/themes/theme1/bg.png", "profile_banner_url": "https://pbs.twimg.com/profile_banners/25205874/1503612593", "profile_background_image_url": "http://abs.twimg.com/images/themes/theme1/bg.png", "name": "Ian Adams", "lang": "en", "favourites_count": 133, "screen_name": "Scoop_68", "url": "http://t.co/p0SOOGiiao", "created_at": "Thu Mar 19 01:23:09 +0000 2009", "profile_sidebar_border_color": "FFFFFF", "listed_count": 50}, "urls": [], "id": 514096273646186496, "id_str": "514096273646186496"}