{"lang": "en", "in_reply_to_user_id": 1367531, "text": "@FoxNews They didn't like the liberals in Mass. Either.", "created_at": "Mon Sep 22 19:05:15 +0000 2014", "hashtags": [], "user_mentions": [{"id_str": "1367531", "screen_name": "FoxNews", "name": "Fox News", "id": 1367531}], "source": "<a href=\"http://twitter.com/#!/download/ipad\" rel=\"nofollow\">Twitter for iPad</a>", "in_reply_to_status_id": 514106939173634048, "in_reply_to_screen_name": "FoxNews", "user": {"profile_use_background_image": true, "id": 2474620261, "profile_image_url_https": "https://pbs.twimg.com/profile_images/470424279104757760/SnDQP8oL_normal.jpeg", "profile_sidebar_fill_color": "DDEEF6", "profile_text_color": "333333", "followers_count": 113, "id_str": "2474620261", "profile_background_color": "C0DEED", "listed_count": 2, "statuses_count": 6576, "friends_count": 72, "profile_link_color": "1DA1F2", "profile_image_url": "http://pbs.twimg.com/profile_images/470424279104757760/SnDQP8oL_normal.jpeg", "profile_background_image_url_https": "https://abs.twimg.com/images/themes/theme1/bg.png", "profile_background_image_url": "http://abs.twimg.com/images/themes/theme1/bg.png", "name": "Darrell", "lang": "en", "favourites_count": 5095, "screen_name": "dwt98", "created_at": "Fri May 02 22:28:15 +0000 2014", "profile_sidebar_border_color": "C0DEED", "default_profile": true}, "urls": [], "id": 514128310100426752, "id_str": "514128310100426752"}