{"lang": "en", "in_reply_to_user_id": 9763482, "text": "More titties RT @NYDailyNews: A Florida woman had surgery to add a third breast to make herself (cont) http://t.co/aYk5zqF16s", "created_at": "Mon Sep 22 18:30:57 +0000 2014", "hashtags": [], "user_mentions": [{"id_str": "9763482", "screen_name": "NYDailyNews", "name": "New York Daily News", "id": 9763482}], "source": "<a href=\"http://klinkerapps.com\" rel=\"nofollow\">Talon (Classic)</a>", "in_reply_to_status_id": 514072132301910016, "in_reply_to_screen_name": "NYDailyNews", "user": {"profile_use_background_image": true, "id": 50866160, "profile_image_url_https": "https://pbs.twimg.com/profile_images/1047656696590548993/OgxJNetb_normal.jpg", "profile_sidebar_fill_color": "DDEEF6", "geo_enabled": true, "profile_text_color": "333333", "followers_count": 8898, "location": "The East Coast ", "profile_background_color": "C0DEED", "id_str": "50866160", "statuses_count": 518609, "description": "Father of 1. USMC Vet. Don't come in my mention with that bitching", "friends_count": 7580, "profile_link_color": "0084B4", "profile_image_url": "http://pbs.twimg.com/profile_images/1047656696590548993/OgxJNetb_normal.jpg", "profile_background_image_url_https": "https://abs.twimg.com/images/themes/theme1/bg.png", "profile_banner_url": "https://pbs.twimg.com/profile_banners/50866160/1536662631", "profile_background_image_url": "http://abs.twimg.com/images/themes/theme1/bg.png", "name": "Father", "lang": "en", "favourites_count": 1840, "screen_name": "_RakimFromBK", "created_at": "Fri Jun 26 01:38:55 +0000 2009", "profile_sidebar_border_color": "FFFFFF", "listed_count": 408}, "urls": [{"url": "http://t.co/aYk5zqF16s", "expanded_url": "http://tl.gd/n_1sbk2o9"}], "id": 514119675941109760, "id_str": "514119675941109760"}