{"lang": "en", "in_reply_to_user_id": 13049362, "text": "......... \u201c@ComplexMag: A Florida woman had surgery to give herself a third boob: http://t.co/E8GTZO6Lyt http://t.co/f9WC0j25du\u201d", "created_at": "Mon Sep 22 18:11:49 +0000 2014", "hashtags": [], "user_mentions": [{"id_str": "784467", "screen_name": "complexmag", "name": "...", "id": 784467}], "source": "<a href=\"http://twitter.com/download/iphone\" rel=\"nofollow\">Twitter for iPhone</a>", "in_reply_to_status_id": 514081464171102208, "in_reply_to_screen_name": "Complex", "user": {"profile_use_background_image": true, "id": 57572109, "profile_image_url_https": "https://pbs.twimg.com/profile_images/1020103483180101633/CqoFJ8yl_normal.jpg", "profile_sidebar_fill_color": "000000", "geo_enabled": true, "profile_text_color": "FFFFFF", "followers_count": 1050, "location": "Atlanta, GA", "profile_background_color": "000000", "id_str": "57572109", "statuses_count": 169539, "description": "My name is Chravis, pronounced Travis.", "friends_count": 415, "profile_link_color": "000000", "profile_image_url": "http://pbs.twimg.com/profile_images/1020103483180101633/CqoFJ8yl_normal.jpg", "profile_background_image_url_https": "https://abs.twimg.com/images/themes/theme1/bg.png", "profile_banner_url": "https://pbs.twimg.com/profile_banners/57572109/1534111116", "profile_background_image_url": "http://abs.twimg.com/images/themes/theme1/bg.png", "name": "Chravis Black", "lang": "en", "profile_background_tile": true, "favourites_count": 1273, "screen_name": "Fletchtopher", "created_at": "Fri Jul 17 06:28:28 +0000 2009", "profile_sidebar_border_color": "FFFFFF", "listed_count": 24}, "urls": [{"url": "http://t.co/E8GTZO6Lyt", "expanded_url": "http://trib.al/fpdTvki"}], "media": [{"expanded_url": "https://twitter.com/ComplexMag/status/514081464171102208/photo/1", "display_url": "pic.twitter.com/f9WC0j25du", "url": "http://t.co/f9WC0j25du", "media_url_https": "https://pbs.twimg.com/media/ByJiXimIAAA_gGZ.jpg", "sizes": {"small": {"h": 680, "resize": "fit", "w": 680}, "large": {"h": 680, "resize": "fit", "w": 680}, "medium": {"h": 680, "resize": "fit", "w": 680}, "thumb": {"h": 150, "resize": "crop", "w": 150}}, "type": "photo", "id": 514081464036884480, "media_url": "http://pbs.twimg.com/media/ByJiXimIAAA_gGZ.jpg"}], "id": 514114862851846144, "id_str": "514114862851846144"}