{"lang": "en", "in_reply_to_user_id": 27774147, "text": "@ashclevaa the more the merrier I guess.", "created_at": "Tue Sep 23 05:26:15 +0000 2014", "hashtags": [], "user_mentions": [{"id_str": "27774147", "screen_name": "ashclevaa", "name": "macmiller4ever", "id": 27774147}], "source": "<a href=\"http://twitter.com/download/iphone\" rel=\"nofollow\">Twitter for iPhone</a>", "in_reply_to_status_id": 514283739812081664, "in_reply_to_screen_name": "ashclevaa", "user": {"profile_use_background_image": true, "id": 121539555, "profile_image_url_https": "https://pbs.twimg.com/profile_images/1035003936745304064/d9f4gbn4_normal.jpg", "profile_sidebar_fill_color": "DDEEF6", "geo_enabled": true, "profile_text_color": "080202", "followers_count": 495, "id_str": "121539555", "profile_background_color": "000000", "listed_count": 9, "statuses_count": 11543, "description": "X\u1d1a | wildheart \u272d betcha can\u2019t do it like me", "friends_count": 649, "profile_link_color": "0A6870", "profile_image_url": "http://pbs.twimg.com/profile_images/1035003936745304064/d9f4gbn4_normal.jpg", "profile_background_image_url_https": "https://abs.twimg.com/images/themes/theme1/bg.png", "profile_banner_url": "https://pbs.twimg.com/profile_banners/121539555/1535599236", "profile_background_image_url": "http://abs.twimg.com/images/themes/theme1/bg.png", "name": "\ud835\udc09\ud835\udc04\ud835\udc0c. \ud83c\udfb2\ud83e\udd61\ud83c\udfb1", "lang": "en", "profile_background_tile": true, "favourites_count": 16500, "screen_name": "theclassicrx", "url": "https://t.co/evFx9HI9GK", "created_at": "Tue Mar 09 20:38:12 +0000 2010", "profile_sidebar_border_color": "FFFFFF"}, "urls": [], "id": 514284589603250176, "id_str": "514284589603250176"}