{"lang": "es", "in_reply_to_user_id": 759251, "text": "\u00cddolo. RT @CNN: Watch Alaskan reporter Charlo Green quit live on air. http://t.co/FdJLAk7vD8 http://t.co/Dv0fcufDFv", "created_at": "Tue Sep 23 10:22:46 +0000 2014", "hashtags": [], "user_mentions": [{"id_str": "759251", "screen_name": "CNN", "name": "CNN", "id": 759251}], "source": "<a href=\"http://twitter.com/download/iphone\" rel=\"nofollow\">Twitter for iPhone</a>", "in_reply_to_status_id": 514142113601437696, "in_reply_to_screen_name": "CNN", "user": {"profile_use_background_image": true, "id": 120967518, "profile_image_url_https": "https://pbs.twimg.com/profile_images/963327594799226880/w2QnoHUZ_normal.jpg", "profile_sidebar_fill_color": "000000", "geo_enabled": true, "profile_text_color": "333133", "followers_count": 2134, "location": "Universidad de Salamanca", "profile_background_color": "000000", "id_str": "120967518", "statuses_count": 25284, "description": "poeta y vaga y fil\u00f3loga hispanista", "friends_count": 943, "profile_link_color": "4A913C", "profile_image_url": "http://pbs.twimg.com/profile_images/963327594799226880/w2QnoHUZ_normal.jpg", "profile_background_image_url_https": "https://abs.twimg.com/images/themes/theme14/bg.gif", "profile_banner_url": "https://pbs.twimg.com/profile_banners/120967518/1447285022", "profile_background_image_url": "http://abs.twimg.com/images/themes/theme14/bg.gif", "name": "Sof\u00eda", "lang": "en", "profile_background_tile": true, "favourites_count": 30167, "screen_name": "Filoloca_", "url": "https://t.co/wYiysxeWoJ", "created_at": "Mon Mar 08 04:06:37 +0000 2010", "profile_sidebar_border_color": "000000", "listed_count": 24}, "urls": [{"url": "http://t.co/FdJLAk7vD8", "expanded_url": "http://cnn.it/1tVUwG4"}], "media": [{"expanded_url": "https://twitter.com/CNNMoney/status/514102597087526913/photo/1", "display_url": "pic.twitter.com/Dv0fcufDFv", "url": "http://t.co/Dv0fcufDFv", "media_url_https": "https://pbs.twimg.com/media/ByJcDnBIYAAnFMx.jpg", "sizes": {"small": {"h": 387, "resize": "fit", "w": 620}, "large": {"h": 387, "resize": "fit", "w": 620}, "medium": {"h": 387, "resize": "fit", "w": 620}, "thumb": {"h": 150, "resize": "crop", "w": 150}}, "type": "photo", "id": 514074524556746752, "media_url": "http://pbs.twimg.com/media/ByJcDnBIYAAnFMx.jpg"}], "id": 514359209065218048, "favorite_count": 1, "id_str": "514359209065218048"}