{"lang": "und", "in_reply_to_user_id": 1480758506, "text": "@krickenn O_o", "created_at": "Tue Sep 23 13:50:52 +0000 2014", "hashtags": [], "user_mentions": [{"id_str": "1480758506", "screen_name": "krickenn", "name": "Sydney", "id": 1480758506}], "source": "<a href=\"http://www.hootsuite.com\" rel=\"nofollow\">Hootsuite</a>", "in_reply_to_status_id": 514410323156017152, "in_reply_to_screen_name": "krickenn", "user": {"id": 19569161, "profile_image_url_https": "https://pbs.twimg.com/profile_images/688539566475767809/LeUA9suJ_normal.jpg", "profile_sidebar_fill_color": "FFFFFF", "geo_enabled": true, "profile_text_color": "333333", "followers_count": 463, "location": "Huntsville, AL", "profile_background_color": "000000", "id_str": "19569161", "statuses_count": 6192, "friends_count": 1128, "profile_link_color": "E90401", "profile_image_url": "http://pbs.twimg.com/profile_images/688539566475767809/LeUA9suJ_normal.jpg", "profile_background_image_url_https": "https://abs.twimg.com/images/themes/theme1/bg.png", "profile_banner_url": "https://pbs.twimg.com/profile_banners/19569161/1396726078", "profile_background_image_url": "http://abs.twimg.com/images/themes/theme1/bg.png", "name": "Paul Lockhart", "lang": "en", "favourites_count": 715, "screen_name": "afromunkee", "url": "http://t.co/d1AUm8QPcK", "created_at": "Tue Jan 27 00:48:26 +0000 2009", "profile_sidebar_border_color": "FFFFFF", "listed_count": 17}, "urls": [], "id": 514411578339631104, "id_str": "514411578339631104"}