{"lang": "en", "in_reply_to_user_id": 12579352, "text": "Bahahahaha\n\n\u201c@BillyCorben: Apple fans' tight pants are bending the iPhone 6 Plus http://t.co/UZ4saFhJMm #Bendghazi http://t.co/AOt9qa1QGL\u201d", "created_at": "Tue Sep 23 21:05:16 +0000 2014", "hashtags": [{"text": "Bendghazi"}], "user_mentions": [{"id_str": "12579352", "screen_name": "BillyCorben", "name": "Billy Corben", "id": 12579352}], "source": "<a href=\"http://twitter.com/download/iphone\" rel=\"nofollow\">Twitter for iPhone</a>", "in_reply_to_status_id": 514508854990999553, "in_reply_to_screen_name": "BillyCorben", "user": {"profile_use_background_image": true, "id": 156343844, "profile_image_url_https": "https://pbs.twimg.com/profile_images/1565116637/image_normal.jpg", "profile_sidebar_fill_color": "EFEFEF", "profile_text_color": "333333", "followers_count": 141, "location": "in the matrix", "profile_background_color": "131516", "id_str": "156343844", "statuses_count": 5581, "description": "I'm a digital ghost moving thru the entertainment & sports worlds for a long time.....and I've got a lot of good stories.", "friends_count": 496, "profile_link_color": "009999", "profile_image_url": "http://pbs.twimg.com/profile_images/1565116637/image_normal.jpg", "profile_background_image_url_https": "https://abs.twimg.com/images/themes/theme14/bg.gif", "profile_banner_url": "https://pbs.twimg.com/profile_banners/156343844/1348327234", "profile_background_image_url": "http://abs.twimg.com/images/themes/theme14/bg.gif", "name": "Nick Fn' Roxx", "lang": "en", "profile_background_tile": true, "favourites_count": 756, "screen_name": "NickFnRoxx", "created_at": "Wed Jun 16 17:54:22 +0000 2010", "profile_sidebar_border_color": "EEEEEE", "listed_count": 4}, "urls": [{"url": "http://t.co/UZ4saFhJMm", "expanded_url": "http://www.dailydot.com/technology/iphone-6-plus-bendgate/?fb=dd"}], "media": [{"expanded_url": "https://twitter.com/BillyCorben/status/514508854990999553/photo/1", "display_url": "pic.twitter.com/AOt9qa1QGL", "url": "http://t.co/AOt9qa1QGL", "media_url_https": "https://pbs.twimg.com/media/ByPnEtMIEAAQ6aR.png", "sizes": {"large": {"h": 1124, "resize": "fit", "w": 2006}, "small": {"h": 381, "resize": "fit", "w": 680}, "medium": {"h": 672, "resize": "fit", "w": 1200}, "thumb": {"h": 150, "resize": "crop", "w": 150}}, "type": "photo", "id": 514508850486317056, "media_url": "http://pbs.twimg.com/media/ByPnEtMIEAAQ6aR.png"}], "id": 514520899115290624, "id_str": "514520899115290624"}