{"lang": "en", "in_reply_to_user_id": 2890961, "text": "@Gizmodo will it blend?", "created_at": "Wed Sep 24 01:01:39 +0000 2014", "hashtags": [], "user_mentions": [{"id_str": "2890961", "screen_name": "Gizmodo", "name": "Gizmodo", "id": 2890961}], "source": "<a href=\"http://twitter.com/download/iphone\" rel=\"nofollow\">Twitter for iPhone</a>", "in_reply_to_status_id": 514517470238240768, "in_reply_to_screen_name": "Gizmodo", "user": {"lang": "en", "statuses_count": 654, "screen_name": "firstof3", "friends_count": 7, "profile_use_background_image": true, "profile_link_color": "FF3300", "created_at": "Wed Aug 19 13:06:57 +0000 2009", "profile_sidebar_fill_color": "A0C5C7", "profile_image_url": "http://pbs.twimg.com/profile_images/988711901/babysulk_normal.jpg", "profile_image_url_https": "https://pbs.twimg.com/profile_images/988711901/babysulk_normal.jpg", "profile_text_color": "333333", "followers_count": 34, "profile_sidebar_border_color": "86A4A6", "id_str": "66994120", "profile_background_color": "709397", "favourites_count": 203, "profile_background_image_url_https": "https://abs.twimg.com/images/themes/theme6/bg.gif", "profile_banner_url": "https://pbs.twimg.com/profile_banners/66994120/1371233146", "id": 66994120, "profile_background_image_url": "http://abs.twimg.com/images/themes/theme6/bg.gif", "name": "John Powell"}, "urls": [], "id": 514580386136223744, "id_str": "514580386136223744"}