{"lang": "en", "in_reply_to_user_id": 16675569, "text": "@smh I love my Samsung", "created_at": "Tue Sep 23 23:38:20 +0000 2014", "hashtags": [], "user_mentions": [{"id_str": "16675569", "screen_name": "smh", "name": "The Sydney Morning Herald", "id": 16675569}], "source": "<a href=\"http://twitter.com/download/android\" rel=\"nofollow\">Twitter for Android</a>", "in_reply_to_status_id": 514555852351479808, "in_reply_to_screen_name": "smh", "user": {"profile_use_background_image": true, "id": 38139925, "profile_image_url_https": "https://pbs.twimg.com/profile_images/761134567025549312/toITW9VQ_normal.jpg", "profile_sidebar_fill_color": "DDEEF6", "geo_enabled": true, "profile_text_color": "333333", "followers_count": 42, "id_str": "38139925", "profile_background_color": "C0DEED", "listed_count": 1, "statuses_count": 2097, "friends_count": 124, "profile_link_color": "1DA1F2", "profile_image_url": "http://pbs.twimg.com/profile_images/761134567025549312/toITW9VQ_normal.jpg", "profile_background_image_url_https": "https://abs.twimg.com/images/themes/theme1/bg.png", "profile_background_image_url": "http://abs.twimg.com/images/themes/theme1/bg.png", "name": "E C", "lang": "en", "favourites_count": 1398, "screen_name": "Ela87", "created_at": "Wed May 06 08:21:09 +0000 2009", "profile_sidebar_border_color": "C0DEED", "default_profile": true}, "urls": [], "id": 514559419485396992, "favorite_count": 2, "id_str": "514559419485396992"}