{"lang": "en", "in_reply_to_user_id": 239672340, "text": "@UnboxTherapy did u try to bend it back? No you did not!!!", "created_at": "Wed Sep 24 00:07:29 +0000 2014", "hashtags": [], "user_mentions": [{"id_str": "239672340", "screen_name": "UnboxTherapy", "name": "Lewis Hilsenteger", "id": 239672340}], "source": "<a href=\"http://twitter.com/download/iphone\" rel=\"nofollow\">Twitter for iPhone</a>", "in_reply_to_status_id": 514513238613303296, "in_reply_to_screen_name": "UnboxTherapy", "user": {"profile_use_background_image": true, "id": 246442346, "profile_image_url_https": "https://pbs.twimg.com/profile_images/812658896749924352/uAkASHDj_normal.jpg", "profile_sidebar_fill_color": "C0DFEC", "profile_text_color": "333333", "followers_count": 403, "location": "Toronto", "profile_background_color": "022330", "id_str": "246442346", "statuses_count": 5866, "description": "DJ/Producer/Engineer/Logic Pro user and abuser!\r\ndjmrstylus@gmail.com\r\nhttp://t.co/VLusbDtKUs", "friends_count": 567, "profile_link_color": "0084B4", "profile_image_url": "http://pbs.twimg.com/profile_images/812658896749924352/uAkASHDj_normal.jpg", "profile_background_image_url_https": "https://abs.twimg.com/images/themes/theme15/bg.png", "profile_background_image_url": "http://abs.twimg.com/images/themes/theme15/bg.png", "name": "Call me Mr.", "lang": "en", "favourites_count": 1486, "screen_name": "djmrstylus", "url": "http://t.co/VLusbDtKUs", "created_at": "Wed Feb 02 20:05:22 +0000 2011", "profile_sidebar_border_color": "A8C7F7", "listed_count": 26}, "urls": [], "id": 514566757970083840, "id_str": "514566757970083840"}