{"lang": "en", "in_reply_to_user_id": 575853327, "text": "@katrinalome supposedly, it bends back in place...", "created_at": "Wed Sep 24 02:34:42 +0000 2014", "hashtags": [], "user_mentions": [{"id_str": "575853327", "screen_name": "katrinalome", "name": "\u2280treenz", "id": 575853327}], "source": "<a href=\"http://twitter.com/download/iphone\" rel=\"nofollow\">Twitter for iPhone</a>", "in_reply_to_status_id": 514512849876836352, "in_reply_to_screen_name": "katrinalome", "user": {"profile_use_background_image": true, "id": 2345936859, "profile_image_url_https": "https://pbs.twimg.com/profile_images/1008891965251964928/n4fkLPuA_normal.jpg", "profile_sidebar_fill_color": "DDEEF6", "geo_enabled": true, "profile_text_color": "333333", "followers_count": 546, "location": "New Jersey, USA", "profile_background_color": "C0DEED", "id_str": "2345936859", "statuses_count": 7832, "description": "sc: amonhawthorne", "friends_count": 445, "profile_link_color": "1DA1F2", "profile_image_url": "http://pbs.twimg.com/profile_images/1008891965251964928/n4fkLPuA_normal.jpg", "profile_background_image_url_https": "https://abs.twimg.com/images/themes/theme1/bg.png", "profile_banner_url": "https://pbs.twimg.com/profile_banners/2345936859/1526612593", "profile_background_image_url": "http://abs.twimg.com/images/themes/theme1/bg.png", "name": "nessly \ud83c\udd71\ufe0f", "lang": "en", "favourites_count": 16921, "screen_name": "nestleamon", "created_at": "Sun Feb 16 01:34:45 +0000 2014", "profile_sidebar_border_color": "C0DEED", "default_profile": true}, "urls": [], "id": 514603802692165633, "id_str": "514603802692165633"}