{"lang": "und", "in_reply_to_user_id": 575853327, "text": "@katrinalome .", "created_at": "Wed Sep 24 02:38:59 +0000 2014", "hashtags": [], "user_mentions": [{"id_str": "575853327", "screen_name": "katrinalome", "name": "\u2280treenz", "id": 575853327}], "source": "<a href=\"http://twitter.com/download/android\" rel=\"nofollow\">Twitter for Android</a>", "in_reply_to_status_id": 514512849876836352, "in_reply_to_screen_name": "katrinalome", "user": {"profile_use_background_image": true, "id": 153935753, "profile_image_url_https": "https://pbs.twimg.com/profile_images/1043166177026039813/k58FCbbR_normal.jpg", "profile_sidebar_fill_color": "E3E2DE", "geo_enabled": true, "profile_text_color": "634047", "followers_count": 485, "location": "Republic of Korea", "profile_background_color": "EDECE9", "id_str": "153935753", "statuses_count": 64114, "description": "@weareoneEXO enthusiast", "friends_count": 1749, "profile_link_color": "1366F5", "profile_image_url": "http://pbs.twimg.com/profile_images/1043166177026039813/k58FCbbR_normal.jpg", "profile_background_image_url_https": "https://abs.twimg.com/images/themes/theme3/bg.gif", "profile_banner_url": "https://pbs.twimg.com/profile_banners/153935753/1516721612", "profile_background_image_url": "http://abs.twimg.com/images/themes/theme3/bg.gif", "name": "DMUMT \ud83d\ude24\ud83d\udc95", "lang": "en", "profile_background_tile": true, "favourites_count": 75949, "screen_name": "tsanbeykx", "created_at": "Wed Jun 09 23:20:40 +0000 2010", "profile_sidebar_border_color": "FFFFFF", "listed_count": 5}, "urls": [], "id": 514604884008906754, "id_str": "514604884008906754"}