{"lang": "en", "in_reply_to_user_id": 575853327, "text": "\u201c@katrinalome: don't put your iphone 6 in your pocket y'all  http://t.co/NU1lHioL8r http://t.co/GKIxt9hZ5x\u201d y I dint get it. #iPhone6", "created_at": "Wed Sep 24 05:50:46 +0000 2014", "hashtags": [{"text": "iPhone6"}], "user_mentions": [{"id_str": "575853327", "screen_name": "katrinalome", "name": "\u2280treenz", "id": 575853327}], "source": "<a href=\"http://twitter.com/download/iphone\" rel=\"nofollow\">Twitter for iPhone</a>", "in_reply_to_status_id": 514512849876836352, "in_reply_to_screen_name": "katrinalome", "user": {"profile_use_background_image": true, "id": 318025961, "profile_image_url_https": "https://pbs.twimg.com/profile_images/517751462685069312/EfUsJgct_normal.jpeg", "profile_sidebar_fill_color": "DDEEF6", "profile_text_color": "333333", "followers_count": 58, "location": "las vegas", "profile_background_color": "C0DEED", "id_str": "318025961", "statuses_count": 441, "description": "*East Vegas made\n*Artist/fashion designer\n*custom tailor\n*contact *email: carlosbruce72@gmail.com contact me for collabs \u26a1\ufe0f#flashyincclothing\u26a1\ufe0f fw it", "friends_count": 103, "profile_link_color": "1DA1F2", "profile_image_url": "http://pbs.twimg.com/profile_images/517751462685069312/EfUsJgct_normal.jpeg", "profile_background_image_url_https": "https://abs.twimg.com/images/themes/theme1/bg.png", "profile_banner_url": "https://pbs.twimg.com/profile_banners/318025961/1411183253", "profile_background_image_url": "http://abs.twimg.com/images/themes/theme1/bg.png", "name": "Sh0time_datailor", "lang": "en", "favourites_count": 242, "screen_name": "CARLOSTHEBRUCE", "url": "http://t.co/0afhUjSn9W", "created_at": "Wed Jun 15 21:03:41 +0000 2011", "profile_sidebar_border_color": "C0DEED", "default_profile": true, "listed_count": 6}, "urls": [{"url": "http://t.co/NU1lHioL8r", "expanded_url": "http://m.huffpost.com/us/entry/5869572"}], "media": [{"expanded_url": "https://twitter.com/katrinalome/status/514512849876836352/photo/1", "display_url": "pic.twitter.com/GKIxt9hZ5x", "url": "http://t.co/GKIxt9hZ5x", "media_url_https": "https://pbs.twimg.com/media/ByPqtbDIAAE6Eq5.jpg", "sizes": {"large": {"h": 800, "resize": "fit", "w": 600}, "small": {"h": 680, "resize": "fit", "w": 510}, "medium": {"h": 800, "resize": "fit", "w": 600}, "thumb": {"h": 150, "resize": "crop", "w": 150}}, "type": "photo", "id": 514512848526245889, "media_url": "http://pbs.twimg.com/media/ByPqtbDIAAE6Eq5.jpg"}], "id": 514653144517967872, "id_str": "514653144517967872"}