{"lang": "en", "in_reply_to_user_id": 93637779, "text": "@vickikellar @AdamMilstein\n\nOcare\nBenghazi\nA G Holdr\nMassAliens\nA TalibanTrade\n\nRaceBaitng\nUnemplymt \u25b2\nIRS VA\nNoPipelne\nEconomy \u25bc\nDebt \u25b2\n\nUS", "created_at": "Thu Sep 25 23:07:04 +0000 2014", "hashtags": [], "user_mentions": [{"id_str": "2371463736", "screen_name": "vickikellar", "name": "\u041d\u0430\u0441\u0442\u0451\u043d\u043a\u0430 \u0421\u043e\u043b\u043e\u0432\u044c\u0451\u0432\u0430", "id": 2371463736}, {"id_str": "93637779", "screen_name": "AdamMilstein", "name": "Adam Milstein", "id": 93637779}], "source": "<a href=\"http://www.tweetcaster.com\" rel=\"nofollow\">TweetCaster for Android</a>", "in_reply_to_status_id": 513922322915282945, "in_reply_to_screen_name": "AdamMilstein", "user": {"profile_use_background_image": true, "id": 1434161089, "profile_image_url_https": "https://pbs.twimg.com/profile_images/1008714112900067328/kFC79FWv_normal.jpg", "profile_sidebar_fill_color": "DDEEF6", "profile_text_color": "333333", "followers_count": 4444, "location": "Arizona", "profile_background_color": "C0DEED", "id_str": "1434161089", "statuses_count": 24594, "description": "Love my Country&Trump-Proud of my heritage & brave commitment of my family 4 U.S.A.  Capitalism & Freedom. Small govt-honesty & safety #MAGA #AmericaFirst!", "friends_count": 3911, "profile_link_color": "1DA1F2", "profile_image_url": "http://pbs.twimg.com/profile_images/1008714112900067328/kFC79FWv_normal.jpg", "profile_background_image_url_https": "https://abs.twimg.com/images/themes/theme1/bg.png", "profile_banner_url": "https://pbs.twimg.com/profile_banners/1434161089/1531401565", "profile_background_image_url": "http://abs.twimg.com/images/themes/theme1/bg.png", "name": "candice", "lang": "en", "favourites_count": 1382, "screen_name": "Mann4Trump", "created_at": "Thu May 16 22:28:42 +0000 2013", "profile_sidebar_border_color": "C0DEED", "default_profile": true, "listed_count": 37}, "urls": [], "retweet_count": 1, "id": 515276328158134274, "favorite_count": 1, "id_str": "515276328158134274"}