{"lang": "en", "in_reply_to_user_id": 469194846, "text": "@TwitchyTeam Imagine if a white man had beheaded a black woman, Oh the outcry and riots that would occur.", "created_at": "Fri Sep 26 19:42:38 +0000 2014", "hashtags": [], "user_mentions": [{"id_str": "469194846", "screen_name": "TwitchyTeam", "name": "Twitchy Team", "id": 469194846}], "source": "<a href=\"http://twitter.com\" rel=\"nofollow\">Twitter Web Client</a>", "in_reply_to_status_id": 515538937058971648, "in_reply_to_screen_name": "TwitchyTeam", "user": {"id": 21803786, "profile_image_url_https": "https://pbs.twimg.com/profile_images/817097281665122304/CeAR71Gq_normal.jpg", "profile_sidebar_fill_color": "000000", "profile_text_color": "000000", "followers_count": 1180, "location": "NYC Area", "profile_background_color": "000000", "id_str": "21803786", "statuses_count": 24870, "description": "Alumnus of University of Notre Dame and love talking Politics, Women's Hoops and Big Brother 18. Always rising against Super Storm Sandy 2012.", "friends_count": 2206, "profile_link_color": "1B95E0", "profile_image_url": "http://pbs.twimg.com/profile_images/817097281665122304/CeAR71Gq_normal.jpg", "profile_background_image_url_https": "https://abs.twimg.com/images/themes/theme15/bg.png", "profile_banner_url": "https://pbs.twimg.com/profile_banners/21803786/1479599637", "profile_background_image_url": "http://abs.twimg.com/images/themes/theme15/bg.png", "name": "Niel Bohr", "lang": "en", "favourites_count": 3807, "screen_name": "bohratom", "url": "https://t.co/igbALxA0Ic", "created_at": "Tue Feb 24 22:02:07 +0000 2009", "profile_sidebar_border_color": "000000", "listed_count": 34}, "urls": [], "id": 515587266665000960, "id_str": "515587266665000960"}