{"lang": "en", "in_reply_to_user_id": 16711026, "text": "@Politics_PR @MarthaHotz / incredible", "created_at": "Mon Sep 29 12:17:03 +0000 2014", "hashtags": [], "user_mentions": [{"id_str": "16711026", "screen_name": "Politics_PR", "name": "R. Saddler \ud83d\udcce\ud83d\uddfd\ud83c\udf0a", "id": 16711026}, {"id_str": "898445311", "screen_name": "MarthaHotz", "name": "BeTheLight", "id": 898445311}], "source": "<a href=\"http://twitter.com/download/iphone\" rel=\"nofollow\">Twitter for iPhone</a>", "in_reply_to_status_id": 516545908813475841, "in_reply_to_screen_name": "Politics_PR", "user": {"profile_use_background_image": true, "id": 16074930, "profile_image_url_https": "https://pbs.twimg.com/profile_images/713218044235882497/s7c7PRf1_normal.jpg", "profile_sidebar_fill_color": "C0DFEC", "geo_enabled": true, "profile_text_color": "333333", "followers_count": 34584, "location": "\u05d0\u05e0\u05d9 \u05ea\u05d5\u05de\u05da \u05d9\u05e9\u05e8\u05d0\u05dc", "profile_background_color": "022330", "id_str": "16074930", "statuses_count": 178873, "description": "Worlds#1NewsJunkie #Cinephile #LGBT #ProChoice #Resistance #Sondheim #cosmology #science #blockchain #FactsFirst #MeToo #ClimateChange #EmilysList TLV LAS YYZ", "friends_count": 27645, "profile_link_color": "0084B4", "profile_image_url": "http://pbs.twimg.com/profile_images/713218044235882497/s7c7PRf1_normal.jpg", "profile_background_image_url_https": "https://abs.twimg.com/images/themes/theme15/bg.png", "profile_banner_url": "https://pbs.twimg.com/profile_banners/16074930/1525613706", "profile_background_image_url": "http://abs.twimg.com/images/themes/theme15/bg.png", "name": "David #FBPE #FBR", "lang": "en", "favourites_count": 248, "screen_name": "intenseCA", "url": "https://t.co/c5KhtPhbXi", "created_at": "Mon Sep 01 02:22:07 +0000 2008", "profile_sidebar_border_color": "A8C7F7", "listed_count": 521}, "urls": [], "id": 516562297880580096, "id_str": "516562297880580096"}