{"lang": "en", "in_reply_to_user_id": 14861285, "text": "@MacRumors when will I be able to connect to my ford SYNC again?", "created_at": "Mon Sep 29 22:31:03 +0000 2014", "hashtags": [], "user_mentions": [{"id_str": "14861285", "screen_name": "MacRumors", "name": "MacRumors.com", "id": 14861285}], "source": "<a href=\"http://tapbots.com/tweetbot\" rel=\"nofollow\">Tweetbot for i\u039fS</a>", "in_reply_to_status_id": 516682897864916992, "in_reply_to_screen_name": "MacRumors", "user": {"profile_use_background_image": true, "id": 263267053, "profile_image_url_https": "https://pbs.twimg.com/profile_images/815030897200295936/mLF_QTxE_normal.jpg", "profile_sidebar_fill_color": "252429", "geo_enabled": true, "profile_text_color": "666666", "followers_count": 95, "location": "edmond, ok", "profile_background_color": "1A1B1F", "id_str": "263267053", "statuses_count": 2288, "friends_count": 82, "profile_link_color": "2FC2EF", "profile_image_url": "http://pbs.twimg.com/profile_images/815030897200295936/mLF_QTxE_normal.jpg", "profile_background_image_url_https": "https://abs.twimg.com/images/themes/theme9/bg.gif", "profile_banner_url": "https://pbs.twimg.com/profile_banners/263267053/1483153485", "profile_background_image_url": "http://abs.twimg.com/images/themes/theme9/bg.gif", "name": "Rodney Niya \u0627\u0648 \u0631\u0627\u062f\u0646\u06cc", "lang": "en", "favourites_count": 569, "screen_name": "Rodneyniya", "url": "https://t.co/GOQrVSNg5s", "created_at": "Wed Mar 09 18:32:05 +0000 2011", "profile_sidebar_border_color": "181A1E", "listed_count": 3}, "urls": [], "id": 516716814278348800, "id_str": "516716814278348800"}