{"lang": "en", "in_reply_to_user_id": 972651, "text": "@mashable that's a new feature though, to patch the nude photos.", "created_at": "Tue Sep 30 08:06:28 +0000 2014", "hashtags": [], "user_mentions": [{"id_str": "972651", "screen_name": "mashable", "name": "Mashable", "id": 972651}], "source": "<a href=\"https://about.twitter.com/products/tweetdeck\" rel=\"nofollow\">TweetDeck</a>", "in_reply_to_status_id": 516861311725342722, "in_reply_to_screen_name": "mashable", "user": {"profile_use_background_image": true, "id": 33454421, "profile_image_url_https": "https://pbs.twimg.com/profile_images/1027950710808297473/odJs2GyU_normal.jpg", "profile_sidebar_fill_color": "252429", "geo_enabled": true, "profile_text_color": "666666", "followers_count": 1597, "location": "New York, NY", "profile_background_color": "131516", "id_str": "33454421", "statuses_count": 14493, "description": "part-time artist, full-time con. primordial supermodel. rock it scientist. african in america. new yorkian for a startup and likes to getdown.", "friends_count": 474, "profile_link_color": "FF0033", "profile_image_url": "http://pbs.twimg.com/profile_images/1027950710808297473/odJs2GyU_normal.jpg", "profile_background_image_url_https": "https://abs.twimg.com/images/themes/theme14/bg.gif", "profile_banner_url": "https://pbs.twimg.com/profile_banners/33454421/1482453026", "profile_background_image_url": "http://abs.twimg.com/images/themes/theme14/bg.gif", "name": "Dax", "lang": "en", "profile_background_tile": true, "favourites_count": 9791, "screen_name": "DAXFROST", "created_at": "Mon Apr 20 07:28:42 +0000 2009", "profile_sidebar_border_color": "FFFFFF", "listed_count": 29}, "urls": [], "retweet_count": 1, "id": 516861624981135360, "favorite_count": 1, "id_str": "516861624981135360"}