{"lang": "en", "in_reply_to_user_id": 83711992, "text": "@cheekylatte Islamic scum butcher animals with more respect than they butcher human beings.", "created_at": "Tue Sep 30 13:00:48 +0000 2014", "hashtags": [], "user_mentions": [{"id_str": "83711992", "screen_name": "cheekylatte", "name": "\ud83c\uddec\ud83c\udde7CheekyLatte \u274c #StandUP4BREXIT- 6months2Brexit", "id": 83711992}], "source": "<a href=\"http://twitter.com/download/android\" rel=\"nofollow\">Twitter for Android</a>", "in_reply_to_status_id": 516717258882953216, "in_reply_to_screen_name": "cheekylatte", "user": {"profile_use_background_image": true, "id": 2230732530, "profile_image_url_https": "https://pbs.twimg.com/profile_images/971725050482114565/vUBsbOj3_normal.jpg", "profile_sidebar_fill_color": "DDEEF6", "geo_enabled": true, "profile_text_color": "333333", "followers_count": 3017, "id_str": "2230732530", "profile_background_color": "C0DEED", "listed_count": 36, "statuses_count": 29841, "description": "Not tired of winning yet.", "friends_count": 3310, "profile_link_color": "1DA1F2", "profile_image_url": "http://pbs.twimg.com/profile_images/971725050482114565/vUBsbOj3_normal.jpg", "profile_background_image_url_https": "https://abs.twimg.com/images/themes/theme1/bg.png", "profile_banner_url": "https://pbs.twimg.com/profile_banners/2230732530/1520512156", "profile_background_image_url": "http://abs.twimg.com/images/themes/theme1/bg.png", "name": "IXOYE", "lang": "en", "favourites_count": 20920, "screen_name": "444tirade", "created_at": "Thu Dec 05 01:39:06 +0000 2013", "profile_sidebar_border_color": "C0DEED", "default_profile": true}, "urls": [], "id": 516935693290209280, "id_str": "516935693290209280"}