{"lang": "en", "in_reply_to_user_id": 15791186, "text": "@KHOU What?! I need to read about this. Is it saying this originated here in the states or is this someone who traveled abroad. Yikes!", "created_at": "Tue Sep 30 20:48:42 +0000 2014", "hashtags": [], "user_mentions": [{"id_str": "15791186", "screen_name": "KHOU", "name": "KHOU 11 News Houston", "id": 15791186}], "source": "<a href=\"http://twitter.com\" rel=\"nofollow\">Twitter Web Client</a>", "in_reply_to_status_id": 517053056211357696, "in_reply_to_screen_name": "KHOU", "user": {"profile_use_background_image": true, "id": 1225710823, "profile_image_url_https": "https://pbs.twimg.com/profile_images/450316640677154816/CZPkw78__normal.jpeg", "profile_sidebar_fill_color": "000000", "profile_text_color": "FA8459", "followers_count": 1021, "location": "United States", "profile_background_color": "030103", "id_str": "1225710823", "statuses_count": 1749, "description": "PR/BRAND STRATEGIST.  A PURPOSE miner; A PASSION pusha; A MENTAL chemist. On a quest to find meaning in life and be a beacon of light for others on the path.", "friends_count": 2357, "profile_link_color": "947974", "profile_image_url": "http://pbs.twimg.com/profile_images/450316640677154816/CZPkw78__normal.jpeg", "profile_background_image_url_https": "https://abs.twimg.com/images/themes/theme1/bg.png", "profile_background_image_url": "http://abs.twimg.com/images/themes/theme1/bg.png", "name": "Sarni J", "lang": "en", "favourites_count": 1840, "screen_name": "AlignMeSarni", "url": "https://t.co/Q3CA2AyM87", "created_at": "Wed Feb 27 17:55:18 +0000 2013", "profile_sidebar_border_color": "ADF1FC", "listed_count": 25}, "urls": [], "id": 517053444729753600, "id_str": "517053444729753600"}