{"lang": "en", "in_reply_to_user_id": 18927441, "text": "@IGN no \nJust nsa stole it", "created_at": "Tue Sep 30 19:52:04 +0000 2014", "hashtags": [], "user_mentions": [{"id_str": "18927441", "screen_name": "IGN", "name": "IGN", "id": 18927441}], "source": "<a href=\"http://twitter.com/download/android\" rel=\"nofollow\">Twitter for Android</a>", "in_reply_to_status_id": 517038566061658114, "in_reply_to_screen_name": "IGN", "user": {"profile_use_background_image": true, "id": 2157558074, "profile_image_url_https": "https://pbs.twimg.com/profile_images/1033453587773440001/YIPq49U-_normal.jpg", "profile_sidebar_fill_color": "000000", "geo_enabled": true, "profile_text_color": "000000", "followers_count": 15548, "location": "K\u00f6ln, Deutschland", "profile_background_color": "1A1B1F", "id_str": "2157558074", "statuses_count": 54990, "description": "News aus der Videospiel-Industrie, Reviews, ehrliche Meinung und kein Nonsens. Poste viel, liebe Videospiele & hype sie. Ex-PS4Germany Guy. Nutze Amazon Ref.", "friends_count": 766, "profile_link_color": "3B94D9", "profile_image_url": "http://pbs.twimg.com/profile_images/1033453587773440001/YIPq49U-_normal.jpg", "profile_background_image_url_https": "https://abs.twimg.com/images/themes/theme9/bg.gif", "profile_banner_url": "https://pbs.twimg.com/profile_banners/2157558074/1538087558", "profile_background_image_url": "http://abs.twimg.com/images/themes/theme9/bg.gif", "name": "Hype #RDR2\ud83c\udfae", "lang": "de", "profile_background_tile": true, "favourites_count": 15270, "screen_name": "HypeYourGames", "url": "https://t.co/2ZQwGNSyFU", "created_at": "Sat Oct 26 21:09:26 +0000 2013", "profile_sidebar_border_color": "000000", "listed_count": 92}, "urls": [], "retweet_count": 1, "id": 517039194951409664, "favorite_count": 2, "id_str": "517039194951409664"}