{"lang": "en", "in_reply_to_user_id": 43182702, "text": "@Jarjarbug @LilyIsFree This is an act of terrorism just like Fort Hood.  #Obama's no comment says a great deal about the POS!!!", "created_at": "Wed Oct 01 15:40:48 +0000 2014", "hashtags": [{"text": "Obama"}], "user_mentions": [{"id_str": "43182702", "screen_name": "Jarjarbug", "name": "Defund NPR PBS & NEA", "id": 43182702}, {"id_str": "864881161", "screen_name": "LilyIsFree", "name": "Lily", "id": 864881161}], "source": "<a href=\"http://twitter.com\" rel=\"nofollow\">Twitter Web Client</a>", "in_reply_to_status_id": 517051126466625536, "in_reply_to_screen_name": "Jarjarbug", "user": {"profile_use_background_image": true, "id": 23974021, "profile_image_url_https": "https://pbs.twimg.com/profile_images/378800000834409687/71b21daef2177d71e6412c5f20d3a624_normal.jpeg", "profile_sidebar_fill_color": "55C368", "profile_text_color": "000000", "followers_count": 4394, "location": "Colorado, USA", "profile_background_color": "000000", "id_str": "23974021", "statuses_count": 33676, "description": "I'd rather be fly fishing or bicycling than on Twitter!  Author of 5 Necessary Skills to Keep Your Career on Track; Mgt Dir Concinnity Partners, SVP China Tours", "friends_count": 5084, "profile_link_color": "2B4C97", "profile_image_url": "http://pbs.twimg.com/profile_images/378800000834409687/71b21daef2177d71e6412c5f20d3a624_normal.jpeg", "profile_background_image_url_https": "https://abs.twimg.com/images/themes/theme6/bg.gif", "profile_banner_url": "https://pbs.twimg.com/profile_banners/23974021/1483213925", "profile_background_image_url": "http://abs.twimg.com/images/themes/theme6/bg.gif", "name": "Richard Scot Pearson", "lang": "en", "favourites_count": 150, "screen_name": "RichardSPearson", "url": "http://t.co/RrmDvpkcDc", "created_at": "Thu Mar 12 16:06:53 +0000 2009", "profile_sidebar_border_color": "2B6A97", "listed_count": 197}, "urls": [], "retweet_count": 3, "id": 517338346649952258, "favorite_count": 4, "id_str": "517338346649952258"}