{"lang": "en", "in_reply_to_user_id": 110445334, "text": "@megynkelly He obviously has his head about him.", "created_at": "Fri Oct 03 01:37:07 +0000 2014", "hashtags": [], "user_mentions": [{"id_str": "110445334", "screen_name": "megynkelly", "name": "Megyn Kelly", "id": 110445334}], "source": "<a href=\"http://twitter.com\" rel=\"nofollow\">Twitter Web Client</a>", "in_reply_to_status_id": 517850508380618752, "in_reply_to_screen_name": "megynkelly", "user": {"profile_use_background_image": true, "id": 2651745475, "profile_image_url_https": "https://pbs.twimg.com/profile_images/489727814904471552/FI5wbu2Y_normal.jpeg", "profile_sidebar_fill_color": "DDEEF6", "geo_enabled": true, "profile_text_color": "333333", "followers_count": 3240, "location": "New Brighton, MN", "profile_background_color": "C0DEED", "id_str": "2651745475", "statuses_count": 11501, "description": "A patriot (USMC) Pro USA/Israel! We can't hide/\"correct\" our history. Good-bad, it's our journey. But we can strive to improve! #ProudAmerican", "friends_count": 4447, "profile_link_color": "01DF01", "profile_image_url": "http://pbs.twimg.com/profile_images/489727814904471552/FI5wbu2Y_normal.jpeg", "profile_background_image_url_https": "https://abs.twimg.com/images/themes/theme1/bg.png", "profile_banner_url": "https://pbs.twimg.com/profile_banners/2651745475/1405619032", "profile_background_image_url": "http://abs.twimg.com/images/themes/theme1/bg.png", "name": "DiploraPHIL", "lang": "en", "favourites_count": 1714, "screen_name": "NegSilent", "created_at": "Wed Jul 16 18:32:53 +0000 2014", "profile_sidebar_border_color": "FFFFFF", "listed_count": 12}, "urls": [], "id": 517850802246127617, "id_str": "517850802246127617"}