{"lang": "en", "in_reply_to_user_id": 110445334, "text": "@megynkelly hopefully they'll use a \"rusty guillotine\" #head4ahead #TCOT #noshariainUSA", "created_at": "Fri Oct 03 03:55:43 +0000 2014", "hashtags": [{"text": "head4ahead"}, {"text": "TCOT"}, {"text": "noshariainUSA"}], "user_mentions": [{"id_str": "110445334", "screen_name": "megynkelly", "name": "Megyn Kelly", "id": 110445334}], "source": "<a href=\"http://twitter.com\" rel=\"nofollow\">Twitter Web Client</a>", "in_reply_to_status_id": 517850508380618752, "in_reply_to_screen_name": "megynkelly", "user": {"profile_use_background_image": true, "id": 21718998, "profile_image_url_https": "https://pbs.twimg.com/profile_images/1047760641497468928/iy1Xge1C_normal.jpg", "profile_sidebar_fill_color": "95E8EC", "profile_text_color": "3C3940", "followers_count": 4888, "location": "A Captive In Madiganistan", "profile_background_color": "0099B9", "id_str": "21718998", "statuses_count": 73826, "description": "An American Who Has Always Been Proud of Her Country \ud83d\udc4a\ud83c\uddfa\ud83c\uddf8", "friends_count": 2642, "profile_link_color": "009AB9", "profile_image_url": "http://pbs.twimg.com/profile_images/1047760641497468928/iy1Xge1C_normal.jpg", "profile_background_image_url_https": "https://abs.twimg.com/images/themes/theme4/bg.gif", "profile_banner_url": "https://pbs.twimg.com/profile_banners/21718998/1538613999", "profile_background_image_url": "http://abs.twimg.com/images/themes/theme4/bg.gif", "name": "wc winc", "lang": "en", "favourites_count": 62214, "screen_name": "wcwinc", "created_at": "Tue Feb 24 02:00:46 +0000 2009", "profile_sidebar_border_color": "5ED4DC", "listed_count": 9}, "urls": [], "id": 517885684204699649, "id_str": "517885684204699649"}