{"lang": "en", "in_reply_to_user_id": 143145579, "text": "@ThePoke the genius of that is it makes you realise the entire car looks like it's made of penis.", "created_at": "Thu Oct 09 09:05:33 +0000 2014", "hashtags": [], "user_mentions": [{"id_str": "143145579", "screen_name": "ThePoke", "name": "The Poke", "id": 143145579}], "source": "<a href=\"http://twitter.com/carbonandroid\" rel=\"nofollow\">Carbon for Android</a>", "in_reply_to_status_id": 520132836594970625, "in_reply_to_screen_name": "ThePoke", "user": {"profile_use_background_image": true, "id": 23930286, "profile_image_url_https": "https://pbs.twimg.com/profile_images/897854192399904768/zP6j7oE-_normal.jpg", "profile_sidebar_fill_color": "DDFFCC", "profile_text_color": "333333", "followers_count": 32240, "location": "Halfway 'twixt Selsey Bill and", "profile_background_color": "9AE4E8", "id_str": "23930286", "statuses_count": 111962, "description": "My principles are only those that, before the first series of Big Brother, every well-born person considered sane and normal. One/one's.", "friends_count": 1493, "profile_link_color": "0084B4", "profile_image_url": "http://pbs.twimg.com/profile_images/897854192399904768/zP6j7oE-_normal.jpg", "profile_background_image_url_https": "https://abs.twimg.com/images/themes/theme1/bg.png", "profile_banner_url": "https://pbs.twimg.com/profile_banners/23930286/1520362732", "profile_background_image_url": "http://abs.twimg.com/images/themes/theme1/bg.png", "name": "simon evans", "lang": "en", "profile_background_tile": true, "favourites_count": 16869, "screen_name": "TheSimonEvans", "url": "https://t.co/XNfKN1VXK9", "created_at": "Thu Mar 12 10:49:52 +0000 2009", "profile_sidebar_border_color": "BDDCAD", "listed_count": 594}, "urls": [], "id": 520137983463555072, "favorite_count": 1, "id_str": "520137983463555072"}