{"lang": "en", "in_reply_to_user_id": 13049362, "text": "\"@ComplexMag: Someone spray painted a penis on a $2.4 million Bugatti Veyron: http://t.co/X7pTOEqaKp\" good.", "created_at": "Thu Oct 09 13:55:02 +0000 2014", "hashtags": [], "user_mentions": [{"id_str": "784467", "screen_name": "complexmag", "name": "...", "id": 784467}], "source": "<a href=\"http://twitter.com\" rel=\"nofollow\">Twitter Web Client</a>", "in_reply_to_status_id": 519867098945044480, "in_reply_to_screen_name": "Complex", "user": {"profile_use_background_image": true, "id": 17823154, "profile_image_url_https": "https://pbs.twimg.com/profile_images/1021110358726139905/p0M18ikv_normal.jpg", "profile_sidebar_fill_color": "DDFFCC", "geo_enabled": true, "profile_text_color": "333333", "followers_count": 578, "location": "NY", "profile_background_color": "FFFFFF", "id_str": "17823154", "statuses_count": 24140, "description": "a mean girl with bad tweets", "friends_count": 588, "profile_link_color": "FA58AC", "profile_image_url": "http://pbs.twimg.com/profile_images/1021110358726139905/p0M18ikv_normal.jpg", "profile_background_image_url_https": "https://abs.twimg.com/images/themes/theme1/bg.png", "profile_banner_url": "https://pbs.twimg.com/profile_banners/17823154/1535728095", "profile_background_image_url": "http://abs.twimg.com/images/themes/theme1/bg.png", "name": "kate\ud83e\udd20", "lang": "en", "profile_background_tile": true, "favourites_count": 46258, "screen_name": "uglieboyfriend", "url": "https://t.co/YidlPKFTGG", "created_at": "Wed Dec 03 00:15:37 +0000 2008", "profile_sidebar_border_color": "FFFFFF", "listed_count": 15}, "urls": [{"url": "http://t.co/X7pTOEqaKp", "expanded_url": "http://trib.al/LCfbZqy"}], "id": 520210832165437441, "favorite_count": 1, "id_str": "520210832165437441"}