{"lang": "en", "in_reply_to_user_id": 1652541, "text": "@Reuters That's a shame,  I hoped he'd got ebola,  he deserves it.", "created_at": "Thu Oct 09 17:35:23 +0000 2014", "hashtags": [], "user_mentions": [{"id_str": "1652541", "screen_name": "Reuters", "name": "Reuters Top News", "id": 1652541}], "source": "<a href=\"http://twitter.com\" rel=\"nofollow\">Twitter Web Client</a>", "in_reply_to_status_id": 520265722967375872, "in_reply_to_screen_name": "Reuters", "user": {"profile_use_background_image": true, "id": 112777979, "profile_image_url_https": "https://pbs.twimg.com/profile_images/555087726240751616/qb0pvpsG_normal.jpeg", "profile_sidebar_fill_color": "F6F6F6", "geo_enabled": true, "profile_text_color": "333333", "followers_count": 4966, "location": "Rock.  Cornwall.", "profile_background_color": "ACDED6", "id_str": "112777979", "statuses_count": 57720, "description": "I am interested in Animal Welfare, typically Ending the DOG & CAT MEAT TRADE, I hate cruelty to animals & will support them always.Vegetarian. Cancer survivor.\ud83d\ude2c", "friends_count": 4642, "profile_link_color": "E81C4F", "profile_image_url": "http://pbs.twimg.com/profile_images/555087726240751616/qb0pvpsG_normal.jpeg", "profile_background_image_url_https": "https://abs.twimg.com/images/themes/theme18/bg.gif", "profile_banner_url": "https://pbs.twimg.com/profile_banners/112777979/1406745176", "profile_background_image_url": "http://abs.twimg.com/images/themes/theme18/bg.gif", "name": "tessa connorton", "lang": "en", "favourites_count": 32962, "screen_name": "ladytess2012", "created_at": "Tue Feb 09 17:43:34 +0000 2010", "profile_sidebar_border_color": "FFFFFF", "listed_count": 133}, "urls": [], "id": 520266288212758528, "id_str": "520266288212758528"}