{"lang": "en", "in_reply_to_user_id": 221452291, "text": "@Know @TheAarkAngel this story is acually not true, sorry to burst ya bubble", "created_at": "Mon Oct 13 18:46:53 +0000 2014", "hashtags": [], "user_mentions": [{"id_str": "221452291", "screen_name": "Know", "name": "Did You Know?", "id": 221452291}, {"id_str": "1152606086", "screen_name": "TheAarkAngel", "name": "Aark", "id": 1152606086}], "source": "<a href=\"http://twitter.com\" rel=\"nofollow\">Twitter Web Client</a>", "in_reply_to_status_id": 521727831307722753, "in_reply_to_screen_name": "Know", "user": {"profile_use_background_image": true, "id": 1459724954, "profile_image_url_https": "https://pbs.twimg.com/profile_images/817816011667808257/SwaoVR94_normal.jpg", "profile_sidebar_fill_color": "DDEEF6", "profile_text_color": "333333", "followers_count": 419, "location": "Sk\u00e5neland!", "profile_background_color": "C0DEED", "id_str": "1459724954", "statuses_count": 21388, "description": "A Kex named Wolf, Furry, Physicist, Pleasently disturbed. Team Legalize Awoowoo!", "friends_count": 270, "profile_link_color": "1DA1F2", "profile_image_url": "http://pbs.twimg.com/profile_images/817816011667808257/SwaoVR94_normal.jpg", "profile_background_image_url_https": "https://abs.twimg.com/images/themes/theme1/bg.png", "profile_banner_url": "https://pbs.twimg.com/profile_banners/1459724954/1452112518", "profile_background_image_url": "http://abs.twimg.com/images/themes/theme1/bg.png", "name": "Kex", "lang": "sv", "favourites_count": 7676, "screen_name": "Kexie_", "created_at": "Sun May 26 14:01:39 +0000 2013", "profile_sidebar_border_color": "C0DEED", "default_profile": true, "listed_count": 8}, "urls": [], "id": 521733832287219712, "id_str": "521733832287219712"}