{"lang": "en", "in_reply_to_user_id": 371581365, "text": "@AnneWalters wow. Dick move", "created_at": "Mon Oct 13 20:55:14 +0000 2014", "hashtags": [], "user_mentions": [{"id_str": "371581365", "screen_name": "AnneWalters", "name": "Anne Walters", "id": 371581365}], "source": "<a href=\"http://twitter.com/download/iphone\" rel=\"nofollow\">Twitter for iPhone</a>", "in_reply_to_status_id": 521753942431395840, "in_reply_to_screen_name": "AnneWalters", "user": {"profile_use_background_image": true, "id": 394421932, "profile_image_url_https": "https://pbs.twimg.com/profile_images/846903495311679488/j4iztm_J_normal.jpg", "profile_sidebar_fill_color": "DDEEF6", "geo_enabled": true, "profile_text_color": "333333", "followers_count": 364, "location": "Wichita, Ks", "profile_background_color": "C0DEED", "id_str": "394421932", "statuses_count": 14565, "description": "Husband, Father figure to a beautiful little girl and a Yorkie. Aviation Leader. On the path to awesome. GO SHOX!", "friends_count": 1121, "profile_link_color": "1DA1F2", "profile_image_url": "http://pbs.twimg.com/profile_images/846903495311679488/j4iztm_J_normal.jpg", "profile_background_image_url_https": "https://abs.twimg.com/images/themes/theme1/bg.png", "profile_banner_url": "https://pbs.twimg.com/profile_banners/394421932/1490752504", "profile_background_image_url": "http://abs.twimg.com/images/themes/theme1/bg.png", "name": "Kenneth Mitchem", "lang": "en", "favourites_count": 6048, "screen_name": "khmitchem", "created_at": "Thu Oct 20 01:44:51 +0000 2011", "profile_sidebar_border_color": "C0DEED", "default_profile": true, "listed_count": 8}, "urls": [], "id": 521766133163388928, "id_str": "521766133163388928"}