{"lang": "en", "in_reply_to_user_id": 15438913, "text": "@MailOnline @HobbieStuart wow you've been lucky Hobs \ud83d\ude05", "created_at": "Thu Oct 16 08:16:23 +0000 2014", "hashtags": [], "user_mentions": [{"id_str": "15438913", "screen_name": "MailOnline", "name": "Daily Mail Online", "id": 15438913}, {"id_str": "228162163", "screen_name": "HobbieStuart", "name": "Hobbie Stuart", "id": 228162163}], "source": "<a href=\"http://twitter.com/download/iphone\" rel=\"nofollow\">Twitter for iPhone</a>", "in_reply_to_status_id": 522654603675176960, "in_reply_to_screen_name": "MailOnline", "user": {"profile_use_background_image": true, "id": 30694387, "profile_image_url_https": "https://pbs.twimg.com/profile_images/1041243789975678978/AY9NDXYW_normal.jpg", "profile_sidebar_fill_color": "A38FA3", "geo_enabled": true, "profile_text_color": "3D1957", "followers_count": 171, "location": "London, England", "profile_background_color": "171517", "id_str": "30694387", "statuses_count": 9942, "friends_count": 98, "profile_link_color": "0A0909", "profile_image_url": "http://pbs.twimg.com/profile_images/1041243789975678978/AY9NDXYW_normal.jpg", "profile_background_image_url_https": "https://abs.twimg.com/images/themes/theme10/bg.gif", "profile_banner_url": "https://pbs.twimg.com/profile_banners/30694387/1537453894", "profile_background_image_url": "http://abs.twimg.com/images/themes/theme10/bg.gif", "name": "Laura", "lang": "fr", "favourites_count": 708, "screen_name": "LauraBY", "created_at": "Sun Apr 12 18:26:28 +0000 2009", "profile_sidebar_border_color": "FFFFFF", "listed_count": 9}, "urls": [], "id": 522662324323500032, "id_str": "522662324323500032"}