{"lang": "en", "in_reply_to_user_id": 15913, "text": "@majornelson why have you done this to us mr Nelson \ud83d\ude23", "created_at": "Fri Oct 17 15:19:28 +0000 2014", "hashtags": [], "user_mentions": [{"id_str": "15913", "screen_name": "majornelson", "name": "Larry Hryb", "id": 15913}], "source": "<a href=\"http://twitter.com\" rel=\"nofollow\">Twitter Web Client</a>", "in_reply_to_status_id": 523126268603031552, "in_reply_to_screen_name": "majornelson", "user": {"id": 2675714162, "profile_image_url_https": "https://pbs.twimg.com/profile_images/1009840800488804352/-dR81BDw_normal.jpg", "profile_sidebar_fill_color": "000000", "profile_text_color": "000000", "followers_count": 878, "id_str": "2675714162", "profile_background_color": "000000", "location": "Defending the peace", "statuses_count": 34355, "description": "Taking the path of a warrior means being ready to die in order to stand for one's  beliefs. Live like a hater, die like a hater. Or something like that...", "friends_count": 1538, "profile_link_color": "981CEB", "profile_image_url": "http://pbs.twimg.com/profile_images/1009840800488804352/-dR81BDw_normal.jpg", "profile_background_image_url_https": "https://abs.twimg.com/images/themes/theme1/bg.png", "profile_banner_url": "https://pbs.twimg.com/profile_banners/2675714162/1529599821", "profile_background_image_url": "http://abs.twimg.com/images/themes/theme1/bg.png", "name": "Lan D", "lang": "en", "favourites_count": 22667, "screen_name": "_Lan_Di_", "created_at": "Thu Jul 24 04:10:29 +0000 2014", "profile_sidebar_border_color": "000000", "listed_count": 154}, "urls": [], "id": 523131183060627456, "favorite_count": 1, "id_str": "523131183060627456"}