{"lang": "und", "in_reply_to_user_id": 151266457, "text": "@sweendawg45 #fthat #AintNobodyGotTimeForThat", "created_at": "Sat Oct 18 15:04:41 +0000 2014", "hashtags": [{"text": "fthat"}, {"text": "AintNobodyGotTimeForThat"}], "user_mentions": [{"id_str": "151266457", "screen_name": "sweendawg45", "name": "Ryan", "id": 151266457}], "source": "<a href=\"http://twitter.com/download/iphone\" rel=\"nofollow\">Twitter for iPhone</a>", "in_reply_to_status_id": 523154632747778048, "in_reply_to_screen_name": "sweendawg45", "user": {"profile_use_background_image": true, "id": 283247949, "profile_image_url_https": "https://pbs.twimg.com/profile_images/1314222449/31177_655248240370_25910640_38041614_62457_n_normal.jpg", "profile_sidebar_fill_color": "453446", "profile_text_color": "98C8A4", "followers_count": 52, "location": "The Beautiful Northwest", "profile_background_color": "E8E0C0", "id_str": "283247949", "statuses_count": 686, "description": "Just your everyday UW supporting, animal loving, science nerd/running enthusiast/shopping addict/foodie, trying to enjoy every second of what life brings my way", "friends_count": 171, "profile_link_color": "309580", "profile_image_url": "http://pbs.twimg.com/profile_images/1314222449/31177_655248240370_25910640_38041614_62457_n_normal.jpg", "profile_background_image_url_https": "https://abs.twimg.com/images/themes/theme1/bg.png", "profile_banner_url": "https://pbs.twimg.com/profile_banners/283247949/1389289711", "profile_background_image_url": "http://abs.twimg.com/images/themes/theme1/bg.png", "name": "Jackie Sweeney", "lang": "en", "profile_background_tile": true, "favourites_count": 458, "screen_name": "JackieYerges", "created_at": "Sat Apr 16 22:24:42 +0000 2011", "profile_sidebar_border_color": "2A122E", "listed_count": 1}, "urls": [], "id": 523489852181184513, "id_str": "523489852181184513"}