{"lang": "und", "in_reply_to_user_id": 16906137, "text": "@pourmecoffee @Soulmech @UnclesC108", "created_at": "Sat Oct 18 21:12:31 +0000 2014", "hashtags": [], "user_mentions": [{"id_str": "16906137", "screen_name": "pourmecoffee", "name": "pourmecoffee", "id": 16906137}, {"id_str": "17954643", "screen_name": "Soulmech", "name": "Soulmech", "id": 17954643}, {"id_str": "371938988", "screen_name": "UnclesC108", "name": "Cash Smithwick II", "id": 371938988}], "source": "<a href=\"http://twitter.com/download/iphone\" rel=\"nofollow\">Twitter for iPhone</a>", "in_reply_to_status_id": 523581212175392768, "in_reply_to_screen_name": "pourmecoffee", "user": {"profile_use_background_image": true, "id": 24388098, "profile_image_url_https": "https://pbs.twimg.com/profile_images/765028448158953472/YNOB7Id9_normal.jpg", "profile_sidebar_fill_color": "000000", "geo_enabled": true, "profile_text_color": "FFF2FF", "followers_count": 589, "location": "Albuquerque, New Mexico", "profile_background_color": "F5B6F1", "id_str": "24388098", "statuses_count": 13168, "friends_count": 311, "profile_link_color": "F5CEEC", "profile_image_url": "http://pbs.twimg.com/profile_images/765028448158953472/YNOB7Id9_normal.jpg", "profile_background_image_url_https": "https://abs.twimg.com/images/themes/theme15/bg.png", "profile_banner_url": "https://pbs.twimg.com/profile_banners/24388098/1392011532", "profile_background_image_url": "http://abs.twimg.com/images/themes/theme15/bg.png", "name": "Camille Smithwick", "lang": "en", "profile_background_tile": true, "favourites_count": 20602, "screen_name": "cmllaa", "created_at": "Sat Mar 14 16:08:07 +0000 2009", "profile_sidebar_border_color": "FFFFFF", "listed_count": 6}, "urls": [], "id": 523582419509977088, "id_str": "523582419509977088"}