{"lang": "en", "in_reply_to_user_id": 16906137, "text": "\u201c@pourmecoffee: Hello everyone. \"Puppy-Sized Spider Surprises Scientist in Rainforest\" http://t.co/07FBZYV0zE http://t.co/3YYjvTnF5q\u201d \ud83d\ude15", "created_at": "Sat Oct 18 21:22:26 +0000 2014", "hashtags": [], "user_mentions": [{"id_str": "16906137", "screen_name": "pourmecoffee", "name": "pourmecoffee", "id": 16906137}], "source": "<a href=\"http://twitter.com/download/iphone\" rel=\"nofollow\">Twitter for iPhone</a>", "in_reply_to_status_id": 523581212175392768, "in_reply_to_screen_name": "pourmecoffee", "user": {"profile_use_background_image": true, "id": 1158560725, "profile_image_url_https": "https://pbs.twimg.com/profile_images/1011733456429174784/AHl0sBpS_normal.jpg", "profile_sidebar_fill_color": "DDEEF6", "geo_enabled": true, "profile_text_color": "333333", "followers_count": 800, "location": "Earth.", "profile_background_color": "C0DEED", "id_str": "1158560725", "statuses_count": 130814, "description": "Leave me alone. Unknown. #FutureHive Tweets/Views/Opinions are my own", "friends_count": 711, "profile_link_color": "1DA1F2", "profile_image_url": "http://pbs.twimg.com/profile_images/1011733456429174784/AHl0sBpS_normal.jpg", "profile_background_image_url_https": "https://abs.twimg.com/images/themes/theme1/bg.png", "profile_banner_url": "https://pbs.twimg.com/profile_banners/1158560725/1511971955", "profile_background_image_url": "http://abs.twimg.com/images/themes/theme1/bg.png", "name": "Trev", "lang": "en", "favourites_count": 915, "screen_name": "TrevUnknown", "created_at": "Thu Feb 07 23:29:01 +0000 2013", "profile_sidebar_border_color": "C0DEED", "default_profile": true, "listed_count": 22}, "urls": [{"url": "http://t.co/07FBZYV0zE", "expanded_url": "http://livescience.com/48340-goliath-birdeater-surprises-scientist.html"}], "media": [{"expanded_url": "https://twitter.com/pourmecoffee/status/523581212175392768/photo/1", "display_url": "pic.twitter.com/3YYjvTnF5q", "url": "http://t.co/3YYjvTnF5q", "media_url_https": "https://pbs.twimg.com/media/B0QiVovIEAAWVqT.jpg", "sizes": {"large": {"h": 600, "resize": "fit", "w": 900}, "small": {"h": 453, "resize": "fit", "w": 680}, "medium": {"h": 600, "resize": "fit", "w": 900}, "thumb": {"h": 150, "resize": "crop", "w": 150}}, "type": "photo", "id": 523581211789496320, "media_url": "http://pbs.twimg.com/media/B0QiVovIEAAWVqT.jpg"}], "retweet_count": 1, "id": 523584915322175488, "favorite_count": 1, "id_str": "523584915322175488"}