{"lang": "en", "in_reply_to_user_id": 100528644, "text": "@GothySwe @pourmecoffee So creepy!", "created_at": "Sat Oct 18 21:18:10 +0000 2014", "hashtags": [], "user_mentions": [{"id_str": "100528644", "screen_name": "GothySwe", "name": "GothySwe", "id": 100528644}, {"id_str": "16906137", "screen_name": "pourmecoffee", "name": "pourmecoffee", "id": 16906137}], "source": "<a href=\"http://twitter.com/download/iphone\" rel=\"nofollow\">Twitter for iPhone</a>", "in_reply_to_status_id": 523582054563577856, "in_reply_to_screen_name": "GothySwe", "user": {"profile_use_background_image": true, "id": 269571363, "profile_image_url_https": "https://pbs.twimg.com/profile_images/451536262994722816/pDVRQiAt_normal.jpeg", "profile_sidebar_fill_color": "B56FDE", "geo_enabled": true, "profile_text_color": "480978", "followers_count": 1437, "location": "AUSTRALIA", "profile_background_color": "642D8B", "id_str": "269571363", "statuses_count": 39301, "description": "I'm a Quadriplegic \ue20a I Love THIRTY SECONDS TO MARS & P!NK. I HATE Animal Cruelty!  My 1st MARS M&G/Show 30/3/14! #echelonforlife. #FUCKCancer", "friends_count": 1840, "profile_link_color": "9100FF", "profile_image_url": "http://pbs.twimg.com/profile_images/451536262994722816/pDVRQiAt_normal.jpeg", "profile_background_image_url_https": "https://abs.twimg.com/images/themes/theme10/bg.gif", "profile_banner_url": "https://pbs.twimg.com/profile_banners/269571363/1396905674", "profile_background_image_url": "http://abs.twimg.com/images/themes/theme10/bg.gif", "name": "Christy", "lang": "en", "profile_background_tile": true, "favourites_count": 22980, "screen_name": "AustralianWoman", "created_at": "Mon Mar 21 01:48:05 +0000 2011", "profile_sidebar_border_color": "FFFFFF", "listed_count": 22}, "urls": [], "id": 523583843010236416, "id_str": "523583843010236416"}