{"lang": "tl", "in_reply_to_user_id": 522392908, "text": "@MarkZinno @pourmecoffee Awwwww heeeellll naw!", "created_at": "Sun Oct 19 00:33:45 +0000 2014", "hashtags": [], "user_mentions": [{"id_str": "522392908", "screen_name": "MarkZinno", "name": "Mark Zinno", "id": 522392908}, {"id_str": "16906137", "screen_name": "pourmecoffee", "name": "pourmecoffee", "id": 16906137}], "source": "<a href=\"http://twitter.com/download/android\" rel=\"nofollow\">Twitter for Android</a>", "in_reply_to_status_id": 523622995785297920, "in_reply_to_screen_name": "MarkZinno", "user": {"profile_use_background_image": true, "id": 820660765, "profile_image_url_https": "https://pbs.twimg.com/profile_images/478347600488169473/c0t7j-93_normal.jpeg", "profile_sidebar_fill_color": "DDEEF6", "profile_text_color": "333333", "followers_count": 179, "location": "Baltimore,  Maryland ", "profile_background_color": "C0DEED", "id_str": "820660765", "statuses_count": 6428, "description": "Baltimore broad, sports devotee.", "friends_count": 737, "profile_link_color": "1DA1F2", "profile_image_url": "http://pbs.twimg.com/profile_images/478347600488169473/c0t7j-93_normal.jpeg", "profile_background_image_url_https": "https://abs.twimg.com/images/themes/theme1/bg.png", "profile_banner_url": "https://pbs.twimg.com/profile_banners/820660765/1521303823", "profile_background_image_url": "http://abs.twimg.com/images/themes/theme1/bg.png", "name": "Wags", "lang": "en", "favourites_count": 27926, "screen_name": "wags_816", "created_at": "Thu Sep 13 01:14:44 +0000 2012", "profile_sidebar_border_color": "C0DEED", "default_profile": true, "listed_count": 4}, "urls": [], "id": 523633062731862016, "id_str": "523633062731862016"}