{"lang": "en", "in_reply_to_user_id": 635745335, "text": "@70torinoman Already boycott both....hope this helps many others to do the same! #ShitMart", "created_at": "Sun Oct 19 02:30:29 +0000 2014", "hashtags": [{"text": "ShitMart"}], "user_mentions": [{"id_str": "635745335", "screen_name": "70torinoman", "name": "Viva La Revoluci\u00f3n\ud83c\udff4", "id": 635745335}], "source": "<a href=\"http://twitter.com/download/iphone\" rel=\"nofollow\">Twitter for iPhone</a>", "in_reply_to_status_id": 523555724807262208, "in_reply_to_screen_name": "70torinoman", "user": {"profile_use_background_image": true, "id": 813682543, "profile_image_url_https": "https://pbs.twimg.com/profile_images/3256605316/a8ed4a519d850f0e8aa2a3af533d0309_normal.jpeg", "profile_sidebar_fill_color": "DDEEF6", "profile_text_color": "333333", "followers_count": 1661, "id_str": "813682543", "profile_background_color": "E4C1EB", "listed_count": 45, "statuses_count": 44263, "description": "Vintner/Vineyard Owner/Ex Trainer of Six Flags  Dolphins + Sea Lions/Animal Rights Activist/End Captivity/Unite Blue/Interested in Paranormal/Supernatural", "friends_count": 1755, "profile_link_color": "6200B3", "profile_image_url": "http://pbs.twimg.com/profile_images/3256605316/a8ed4a519d850f0e8aa2a3af533d0309_normal.jpeg", "profile_background_image_url_https": "https://abs.twimg.com/images/themes/theme1/bg.png", "profile_background_image_url": "http://abs.twimg.com/images/themes/theme1/bg.png", "name": "Barnslees Girl", "lang": "en", "favourites_count": 6244, "screen_name": "BarnsleesGirl", "created_at": "Sun Sep 09 18:50:34 +0000 2012", "profile_sidebar_border_color": "FFFFFF"}, "urls": [], "id": 523662440341733376, "id_str": "523662440341733376"}