{"lang": "en", "in_reply_to_user_id": 39585367, "text": "@Harvard @TheMichaelMoran @naskrecki Well that can fuck right off.", "created_at": "Sun Oct 19 13:32:36 +0000 2014", "hashtags": [], "user_mentions": [{"id_str": "39585367", "screen_name": "Harvard", "name": "Harvard University", "id": 39585367}, {"id_str": "14083693", "screen_name": "TheMichaelMoran", "name": "Michael Moran", "id": 14083693}, {"id_str": "1049644164", "screen_name": "naskrecki", "name": "Piotr Naskrecki", "id": 1049644164}], "source": "<a href=\"http://twitter.com/download/android\" rel=\"nofollow\">Twitter for Android</a>", "in_reply_to_status_id": 523820806917603328, "in_reply_to_screen_name": "Harvard", "user": {"profile_use_background_image": true, "id": 442355315, "profile_image_url_https": "https://pbs.twimg.com/profile_images/1046163782035275779/Ol6BFqHk_normal.jpg", "profile_sidebar_fill_color": "EFEFEF", "geo_enabled": true, "profile_text_color": "333333", "followers_count": 131, "location": "Southampton, England", "profile_background_color": "000000", "id_str": "442355315", "statuses_count": 66936, "description": "The irreverent reverend, never knowingly rude unless being knowingly rude.\nBack from the dead, who needs 2k followers anyway? \ud83d\ude44", "friends_count": 54, "profile_link_color": "216B06", "profile_image_url": "http://pbs.twimg.com/profile_images/1046163782035275779/Ol6BFqHk_normal.jpg", "profile_background_image_url_https": "https://abs.twimg.com/images/themes/theme14/bg.gif", "profile_background_image_url": "http://abs.twimg.com/images/themes/theme14/bg.gif", "name": "\u15f0\u15e9\u1587K T\u157c\u156e \u142fI\u1455\u15e9\u1587, as reviewed by the BBC", "lang": "en", "favourites_count": 53857, "screen_name": "MarkCollyerReal", "url": "https://t.co/RoekAhGEFe", "created_at": "Wed Dec 21 01:30:27 +0000 2011", "profile_sidebar_border_color": "000000", "listed_count": 34}, "urls": [], "id": 523829067259609088, "favorite_count": 1, "id_str": "523829067259609088"}