{"lang": "en", "in_reply_to_user_id": 15791186, "text": "\u201c@KHOU: Scientist discover a puppy-sized spider  http://t.co/1G7VPeTkES http://t.co/9bEk8z4LF7\u201d uhhh fuck no", "created_at": "Sun Oct 19 20:02:48 +0000 2014", "hashtags": [], "user_mentions": [{"id_str": "15791186", "screen_name": "KHOU", "name": "KHOU 11 News Houston", "id": 15791186}], "source": "<a href=\"http://twitter.com/download/iphone\" rel=\"nofollow\">Twitter for iPhone</a>", "in_reply_to_status_id": 523888836456108032, "in_reply_to_screen_name": "KHOU", "user": {"profile_use_background_image": true, "id": 554056349, "profile_image_url_https": "https://pbs.twimg.com/profile_images/942582021393657856/mOb76fS2_normal.jpg", "profile_sidebar_fill_color": "99CC33", "geo_enabled": true, "profile_text_color": "3E4415", "followers_count": 3325, "id_str": "554056349", "profile_background_color": "C0DEED", "listed_count": 2, "statuses_count": 23519, "description": "KSU '21 | AE major | you get it how you live | benz lifestyle amg flow \u26a0\ufe0f", "friends_count": 505, "profile_link_color": "0084B4", "profile_image_url": "http://pbs.twimg.com/profile_images/942582021393657856/mOb76fS2_normal.jpg", "profile_background_image_url_https": "https://abs.twimg.com/images/themes/theme5/bg.gif", "profile_banner_url": "https://pbs.twimg.com/profile_banners/554056349/1513662814", "profile_background_image_url": "http://abs.twimg.com/images/themes/theme5/bg.gif", "name": "NJD", "lang": "en", "profile_background_tile": true, "favourites_count": 7468, "screen_name": "ndallier_88", "created_at": "Sun Apr 15 04:06:44 +0000 2012", "profile_sidebar_border_color": "FFFFFF"}, "urls": [{"url": "http://t.co/1G7VPeTkES", "expanded_url": "http://bit.ly/1upq3N8"}], "media": [{"expanded_url": "https://twitter.com/KHOU/status/523888836456108032/photo/1", "display_url": "pic.twitter.com/9bEk8z4LF7", "url": "http://t.co/9bEk8z4LF7", "media_url_https": "https://pbs.twimg.com/media/B0U6HvPCEAAnod3.jpg", "sizes": {"small": {"h": 510, "resize": "fit", "w": 680}, "large": {"h": 510, "resize": "fit", "w": 680}, "medium": {"h": 510, "resize": "fit", "w": 680}, "thumb": {"h": 150, "resize": "crop", "w": 150}}, "type": "photo", "id": 523888836271542272, "media_url": "http://pbs.twimg.com/media/B0U6HvPCEAAnod3.jpg"}], "id": 523927262282792960, "id_str": "523927262282792960"}