{"lang": "en", "in_reply_to_user_id": 15791186, "text": "\u201c@KHOU: Scientist discover a puppy-sized spider in the rainforest http://t.co/LuyL93Gdmi http://t.co/dXMnNn6u5J\u201d fuck it I'm out. \ud83d\udc4b\ud83d\ude05\ud83d\udd2b", "created_at": "Sun Oct 19 20:30:29 +0000 2014", "hashtags": [], "user_mentions": [{"id_str": "15791186", "screen_name": "KHOU", "name": "KHOU 11 News Houston", "id": 15791186}], "source": "<a href=\"http://twitter.com/download/iphone\" rel=\"nofollow\">Twitter for iPhone</a>", "in_reply_to_status_id": 523888836456108032, "in_reply_to_screen_name": "KHOU", "user": {"profile_use_background_image": true, "id": 379002499, "profile_image_url_https": "https://pbs.twimg.com/profile_images/877269056717508610/-ELSc42y_normal.jpg", "profile_sidebar_fill_color": "DDEEF6", "geo_enabled": true, "profile_text_color": "333333", "followers_count": 253, "location": "Texas", "profile_background_color": "020A03", "id_str": "379002499", "statuses_count": 41067, "description": "I\u2019m the cream of the crop. Oh yeeaaaah.", "friends_count": 305, "profile_link_color": "0B6900", "profile_image_url": "http://pbs.twimg.com/profile_images/877269056717508610/-ELSc42y_normal.jpg", "profile_background_image_url_https": "https://abs.twimg.com/images/themes/theme1/bg.png", "profile_banner_url": "https://pbs.twimg.com/profile_banners/379002499/1483907770", "profile_background_image_url": "http://abs.twimg.com/images/themes/theme1/bg.png", "name": "Ryan", "lang": "en", "profile_background_tile": true, "favourites_count": 16112, "screen_name": "bibbster18", "created_at": "Sat Sep 24 05:52:10 +0000 2011", "profile_sidebar_border_color": "FFFFFF", "listed_count": 1}, "urls": [{"url": "http://t.co/LuyL93Gdmi", "expanded_url": "http://bit.ly/1upq3N8"}], "media": [{"expanded_url": "https://twitter.com/KHOU/status/523888836456108032/photo/1", "display_url": "pic.twitter.com/dXMnNn6u5J", "url": "http://t.co/dXMnNn6u5J", "media_url_https": "https://pbs.twimg.com/media/B0U6HvPCEAAnod3.jpg", "sizes": {"small": {"h": 510, "resize": "fit", "w": 680}, "large": {"h": 510, "resize": "fit", "w": 680}, "medium": {"h": 510, "resize": "fit", "w": 680}, "thumb": {"h": 150, "resize": "crop", "w": 150}}, "type": "photo", "id": 523888836271542272, "media_url": "http://pbs.twimg.com/media/B0U6HvPCEAAnod3.jpg"}], "id": 523934231869677568, "id_str": "523934231869677568"}