{"lang": "en", "in_reply_to_user_id": 13194, "text": "@janinegibson @jojomoyes @CBSNews Uhhhhh it only \"surprised\" them?? I'm terrified", "created_at": "Sun Oct 19 18:38:43 +0000 2014", "hashtags": [], "user_mentions": [{"id_str": "13194", "screen_name": "janinegibson", "name": "Janine Gibson", "id": 13194}, {"id_str": "25396156", "screen_name": "jojomoyes", "name": "Jojo Moyes", "id": 25396156}, {"id_str": "15012486", "screen_name": "CBSNews", "name": "CBS News", "id": 15012486}], "source": "<a href=\"http://twitter.com/download/iphone\" rel=\"nofollow\">Twitter for iPhone</a>", "in_reply_to_status_id": 523902888679325696, "in_reply_to_screen_name": "janinegibson", "user": {"profile_use_background_image": true, "id": 719114875, "profile_image_url_https": "https://pbs.twimg.com/profile_images/794943188226084865/i_TLyIW0_normal.jpg", "profile_sidebar_fill_color": "DDEEF6", "geo_enabled": true, "profile_text_color": "333333", "followers_count": 684, "location": "San Jose, CA", "profile_background_color": "C0DEED", "id_str": "719114875", "statuses_count": 73954, "description": "Music loving, over-dancing, wine drinking, smut reading, hair product junkie, nurse. Book married to Jamie Fraser, cheats regularly w/BB. Trump Hater", "friends_count": 431, "profile_link_color": "1DA1F2", "profile_image_url": "http://pbs.twimg.com/profile_images/794943188226084865/i_TLyIW0_normal.jpg", "profile_background_image_url_https": "https://abs.twimg.com/images/themes/theme1/bg.png", "profile_banner_url": "https://pbs.twimg.com/profile_banners/719114875/1395971590", "profile_background_image_url": "http://abs.twimg.com/images/themes/theme1/bg.png", "name": "Colleen", "lang": "en", "favourites_count": 56134, "screen_name": "nobil_colleen", "created_at": "Fri Jul 27 00:55:42 +0000 2012", "profile_sidebar_border_color": "C0DEED", "default_profile": true, "listed_count": 45}, "urls": [], "id": 523906105349779456, "favorite_count": 1, "id_str": "523906105349779456"}