{"lang": "en", "in_reply_to_user_id": 17004618, "text": "@NickKristof *SHREEK* Holy mother of... @CBSNews", "created_at": "Sun Oct 19 21:11:11 +0000 2014", "hashtags": [], "user_mentions": [{"id_str": "17004618", "screen_name": "NickKristof", "name": "Nicholas Kristof", "id": 17004618}, {"id_str": "15012486", "screen_name": "CBSNews", "name": "CBS News", "id": 15012486}], "source": "<a href=\"http://twitter.com\" rel=\"nofollow\">Twitter Web Client</a>", "in_reply_to_status_id": 523943647449198592, "in_reply_to_screen_name": "NickKristof", "user": {"lang": "en", "id_str": "104342504", "statuses_count": 209547, "screen_name": "rqskye", "friends_count": 1592, "profile_sidebar_fill_color": "000000", "created_at": "Wed Jan 13 01:51:53 +0000 2010", "profile_link_color": "91D2FA", "profile_image_url": "http://pbs.twimg.com/profile_images/1017567898800250880/Ku3cGF4l_normal.jpg", "name": "RQ Skye", "profile_text_color": "000000", "followers_count": 1592, "profile_sidebar_border_color": "000000", "profile_image_url_https": "https://pbs.twimg.com/profile_images/1017567898800250880/Ku3cGF4l_normal.jpg", "profile_background_color": "000000", "favourites_count": 18272, "profile_background_image_url_https": "https://abs.twimg.com/images/themes/theme1/bg.png", "listed_count": 266, "id": 104342504, "profile_background_image_url": "http://abs.twimg.com/images/themes/theme1/bg.png", "description": "Disaster response/relief volunteer with all-online NGO.  We work worldwide. For Frodo.  Fear nothing."}, "urls": [], "id": 523944475245043712, "id_str": "523944475245043712"}