{"lang": "en", "in_reply_to_user_id": 15791186, "text": "\u201c@KHOU: Scientist discover a puppy-sized spider, better known as the 'nope' spider http://t.co/4RLS4ROANR http://t.co/3Zn2fgjzRq\u201d nope", "created_at": "Mon Oct 20 00:26:36 +0000 2014", "hashtags": [], "user_mentions": [{"id_str": "15791186", "screen_name": "KHOU", "name": "KHOU 11 News Houston", "id": 15791186}], "source": "<a href=\"http://twitter.com/download/iphone\" rel=\"nofollow\">Twitter for iPhone</a>", "in_reply_to_status_id": 523888836456108032, "in_reply_to_screen_name": "KHOU", "user": {"profile_use_background_image": true, "id": 130737561, "profile_image_url_https": "https://pbs.twimg.com/profile_images/1044765308689428480/ewLia0RE_normal.jpg", "profile_sidebar_fill_color": "FFF7CC", "geo_enabled": true, "profile_text_color": "0C3E53", "followers_count": 514, "location": "Bay Area, Ca", "profile_background_color": "BADFCD", "id_str": "130737561", "statuses_count": 111201, "description": "Crackin crustaceans, tenacious.", "friends_count": 57, "profile_link_color": "FF0000", "profile_image_url": "http://pbs.twimg.com/profile_images/1044765308689428480/ewLia0RE_normal.jpg", "profile_background_image_url_https": "https://abs.twimg.com/images/themes/theme1/bg.png", "profile_banner_url": "https://pbs.twimg.com/profile_banners/130737561/1398012581", "profile_background_image_url": "http://abs.twimg.com/images/themes/theme1/bg.png", "name": "God Body", "lang": "en", "profile_background_tile": true, "favourites_count": 998, "screen_name": "NICCOLUXX", "created_at": "Thu Apr 08 04:34:22 +0000 2010", "profile_sidebar_border_color": "FFFFFF", "listed_count": 16}, "urls": [{"url": "http://t.co/4RLS4ROANR", "expanded_url": "http://bit.ly/1upq3N8"}], "media": [{"expanded_url": "https://twitter.com/KHOU/status/523888836456108032/photo/1", "display_url": "pic.twitter.com/3Zn2fgjzRq", "url": "http://t.co/3Zn2fgjzRq", "media_url_https": "https://pbs.twimg.com/media/B0U6HvPCEAAnod3.jpg", "sizes": {"small": {"h": 510, "resize": "fit", "w": 680}, "large": {"h": 510, "resize": "fit", "w": 680}, "medium": {"h": 510, "resize": "fit", "w": 680}, "thumb": {"h": 150, "resize": "crop", "w": 150}}, "type": "photo", "id": 523888836271542272, "media_url": "http://pbs.twimg.com/media/B0U6HvPCEAAnod3.jpg"}], "id": 523993652213714944, "id_str": "523993652213714944"}