{"lang": "en", "in_reply_to_user_id": 239825437, "text": "@TheIndyPeople @ClareClarrice14 of only they locked up mensch now that would be good news", "created_at": "Mon Oct 20 13:11:31 +0000 2014", "hashtags": [], "user_mentions": [{"id_str": "239825437", "screen_name": "TheIndyPeople", "name": "Indy People", "id": 239825437}], "source": "<a href=\"http://twitter.com/download/iphone\" rel=\"nofollow\">Twitter for iPhone</a>", "in_reply_to_status_id": 524176293450223616, "in_reply_to_screen_name": "TheIndyPeople", "user": {"profile_use_background_image": true, "id": 529264870, "profile_image_url_https": "https://pbs.twimg.com/profile_images/543463250848141314/MfkOIOV7_normal.jpeg", "profile_sidebar_fill_color": "DDEEF6", "profile_text_color": "333333", "followers_count": 97, "location": "london ", "profile_background_color": "C0DEED", "id_str": "529264870", "statuses_count": 4158, "description": "some people live some people dream but the greatest he lived the dream and did it so we could have the memories", "friends_count": 192, "profile_link_color": "1DA1F2", "profile_image_url": "http://pbs.twimg.com/profile_images/543463250848141314/MfkOIOV7_normal.jpeg", "profile_background_image_url_https": "https://abs.twimg.com/images/themes/theme1/bg.png", "profile_banner_url": "https://pbs.twimg.com/profile_banners/529264870/1465092636", "profile_background_image_url": "http://abs.twimg.com/images/themes/theme1/bg.png", "name": "Shazad ali", "lang": "en", "favourites_count": 668, "screen_name": "Shazali_no1", "created_at": "Mon Mar 19 10:06:19 +0000 2012", "profile_sidebar_border_color": "C0DEED", "default_profile": true, "listed_count": 4}, "urls": [], "id": 524186149351620608, "id_str": "524186149351620608"}