{"lang": "en", "in_reply_to_user_id": 789014144, "text": "@Iteration23 @CBSNews @FrauGalaktika never trust people who give leg span for spider size :)", "created_at": "Mon Oct 20 12:22:40 +0000 2014", "hashtags": [], "user_mentions": [{"id_str": "789014144", "screen_name": "Iteration23", "name": "Aethusa cyn\u24d0pium", "id": 789014144}, {"id_str": "15012486", "screen_name": "CBSNews", "name": "CBS News", "id": 15012486}], "source": "<a href=\"https://dev.twitter.com/docs/tfw\" rel=\"nofollow\">Twitter for Websites</a>", "in_reply_to_status_id": 523906803550404608, "in_reply_to_screen_name": "Iteration23", "user": {"id": 35821850, "profile_image_url_https": "https://pbs.twimg.com/profile_images/823445441022832640/U7gKqf9-_normal.jpg", "profile_sidebar_fill_color": "000000", "profile_text_color": "000000", "followers_count": 292, "id_str": "35821850", "profile_background_color": "000000", "listed_count": 129, "statuses_count": 33388, "description": "Diversity. Ideas. Awesomeness. Fighting darkness.", "friends_count": 334, "profile_link_color": "888888", "profile_image_url": "http://pbs.twimg.com/profile_images/823445441022832640/U7gKqf9-_normal.jpg", "profile_background_image_url_https": "https://abs.twimg.com/images/themes/theme1/bg.png", "profile_banner_url": "https://pbs.twimg.com/profile_banners/35821850/1485159884", "profile_background_image_url": "http://abs.twimg.com/images/themes/theme1/bg.png", "name": "\u0634\u06a9\u0644\u0627\u062a \u062f\u0648\u0633\u062a \u062f\u0627\u0631\u0645", "lang": "en", "favourites_count": 45710, "screen_name": "sarefo", "created_at": "Mon Apr 27 18:45:40 +0000 2009", "profile_sidebar_border_color": "000000"}, "urls": [], "id": 524173856815058946, "favorite_count": 1, "id_str": "524173856815058946"}