{"lang": "en", "in_reply_to_user_id": 377581365, "text": "@Kirbler15 @fxnscitech @LiveScience oh my goooooddd!! Wtf?! That is not okay.", "created_at": "Mon Oct 20 13:57:55 +0000 2014", "hashtags": [], "user_mentions": [{"id_str": "377581365", "screen_name": "Kirbler15", "name": "Kirby Oldenkamp", "id": 377581365}, {"id_str": "840878926700400640", "screen_name": "fxnscitech", "name": "Sheron Zuccarelli", "id": 840878926700400640}, {"id_str": "15428397", "screen_name": "LiveScience", "name": "Live Science", "id": 15428397}], "source": "<a href=\"http://www.twitter.com\" rel=\"nofollow\">Twitter for Windows Phone</a>", "in_reply_to_status_id": 524197438723457025, "in_reply_to_screen_name": "Kirbler15", "user": {"profile_use_background_image": true, "id": 36833410, "profile_image_url_https": "https://pbs.twimg.com/profile_images/999988009104826368/mnon5hld_normal.jpg", "profile_sidebar_fill_color": "C9C9C9", "geo_enabled": true, "profile_text_color": "1C1F23", "followers_count": 480, "location": "Minnesota, USA", "profile_background_color": "07090B", "id_str": "36833410", "statuses_count": 2431, "description": "Believer || Wife || Mama To Be \u2022 Let's Collab : \ud83d\udc8c everydaychiffon@gmail.com Follow for fashion, travel + life tips on IG\u2022FB\u2022SC\u2022PIN \ud83d\udc49\ud83c\udffc everydaychiffon", "friends_count": 540, "profile_link_color": "C34242", "profile_image_url": "http://pbs.twimg.com/profile_images/999988009104826368/mnon5hld_normal.jpg", "profile_background_image_url_https": "https://abs.twimg.com/images/themes/theme1/bg.png", "profile_banner_url": "https://pbs.twimg.com/profile_banners/36833410/1507617200", "profile_background_image_url": "http://abs.twimg.com/images/themes/theme1/bg.png", "name": "CJ Oldenkamp", "lang": "en", "profile_background_tile": true, "favourites_count": 1259, "screen_name": "everydaychiffon", "url": "https://t.co/VQQyuTnpAB", "created_at": "Fri May 01 00:52:57 +0000 2009", "profile_sidebar_border_color": "BFBFBF", "listed_count": 5}, "urls": [], "id": 524197826163929088, "id_str": "524197826163929088"}