{"lang": "en", "in_reply_to_user_id": 15012486, "text": "\u201c@CBSNews: Goliath encounter: Puppy-sized spider surprises scientist in rainforest - http://t.co/pbaTfNxzUv http://t.co/PK8z3IhAHp\u201d Im out", "created_at": "Mon Oct 20 19:23:23 +0000 2014", "hashtags": [], "user_mentions": [{"id_str": "15012486", "screen_name": "CBSNews", "name": "CBS News", "id": 15012486}], "source": "<a href=\"http://twitter.com/download/iphone\" rel=\"nofollow\">Twitter for iPhone</a>", "in_reply_to_status_id": 523863683928457216, "in_reply_to_screen_name": "CBSNews", "user": {"profile_use_background_image": true, "id": 185855363, "profile_image_url_https": "https://pbs.twimg.com/profile_images/1033882281948012544/juqDpJCG_normal.jpg", "profile_sidebar_fill_color": "DDEEF6", "profile_text_color": "333333", "followers_count": 309, "id_str": "185855363", "profile_background_color": "C0DEED", "listed_count": 2, "statuses_count": 2250, "description": "Diehard Vegas Golden Knights fan", "friends_count": 278, "profile_link_color": "1DA1F2", "profile_image_url": "http://pbs.twimg.com/profile_images/1033882281948012544/juqDpJCG_normal.jpg", "profile_background_image_url_https": "https://abs.twimg.com/images/themes/theme1/bg.png", "profile_banner_url": "https://pbs.twimg.com/profile_banners/185855363/1501287403", "profile_background_image_url": "http://abs.twimg.com/images/themes/theme1/bg.png", "name": "kai sandsmark", "lang": "en", "favourites_count": 3924, "screen_name": "kaisandsmark", "created_at": "Thu Sep 02 00:25:24 +0000 2010", "profile_sidebar_border_color": "C0DEED", "default_profile": true}, "urls": [{"url": "http://t.co/pbaTfNxzUv", "expanded_url": "http://cbsn.ws/ZL3XMR"}], "media": [{"expanded_url": "https://twitter.com/CBSNews/status/523863683928457216/photo/1", "display_url": "pic.twitter.com/PK8z3IhAHp", "url": "http://t.co/PK8z3IhAHp", "media_url_https": "https://pbs.twimg.com/media/B0UjPqoIgAEtRrC.jpg", "sizes": {"small": {"h": 510, "resize": "fit", "w": 680}, "large": {"h": 960, "resize": "fit", "w": 1280}, "medium": {"h": 900, "resize": "fit", "w": 1200}, "thumb": {"h": 150, "resize": "crop", "w": 150}}, "type": "photo", "id": 523863683706159105, "media_url": "http://pbs.twimg.com/media/B0UjPqoIgAEtRrC.jpg"}], "id": 524279732431765504, "favorite_count": 3, "id_str": "524279732431765504"}