{"lang": "und", "in_reply_to_user_id": 16973333, "text": "@Independent http://t.co/faKjmzVacd", "created_at": "Mon Oct 20 16:58:32 +0000 2014", "hashtags": [], "user_mentions": [{"id_str": "16973333", "screen_name": "Independent", "name": "The Independent", "id": 16973333}], "source": "<a href=\"http://twitter.com/download/android\" rel=\"nofollow\">Twitter for Android</a>", "in_reply_to_status_id": 524168442841010176, "in_reply_to_screen_name": "Independent", "user": {"profile_use_background_image": true, "id": 993881347, "profile_image_url_https": "https://pbs.twimg.com/profile_images/905071539032399880/Yn9Fkczr_normal.jpg", "profile_sidebar_fill_color": "DDEEF6", "geo_enabled": true, "profile_text_color": "333333", "followers_count": 2945, "location": "Scotland, United Kingdom", "profile_background_color": "C0DEED", "id_str": "993881347", "statuses_count": 68971, "description": "\ud83c\udfa7", "friends_count": 4810, "profile_link_color": "1DA1F2", "profile_image_url": "http://pbs.twimg.com/profile_images/905071539032399880/Yn9Fkczr_normal.jpg", "profile_background_image_url_https": "https://abs.twimg.com/images/themes/theme1/bg.png", "profile_banner_url": "https://pbs.twimg.com/profile_banners/993881347/1498954396", "profile_background_image_url": "http://abs.twimg.com/images/themes/theme1/bg.png", "name": "Jamie Kirkham", "lang": "en", "favourites_count": 19788, "screen_name": "JamieKirkham77", "created_at": "Thu Dec 06 21:36:00 +0000 2012", "profile_sidebar_border_color": "C0DEED", "default_profile": true, "listed_count": 104}, "urls": [], "media": [{"expanded_url": "https://twitter.com/JamieKirkham77/status/524243279118745600/photo/1", "display_url": "pic.twitter.com/faKjmzVacd", "url": "http://t.co/faKjmzVacd", "media_url_https": "https://pbs.twimg.com/media/B0Z8e89CAAA6z0u.jpg", "sizes": {"large": {"h": 313, "resize": "fit", "w": 540}, "small": {"h": 313, "resize": "fit", "w": 540}, "medium": {"h": 313, "resize": "fit", "w": 540}, "thumb": {"h": 150, "resize": "crop", "w": 150}}, "type": "photo", "id": 524243277835272192, "media_url": "http://pbs.twimg.com/media/B0Z8e89CAAA6z0u.jpg"}], "id": 524243279118745600, "id_str": "524243279118745600"}