{"lang": "en", "in_reply_to_user_id": 15012486, "text": "\ud83d\ude48\ud83d\ude48\ud83d\ude48\u201c@CBSNews: Goliath encounter: Puppy-sized spider surprises scientist in rainforest - http://t.co/7NsWJk64QJ http://t.co/yrjaRXREWw\u201d", "created_at": "Mon Oct 20 19:28:34 +0000 2014", "hashtags": [], "user_mentions": [{"id_str": "15012486", "screen_name": "CBSNews", "name": "CBS News", "id": 15012486}], "source": "<a href=\"http://twitter.com/download/iphone\" rel=\"nofollow\">Twitter for iPhone</a>", "in_reply_to_status_id": 523863683928457216, "in_reply_to_screen_name": "CBSNews", "user": {"profile_use_background_image": true, "id": 54626279, "profile_image_url_https": "https://pbs.twimg.com/profile_images/1031443866367475712/7jNF4AEI_normal.jpg", "profile_sidebar_fill_color": "DB0D0D", "geo_enabled": true, "profile_text_color": "195736", "followers_count": 1353, "location": "nuncaland, ny", "profile_background_color": "9266CC", "id_str": "54626279", "statuses_count": 119872, "description": "interested in eatin\u2019 tacos and kissing on the mouth", "friends_count": 907, "profile_link_color": "9266CC", "profile_image_url": "http://pbs.twimg.com/profile_images/1031443866367475712/7jNF4AEI_normal.jpg", "profile_background_image_url_https": "https://abs.twimg.com/images/themes/theme1/bg.png", "profile_banner_url": "https://pbs.twimg.com/profile_banners/54626279/1522907163", "profile_background_image_url": "http://abs.twimg.com/images/themes/theme1/bg.png", "name": "se\u00f1or loadenstein", "lang": "en", "profile_background_tile": true, "favourites_count": 34247, "screen_name": "samythesaint", "created_at": "Tue Jul 07 18:00:48 +0000 2009", "profile_sidebar_border_color": "FFFFFF", "listed_count": 45}, "urls": [{"url": "http://t.co/7NsWJk64QJ", "expanded_url": "http://cbsn.ws/ZL3XMR"}], "media": [{"expanded_url": "https://twitter.com/CBSNews/status/523863683928457216/photo/1", "display_url": "pic.twitter.com/yrjaRXREWw", "url": "http://t.co/yrjaRXREWw", "media_url_https": "https://pbs.twimg.com/media/B0UjPqoIgAEtRrC.jpg", "sizes": {"small": {"h": 510, "resize": "fit", "w": 680}, "large": {"h": 960, "resize": "fit", "w": 1280}, "medium": {"h": 900, "resize": "fit", "w": 1200}, "thumb": {"h": 150, "resize": "crop", "w": 150}}, "type": "photo", "id": 523863683706159105, "media_url": "http://pbs.twimg.com/media/B0UjPqoIgAEtRrC.jpg"}], "retweet_count": 1, "id": 524281036709306368, "favorite_count": 1, "id_str": "524281036709306368"}