{"lang": "en", "in_reply_to_user_id": 107114063, "text": "@fxnscitech @FoxNews @LiveScience So......what did you kill it with????", "created_at": "Mon Oct 20 14:08:13 +0000 2014", "hashtags": [], "user_mentions": [{"id_str": "840878926700400640", "screen_name": "fxnscitech", "name": "Sheron Zuccarelli", "id": 840878926700400640}, {"id_str": "1367531", "screen_name": "FoxNews", "name": "Fox News", "id": 1367531}, {"id_str": "15428397", "screen_name": "LiveScience", "name": "Live Science", "id": 15428397}], "source": "<a href=\"http://twitter.com/download/android\" rel=\"nofollow\">Twitter for Android</a>", "in_reply_to_status_id": 524185876931162112, "in_reply_to_screen_name": "FoxNewsTech", "user": {"profile_use_background_image": true, "id": 47170202, "profile_image_url_https": "https://pbs.twimg.com/profile_images/805879823675559936/-CSWRPdG_normal.jpg", "profile_sidebar_fill_color": "DDEEF6", "geo_enabled": true, "profile_text_color": "333333", "followers_count": 114, "id_str": "47170202", "profile_background_color": "C0DEED", "location": "Ottawa, KS", "statuses_count": 22926, "friends_count": 113, "profile_link_color": "1DA1F2", "profile_image_url": "http://pbs.twimg.com/profile_images/805879823675559936/-CSWRPdG_normal.jpg", "profile_background_image_url_https": "https://abs.twimg.com/images/themes/theme1/bg.png", "profile_background_image_url": "http://abs.twimg.com/images/themes/theme1/bg.png", "name": "Todd D", "lang": "en", "favourites_count": 7652, "screen_name": "toddkc80", "created_at": "Sun Jun 14 20:42:49 +0000 2009", "profile_sidebar_border_color": "C0DEED", "default_profile": true, "listed_count": 8}, "urls": [], "id": 524200417119731712, "id_str": "524200417119731712"}