{"lang": "en", "in_reply_to_user_id": 107114063, "text": "@fxnscitech @FoxNews @LiveScience immediately thought I heard @jlynn29 screaming bloody murder if she saw this spider", "created_at": "Mon Oct 20 14:20:18 +0000 2014", "hashtags": [], "user_mentions": [{"id_str": "840878926700400640", "screen_name": "fxnscitech", "name": "Sheron Zuccarelli", "id": 840878926700400640}, {"id_str": "1367531", "screen_name": "FoxNews", "name": "Fox News", "id": 1367531}, {"id_str": "15428397", "screen_name": "LiveScience", "name": "Live Science", "id": 15428397}, {"id_str": "64605770", "screen_name": "jlynn29", "name": "Jenna Joensen", "id": 64605770}], "source": "<a href=\"http://twitter.com/download/iphone\" rel=\"nofollow\">Twitter for iPhone</a>", "in_reply_to_status_id": 524185876931162112, "in_reply_to_screen_name": "FoxNewsTech", "user": {"profile_use_background_image": true, "id": 351579236, "profile_image_url_https": "https://pbs.twimg.com/profile_images/809790642448637952/aCuFXXLP_normal.jpg", "profile_sidebar_fill_color": "AB8F67", "geo_enabled": true, "profile_text_color": "887B68", "followers_count": 420, "location": "Professional People Watcher", "profile_background_color": "110B0F", "id_str": "351579236", "statuses_count": 25532, "description": "Time is the great leveler, and neither money nor power hold sway over its relentless march.", "friends_count": 287, "profile_link_color": "666C62", "profile_image_url": "http://pbs.twimg.com/profile_images/809790642448637952/aCuFXXLP_normal.jpg", "profile_background_image_url_https": "https://abs.twimg.com/images/themes/theme1/bg.png", "profile_banner_url": "https://pbs.twimg.com/profile_banners/351579236/1537901512", "profile_background_image_url": "http://abs.twimg.com/images/themes/theme1/bg.png", "name": "Austin", "lang": "en", "favourites_count": 97708, "screen_name": "WritingMyLife91", "url": "https://t.co/ycupKqHg9d", "created_at": "Tue Aug 09 13:08:45 +0000 2011", "profile_sidebar_border_color": "9D7F65", "listed_count": 4}, "urls": [], "id": 524203457881059331, "id_str": "524203457881059331"}