{"lang": "en", "in_reply_to_user_id": 14669951, "text": ".@HouseGOP #DontFundIt \u201c@DRUDGE_REPORT: Up to 34 MILLION green cards and work permits... http://t.co/U0tOITzaaO\u201d #tcot #ccot #tgdn #Vote", "created_at": "Mon Oct 20 16:02:31 +0000 2014", "hashtags": [{"text": "DontFundIt"}, {"text": "tcot"}, {"text": "ccot"}, {"text": "tgdn"}, {"text": "Vote"}], "user_mentions": [{"id_str": "15207668", "screen_name": "HouseGOP", "name": "House Republicans", "id": 15207668}, {"id_str": "14669951", "screen_name": "DRUDGE_REPORT", "name": "DRUDGE REPORT", "id": 14669951}], "source": "<a href=\"http://twitter.com/#!/download/ipad\" rel=\"nofollow\">Twitter for iPad</a>", "in_reply_to_status_id": 524227209976745984, "in_reply_to_screen_name": "DRUDGE_REPORT", "user": {"profile_use_background_image": true, "id": 1145724890, "profile_image_url_https": "https://pbs.twimg.com/profile_images/910181202648236033/JRmIAd4h_normal.jpg", "profile_sidebar_fill_color": "DDEEF6", "geo_enabled": true, "profile_text_color": "333333", "followers_count": 5324, "location": "Living on the edge, USA", "profile_background_color": "C0DEED", "id_str": "1145724890", "statuses_count": 54517, "description": "#Christian #DAR #Constitution #Originalist #Trump #MAGA #AmericaFirst #TermLimits @NRA #Patriot @GenFlynn follows me. RT doesn't endorse. No DM, groups, lists.", "friends_count": 4651, "profile_link_color": "1DA1F2", "profile_image_url": "http://pbs.twimg.com/profile_images/910181202648236033/JRmIAd4h_normal.jpg", "profile_background_image_url_https": "https://abs.twimg.com/images/themes/theme1/bg.png", "profile_banner_url": "https://pbs.twimg.com/profile_banners/1145724890/1533477661", "profile_background_image_url": "http://abs.twimg.com/images/themes/theme1/bg.png", "name": "Carla Lykins \ud83c\uddfa\ud83c\uddf8 #MAGA2018", "lang": "en", "favourites_count": 32925, "screen_name": "carlalykins", "created_at": "Sun Feb 03 17:22:12 +0000 2013", "profile_sidebar_border_color": "C0DEED", "default_profile": true, "listed_count": 142}, "urls": [{"url": "http://t.co/U0tOITzaaO", "expanded_url": "http://drudge.tw/ZLF83x"}], "id": 524229183703359488, "favorite_count": 1, "id_str": "524229183703359488"}