{"lang": "en", "text": "@WhateverSkyler OKAY I WASNT THE ONLY ONE THINKING IT", "created_at": "Mon Oct 20 19:18:14 +0000 2014", "hashtags": [], "coordinates": {"type": "Point", "coordinates": [-86.3752081, 39.7803162]}, "user_mentions": [], "source": "<a href=\"http://twitter.com/download/android\" rel=\"nofollow\">Twitter for Android</a>", "place": {"full_name": "Avon, IN", "url": "https://api.twitter.com/1.1/geo/id/6126fccc2f229071.json", "country": "United States", "place_type": "city", "bounding_box": {"type": "Polygon", "coordinates": [[[-86.457278, 39.733571], [-86.326391, 39.733571], [-86.326391, 39.800876], [-86.457278, 39.800876]]]}, "contained_within": [], "country_code": "US", "attributes": {}, "id": "6126fccc2f229071", "name": "Avon"}, "user": {"profile_use_background_image": true, "id": 585038876, "profile_image_url_https": "https://pbs.twimg.com/profile_images/982967597770649601/EkgjEHRm_normal.jpg", "profile_sidebar_fill_color": "E9C675", "geo_enabled": true, "profile_text_color": "FBF0B2", "followers_count": 484, "location": "Avon, Indiana", "profile_background_color": "E9E9D0", "id_str": "585038876", "statuses_count": 74178, "description": "22. Nothing works, nothing is on time. You have to learn to deal with it.", "friends_count": 1014, "profile_link_color": "2AA1A8", "profile_image_url": "http://pbs.twimg.com/profile_images/982967597770649601/EkgjEHRm_normal.jpg", "profile_background_image_url_https": "https://abs.twimg.com/images/themes/theme11/bg.gif", "profile_banner_url": "https://pbs.twimg.com/profile_banners/585038876/1510433060", "profile_background_image_url": "http://abs.twimg.com/images/themes/theme11/bg.gif", "name": "AJ", "lang": "en", "profile_background_tile": true, "favourites_count": 69160, "screen_name": "AaronAtay14", "created_at": "Sat May 19 19:38:55 +0000 2012", "profile_sidebar_border_color": "000000", "listed_count": 14}, "urls": [], "geo": {"type": "Point", "coordinates": [39.7803162, -86.3752081]}, "id": 524278437457190912, "id_str": "524278437457190912"}