{"lang": "en", "text": "No, #Banksy has not been arrested http://t.co/jLVSb6jxAJ http://t.co/IzX7ON3hE8", "created_at": "Mon Oct 20 14:33:47 +0000 2014", "hashtags": [{"text": "Banksy"}], "user_mentions": [], "source": "<a href=\"https://about.twitter.com/products/tweetdeck\" rel=\"nofollow\">TweetDeck</a>", "user": {"profile_use_background_image": true, "id": 14138785, "verified": true, "profile_image_url_https": "https://pbs.twimg.com/profile_images/943090255812530176/-G_w4vWC_normal.jpg", "profile_sidebar_fill_color": "F4F4F0", "geo_enabled": true, "profile_text_color": "000000", "followers_count": 765537, "location": "London, UK", "profile_background_color": "007084", "id_str": "14138785", "statuses_count": 210378, "description": "The latest national and international news from the https://t.co/cJ9Ctg93KL team.", "friends_count": 682, "profile_link_color": "007084", "profile_image_url": "http://pbs.twimg.com/profile_images/943090255812530176/-G_w4vWC_normal.jpg", "profile_background_image_url_https": "https://abs.twimg.com/images/themes/theme1/bg.png", "profile_banner_url": "https://pbs.twimg.com/profile_banners/14138785/1513685223", "profile_background_image_url": "http://abs.twimg.com/images/themes/theme1/bg.png", "name": "Telegraph Breaking News", "lang": "en", "favourites_count": 27, "screen_name": "TelegraphNews", "url": "https://t.co/et7R6FVuTQ", "created_at": "Thu Mar 13 11:27:48 +0000 2008", "profile_sidebar_border_color": "A1A1A1", "listed_count": 12861}, "urls": [{"url": "http://t.co/jLVSb6jxAJ", "expanded_url": "http://fw.to/OJ7SPrb"}], "media": [{"expanded_url": "https://twitter.com/TelegraphNews/status/524206851450486785/photo/1", "display_url": "pic.twitter.com/IzX7ON3hE8", "url": "http://t.co/IzX7ON3hE8", "media_url_https": "https://pbs.twimg.com/media/B0ZbWmsIUAA0J5t.jpg", "sizes": {"small": {"h": 387, "resize": "fit", "w": 620}, "large": {"h": 387, "resize": "fit", "w": 620}, "medium": {"h": 387, "resize": "fit", "w": 620}, "thumb": {"h": 150, "resize": "crop", "w": 150}}, "type": "photo", "id": 524206850536132608, "media_url": "http://pbs.twimg.com/media/B0ZbWmsIUAA0J5t.jpg"}], "retweet_count": 113, "id": 524206851450486785, "favorite_count": 71, "id_str": "524206851450486785"}