{"lang": "und", "in_reply_to_user_id": 19743731, "text": "@AlfredoFlores Hey", "created_at": "Mon Oct 20 22:04:34 +0000 2014", "hashtags": [], "user_mentions": [{"id_str": "19743731", "screen_name": "AlfredoFlores", "name": "Alfredo Flores", "id": 19743731}], "source": "<a href=\"http://twitter.com/download/iphone\" rel=\"nofollow\">Twitter for iPhone</a>", "in_reply_to_status_id": 524320261667950592, "in_reply_to_screen_name": "AlfredoFlores", "user": {"profile_use_background_image": true, "id": 348151631, "profile_image_url_https": "https://pbs.twimg.com/profile_images/1039318441663111168/IFjsFbff_normal.jpg", "profile_sidebar_fill_color": "DDEEF6", "geo_enabled": true, "profile_text_color": "333333", "followers_count": 3257, "location": "Reynosa, Tamaulipas", "profile_background_color": "C0DEED", "id_str": "348151631", "statuses_count": 16528, "description": "Mejor o peor, pero nunca igual. Mi demonio favorito para toda la vida, mi tormento. \u2022\u2c6d\u028d\u04c0\u04bc", "friends_count": 349, "profile_link_color": "9266CC", "profile_image_url": "http://pbs.twimg.com/profile_images/1039318441663111168/IFjsFbff_normal.jpg", "profile_background_image_url_https": "https://abs.twimg.com/images/themes/theme1/bg.png", "profile_banner_url": "https://pbs.twimg.com/profile_banners/348151631/1537322843", "profile_background_image_url": "http://abs.twimg.com/images/themes/theme1/bg.png", "name": "\u263e", "lang": "es", "profile_background_tile": true, "favourites_count": 78603, "screen_name": "dariianacruz", "url": "https://t.co/9z5waGgLNx", "created_at": "Wed Aug 03 23:37:29 +0000 2011", "profile_sidebar_border_color": "FFFFFF", "listed_count": 3}, "urls": [], "id": 524320296266772480, "id_str": "524320296266772480"}