{"lang": "en", "in_reply_to_user_id": 15012486, "text": "\u201c@CBSNews: Goliath encounter: Puppy-sized spider surprises scientist in rainforest - http://t.co/atRfCzlNsZ http://t.co/4nbPXya7yu\u201d god help", "created_at": "Mon Oct 20 23:14:42 +0000 2014", "hashtags": [], "user_mentions": [{"id_str": "15012486", "screen_name": "CBSNews", "name": "CBS News", "id": 15012486}], "source": "<a href=\"http://twitter.com/download/iphone\" rel=\"nofollow\">Twitter for iPhone</a>", "in_reply_to_status_id": 523863683928457216, "in_reply_to_screen_name": "CBSNews", "user": {"profile_use_background_image": true, "id": 412515225, "profile_image_url_https": "https://pbs.twimg.com/profile_images/1043908152452943872/2pCIZCuP_normal.jpg", "profile_sidebar_fill_color": "DDEEF6", "geo_enabled": true, "profile_text_color": "333333", "followers_count": 1211, "id_str": "412515225", "profile_background_color": "C0DEED", "listed_count": 8, "statuses_count": 8343, "description": "lapeer alum, Brazilian jiujitsu, Wayne st. 2019 M.m \ud83d\udc95Snapchat: jcur insta: jcur90", "friends_count": 937, "profile_link_color": "1DA1F2", "profile_image_url": "http://pbs.twimg.com/profile_images/1043908152452943872/2pCIZCuP_normal.jpg", "profile_background_image_url_https": "https://abs.twimg.com/images/themes/theme1/bg.png", "profile_banner_url": "https://pbs.twimg.com/profile_banners/412515225/1515010778", "profile_background_image_url": "http://abs.twimg.com/images/themes/theme1/bg.png", "name": "Jon Currie", "lang": "en", "favourites_count": 10340, "screen_name": "Jcur90", "created_at": "Mon Nov 14 19:54:03 +0000 2011", "profile_sidebar_border_color": "C0DEED", "default_profile": true}, "urls": [{"url": "http://t.co/atRfCzlNsZ", "expanded_url": "http://cbsn.ws/ZL3XMR"}], "media": [{"expanded_url": "https://twitter.com/CBSNews/status/523863683928457216/photo/1", "display_url": "pic.twitter.com/4nbPXya7yu", "url": "http://t.co/4nbPXya7yu", "media_url_https": "https://pbs.twimg.com/media/B0UjPqoIgAEtRrC.jpg", "sizes": {"small": {"h": 510, "resize": "fit", "w": 680}, "large": {"h": 960, "resize": "fit", "w": 1280}, "medium": {"h": 900, "resize": "fit", "w": 1200}, "thumb": {"h": 150, "resize": "crop", "w": 150}}, "type": "photo", "id": 523863683706159105, "media_url": "http://pbs.twimg.com/media/B0UjPqoIgAEtRrC.jpg"}], "id": 524337947118944256, "favorite_count": 6, "id_str": "524337947118944256"}