{"lang": "en", "in_reply_to_user_id": 28638191, "text": "@snooki I noped that so hard! \ud83d\ude45", "created_at": "Mon Oct 20 21:44:14 +0000 2014", "hashtags": [], "user_mentions": [{"id_str": "28638191", "screen_name": "snooki", "name": "Nicole Polizzi", "id": 28638191}], "source": "<a href=\"http://twitter.com/download/iphone\" rel=\"nofollow\">Twitter for iPhone</a>", "in_reply_to_status_id": 524312881823637504, "in_reply_to_screen_name": "snooki", "user": {"profile_use_background_image": true, "id": 43608460, "profile_image_url_https": "https://pbs.twimg.com/profile_images/1044717591028256769/kjEmraKj_normal.jpg", "profile_sidebar_fill_color": "FFFFFF", "profile_text_color": "000000", "followers_count": 274, "location": "United States", "profile_background_color": "FFFFFF", "id_str": "43608460", "statuses_count": 75918, "description": "You\u2019re different from the rest, sister.", "friends_count": 162, "profile_link_color": "000000", "profile_image_url": "http://pbs.twimg.com/profile_images/1044717591028256769/kjEmraKj_normal.jpg", "profile_background_image_url_https": "https://abs.twimg.com/images/themes/theme12/bg.gif", "profile_banner_url": "https://pbs.twimg.com/profile_banners/43608460/1530825068", "profile_background_image_url": "http://abs.twimg.com/images/themes/theme12/bg.gif", "name": "Jake Behari \ud83d\udd77", "lang": "en", "favourites_count": 1955, "screen_name": "lalalandrox", "created_at": "Sat May 30 22:42:44 +0000 2009", "profile_sidebar_border_color": "FFFFFF", "listed_count": 13}, "urls": [], "id": 524315177861144576, "id_str": "524315177861144576"}