{"lang": "en", "in_reply_to_user_id": 331237338, "text": "@Letty88brown thanks for thinking of me \ud83d\ude48 lol x", "created_at": "Tue Oct 21 07:06:07 +0000 2014", "hashtags": [], "user_mentions": [{"id_str": "331237338", "screen_name": "Letty88brown", "name": "brownie", "id": 331237338}], "source": "<a href=\"http://twitter.com/download/iphone\" rel=\"nofollow\">Twitter for iPhone</a>", "in_reply_to_status_id": 524319510648479745, "in_reply_to_screen_name": "Letty88brown", "user": {"profile_use_background_image": true, "id": 1400721535, "profile_image_url_https": "https://pbs.twimg.com/profile_images/883371964160724994/7MEvcOUh_normal.jpg", "profile_sidebar_fill_color": "DDEEF6", "profile_text_color": "333333", "followers_count": 232, "id_str": "1400721535", "profile_background_color": "C0DEED", "statuses_count": 261, "friends_count": 357, "profile_link_color": "1DA1F2", "profile_image_url": "http://pbs.twimg.com/profile_images/883371964160724994/7MEvcOUh_normal.jpg", "profile_background_image_url_https": "https://abs.twimg.com/images/themes/theme1/bg.png", "profile_banner_url": "https://pbs.twimg.com/profile_banners/1400721535/1446314604", "profile_background_image_url": "http://abs.twimg.com/images/themes/theme1/bg.png", "name": "sian gilbert", "lang": "en", "favourites_count": 230, "screen_name": "siannygilb", "created_at": "Fri May 03 20:46:26 +0000 2013", "profile_sidebar_border_color": "C0DEED", "default_profile": true}, "urls": [], "id": 524456581849964544, "id_str": "524456581849964544"}