{"lang": "en", "in_reply_to_user_id": 28785486, "text": "@ABC @anaisretrocity8 \"the size of a puppy\" \ud83d\ude0d\ud83d\ude02", "created_at": "Tue Oct 21 22:16:34 +0000 2014", "hashtags": [], "user_mentions": [{"id_str": "28785486", "screen_name": "ABC", "name": "ABC News", "id": 28785486}, {"id_str": "1638127626", "screen_name": "anaisretrocity8", "name": "RetroCity\u611b\u3002", "id": 1638127626}], "source": "<a href=\"http://twitter.com/download/android\" rel=\"nofollow\">Twitter for Android</a>", "in_reply_to_status_id": 524685073979678721, "in_reply_to_screen_name": "ABC", "user": {"profile_use_background_image": true, "id": 1461254564, "profile_image_url_https": "https://pbs.twimg.com/profile_images/1032828351327744000/-S1DWuIE_normal.jpg", "profile_sidebar_fill_color": "DDEEF6", "geo_enabled": true, "profile_text_color": "333333", "followers_count": 301, "location": "Rio Grande, PR", "profile_background_color": "C0DEED", "id_str": "1461254564", "statuses_count": 44499, "description": "i don't trust u.\nloyal to subaru.\u2728\nig: _dopestmf13\nsc: j.fernando13", "friends_count": 333, "profile_link_color": "1DA1F2", "profile_image_url": "http://pbs.twimg.com/profile_images/1032828351327744000/-S1DWuIE_normal.jpg", "profile_background_image_url_https": "https://abs.twimg.com/images/themes/theme1/bg.png", "profile_banner_url": "https://pbs.twimg.com/profile_banners/1461254564/1531894847", "profile_background_image_url": "http://abs.twimg.com/images/themes/theme1/bg.png", "name": "\ud83e\udd37\u200d\u2642\ufe0f", "lang": "en", "favourites_count": 5300, "screen_name": "josefernando333", "created_at": "Mon May 27 04:26:55 +0000 2013", "profile_sidebar_border_color": "C0DEED", "default_profile": true, "listed_count": 2}, "urls": [], "id": 524685701796102145, "id_str": "524685701796102145"}