{"lang": "en", "in_reply_to_user_id": 28785486, "text": "Wow. RT@ABC: Meet the South American Goliath birdeater -- a spider the size of a puppy: http://t.co/mlcDDkFIyO http://t.co/z4QlJhbdZf", "created_at": "Wed Oct 22 03:51:01 +0000 2014", "hashtags": [], "user_mentions": [{"id_str": "28785486", "screen_name": "ABC", "name": "ABC News", "id": 28785486}], "source": "<a href=\"http://twitter.com/download/iphone\" rel=\"nofollow\">Twitter for iPhone</a>", "in_reply_to_status_id": 524757333608394752, "in_reply_to_screen_name": "ABC", "user": {"profile_use_background_image": true, "id": 129524471, "profile_image_url_https": "https://pbs.twimg.com/profile_images/1004921264786378752/Kz18gQCb_normal.jpg", "profile_sidebar_fill_color": "B30E53", "geo_enabled": true, "profile_text_color": "AD5213", "followers_count": 967, "location": "Laguna Beach, CA", "profile_background_color": "89AEA5", "id_str": "129524471", "statuses_count": 22293, "description": "Scientist, Writer, Buddhist Unitarian Universalist, Progressive Liberal", "friends_count": 2792, "profile_link_color": "97951C", "profile_image_url": "http://pbs.twimg.com/profile_images/1004921264786378752/Kz18gQCb_normal.jpg", "profile_background_image_url_https": "https://abs.twimg.com/images/themes/theme1/bg.png", "profile_banner_url": "https://pbs.twimg.com/profile_banners/129524471/1528426875", "profile_background_image_url": "http://abs.twimg.com/images/themes/theme1/bg.png", "name": "Angela M Jansen", "lang": "en", "profile_background_tile": true, "favourites_count": 4873, "screen_name": "angelamjansen", "created_at": "Sun Apr 04 15:42:43 +0000 2010", "profile_sidebar_border_color": "5E1E35", "listed_count": 104}, "urls": [{"url": "http://t.co/mlcDDkFIyO", "expanded_url": "http://abcn.ws/1wsBVlR"}], "media": [{"expanded_url": "https://twitter.com/Nightline/status/524678629830037505/photo/1", "display_url": "pic.twitter.com/z4QlJhbdZf", "url": "http://t.co/z4QlJhbdZf", "media_url_https": "https://pbs.twimg.com/media/B0gIbt4CEAAqktQ.jpg", "sizes": {"large": {"h": 558, "resize": "fit", "w": 992}, "small": {"h": 383, "resize": "fit", "w": 680}, "medium": {"h": 558, "resize": "fit", "w": 992}, "thumb": {"h": 150, "resize": "crop", "w": 150}}, "type": "photo", "id": 524678628852764672, "media_url": "http://pbs.twimg.com/media/B0gIbt4CEAAqktQ.jpg"}], "id": 524769871796510721, "favorite_count": 1, "id_str": "524769871796510721"}