{"lang": "en", "text": "At the war memorial in. Ottawa. A soldier has been shot. They are giving him treatment now. #breaking http://t.co/cTmlb1LvgG", "created_at": "Wed Oct 22 14:00:40 +0000 2014", "hashtags": [{"text": "breaking"}], "user_mentions": [], "source": "<a href=\"http://www.twitter.com\" rel=\"nofollow\">Twitter for BlackBerry</a>", "user": {"profile_use_background_image": true, "id": 180887271, "verified": true, "profile_image_url_https": "https://pbs.twimg.com/profile_images/628684167946092544/c_SZUgZv_normal.jpg", "profile_sidebar_fill_color": "DDEEF6", "geo_enabled": true, "profile_text_color": "333333", "followers_count": 164309, "location": "Ottawa", "profile_background_color": "C0DEED", "id_str": "180887271", "statuses_count": 21724, "description": "Here's the work stuff: host of @CTVQP, @evansolomonshow, #OttawaNow and columnist at @macleans. Retweets not endorsements. Love good, fair debate/conversation", "friends_count": 1523, "profile_link_color": "1DA1F2", "profile_image_url": "http://pbs.twimg.com/profile_images/628684167946092544/c_SZUgZv_normal.jpg", "profile_background_image_url_https": "https://abs.twimg.com/images/themes/theme1/bg.png", "profile_background_image_url": "http://abs.twimg.com/images/themes/theme1/bg.png", "name": "Evan Solomon", "lang": "en", "favourites_count": 1483, "screen_name": "EvanLSolomon", "created_at": "Fri Aug 20 19:08:23 +0000 2010", "profile_sidebar_border_color": "C0DEED", "default_profile": true, "listed_count": 1816}, "urls": [], "media": [{"expanded_url": "https://twitter.com/evansolomoncbc/status/524923293711998976/photo/1", "display_url": "pic.twitter.com/cTmlb1LvgG", "url": "http://t.co/cTmlb1LvgG", "media_url_https": "https://pbs.twimg.com/media/B0jm9D_IYAAtfEX.jpg", "sizes": {"small": {"h": 680, "resize": "fit", "w": 680}, "large": {"h": 2048, "resize": "fit", "w": 2048}, "medium": {"h": 1200, "resize": "fit", "w": 1200}, "thumb": {"h": 150, "resize": "crop", "w": 150}}, "type": "photo", "id": 524923293305167872, "media_url": "http://pbs.twimg.com/media/B0jm9D_IYAAtfEX.jpg"}], "retweet_count": 586, "id": 524923293711998976, "favorite_count": 78, "id_str": "524923293711998976"}