{"lang": "en", "in_reply_to_user_id": 35472060, "text": "@tarastrong @CBCNews. I couldn't believe something like this could happen in Canada. My prayers are with Canada. \ud83d\ude22", "created_at": "Wed Oct 22 18:59:29 +0000 2014", "hashtags": [], "user_mentions": [{"id_str": "35472060", "screen_name": "tarastrong", "name": "tara strong", "id": 35472060}, {"id_str": "6433472", "screen_name": "CBCNews", "name": "CBC News", "id": 6433472}], "source": "<a href=\"http://twitter.com/download/android\" rel=\"nofollow\">Twitter for Android</a>", "in_reply_to_status_id": 524991360688861185, "in_reply_to_screen_name": "tarastrong", "user": {"id": 2203610179, "profile_image_url_https": "https://pbs.twimg.com/profile_images/1036327296238415873/kBy7UWuZ_normal.jpg", "profile_sidebar_fill_color": "000000", "geo_enabled": true, "profile_text_color": "000000", "followers_count": 819, "location": "Wrapped in blankets", "profile_background_color": "000000", "id_str": "2203610179", "statuses_count": 37551, "description": "Waifu & Wife to be of @spectacles_ak my preferred pronoun is Goddess. sporadically breaks out in strange voices.", "friends_count": 1908, "profile_link_color": "9266CC", "profile_image_url": "http://pbs.twimg.com/profile_images/1036327296238415873/kBy7UWuZ_normal.jpg", "profile_background_image_url_https": "https://abs.twimg.com/images/themes/theme1/bg.png", "profile_banner_url": "https://pbs.twimg.com/profile_banners/2203610179/1533918554", "profile_background_image_url": "http://abs.twimg.com/images/themes/theme1/bg.png", "name": "Vixxi", "lang": "en", "favourites_count": 100654, "screen_name": "vixxsinn66", "url": "https://t.co/5UV1lOUwcs", "created_at": "Tue Nov 19 19:08:38 +0000 2013", "profile_sidebar_border_color": "000000", "listed_count": 27}, "urls": [], "id": 524998494772555776, "id_str": "524998494772555776"}