{"lang": "en", "in_reply_to_user_id": 3108351, "text": "@WSJ You have to ask yourself. How does someone get past the front doors of Parliament with a rifle? Where was the security?", "created_at": "Wed Oct 22 16:02:33 +0000 2014", "hashtags": [], "user_mentions": [{"id_str": "3108351", "screen_name": "WSJ", "name": "The Wall Street Journal", "id": 3108351}], "source": "<a href=\"http://twitter.com/download/android\" rel=\"nofollow\">Twitter for Android</a>", "in_reply_to_status_id": 524935246647926784, "in_reply_to_screen_name": "WSJ", "user": {"profile_use_background_image": true, "id": 1226364937, "profile_image_url_https": "https://pbs.twimg.com/profile_images/378800000741085418/a83477b215f71bd5c5872f9447c0ef37_normal.jpeg", "profile_sidebar_fill_color": "F6F6F6", "profile_text_color": "333333", "followers_count": 420, "id_str": "1226364937", "profile_background_color": "642D8B", "listed_count": 22, "statuses_count": 9521, "description": "As a general rule, the most successful man in life is the man who has the best information", "friends_count": 578, "profile_link_color": "F00909", "profile_image_url": "http://pbs.twimg.com/profile_images/378800000741085418/a83477b215f71bd5c5872f9447c0ef37_normal.jpeg", "profile_background_image_url_https": "https://abs.twimg.com/images/themes/theme18/bg.gif", "profile_banner_url": "https://pbs.twimg.com/profile_banners/1226364937/1384481683", "profile_background_image_url": "http://abs.twimg.com/images/themes/theme18/bg.gif", "name": "Solar_Disruption", "lang": "en", "profile_background_tile": true, "favourites_count": 1176, "screen_name": "dojicandlestick", "created_at": "Thu Feb 28 00:43:16 +0000 2013", "profile_sidebar_border_color": "FFFFFF"}, "urls": [], "id": 524953964702625793, "id_str": "524953964702625793"}