{"lang": "en", "in_reply_to_user_id": 24000965, "text": "@CBCTheNational @CBCRadioCanada 30 shots reported on Parliament Hill.", "created_at": "Wed Oct 22 14:31:35 +0000 2014", "hashtags": [], "user_mentions": [{"id_str": "24000965", "screen_name": "CBCTheNational", "name": "CBC News: The National", "id": 24000965}, {"id_str": "70964484", "screen_name": "CBCRadioCanada", "name": "CBC/Radio-Canada", "id": 70964484}], "source": "<a href=\"http://twitter.com\" rel=\"nofollow\">Twitter Web Client</a>", "in_reply_to_status_id": 524930671220105216, "in_reply_to_screen_name": "CBCTheNational", "user": {"id": 441162523, "profile_image_url_https": "https://pbs.twimg.com/profile_images/842794570022879233/-nN94gfN_normal.jpg", "profile_sidebar_fill_color": "DDEEF6", "geo_enabled": true, "profile_text_color": "333333", "followers_count": 204, "location": "Ottawa (Orleans), ON", "profile_background_color": "C0DEED", "id_str": "441162523", "statuses_count": 2567, "description": "Former ATPL. Sp\u00e9cialiste en aviation civile. Civil Aviation Specialist.", "friends_count": 238, "profile_link_color": "7FDBB6", "profile_image_url": "http://pbs.twimg.com/profile_images/842794570022879233/-nN94gfN_normal.jpg", "profile_background_image_url_https": "https://abs.twimg.com/images/themes/theme1/bg.png", "profile_banner_url": "https://pbs.twimg.com/profile_banners/441162523/1458658404", "profile_background_image_url": "http://abs.twimg.com/images/themes/theme1/bg.png", "name": "Vincent Charron", "lang": "en", "favourites_count": 273, "screen_name": "VinceCharron", "created_at": "Mon Dec 19 20:15:10 +0000 2011", "profile_sidebar_border_color": "FFFFFF", "listed_count": 9}, "urls": [], "id": 524931073042833408, "id_str": "524931073042833408"}