{"lang": "en", "in_reply_to_user_id": 2482288585, "text": "@frxncezbieber @AlfredoFlores Guys this isn't real, if it was it would be in a proper news paper. His actual name is Robin Banks.", "created_at": "Wed Oct 22 19:41:18 +0000 2014", "hashtags": [], "user_mentions": [{"id_str": "19743731", "screen_name": "AlfredoFlores", "name": "Alfredo Flores", "id": 19743731}], "source": "<a href=\"http://twitter.com/#!/download/ipad\" rel=\"nofollow\">Twitter for iPad</a>", "in_reply_to_status_id": 524324032905093120, "in_reply_to_screen_name": "francesmistryy", "user": {"profile_use_background_image": true, "id": 2756444531, "profile_image_url_https": "https://pbs.twimg.com/profile_images/870999683363213312/4i2kiK11_normal.jpg", "profile_sidebar_fill_color": "DDEEF6", "profile_text_color": "333333", "followers_count": 130, "id_str": "2756444531", "profile_background_color": "022330", "listed_count": 1, "statuses_count": 828, "description": "dogs are too good for people tbh.", "friends_count": 139, "profile_link_color": "0084B4", "profile_image_url": "http://pbs.twimg.com/profile_images/870999683363213312/4i2kiK11_normal.jpg", "profile_background_image_url_https": "https://abs.twimg.com/images/themes/theme1/bg.png", "profile_banner_url": "https://pbs.twimg.com/profile_banners/2756444531/1498773011", "profile_background_image_url": "http://abs.twimg.com/images/themes/theme1/bg.png", "name": "Lucia Hoyle \ud83c\udf10", "lang": "en", "favourites_count": 826, "screen_name": "luciah0yle", "created_at": "Sat Aug 30 23:27:33 +0000 2014", "profile_sidebar_border_color": "C0DEED"}, "urls": [], "id": 525009017555681280, "favorite_count": 1, "id_str": "525009017555681280"}