{"lang": "en", "in_reply_to_user_id": 6433472, "text": "\u201c@CBCNews:  photo was taken at the National War Memorial, shortly before Nathan Cirillo was shot. http://t.co/K4VzBv4EKI\u201d #RIPNathan", "created_at": "Thu Oct 23 00:04:03 +0000 2014", "hashtags": [{"text": "RIPNathan"}], "user_mentions": [{"id_str": "6433472", "screen_name": "CBCNews", "name": "CBC News", "id": 6433472}], "source": "<a href=\"http://twitter.com/#!/download/ipad\" rel=\"nofollow\">Twitter for iPad</a>", "in_reply_to_status_id": 525040836757958657, "in_reply_to_screen_name": "CBCNews", "user": {"profile_use_background_image": true, "id": 2650285774, "profile_image_url_https": "https://pbs.twimg.com/profile_images/1004387988959301633/TY_UC8rE_normal.jpg", "profile_sidebar_fill_color": "DDEEF6", "geo_enabled": true, "profile_text_color": "333333", "followers_count": 291, "location": "Niagara", "profile_background_color": "C0DEED", "id_str": "2650285774", "statuses_count": 8847, "description": "Life long learner, loving each day on this beautiful earth.", "friends_count": 130, "profile_link_color": "1DA1F2", "profile_image_url": "http://pbs.twimg.com/profile_images/1004387988959301633/TY_UC8rE_normal.jpg", "profile_background_image_url_https": "https://abs.twimg.com/images/themes/theme1/bg.png", "profile_background_image_url": "http://abs.twimg.com/images/themes/theme1/bg.png", "name": "Susan Ward", "lang": "en", "favourites_count": 18845, "screen_name": "sward5355", "created_at": "Sat Jun 28 14:16:23 +0000 2014", "profile_sidebar_border_color": "C0DEED", "default_profile": true, "listed_count": 119}, "urls": [], "media": [{"expanded_url": "https://twitter.com/CBCNews/status/525040836757958657/photo/1", "display_url": "pic.twitter.com/K4VzBv4EKI", "url": "http://t.co/K4VzBv4EKI", "media_url_https": "https://pbs.twimg.com/media/B0lR29TCMAAfcj1.jpg", "sizes": {"large": {"h": 450, "resize": "fit", "w": 600}, "small": {"h": 450, "resize": "fit", "w": 600}, "medium": {"h": 450, "resize": "fit", "w": 600}, "thumb": {"h": 150, "resize": "crop", "w": 150}}, "type": "photo", "id": 525040836174557184, "media_url": "http://pbs.twimg.com/media/B0lR29TCMAAfcj1.jpg"}], "id": 525075141412536320, "id_str": "525075141412536320"}