{"lang": "en", "in_reply_to_user_id": 759251, "text": "@CNN this is crazy. When will this stop?!", "created_at": "Wed Oct 22 22:25:47 +0000 2014", "hashtags": [], "user_mentions": [{"id_str": "759251", "screen_name": "CNN", "name": "CNN", "id": 759251}], "source": "<a href=\"http://twitter.com/download/android\" rel=\"nofollow\">Twitter for Android</a>", "in_reply_to_status_id": 524976963862429697, "in_reply_to_screen_name": "CNN", "user": {"profile_use_background_image": true, "id": 2792666025, "profile_image_url_https": "https://pbs.twimg.com/profile_images/516683855403966464/zdswRC14_normal.jpeg", "profile_sidebar_fill_color": "DDEEF6", "profile_text_color": "333333", "followers_count": 10, "id_str": "2792666025", "profile_background_color": "C0DEED", "listed_count": 1, "statuses_count": 37, "friends_count": 120, "profile_link_color": "1DA1F2", "profile_image_url": "http://pbs.twimg.com/profile_images/516683855403966464/zdswRC14_normal.jpeg", "profile_background_image_url_https": "https://abs.twimg.com/images/themes/theme1/bg.png", "profile_banner_url": "https://pbs.twimg.com/profile_banners/2792666025/1412022104", "profile_background_image_url": "http://abs.twimg.com/images/themes/theme1/bg.png", "name": "Michele R Hunter", "lang": "en", "favourites_count": 11, "screen_name": "zanyzan2", "created_at": "Mon Sep 29 19:54:47 +0000 2014", "profile_sidebar_border_color": "C0DEED", "default_profile": true}, "urls": [], "id": 525050412404338688, "id_str": "525050412404338688"}