{"lang": "en", "in_reply_to_user_id": 28785486, "text": "@ABC wow. God bless", "created_at": "Thu Oct 23 03:00:04 +0000 2014", "hashtags": [], "user_mentions": [{"id_str": "28785486", "screen_name": "ABC", "name": "ABC News", "id": 28785486}], "source": "<a href=\"http://twitter.com/download/android\" rel=\"nofollow\">Twitter for Android</a>", "in_reply_to_status_id": 525116411887513602, "in_reply_to_screen_name": "ABC", "user": {"profile_use_background_image": true, "id": 824213414, "profile_image_url_https": "https://pbs.twimg.com/profile_images/1036400266487054336/6FwRcWmT_normal.jpg", "profile_sidebar_fill_color": "EFEFEF", "geo_enabled": true, "profile_text_color": "333333", "followers_count": 310, "location": "California, USA", "profile_background_color": "131516", "id_str": "824213414", "statuses_count": 43465, "description": "Aspiring Fashion Designer \u2022 Artist \u2022 Environmentalist \u2022 Activist \u2022 #Resist #MakeAmericaGreenAgain", "friends_count": 616, "profile_link_color": "E81C4F", "profile_image_url": "http://pbs.twimg.com/profile_images/1036400266487054336/6FwRcWmT_normal.jpg", "profile_background_image_url_https": "https://abs.twimg.com/images/themes/theme14/bg.gif", "profile_banner_url": "https://pbs.twimg.com/profile_banners/824213414/1535932054", "profile_background_image_url": "http://abs.twimg.com/images/themes/theme14/bg.gif", "name": "\ud83c\udf19 Z \ud83c\udf3f", "lang": "en", "profile_background_tile": true, "favourites_count": 70049, "screen_name": "_Zaria_S", "created_at": "Fri Sep 14 23:57:09 +0000 2012", "profile_sidebar_border_color": "EEEEEE", "listed_count": 19}, "urls": [], "id": 525119435192160257, "id_str": "525119435192160257"}