{"lang": "en", "in_reply_to_user_id": 28785486, "text": "@ABC ITS APRETTY COOL SPIDER . BLENDS IN WITH THE TREES", "created_at": "Thu Oct 23 04:11:32 +0000 2014", "hashtags": [], "user_mentions": [{"id_str": "28785486", "screen_name": "ABC", "name": "ABC News", "id": 28785486}], "source": "<a href=\"http://twitter.com\" rel=\"nofollow\">Twitter Web Client</a>", "in_reply_to_status_id": 525134787778850818, "in_reply_to_screen_name": "ABC", "user": {"id": 520927363, "profile_image_url_https": "https://pbs.twimg.com/profile_images/527133178675204097/11tJVPIA_normal.png", "profile_sidebar_fill_color": "000000", "geo_enabled": true, "profile_text_color": "000000", "followers_count": 8, "id_str": "520927363", "profile_background_color": "000000", "listed_count": 2, "statuses_count": 1385, "description": "HELPING WORLD TO RESTORE HOPE , WORLD PEACE AND RETURNING  LIFE EDUCATION AND FUTURES BACK TO CHILDREN AND FUTURE GENERATIONSOF CHILDREN .MAKING GOOD CITIZENS.", "friends_count": 128, "profile_link_color": "4A913C", "profile_image_url": "http://pbs.twimg.com/profile_images/527133178675204097/11tJVPIA_normal.png", "profile_background_image_url_https": "https://abs.twimg.com/images/themes/theme1/bg.png", "profile_banner_url": "https://pbs.twimg.com/profile_banners/520927363/1413377098", "profile_background_image_url": "http://abs.twimg.com/images/themes/theme1/bg.png", "name": "ANOMANUS@YAHOO.COM", "lang": "en", "favourites_count": 1122, "screen_name": "ALOSICO", "created_at": "Sun Mar 11 02:22:24 +0000 2012", "profile_sidebar_border_color": "000000"}, "urls": [], "id": 525137421047177217, "id_str": "525137421047177217"}