{"lang": "en", "in_reply_to_user_id": 28785486, "text": "No thanks RT\u201c@ABC: Meet the South American Goliath birdeater -- a spider the size of a puppy: http://t.co/jP0QhOWrm3 http://t.co/jOMJFjJAMv\u201d", "created_at": "Thu Oct 23 18:19:24 +0000 2014", "hashtags": [], "user_mentions": [{"id_str": "28785486", "screen_name": "ABC", "name": "ABC News", "id": 28785486}], "source": "<a href=\"http://twitter.com/download/iphone\" rel=\"nofollow\">Twitter for iPhone</a>", "in_reply_to_status_id": 525134787778850818, "in_reply_to_screen_name": "ABC", "user": {"id": 469771592, "profile_image_url_https": "https://pbs.twimg.com/profile_images/1045763977928740864/7Z6RDVr9_normal.jpg", "profile_sidebar_fill_color": "DDEEF6", "geo_enabled": true, "profile_text_color": "333333", "followers_count": 659, "location": "Charlotte, NC", "profile_background_color": "F0F0F0", "id_str": "469771592", "statuses_count": 173696, "description": "Suh.", "friends_count": 371, "profile_link_color": "0084B4", "profile_image_url": "http://pbs.twimg.com/profile_images/1045763977928740864/7Z6RDVr9_normal.jpg", "profile_background_image_url_https": "https://abs.twimg.com/images/themes/theme1/bg.png", "profile_banner_url": "https://pbs.twimg.com/profile_banners/469771592/1538343753", "profile_background_image_url": "http://abs.twimg.com/images/themes/theme1/bg.png", "name": "Bangkok Dangerous", "lang": "en", "profile_background_tile": true, "favourites_count": 4847, "screen_name": "AllKindzOfGainz", "created_at": "Fri Jan 20 23:49:02 +0000 2012", "profile_sidebar_border_color": "FFFFFF", "listed_count": 7}, "urls": [{"url": "http://t.co/jP0QhOWrm3", "expanded_url": "http://abcn.ws/1wsBVlR"}], "media": [{"expanded_url": "https://twitter.com/Nightline/status/524678629830037505/photo/1", "display_url": "pic.twitter.com/jOMJFjJAMv", "url": "http://t.co/jOMJFjJAMv", "media_url_https": "https://pbs.twimg.com/media/B0gIbt4CEAAqktQ.jpg", "sizes": {"large": {"h": 558, "resize": "fit", "w": 992}, "small": {"h": 383, "resize": "fit", "w": 680}, "medium": {"h": 558, "resize": "fit", "w": 992}, "thumb": {"h": 150, "resize": "crop", "w": 150}}, "type": "photo", "id": 524678628852764672, "media_url": "http://pbs.twimg.com/media/B0gIbt4CEAAqktQ.jpg"}], "id": 525350792010932224, "id_str": "525350792010932224"}