{"lang": "en", "text": "A touching tribute to a fallen soldier\nhttp://t.co/H3L9bHSvSm http://t.co/B7uUfncED4", "created_at": "Thu Oct 23 15:20:10 +0000 2014", "hashtags": [], "user_mentions": [], "source": "<a href=\"https://about.twitter.com/products/tweetdeck\" rel=\"nofollow\">TweetDeck</a>", "user": {"profile_use_background_image": true, "id": 16973333, "verified": true, "profile_image_url_https": "https://pbs.twimg.com/profile_images/1015965267116089347/_Aaz8Ff7_normal.jpg", "profile_sidebar_fill_color": "FFFFFF", "profile_text_color": "333333", "followers_count": 2568234, "location": "London, England", "profile_background_color": "EBEBEB", "id_str": "16973333", "statuses_count": 760197, "description": "News, comment and features from The Independent", "friends_count": 1128, "profile_link_color": "FC051A", "profile_image_url": "http://pbs.twimg.com/profile_images/1015965267116089347/_Aaz8Ff7_normal.jpg", "profile_background_image_url_https": "https://abs.twimg.com/images/themes/theme1/bg.png", "profile_banner_url": "https://pbs.twimg.com/profile_banners/16973333/1536660904", "profile_background_image_url": "http://abs.twimg.com/images/themes/theme1/bg.png", "name": "The Independent", "lang": "en", "profile_background_tile": true, "favourites_count": 66, "screen_name": "Independent", "url": "https://t.co/ENon5VCZ03", "created_at": "Sun Oct 26 00:00:29 +0000 2008", "profile_sidebar_border_color": "FFFFFF", "listed_count": 22369}, "urls": [{"url": "http://t.co/H3L9bHSvSm", "expanded_url": "http://ind.pn/1D1hbSq"}], "media": [{"expanded_url": "https://twitter.com/Independent/status/525305690257379328/photo/1", "display_url": "pic.twitter.com/B7uUfncED4", "url": "http://t.co/B7uUfncED4", "media_url_https": "https://pbs.twimg.com/media/B0pCvauIQAAha_X.jpg", "sizes": {"large": {"h": 521, "resize": "fit", "w": 620}, "small": {"h": 521, "resize": "fit", "w": 620}, "medium": {"h": 521, "resize": "fit", "w": 620}, "thumb": {"h": 150, "resize": "crop", "w": 150}}, "type": "photo", "id": 525305688936169472, "media_url": "http://pbs.twimg.com/media/B0pCvauIQAAha_X.jpg"}], "retweet_count": 163, "id": 525305690257379328, "favorite_count": 105, "id_str": "525305690257379328"}