{"lang": "und", "in_reply_to_user_id": 15791186, "text": "@KHOU @HoustonColten", "created_at": "Thu Oct 23 16:32:06 +0000 2014", "hashtags": [], "user_mentions": [{"id_str": "15791186", "screen_name": "KHOU", "name": "KHOU 11 News Houston", "id": 15791186}, {"id_str": "1043565155093753858", "screen_name": "HoustonColten", "name": "Colten Houston", "id": 1043565155093753858}], "source": "<a href=\"http://twitter.com/download/iphone\" rel=\"nofollow\">Twitter for iPhone</a>", "in_reply_to_status_id": 523888836456108032, "in_reply_to_screen_name": "KHOU", "user": {"profile_use_background_image": true, "id": 460697364, "profile_image_url_https": "https://pbs.twimg.com/profile_images/1028111002997538817/SrTaCIxU_normal.jpg", "profile_sidebar_fill_color": "FF6B6B", "geo_enabled": true, "profile_text_color": "C7F464", "followers_count": 1239, "location": "TEXAS", "profile_background_color": "EF00CF", "id_str": "460697364", "statuses_count": 27092, "description": "you will never be me", "friends_count": 335, "profile_link_color": "4ECDC4", "profile_image_url": "http://pbs.twimg.com/profile_images/1028111002997538817/SrTaCIxU_normal.jpg", "profile_background_image_url_https": "https://abs.twimg.com/images/themes/theme10/bg.gif", "profile_banner_url": "https://pbs.twimg.com/profile_banners/460697364/1476586387", "profile_background_image_url": "http://abs.twimg.com/images/themes/theme10/bg.gif", "name": "keelee", "lang": "en", "profile_background_tile": true, "favourites_count": 2180, "screen_name": "keeleepcibulski", "created_at": "Wed Jan 11 01:21:37 +0000 2012", "profile_sidebar_border_color": "C44D58", "listed_count": 1}, "urls": [], "id": 525323789425713152, "id_str": "525323789425713152"}