{"lang": "en", "in_reply_to_user_id": 15438913, "text": "Omg \ud83d\ude2d \u201c@MailOnline: Dogs of Canadian reservist killed at National War Memorial wait for him http://t.co/dy1Gp8ZruM http://t.co/w1WViCfHAX\u201d", "created_at": "Thu Oct 23 22:13:29 +0000 2014", "hashtags": [], "user_mentions": [{"id_str": "15438913", "screen_name": "MailOnline", "name": "Daily Mail Online", "id": 15438913}], "source": "<a href=\"http://twitter.com/download/iphone\" rel=\"nofollow\">Twitter for iPhone</a>", "in_reply_to_status_id": 525408908484280321, "in_reply_to_screen_name": "MailOnline", "user": {"profile_use_background_image": true, "id": 258063930, "profile_image_url_https": "https://pbs.twimg.com/profile_images/1019349361690664960/8thTj05J_normal.jpg", "profile_sidebar_fill_color": "FFFFFF", "geo_enabled": true, "profile_text_color": "333333", "followers_count": 27209, "location": "USA", "profile_background_color": "AAABA8", "id_str": "258063930", "statuses_count": 49128, "description": "Jasmine, 22 \u2606 Supporting my fav team, the Duke & Duchess of Cambridge and their family. \u2606 Instagram: @RoyallyKate \u2606 Contact: royallykate@gmail.com / DMs", "friends_count": 1693, "profile_link_color": "665656", "profile_image_url": "http://pbs.twimg.com/profile_images/1019349361690664960/8thTj05J_normal.jpg", "profile_background_image_url_https": "https://abs.twimg.com/images/themes/theme15/bg.png", "profile_banner_url": "https://pbs.twimg.com/profile_banners/258063930/1531882633", "profile_background_image_url": "http://abs.twimg.com/images/themes/theme15/bg.png", "name": "Kate Middleton Fans", "lang": "en", "favourites_count": 17463, "screen_name": "RoyallyKate", "url": "https://t.co/URr6Q6YDtw", "created_at": "Sat Feb 26 21:53:59 +0000 2011", "profile_sidebar_border_color": "FFFFFF", "listed_count": 149}, "urls": [{"url": "http://t.co/dy1Gp8ZruM", "expanded_url": "http://dailym.ai/12ldID4"}], "media": [{"expanded_url": "https://twitter.com/MailOnline/status/525408908484280321/photo/1", "display_url": "pic.twitter.com/w1WViCfHAX", "url": "http://t.co/w1WViCfHAX", "media_url_https": "https://pbs.twimg.com/media/B0qgnkPIcAAA_ZF.jpg", "sizes": {"large": {"h": 395, "resize": "fit", "w": 634}, "small": {"h": 395, "resize": "fit", "w": 634}, "medium": {"h": 395, "resize": "fit", "w": 634}, "thumb": {"h": 150, "resize": "crop", "w": 150}}, "type": "photo", "id": 525408908144570368, "media_url": "http://pbs.twimg.com/media/B0qgnkPIcAAA_ZF.jpg"}], "retweet_count": 4, "id": 525409704210886656, "favorite_count": 5, "id_str": "525409704210886656"}