{"lang": "en", "in_reply_to_user_id": 28785486, "text": "@ABC  heart breaking, and scary", "created_at": "Fri Oct 24 20:01:06 +0000 2014", "hashtags": [], "user_mentions": [{"id_str": "28785486", "screen_name": "ABC", "name": "ABC News", "id": 28785486}], "source": "<a href=\"https://dev.twitter.com/docs/tfw\" rel=\"nofollow\">Twitter for Websites</a>", "in_reply_to_status_id": 525116411887513602, "in_reply_to_screen_name": "ABC", "user": {"profile_use_background_image": true, "id": 27093947, "profile_image_url_https": "https://pbs.twimg.com/profile_images/436199181196066816/B8hLZNSZ_normal.jpeg", "profile_sidebar_fill_color": "DDEEF6", "geo_enabled": true, "profile_text_color": "333333", "followers_count": 266, "location": "Rochester ny", "profile_background_color": "C0DEED", "id_str": "27093947", "statuses_count": 3036, "description": "hard working, love US", "friends_count": 368, "profile_link_color": "1DA1F2", "profile_image_url": "http://pbs.twimg.com/profile_images/436199181196066816/B8hLZNSZ_normal.jpeg", "profile_background_image_url_https": "https://abs.twimg.com/images/themes/theme1/bg.png", "profile_banner_url": "https://pbs.twimg.com/profile_banners/27093947/1392831896", "profile_background_image_url": "http://abs.twimg.com/images/themes/theme1/bg.png", "name": "sandy Johnson", "lang": "en", "favourites_count": 448, "screen_name": "midnightscream", "created_at": "Fri Mar 27 20:50:38 +0000 2009", "profile_sidebar_border_color": "C0DEED", "default_profile": true, "listed_count": 7}, "urls": [], "id": 525738776350318592, "id_str": "525738776350318592"}