{"lang": "en", "in_reply_to_user_id": 16664681, "text": "\u201c@latimes: Judd Nelson didn't die last night. He sent us this photo to debunk the rumor. http://t.co/TWzy6yqIZi\u201d\n\nThe LA Times is deader.", "created_at": "Sun Oct 26 21:04:38 +0000 2014", "hashtags": [], "user_mentions": [{"id_str": "16664681", "screen_name": "latimes", "name": "Los Angeles Times", "id": 16664681}], "source": "<a href=\"http://twitter.com/#!/download/ipad\" rel=\"nofollow\">Twitter for iPad</a>", "in_reply_to_status_id": 526459255147491328, "in_reply_to_screen_name": "latimes", "user": {"profile_use_background_image": true, "id": 14228645, "profile_image_url_https": "https://pbs.twimg.com/profile_images/422729198654857216/3I_Cy8Yn_normal.png", "profile_sidebar_fill_color": "DDEEF6", "geo_enabled": true, "profile_text_color": "333333", "followers_count": 700, "location": "Alabama, USA", "profile_background_color": "C0DEED", "id_str": "14228645", "statuses_count": 46118, "description": "Apple/Technology consultant", "friends_count": 1750, "profile_link_color": "1DA1F2", "profile_image_url": "http://pbs.twimg.com/profile_images/422729198654857216/3I_Cy8Yn_normal.png", "profile_background_image_url_https": "https://abs.twimg.com/images/themes/theme1/bg.png", "profile_background_image_url": "http://abs.twimg.com/images/themes/theme1/bg.png", "name": "Ron McKinney", "lang": "en", "favourites_count": 3115, "screen_name": "macsmarts", "created_at": "Wed Mar 26 19:06:38 +0000 2008", "profile_sidebar_border_color": "C0DEED", "default_profile": true, "listed_count": 36}, "urls": [], "media": [{"expanded_url": "https://twitter.com/latimes/status/526459255147491328/photo/1", "display_url": "pic.twitter.com/TWzy6yqIZi", "url": "http://t.co/TWzy6yqIZi", "media_url_https": "https://pbs.twimg.com/media/B05b5y5IgAA6eGi.jpg", "sizes": {"small": {"h": 414, "resize": "fit", "w": 680}, "large": {"h": 748, "resize": "fit", "w": 1228}, "medium": {"h": 731, "resize": "fit", "w": 1200}, "thumb": {"h": 150, "resize": "crop", "w": 150}}, "type": "photo", "id": 526459254921003008, "media_url": "http://pbs.twimg.com/media/B05b5y5IgAA6eGi.jpg"}], "id": 526479540424810497, "id_str": "526479540424810497"}