{"lang": "en", "in_reply_to_user_id": 342894187, "text": "@AnneBayefsky Honour killing. Husband caught her messing around with Brian Wilson.", "created_at": "Tue Oct 28 17:58:17 +0000 2014", "hashtags": [], "user_mentions": [{"id_str": "342894187", "screen_name": "AnneBayefsky", "name": "Anne Bayefsky", "id": 342894187}], "source": "<a href=\"http://twitter.com/download/android\" rel=\"nofollow\">Twitter for Android</a>", "in_reply_to_status_id": 527131140721623040, "in_reply_to_screen_name": "AnneBayefsky", "user": {"lang": "en", "id_str": "2764922073", "statuses_count": 2398, "screen_name": "2lejit2kwik", "friends_count": 25, "profile_sidebar_fill_color": "000000", "created_at": "Mon Sep 08 18:37:53 +0000 2014", "profile_link_color": "0084B4", "profile_image_url": "http://pbs.twimg.com/profile_images/520022218290376704/2xZxtEYj_normal.jpeg", "name": "Foreign Policy", "profile_text_color": "000000", "followers_count": 328, "profile_sidebar_border_color": "000000", "profile_image_url_https": "https://pbs.twimg.com/profile_images/520022218290376704/2xZxtEYj_normal.jpeg", "profile_background_color": "000000", "favourites_count": 7493, "profile_background_image_url_https": "https://abs.twimg.com/images/themes/theme1/bg.png", "listed_count": 13, "id": 2764922073, "profile_background_image_url": "http://abs.twimg.com/images/themes/theme1/bg.png", "description": "No worries King. If sex, drugs, and rock-n-roll don't get them our bombs will."}, "urls": [], "id": 527157417852010496, "id_str": "527157417852010496"}