{"lang": "en", "in_reply_to_user_id": 95023423, "text": "@UberFacts fuck that", "created_at": "Tue Oct 28 18:51:25 +0000 2014", "hashtags": [], "user_mentions": [{"id_str": "95023423", "screen_name": "UberFacts", "name": "UberFacts", "id": 95023423}], "source": "<a href=\"http://twitter.com/download/iphone\" rel=\"nofollow\">Twitter for iPhone</a>", "in_reply_to_status_id": 527162170531151872, "in_reply_to_screen_name": "UberFacts", "user": {"profile_use_background_image": true, "id": 351792482, "profile_image_url_https": "https://pbs.twimg.com/profile_images/803054328151949312/4enuIahu_normal.jpg", "profile_sidebar_fill_color": "C0DFEC", "geo_enabled": true, "profile_text_color": "333333", "followers_count": 283, "location": "Raleigh, NC 919", "profile_background_color": "022330", "id_str": "351792482", "statuses_count": 3421, "description": "Make the world a better place with the time you are given", "friends_count": 275, "profile_link_color": "0084B4", "profile_image_url": "http://pbs.twimg.com/profile_images/803054328151949312/4enuIahu_normal.jpg", "profile_background_image_url_https": "https://abs.twimg.com/images/themes/theme15/bg.png", "profile_banner_url": "https://pbs.twimg.com/profile_banners/351792482/1424226716", "profile_background_image_url": "http://abs.twimg.com/images/themes/theme15/bg.png", "name": "Nick Ernst", "lang": "en", "favourites_count": 1278, "screen_name": "imNICKJAMESbtch", "created_at": "Tue Aug 09 18:56:17 +0000 2011", "profile_sidebar_border_color": "A8C7F7", "listed_count": 1}, "urls": [], "id": 527170789054103552, "favorite_count": 2, "id_str": "527170789054103552"}