{"lang": "en", "in_reply_to_user_id": 428333, "text": "@cnnbrk @JoseCanseco self inflicts with a gun and self injects with a syringe. #Reckless #GoFigure", "created_at": "Wed Oct 29 05:42:54 +0000 2014", "hashtags": [{"text": "Reckless"}, {"text": "GoFigure"}], "user_mentions": [{"id_str": "428333", "screen_name": "cnnbrk", "name": "CNN Breaking News", "id": 428333}, {"id_str": "19715003", "screen_name": "JoseCanseco", "name": "Jose Canseco", "id": 19715003}], "source": "<a href=\"https://twitter.com/download/android\" rel=\"nofollow\">Twitter for Android Tablets</a>", "in_reply_to_status_id": 527286846347567104, "in_reply_to_screen_name": "cnnbrk", "user": {"profile_use_background_image": true, "id": 741687842, "profile_image_url_https": "https://pbs.twimg.com/profile_images/1043700194980712454/rcqVHWNR_normal.jpg", "profile_sidebar_fill_color": "FFFFFF", "geo_enabled": true, "profile_text_color": "333333", "followers_count": 1485, "location": "Renton WA", "profile_background_color": "B2DFDA", "id_str": "741687842", "statuses_count": 16748, "description": "retired, dog lover, bodybuilder, hiker, sports fan", "friends_count": 2648, "profile_link_color": "93A644", "profile_image_url": "http://pbs.twimg.com/profile_images/1043700194980712454/rcqVHWNR_normal.jpg", "profile_background_image_url_https": "https://abs.twimg.com/images/themes/theme13/bg.gif", "profile_banner_url": "https://pbs.twimg.com/profile_banners/741687842/1363839502", "profile_background_image_url": "http://abs.twimg.com/images/themes/theme13/bg.gif", "name": "David Hudson", "lang": "en", "favourites_count": 242, "screen_name": "darockhudson", "created_at": "Mon Aug 06 23:36:43 +0000 2012", "profile_sidebar_border_color": "FFFFFF", "listed_count": 34}, "urls": [], "id": 527334742643863553, "id_str": "527334742643863553"}