{"lang": "en", "in_reply_to_user_id": 342894187, "text": "@AnneBayefsky @MissAlieNicole Ahhh that would suck", "created_at": "Wed Oct 29 03:47:55 +0000 2014", "hashtags": [], "user_mentions": [{"id_str": "342894187", "screen_name": "AnneBayefsky", "name": "Anne Bayefsky", "id": 342894187}], "source": "<a href=\"http://twitter.com/download/iphone\" rel=\"nofollow\">Twitter for iPhone</a>", "in_reply_to_status_id": 527131140721623040, "in_reply_to_screen_name": "AnneBayefsky", "user": {"profile_use_background_image": true, "id": 531598198, "profile_image_url_https": "https://pbs.twimg.com/profile_images/1033973585822531584/bqlCbo6I_normal.jpg", "profile_sidebar_fill_color": "000000", "profile_text_color": "000000", "followers_count": 4913, "location": "North Shore, MA", "profile_background_color": "000000", "id_str": "531598198", "statuses_count": 106948, "description": "Gave Blood Played Rugby, Love walking above the clouds and falling from the sky.\n\n\nHardscaper #PermeablePavers", "friends_count": 4701, "profile_link_color": "000000", "profile_image_url": "http://pbs.twimg.com/profile_images/1033973585822531584/bqlCbo6I_normal.jpg", "profile_background_image_url_https": "https://abs.twimg.com/images/themes/theme14/bg.gif", "profile_banner_url": "https://pbs.twimg.com/profile_banners/531598198/1511579125", "profile_background_image_url": "http://abs.twimg.com/images/themes/theme14/bg.gif", "name": "Rick Wheeler", "lang": "en", "profile_background_tile": true, "favourites_count": 3579, "screen_name": "RfWheels3015", "created_at": "Tue Mar 20 20:10:17 +0000 2012", "profile_sidebar_border_color": "000000", "listed_count": 134}, "urls": [], "id": 527305806845583360, "id_str": "527305806845583360"}