{"lang": "en", "in_reply_to_user_id": 2467791, "text": "[it *is* a tough country] MT @washingtonpost: Fanged deer pops up in Afghanistan, 60 years... http://t.co/0sgtl2gBkJ http://t.co/zG3gqegf3c", "created_at": "Fri Oct 31 17:54:27 +0000 2014", "hashtags": [], "user_mentions": [{"id_str": "2467791", "screen_name": "washingtonpost", "name": "Washington Post", "id": 2467791}], "source": "<a href=\"http://twitter.com/#!/download/ipad\" rel=\"nofollow\">Twitter for iPad</a>", "in_reply_to_status_id": 528237933661544448, "in_reply_to_screen_name": "washingtonpost", "user": {"profile_use_background_image": true, "id": 14360516, "profile_image_url_https": "https://pbs.twimg.com/profile_images/845476248562339840/954BrHV3_normal.jpg", "profile_sidebar_fill_color": "FFFFFF", "geo_enabled": true, "profile_text_color": "000000", "followers_count": 2443, "location": "~ 43.128677,-77.614074", "profile_background_color": "F0F0E0", "id_str": "14360516", "statuses_count": 253857, "description": "former prof @ RIT, mobile tech & VR pioneer, long-time full-stack coder, once-upon-a-time a Regular Army Sgt. my personal account.", "friends_count": 1508, "profile_link_color": "D4D4E6", "profile_image_url": "http://pbs.twimg.com/profile_images/845476248562339840/954BrHV3_normal.jpg", "profile_background_image_url_https": "https://abs.twimg.com/images/themes/theme1/bg.png", "profile_banner_url": "https://pbs.twimg.com/profile_banners/14360516/1437675074", "profile_background_image_url": "http://abs.twimg.com/images/themes/theme1/bg.png", "name": "Jeff Sonstein \ud83c\udf5e\u2795\ud83c\udf39\ud83c\udf39", "lang": "en", "favourites_count": 3898, "screen_name": "jeffsonstein", "url": "https://t.co/JUeZOxpf63", "created_at": "Fri Apr 11 12:54:49 +0000 2008", "profile_sidebar_border_color": "FFFFFF", "listed_count": 542}, "urls": [{"url": "http://t.co/0sgtl2gBkJ", "expanded_url": "http://wapo.st/1wQy4Rk"}], "media": [{"expanded_url": "https://twitter.com/washingtonpost/status/528237933661544448/photo/1", "display_url": "pic.twitter.com/zG3gqegf3c", "url": "http://t.co/zG3gqegf3c", "media_url_https": "https://pbs.twimg.com/media/B1StmeRIcAEEeJz.png", "sizes": {"small": {"h": 442, "resize": "fit", "w": 680}, "large": {"h": 933, "resize": "fit", "w": 1434}, "medium": {"h": 781, "resize": "fit", "w": 1200}, "thumb": {"h": 150, "resize": "crop", "w": 150}}, "type": "photo", "id": 528237932780744705, "media_url": "http://pbs.twimg.com/media/B1StmeRIcAEEeJz.png"}], "retweet_count": 1, "id": 528243618214318080, "id_str": "528243618214318080"}