{"lang": "en", "in_reply_to_user_id": 2467791, "text": "@washingtonpost @olsen_lynn  Now I'd call that a GREAT Halloween stunt!", "created_at": "Fri Oct 31 22:43:48 +0000 2014", "hashtags": [], "user_mentions": [{"id_str": "2467791", "screen_name": "washingtonpost", "name": "Washington Post", "id": 2467791}, {"id_str": "883316545", "screen_name": "olsen_lynn", "name": "diane lynn olsen", "id": 883316545}], "source": "<a href=\"http://twitter.com\" rel=\"nofollow\">Twitter Web Client</a>", "in_reply_to_status_id": 528312406498635777, "in_reply_to_screen_name": "washingtonpost", "user": {"id": 330501982, "profile_image_url_https": "https://pbs.twimg.com/profile_images/860289852956213248/VYcn8bpk_normal.jpg", "profile_sidebar_fill_color": "000000", "profile_text_color": "000000", "followers_count": 747, "id_str": "330501982", "profile_background_color": "000000", "location": "Portland Oregon", "statuses_count": 19033, "description": "Wife,mom,g'mom,lover of nature. Vegan,RD, biz owner, lobbyist 4 good causes,  Christian, progressive and mouthy. I write,work love critters & home improvement!", "friends_count": 1232, "profile_link_color": "ABB8C2", "profile_image_url": "http://pbs.twimg.com/profile_images/860289852956213248/VYcn8bpk_normal.jpg", "profile_background_image_url_https": "https://abs.twimg.com/images/themes/theme13/bg.gif", "profile_banner_url": "https://pbs.twimg.com/profile_banners/330501982/1493944667", "profile_background_image_url": "http://abs.twimg.com/images/themes/theme13/bg.gif", "name": "Screechowl", "lang": "en", "favourites_count": 121, "screen_name": "Imyurmama", "created_at": "Wed Jul 06 18:26:38 +0000 2011", "profile_sidebar_border_color": "000000", "listed_count": 58}, "urls": [], "id": 528316434091630592, "id_str": "528316434091630592"}