{"lang": "en", "in_reply_to_user_id": 2467791, "text": "@washingtonpost Oh deer.", "created_at": "Sat Nov 01 12:46:00 +0000 2014", "hashtags": [], "user_mentions": [{"id_str": "2467791", "screen_name": "washingtonpost", "name": "Washington Post", "id": 2467791}], "source": "<a href=\"http://twitter.com/download/android\" rel=\"nofollow\">Twitter for Android</a>", "in_reply_to_status_id": 528312406498635777, "in_reply_to_screen_name": "washingtonpost", "user": {"profile_use_background_image": true, "id": 500592511, "profile_image_url_https": "https://pbs.twimg.com/profile_images/969898677467799552/5zvXAMF4_normal.jpg", "profile_sidebar_fill_color": "DDEEF6", "profile_text_color": "333333", "followers_count": 74, "id_str": "500592511", "profile_background_color": "C0DEED", "listed_count": 2, "statuses_count": 11464, "description": "I'm kind of like the Dark Souls of people who say things are the Dark Souls of something.\n\nJack Dorsey eats human babies.", "friends_count": 184, "profile_link_color": "1DA1F2", "profile_image_url": "http://pbs.twimg.com/profile_images/969898677467799552/5zvXAMF4_normal.jpg", "profile_background_image_url_https": "https://abs.twimg.com/images/themes/theme1/bg.png", "profile_banner_url": "https://pbs.twimg.com/profile_banners/500592511/1525826185", "profile_background_image_url": "http://abs.twimg.com/images/themes/theme1/bg.png", "name": "Fine, I'll use a shorter display name. Happy now?", "lang": "en", "favourites_count": 1478, "screen_name": "AndrewMettler", "created_at": "Thu Feb 23 08:40:27 +0000 2012", "profile_sidebar_border_color": "C0DEED", "default_profile": true}, "urls": [], "id": 528528382632292354, "id_str": "528528382632292354"}