{"lang": "und", "in_reply_to_user_id": 16973333, "text": "@Independent", "created_at": "Sun Nov 02 00:48:04 +0000 2014", "hashtags": [], "user_mentions": [{"id_str": "16973333", "screen_name": "Independent", "name": "The Independent", "id": 16973333}], "source": "<a href=\"http://twitter.com/download/android\" rel=\"nofollow\">Twitter for Android</a>", "in_reply_to_status_id": 528676615207653376, "in_reply_to_screen_name": "Independent", "user": {"profile_use_background_image": true, "id": 2753697027, "profile_image_url_https": "https://abs.twimg.com/sticky/default_profile_images/default_profile_normal.png", "profile_sidebar_fill_color": "DDEEF6", "geo_enabled": true, "profile_text_color": "333333", "followers_count": 3, "id_str": "2753697027", "default_profile_image": true, "statuses_count": 82, "profile_background_color": "C0DEED", "friends_count": 39, "profile_link_color": "1DA1F2", "profile_image_url": "http://abs.twimg.com/sticky/default_profile_images/default_profile_normal.png", "profile_background_image_url_https": "https://abs.twimg.com/images/themes/theme1/bg.png", "profile_background_image_url": "http://abs.twimg.com/images/themes/theme1/bg.png", "name": "Margaret Smart", "lang": "en", "favourites_count": 10, "screen_name": "peggysmart47", "created_at": "Thu Aug 28 21:52:08 +0000 2014", "profile_sidebar_border_color": "C0DEED", "default_profile": true}, "urls": [], "id": 528710094918516736, "id_str": "528710094918516736"}