{"lang": "en", "in_reply_to_user_id": 28245852, "text": "@fluffyguy Dead and Your tweeting from beyond the grave!!!", "created_at": "Mon Nov 03 01:55:37 +0000 2014", "hashtags": [], "user_mentions": [{"id_str": "28245852", "screen_name": "fluffyguy", "name": "Gabriel Iglesias", "id": 28245852}], "source": "<a href=\"http://twitter.com/download/android\" rel=\"nofollow\">Twitter for Android</a>", "in_reply_to_status_id": 529088963420909569, "in_reply_to_screen_name": "fluffyguy", "user": {"profile_use_background_image": true, "id": 293305728, "profile_image_url_https": "https://pbs.twimg.com/profile_images/528439531494969344/ZhikBYOd_normal.jpeg", "profile_sidebar_fill_color": "DDEEF6", "profile_text_color": "333333", "followers_count": 1545, "location": "Palm Beach, Florida", "profile_background_color": "C0DEED", "id_str": "293305728", "statuses_count": 4747, "description": "Just a man Tryin to get life back in order after busting my neck/back and knees courtesy of a drunk driver that still walks free while I barely walk.", "friends_count": 4992, "profile_link_color": "0084B4", "profile_image_url": "http://pbs.twimg.com/profile_images/528439531494969344/ZhikBYOd_normal.jpeg", "profile_background_image_url_https": "https://abs.twimg.com/images/themes/theme1/bg.png", "profile_background_image_url": "http://abs.twimg.com/images/themes/theme1/bg.png", "name": "Jim", "lang": "en", "profile_background_tile": true, "favourites_count": 41828, "screen_name": "DoctorLove816", "created_at": "Thu May 05 03:32:09 +0000 2011", "profile_sidebar_border_color": "FFFFFF", "listed_count": 10}, "urls": [], "id": 529089484554768384, "favorite_count": 1, "id_str": "529089484554768384"}