{"lang": "und", "in_reply_to_user_id": 803449104, "text": "@fred_diblasio @NBCNews \ud83c\udf1d", "created_at": "Tue Nov 04 00:46:34 +0000 2014", "hashtags": [], "user_mentions": [{"id_str": "803449104", "screen_name": "fred_diblasio", "name": "Fred Di Blasio", "id": 803449104}, {"id_str": "14173315", "screen_name": "NBCNews", "name": "NBC News", "id": 14173315}], "source": "<a href=\"http://twitter.com/download/iphone\" rel=\"nofollow\">Twitter for iPhone</a>", "in_reply_to_status_id": 529434384642756608, "in_reply_to_screen_name": "fred_diblasio", "user": {"profile_use_background_image": true, "id": 106629669, "profile_image_url_https": "https://pbs.twimg.com/profile_images/1046144752972791808/NdiZnL1l_normal.jpg", "profile_sidebar_fill_color": "F6FFD1", "geo_enabled": true, "profile_text_color": "333333", "followers_count": 1374, "location": "Recife", "profile_background_color": "94D487", "id_str": "106629669", "statuses_count": 58806, "description": "TV Shows | Fanfiction | Bookworm | #LanaParrilla | #DakotaJohnson | #Outlander | fan account", "friends_count": 1505, "profile_link_color": "DD2E44", "profile_image_url": "http://pbs.twimg.com/profile_images/1046144752972791808/NdiZnL1l_normal.jpg", "profile_background_image_url_https": "https://abs.twimg.com/images/themes/theme19/bg.gif", "profile_banner_url": "https://pbs.twimg.com/profile_banners/106629669/1516052367", "profile_background_image_url": "http://abs.twimg.com/images/themes/theme19/bg.gif", "name": "Ivy Lannier", "lang": "en", "profile_background_tile": true, "favourites_count": 60395, "screen_name": "hevelinchris", "url": "https://t.co/tDok1TGGLP", "created_at": "Wed Jan 20 04:38:45 +0000 2010", "profile_sidebar_border_color": "FFFFFF", "listed_count": 20}, "urls": [], "id": 529434494730633216, "id_str": "529434494730633216"}