{"lang": "en", "in_reply_to_user_id": 65493023, "text": "@SarahPalinUSA @Normanbobo \nHis grannie was a banker\nHis mum a very busy lady\nHis wife a royal pain\nHe don't know what a mother is", "created_at": "Tue Nov 04 14:23:53 +0000 2014", "hashtags": [], "user_mentions": [{"id_str": "65493023", "screen_name": "SarahPalinUSA", "name": "Sarah Palin", "id": 65493023}, {"id_str": "39294832", "screen_name": "Normanbobo", "name": "Norman  Bobo", "id": 39294832}], "source": "<a href=\"https://mobile.twitter.com\" rel=\"nofollow\">Twitter Lite</a>", "in_reply_to_status_id": 528976109518721024, "in_reply_to_screen_name": "SarahPalinUSA", "user": {"profile_use_background_image": true, "id": 1971635875, "profile_image_url_https": "https://pbs.twimg.com/profile_images/431283647358853120/g_shBJ5m_normal.png", "profile_sidebar_fill_color": "DDEEF6", "profile_text_color": "333333", "followers_count": 1240, "id_str": "1971635875", "profile_background_color": "C0DEED", "listed_count": 26, "statuses_count": 49186, "description": "Official Refusenik-I refuse to impose debt upon anyone. To affiliate myself with anyone who don't like me. .Or to be judged by anyone else's actions", "friends_count": 705, "profile_link_color": "1DA1F2", "profile_image_url": "http://pbs.twimg.com/profile_images/431283647358853120/g_shBJ5m_normal.png", "profile_background_image_url_https": "https://abs.twimg.com/images/themes/theme1/bg.png", "profile_background_image_url": "http://abs.twimg.com/images/themes/theme1/bg.png", "name": "John L. Frenzel", "lang": "en", "favourites_count": 7982, "screen_name": "LPetloon54", "created_at": "Sat Oct 19 13:21:45 +0000 2013", "profile_sidebar_border_color": "C0DEED", "default_profile": true}, "urls": [], "id": 529640178605105152, "id_str": "529640178605105152"}