{"lang": "en", "in_reply_to_user_id": 115557718, "text": "@NotKennyRogers @DanielsYourBro Just not during presidential elections then?", "created_at": "Wed Nov 05 05:48:26 +0000 2014", "hashtags": [], "user_mentions": [{"id_str": "115557718", "screen_name": "NotKennyRogers", "name": "NotKennyRogers", "id": 115557718}], "source": "<a href=\"http://twitter.com/download/iphone\" rel=\"nofollow\">Twitter for iPhone</a>", "in_reply_to_status_id": 529857740059860992, "in_reply_to_screen_name": "NotKennyRogers", "user": {"profile_use_background_image": true, "id": 2796282507, "profile_image_url_https": "https://pbs.twimg.com/profile_images/518648047891652608/mxBF5aSN_normal.jpeg", "profile_sidebar_fill_color": "DDEEF6", "profile_text_color": "333333", "followers_count": 130, "id_str": "2796282507", "profile_background_color": "C0DEED", "listed_count": 4, "statuses_count": 2915, "description": "Christians are so racist they painted a Palestinian-Jew white", "friends_count": 91, "profile_link_color": "1DA1F2", "profile_image_url": "http://pbs.twimg.com/profile_images/518648047891652608/mxBF5aSN_normal.jpeg", "profile_background_image_url_https": "https://abs.twimg.com/images/themes/theme1/bg.png", "profile_banner_url": "https://pbs.twimg.com/profile_banners/2796282507/1416942417", "profile_background_image_url": "http://abs.twimg.com/images/themes/theme1/bg.png", "name": "Piss Christ", "lang": "en", "favourites_count": 106, "screen_name": "Foxery2", "created_at": "Tue Sep 30 20:38:31 +0000 2014", "profile_sidebar_border_color": "C0DEED", "default_profile": true}, "urls": [], "id": 529872848760745984, "id_str": "529872848760745984"}