{"lang": "en", "in_reply_to_user_id": 2883841, "text": "That's disgusting RT @eonline: The end is nigh: Pepsi is testing Doritos-flavored Mountain Dew. Yes, for real: http://t.co/WZGf6Bjm3Z", "created_at": "Sat Nov 08 05:10:59 +0000 2014", "hashtags": [], "user_mentions": [{"id_str": "725665248280236032", "screen_name": "eonline", "name": "E! Online", "id": 725665248280236032}], "source": "<a href=\"http://twitter.com/download/iphone\" rel=\"nofollow\">Twitter for iPhone</a>", "in_reply_to_status_id": 530943279161155584, "in_reply_to_screen_name": "enews", "user": {"profile_use_background_image": true, "id": 25901617, "profile_image_url_https": "https://pbs.twimg.com/profile_images/988872118141116416/FUEC8WIj_normal.jpg", "profile_sidebar_fill_color": "FFFFFF", "geo_enabled": true, "profile_text_color": "858080", "followers_count": 215, "id_str": "25901617", "profile_background_color": "000000", "listed_count": 9, "statuses_count": 35086, "description": "- live \u2022 laugh \u2022 love - 27|NJ|VI.XX.MMVIII", "friends_count": 292, "profile_link_color": "DB157F", "profile_image_url": "http://pbs.twimg.com/profile_images/988872118141116416/FUEC8WIj_normal.jpg", "profile_background_image_url_https": "https://abs.twimg.com/images/themes/theme13/bg.gif", "profile_banner_url": "https://pbs.twimg.com/profile_banners/25901617/1523822818", "profile_background_image_url": "http://abs.twimg.com/images/themes/theme13/bg.gif", "name": "NICOLE.", "lang": "en", "profile_background_tile": true, "favourites_count": 521, "screen_name": "niiknacks", "url": "https://t.co/nGlMZtlynL", "created_at": "Sun Mar 22 23:05:53 +0000 2009", "profile_sidebar_border_color": "000000"}, "urls": [{"url": "http://t.co/WZGf6Bjm3Z", "expanded_url": "http://eonli.ne/1ABRpZ7"}], "id": 530950590290206720, "id_str": "530950590290206720"}