{"lang": "en", "in_reply_to_user_id": 5695632, "text": "O.o RT \u201c@BuzzFeed: Good Sweet Lord, Pepsi Is Actually Testing A Doritos-Flavored Mountain Dew\nhttp://t.co/XFlYYESpJL http://t.co/dtyM8mj6KB\u201d", "created_at": "Sat Nov 08 16:10:14 +0000 2014", "hashtags": [], "user_mentions": [{"id_str": "5695632", "screen_name": "BuzzFeed", "name": "BuzzFeed", "id": 5695632}], "source": "<a href=\"http://twitter.com/download/iphone\" rel=\"nofollow\">Twitter for iPhone</a>", "in_reply_to_status_id": 531085761521528834, "in_reply_to_screen_name": "BuzzFeed", "user": {"profile_use_background_image": true, "id": 26420019, "profile_image_url_https": "https://pbs.twimg.com/profile_images/1013603421956530176/UTS0GOo-_normal.jpg", "profile_sidebar_fill_color": "DDEEF6", "geo_enabled": true, "profile_text_color": "333333", "followers_count": 352, "location": "Guatemala City, Guatemala", "profile_background_color": "C0DEED", "id_str": "26420019", "statuses_count": 14124, "description": "Consumer Goods Expert. Texas A&M Class of '02. World Traveler. Dog Parent. Avid runner. Pop Culture enthusiast. =)", "friends_count": 533, "profile_link_color": "1DA1F2", "profile_image_url": "http://pbs.twimg.com/profile_images/1013603421956530176/UTS0GOo-_normal.jpg", "profile_background_image_url_https": "https://abs.twimg.com/images/themes/theme1/bg.png", "profile_banner_url": "https://pbs.twimg.com/profile_banners/26420019/1356103476", "profile_background_image_url": "http://abs.twimg.com/images/themes/theme1/bg.png", "name": "Pedro Garcia", "lang": "en", "favourites_count": 4538, "screen_name": "Filly_", "created_at": "Wed Mar 25 03:33:46 +0000 2009", "profile_sidebar_border_color": "C0DEED", "default_profile": true, "listed_count": 18}, "urls": [{"url": "http://t.co/XFlYYESpJL", "expanded_url": "http://bzfd.it/1xiSdyk"}], "media": [{"expanded_url": "https://twitter.com/BuzzFeed/status/531085761521528834/photo/1", "display_url": "pic.twitter.com/dtyM8mj6KB", "url": "http://t.co/dtyM8mj6KB", "media_url_https": "https://pbs.twimg.com/media/B14QFIOCMAAyOD6.png", "sizes": {"small": {"h": 592, "resize": "fit", "w": 500}, "large": {"h": 592, "resize": "fit", "w": 500}, "medium": {"h": 592, "resize": "fit", "w": 500}, "thumb": {"h": 150, "resize": "crop", "w": 150}}, "type": "photo", "id": 530879486368034816, "media_url": "http://pbs.twimg.com/media/B14QFIOCMAAyOD6.png"}], "id": 531116494546284545, "id_str": "531116494546284545"}