{"lang": "en", "in_reply_to_user_id": 15464697, "text": "@JuddLegum @adultcereal I just threw up in my mouth a little.", "created_at": "Sun Nov 09 02:26:39 +0000 2014", "hashtags": [], "user_mentions": [{"id_str": "15464697", "screen_name": "JuddLegum", "name": "Judd Legum", "id": 15464697}, {"id_str": "785161452659281920", "screen_name": "adultcereal", "name": "Adult Cereal", "id": 785161452659281920}], "source": "<a href=\"http://twitter.com/download/android\" rel=\"nofollow\">Twitter for Android</a>", "in_reply_to_status_id": 531161914689482752, "in_reply_to_screen_name": "JuddLegum", "user": {"profile_use_background_image": true, "id": 80520592, "profile_image_url_https": "https://pbs.twimg.com/profile_images/976899700866482177/YjfomVzK_normal.jpg", "profile_sidebar_fill_color": "EFEFEF", "profile_text_color": "333333", "followers_count": 344, "location": "I am on unceded Ktunaxa, Kelly", "profile_background_color": "131516", "id_str": "80520592", "statuses_count": 17556, "description": "Here for Karen's Ugly Dogs \ud83c\udf08 \ud83e\udd84 Ice Cream Goth", "friends_count": 347, "profile_link_color": "009999", "profile_image_url": "http://pbs.twimg.com/profile_images/976899700866482177/YjfomVzK_normal.jpg", "profile_background_image_url_https": "https://abs.twimg.com/images/themes/theme14/bg.gif", "profile_banner_url": "https://pbs.twimg.com/profile_banners/80520592/1479012544", "profile_background_image_url": "http://abs.twimg.com/images/themes/theme14/bg.gif", "name": "velvet teen rabbit", "lang": "en", "profile_background_tile": true, "favourites_count": 24753, "screen_name": "zombielle", "created_at": "Wed Oct 07 07:37:15 +0000 2009", "profile_sidebar_border_color": "EEEEEE", "listed_count": 25}, "urls": [], "id": 531271619201994752, "id_str": "531271619201994752"}