{"lang": "en", "in_reply_to_user_id": 42345999, "text": "@Boogie2988 @Qarx They actually did it?", "created_at": "Sat Nov 08 22:07:13 +0000 2014", "hashtags": [], "user_mentions": [{"id_str": "42345999", "screen_name": "Boogie2988", "name": "Boogie2988 @ Home!", "id": 42345999}, {"id_str": "384666019", "screen_name": "Qarx", "name": "David \"LUIGI IS FUCKING DEAD\" Knotts", "id": 384666019}], "source": "<a href=\"https://about.twitter.com/products/tweetdeck\" rel=\"nofollow\">TweetDeck</a>", "in_reply_to_status_id": 531206167302012929, "in_reply_to_screen_name": "Boogie2988", "user": {"id": 23784616, "profile_image_url_https": "https://pbs.twimg.com/profile_images/923267705276391429/Rim91mgp_normal.jpg", "profile_sidebar_fill_color": "C0DFEC", "profile_text_color": "333333", "followers_count": 247, "id_str": "23784616", "profile_background_color": "000000", "location": "Germany", "statuses_count": 49804, "description": "Gamer, Redakteur bei Games-Magazin.de, Filmegucker, Hesse ohne Akzent, Autor", "friends_count": 245, "profile_link_color": "19CF86", "profile_image_url": "http://pbs.twimg.com/profile_images/923267705276391429/Rim91mgp_normal.jpg", "profile_background_image_url_https": "https://abs.twimg.com/images/themes/theme15/bg.png", "profile_banner_url": "https://pbs.twimg.com/profile_banners/23784616/1515123689", "profile_background_image_url": "http://abs.twimg.com/images/themes/theme15/bg.png", "name": "SCREAM!-ian Mutig", "lang": "de", "favourites_count": 13496, "screen_name": "Ductos", "created_at": "Wed Mar 11 16:17:05 +0000 2009", "profile_sidebar_border_color": "FFFFFF", "listed_count": 26}, "urls": [], "id": 531206331223777281, "id_str": "531206331223777281"}