{"lang": "en", "in_reply_to_user_id": 42345999, "text": "@Boogie2988 Approved by the pope", "created_at": "Sat Nov 08 22:23:12 +0000 2014", "hashtags": [], "user_mentions": [{"id_str": "42345999", "screen_name": "Boogie2988", "name": "Boogie2988 @ Home!", "id": 42345999}], "source": "<a href=\"http://twitter.com\" rel=\"nofollow\">Twitter Web Client</a>", "in_reply_to_status_id": 531206167302012929, "in_reply_to_screen_name": "Boogie2988", "user": {"profile_use_background_image": true, "id": 2830009696, "profile_image_url_https": "https://pbs.twimg.com/profile_images/800654221725073408/Ak5L4Cpd_normal.jpg", "profile_sidebar_fill_color": "DDEEF6", "profile_text_color": "333333", "followers_count": 57, "id_str": "2830009696", "profile_background_color": "C0DEED", "listed_count": 1, "statuses_count": 1496, "description": "Lockey McLockFace", "friends_count": 91, "profile_link_color": "1DA1F2", "profile_image_url": "http://pbs.twimg.com/profile_images/800654221725073408/Ak5L4Cpd_normal.jpg", "profile_background_image_url_https": "https://abs.twimg.com/images/themes/theme1/bg.png", "profile_background_image_url": "http://abs.twimg.com/images/themes/theme1/bg.png", "name": "InBeforeTheLock", "lang": "en", "favourites_count": 232, "screen_name": "InB4L0ck", "created_at": "Tue Oct 14 17:49:19 +0000 2014", "profile_sidebar_border_color": "C0DEED", "default_profile": true}, "urls": [], "id": 531210353720696833, "id_str": "531210353720696833"}