{"lang": "en", "in_reply_to_user_id": 1367531, "text": "to the death to the hill\n\n@FoxNews", "created_at": "Sun Nov 09 21:22:26 +0000 2014", "hashtags": [], "user_mentions": [{"id_str": "1367531", "screen_name": "FoxNews", "name": "Fox News", "id": 1367531}], "source": "<a href=\"http://twitter.com/download/iphone\" rel=\"nofollow\">Twitter for iPhone</a>", "in_reply_to_status_id": 531543620856197121, "in_reply_to_screen_name": "FoxNews", "user": {"profile_use_background_image": true, "id": 468443930, "profile_image_url_https": "https://pbs.twimg.com/profile_images/1036298977468137472/xIiwsMGM_normal.jpg", "profile_sidebar_fill_color": "DDEEF6", "profile_text_color": "333333", "followers_count": 2767, "location": "\u0627\u0644\u0631\u064a\u0627\u0636 ", "profile_background_color": "C0DEED", "id_str": "468443930", "statuses_count": 86015, "description": "\u0627\u0644\u0645\u0641\u0636\u0644\u0629 \u0635\u0648\u0645\u0639\u062a\u064a \u0648 \u0645\u0631\u0622\u0629 \u0639\u0642\u0644\u064a \ud83d\ude1c", "friends_count": 197, "profile_link_color": "1DA1F2", "profile_image_url": "http://pbs.twimg.com/profile_images/1036298977468137472/xIiwsMGM_normal.jpg", "profile_background_image_url_https": "https://abs.twimg.com/images/themes/theme1/bg.png", "profile_banner_url": "https://pbs.twimg.com/profile_banners/468443930/1533070842", "profile_background_image_url": "http://abs.twimg.com/images/themes/theme1/bg.png", "name": "\u0647\u0630\u064a\u0627\u0646 \u0639\u0627\u0642\u0644", "lang": "en", "favourites_count": 460, "screen_name": "arabeesaudi", "created_at": "Thu Jan 19 15:04:52 +0000 2012", "profile_sidebar_border_color": "C0DEED", "default_profile": true, "listed_count": 4}, "urls": [], "id": 531557448788611072, "id_str": "531557448788611072"}