{"lang": "en", "in_reply_to_user_id": 1367531, "text": "\u201c@FoxNews:  http://t.co/fI4uz7thkB #ISIS http://t.co/WAnR1ZOCP7\u201d That's a damn shame!", "created_at": "Sun Nov 09 23:45:35 +0000 2014", "hashtags": [{"text": "ISIS"}], "user_mentions": [{"id_str": "1367531", "screen_name": "FoxNews", "name": "Fox News", "id": 1367531}], "source": "<a href=\"http://twitter.com/download/iphone\" rel=\"nofollow\">Twitter for iPhone</a>", "in_reply_to_status_id": 531543620856197121, "in_reply_to_screen_name": "FoxNews", "user": {"profile_use_background_image": true, "id": 2530367546, "profile_image_url_https": "https://pbs.twimg.com/profile_images/710697325207949312/sWBN0tDY_normal.jpg", "profile_sidebar_fill_color": "DDEEF6", "profile_text_color": "333333", "followers_count": 6146, "location": "Florida & Phuket, Thailand", "profile_background_color": "C0DEED", "id_str": "2530367546", "statuses_count": 40399, "description": "U.S. Army Veteran, Muay Thai and MMA junkie, Facebook resister! Q: Why can't you just be nice? A: Because the world isn't nice! #1337 #TeamMMA4LIFE \u039c\u039f\u039b\u03a9\u039d \u039b\u0391\u0392\u0395", "friends_count": 6031, "profile_link_color": "57B300", "profile_image_url": "http://pbs.twimg.com/profile_images/710697325207949312/sWBN0tDY_normal.jpg", "profile_background_image_url_https": "https://abs.twimg.com/images/themes/theme1/bg.png", "profile_banner_url": "https://pbs.twimg.com/profile_banners/2530367546/1450429007", "profile_background_image_url": "http://abs.twimg.com/images/themes/theme1/bg.png", "name": "Papa Bear", "lang": "en", "favourites_count": 134276, "screen_name": "PapaB3ar1787", "created_at": "Wed May 28 16:23:22 +0000 2014", "profile_sidebar_border_color": "C0DEED", "listed_count": 91}, "urls": [{"url": "http://t.co/fI4uz7thkB", "expanded_url": "http://fxn.ws/1uPdQqz"}], "media": [{"expanded_url": "https://twitter.com/FoxNews/status/531543620856197121/photo/1", "display_url": "pic.twitter.com/WAnR1ZOCP7", "url": "http://t.co/WAnR1ZOCP7", "media_url_https": "https://pbs.twimg.com/media/B2BsGxnCQAEGAzX.jpg", "sizes": {"large": {"h": 371, "resize": "fit", "w": 660}, "small": {"h": 371, "resize": "fit", "w": 660}, "medium": {"h": 371, "resize": "fit", "w": 660}, "thumb": {"h": 150, "resize": "crop", "w": 150}}, "type": "photo", "id": 531543619681796097, "media_url": "http://pbs.twimg.com/media/B2BsGxnCQAEGAzX.jpg"}], "id": 531593475310227456, "id_str": "531593475310227456"}