{"lang": "en", "in_reply_to_user_id": 17004618, "text": "\u201c@NickKristof: The head of ISIS, Abu Bakr al-Baghdadi, is said to have been critically wounded in a US air strike: http://t.co/09VlAajgMm\u201d\ud83c\uddfa\ud83c\uddf8", "created_at": "Sun Nov 09 20:28:44 +0000 2014", "hashtags": [], "user_mentions": [{"id_str": "17004618", "screen_name": "NickKristof", "name": "Nicholas Kristof", "id": 17004618}], "source": "<a href=\"http://twitter.com/download/iphone\" rel=\"nofollow\">Twitter for iPhone</a>", "in_reply_to_status_id": 531300385248800768, "in_reply_to_screen_name": "NickKristof", "user": {"profile_use_background_image": true, "id": 119487969, "profile_image_url_https": "https://pbs.twimg.com/profile_images/820513335359799296/71-k42YE_normal.jpg", "profile_sidebar_fill_color": "99CC33", "profile_text_color": "3E4415", "followers_count": 822, "location": "TEXAS GIRLIE", "profile_background_color": "352726", "id_str": "119487969", "statuses_count": 14944, "description": "#BackTheBlue I say what I mean/mean what I say. I block Stupid ppl! \u00af\\_(\u30c4)_/\u00af #SorryNotSorry America was created by murdering millions of Natives! #WarpaintOn", "friends_count": 2238, "profile_link_color": "D02B55", "profile_image_url": "http://pbs.twimg.com/profile_images/820513335359799296/71-k42YE_normal.jpg", "profile_background_image_url_https": "https://abs.twimg.com/images/themes/theme5/bg.gif", "profile_banner_url": "https://pbs.twimg.com/profile_banners/119487969/1478309212", "profile_background_image_url": "http://abs.twimg.com/images/themes/theme5/bg.gif", "name": "\u2764\u2764\ufe0f\ufe0fAmericanMe\u2764\ufe0f\u2764\ufe0f", "lang": "en", "favourites_count": 8861, "screen_name": "AmericanMe4Real", "created_at": "Wed Mar 03 20:18:46 +0000 2010", "profile_sidebar_border_color": "829D5E", "listed_count": 30}, "urls": [{"url": "http://t.co/09VlAajgMm", "expanded_url": "http://english.alarabiya.net/en/News/middle-east/2014/11/08/Reports-ISIS-leader-critically-wounded-in-air-strike.html"}], "id": 531543936192372736, "id_str": "531543936192372736"}