{"lang": "en", "in_reply_to_user_id": 6017542, "text": "@BreakingNews @AP finally", "created_at": "Sun Nov 09 19:19:13 +0000 2014", "hashtags": [], "user_mentions": [{"id_str": "6017542", "screen_name": "BreakingNews", "name": "Breaking News", "id": 6017542}, {"id_str": "51241574", "screen_name": "AP", "name": "The Associated Press", "id": 51241574}], "source": "<a href=\"http://twitter.com/download/iphone\" rel=\"nofollow\">Twitter for iPhone</a>", "in_reply_to_status_id": 531526274003771392, "in_reply_to_screen_name": "BreakingNews", "user": {"id": 15818705, "profile_image_url_https": "https://pbs.twimg.com/profile_images/859211444306497536/kFrXq9eF_normal.jpg", "profile_sidebar_fill_color": "000000", "geo_enabled": true, "profile_text_color": "000000", "followers_count": 606, "location": "Hollywood Hills, CA", "profile_background_color": "000000", "id_str": "15818705", "statuses_count": 53727, "description": "one himalayan salt lamp away from being toxin-free", "friends_count": 277, "profile_link_color": "000000", "profile_image_url": "http://pbs.twimg.com/profile_images/859211444306497536/kFrXq9eF_normal.jpg", "profile_background_image_url_https": "https://abs.twimg.com/images/themes/theme1/bg.png", "profile_banner_url": "https://pbs.twimg.com/profile_banners/15818705/1519288927", "profile_background_image_url": "http://abs.twimg.com/images/themes/theme1/bg.png", "name": "wyatt tomorrow", "lang": "en", "favourites_count": 114551, "screen_name": "BltProofDiction", "url": "https://t.co/FX4opR0OD2", "created_at": "Tue Aug 12 04:35:45 +0000 2008", "profile_sidebar_border_color": "000000", "listed_count": 27}, "urls": [], "id": 531526441888776192, "favorite_count": 1, "id_str": "531526441888776192"}