{"lang": "en", "in_reply_to_user_id": 18927441, "text": "@IGN Sounds gross, even Dairy Queen tried Doritos Flavored Blizzard.. Doritos just need to stay Doritos! :P", "created_at": "Mon Nov 10 03:08:16 +0000 2014", "hashtags": [], "user_mentions": [{"id_str": "18927441", "screen_name": "IGN", "name": "IGN", "id": 18927441}], "source": "<a href=\"http://twitter.com/download/android\" rel=\"nofollow\">Twitter for Android</a>", "in_reply_to_status_id": 531634492528939008, "in_reply_to_screen_name": "IGN", "user": {"profile_use_background_image": true, "id": 1266523063, "profile_image_url_https": "https://pbs.twimg.com/profile_images/1031164990672199680/hQnHOBUS_normal.jpg", "profile_sidebar_fill_color": "C0DFEC", "geo_enabled": true, "profile_text_color": "333333", "followers_count": 1269, "location": "Planet Earth", "profile_background_color": "022330", "id_str": "1266523063", "statuses_count": 28919, "description": "broken \u2639\ufe0f", "friends_count": 425, "profile_link_color": "1B95E0", "profile_image_url": "http://pbs.twimg.com/profile_images/1031164990672199680/hQnHOBUS_normal.jpg", "profile_background_image_url_https": "https://abs.twimg.com/images/themes/theme15/bg.png", "profile_banner_url": "https://pbs.twimg.com/profile_banners/1266523063/1534737350", "profile_background_image_url": "http://abs.twimg.com/images/themes/theme15/bg.png", "name": "Clousha", "lang": "en", "profile_background_tile": true, "favourites_count": 24407, "screen_name": "cIousha", "created_at": "Thu Mar 14 08:13:37 +0000 2013", "profile_sidebar_border_color": "FFFFFF", "listed_count": 9}, "urls": [], "id": 531644483172315136, "id_str": "531644483172315136"}