{"lang": "en", "in_reply_to_user_id": 447290500, "text": "@ImDiabetus @IGN indeed...", "created_at": "Mon Nov 10 03:51:44 +0000 2014", "hashtags": [], "user_mentions": [{"id_str": "447290500", "screen_name": "ImDiabetus", "name": "Alex (Steelers 1-1-1)", "id": 447290500}, {"id_str": "18927441", "screen_name": "IGN", "name": "IGN", "id": 18927441}], "source": "<a href=\"http://twitter.com/download/android\" rel=\"nofollow\">Twitter for Android</a>", "in_reply_to_status_id": 531652156160741376, "in_reply_to_screen_name": "ImDiabetus", "user": {"profile_use_background_image": true, "id": 2224155618, "profile_image_url_https": "https://pbs.twimg.com/profile_images/775405958600065024/20GbpPfr_normal.jpg", "profile_sidebar_fill_color": "EFEFEF", "geo_enabled": true, "profile_text_color": "333333", "followers_count": 613, "location": "San Diego, CA", "profile_background_color": "131516", "id_str": "2224155618", "statuses_count": 4342, "description": "Detroit Tigers life long fan. XBOX GT: AxN SIRE, Leader in @axon_gaming and manager of Axon recruitment division. My opinions are my own. US Navy Master At Arms", "friends_count": 180, "profile_link_color": "ABB8C2", "profile_image_url": "http://pbs.twimg.com/profile_images/775405958600065024/20GbpPfr_normal.jpg", "profile_background_image_url_https": "https://abs.twimg.com/images/themes/theme14/bg.gif", "profile_banner_url": "https://pbs.twimg.com/profile_banners/2224155618/1503452788", "profile_background_image_url": "http://abs.twimg.com/images/themes/theme14/bg.gif", "name": "Chris Shoemaker", "lang": "en", "profile_background_tile": true, "favourites_count": 6336, "screen_name": "AxN_SIRE", "url": "https://t.co/sd1OEcL19Q", "created_at": "Sun Dec 01 03:49:00 +0000 2013", "profile_sidebar_border_color": "EEEEEE", "listed_count": 7}, "urls": [], "id": 531655419253755904, "favorite_count": 1, "id_str": "531655419253755904"}