{"lang": "en", "in_reply_to_user_id": 42345999, "text": "@Boogie2988 Ye gods!", "created_at": "Mon Nov 10 03:23:34 +0000 2014", "hashtags": [], "user_mentions": [{"id_str": "42345999", "screen_name": "Boogie2988", "name": "Boogie2988 @ Home!", "id": 42345999}], "source": "<a href=\"http://twitter.com\" rel=\"nofollow\">Twitter Web Client</a>", "in_reply_to_status_id": 531648145613398016, "in_reply_to_screen_name": "Boogie2988", "user": {"profile_use_background_image": true, "id": 353261084, "profile_image_url_https": "https://pbs.twimg.com/profile_images/998735911293628421/ndIn47TD_normal.jpg", "profile_sidebar_fill_color": "000000", "profile_text_color": "000000", "followers_count": 821, "location": "New Jersey", "profile_background_color": "0099B9", "id_str": "353261084", "statuses_count": 145534, "description": "I'm surviving and so can you. On Youtube, etc. as Sephiroth1204. I draw, do LPs, Mod on Twitch and wear pants on my head! Screw Cancer.", "friends_count": 497, "profile_link_color": "0099B9", "profile_image_url": "http://pbs.twimg.com/profile_images/998735911293628421/ndIn47TD_normal.jpg", "profile_background_image_url_https": "https://abs.twimg.com/images/themes/theme4/bg.gif", "profile_banner_url": "https://pbs.twimg.com/profile_banners/353261084/1398380902", "profile_background_image_url": "http://abs.twimg.com/images/themes/theme4/bg.gif", "name": "Dovi", "lang": "en", "favourites_count": 9276, "screen_name": "Sephiroth1204", "url": "http://www.youtube.com/user/sephiroth1204", "created_at": "Thu Aug 11 20:08:24 +0000 2011", "profile_sidebar_border_color": "000000", "listed_count": 37}, "urls": [], "id": 531648332238954497, "id_str": "531648332238954497"}