{"lang": "en", "in_reply_to_user_id": 14926475, "text": "This is so Putin! He was in Belgrade a few days ago in the same way .Me ?Away from it all. @raykwong @Marc_Leibowitz", "created_at": "Mon Nov 10 00:48:44 +0000 2014", "hashtags": [], "user_mentions": [{"id_str": "14926475", "screen_name": "raykwong", "name": "Ray Kwong", "id": 14926475}, {"id_str": "401820335", "screen_name": "Marc_Leibowitz", "name": "Marc Leibowitz", "id": 401820335}], "source": "<a href=\"https://about.twitter.com/products/tweetdeck\" rel=\"nofollow\">TweetDeck</a>", "in_reply_to_status_id": 531607884220485632, "in_reply_to_screen_name": "raykwong", "user": {"id": 22343605, "profile_image_url_https": "https://pbs.twimg.com/profile_images/862319142657024000/pxX4txVJ_normal.jpg", "profile_sidebar_fill_color": "000000", "geo_enabled": true, "profile_text_color": "000000", "followers_count": 2244, "location": "Serbia , Belgrade", "profile_background_color": "000000", "id_str": "22343605", "statuses_count": 69304, "description": "green, social , Eco topics,photography", "friends_count": 2300, "profile_link_color": "981CEB", "profile_image_url": "http://pbs.twimg.com/profile_images/862319142657024000/pxX4txVJ_normal.jpg", "profile_background_image_url_https": "https://abs.twimg.com/images/themes/theme10/bg.gif", "profile_banner_url": "https://pbs.twimg.com/profile_banners/22343605/1494428204", "profile_background_image_url": "http://abs.twimg.com/images/themes/theme10/bg.gif", "name": "Risovic Liliana", "lang": "en", "favourites_count": 1450, "screen_name": "risovic", "created_at": "Sun Mar 01 08:30:28 +0000 2009", "profile_sidebar_border_color": "000000", "listed_count": 345}, "urls": [], "id": 531609367398055937, "id_str": "531609367398055937"}