{"lang": "und", "in_reply_to_user_id": 2815279566, "text": "@TheIvyClover1 @Boogie2988 13", "created_at": "Mon Nov 10 05:17:53 +0000 2014", "hashtags": [], "user_mentions": [{"id_str": "2815279566", "screen_name": "TheIvyClover1", "name": "TheIvyClover1", "id": 2815279566}, {"id_str": "42345999", "screen_name": "Boogie2988", "name": "Boogie2988 @ Home!", "id": 42345999}], "source": "<a href=\"http://twitter.com\" rel=\"nofollow\">Twitter Web Client</a>", "in_reply_to_status_id": 531677036205445120, "in_reply_to_screen_name": "TheIvyClover1", "user": {"profile_use_background_image": true, "id": 355825599, "profile_image_url_https": "https://pbs.twimg.com/profile_images/1039184851046359040/ijmqVWWQ_normal.jpg", "profile_sidebar_fill_color": "000000", "profile_text_color": "000000", "followers_count": 599, "location": "Koholint Island", "profile_background_color": "000000", "id_str": "355825599", "statuses_count": 71603, "description": "Catholic Gamer. Comic fanboy. Film buff. Centrist. Loves Indian culture. Learning Hindi. Amateur historian.", "friends_count": 569, "profile_link_color": "3B94D9", "profile_image_url": "http://pbs.twimg.com/profile_images/1039184851046359040/ijmqVWWQ_normal.jpg", "profile_background_image_url_https": "https://abs.twimg.com/images/themes/theme1/bg.png", "profile_banner_url": "https://pbs.twimg.com/profile_banners/355825599/1478975140", "profile_background_image_url": "http://abs.twimg.com/images/themes/theme1/bg.png", "name": "Pyro Bob", "lang": "en", "favourites_count": 129056, "screen_name": "SeraphOfFire", "created_at": "Mon Aug 15 23:19:44 +0000 2011", "profile_sidebar_border_color": "000000", "listed_count": 67}, "urls": [], "id": 531677098478297088, "favorite_count": 1, "id_str": "531677098478297088"}