{"lang": "in", "in_reply_to_user_id": 18927441, "text": "@IGN MountRain Dew eh?", "created_at": "Mon Nov 10 02:30:53 +0000 2014", "hashtags": [], "user_mentions": [{"id_str": "18927441", "screen_name": "IGN", "name": "IGN", "id": 18927441}], "source": "<a href=\"http://twitter.com/download/iphone\" rel=\"nofollow\">Twitter for iPhone</a>", "in_reply_to_status_id": 531634492528939008, "in_reply_to_screen_name": "IGN", "user": {"profile_use_background_image": true, "id": 16583554, "profile_image_url_https": "https://pbs.twimg.com/profile_images/1030986896837681152/1R9SdXza_normal.jpg", "profile_sidebar_fill_color": "252429", "profile_text_color": "666666", "followers_count": 2122, "location": "soda shop thot", "profile_background_color": "FCFCFC", "id_str": "16583554", "statuses_count": 41664, "description": "Part time Dragonborn werewolf, full time lover~ Kurt Russell's #1 stan.", "friends_count": 346, "profile_link_color": "DD2E44", "profile_image_url": "http://pbs.twimg.com/profile_images/1030986896837681152/1R9SdXza_normal.jpg", "profile_background_image_url_https": "https://abs.twimg.com/images/themes/theme1/bg.png", "profile_banner_url": "https://pbs.twimg.com/profile_banners/16583554/1530665373", "profile_background_image_url": "http://abs.twimg.com/images/themes/theme1/bg.png", "name": "Harley", "lang": "en", "profile_background_tile": true, "favourites_count": 41802, "screen_name": "HayleeQuinnn", "url": "https://t.co/VFo9u2bLxD", "created_at": "Fri Oct 03 20:23:31 +0000 2008", "profile_sidebar_border_color": "FFFFFF", "listed_count": 27}, "urls": [], "id": 531635072055914496, "favorite_count": 3, "id_str": "531635072055914496"}