{"lang": "en", "in_reply_to_user_id": 42345999, "text": "\u201c@Boogie2988: making my own doritos flavored mountain dew! https://t.co/1QycqyrpF3\u201d \ud83d\ude02\ud83d\ude02", "created_at": "Mon Nov 10 04:21:33 +0000 2014", "hashtags": [], "user_mentions": [{"id_str": "42345999", "screen_name": "Boogie2988", "name": "Boogie2988 @ Home!", "id": 42345999}], "source": "<a href=\"http://twitter.com/download/iphone\" rel=\"nofollow\">Twitter for iPhone</a>", "in_reply_to_status_id": 531648145613398016, "in_reply_to_screen_name": "Boogie2988", "user": {"id": 546137551, "profile_image_url_https": "https://pbs.twimg.com/profile_images/933135284304097281/w01Epw5B_normal.jpg", "profile_sidebar_fill_color": "000000", "profile_text_color": "000000", "followers_count": 297, "id_str": "546137551", "profile_background_color": "000000", "location": "Las Vegas, Nevada", "statuses_count": 4513, "description": "21 || EDM || ESports || Plus Ultra ||", "friends_count": 609, "profile_link_color": "1B95E0", "profile_image_url": "http://pbs.twimg.com/profile_images/933135284304097281/w01Epw5B_normal.jpg", "profile_background_image_url_https": "https://abs.twimg.com/images/themes/theme1/bg.png", "profile_banner_url": "https://pbs.twimg.com/profile_banners/546137551/1466620195", "profile_background_image_url": "http://abs.twimg.com/images/themes/theme1/bg.png", "name": "Austin Chapman", "lang": "en", "favourites_count": 7744, "screen_name": "_ThatChapMan", "created_at": "Thu Apr 05 17:20:00 +0000 2012", "profile_sidebar_border_color": "000000", "listed_count": 3}, "urls": [{"url": "https://t.co/1QycqyrpF3", "expanded_url": "https://vine.co/v/OiKpdBK52nV"}], "id": 531662925657030656, "favorite_count": 1, "id_str": "531662925657030656"}