{"lang": "en", "in_reply_to_user_id": 289041919, "text": "@meta_gear @SolidKenny87 @IGN pepsi and doritos pay the bills on IGN, they are forced to.", "created_at": "Mon Nov 10 09:01:26 +0000 2014", "hashtags": [], "user_mentions": [{"id_str": "289041919", "screen_name": "meta_gear", "name": "Mr. Wolfe, Author & Fighter", "id": 289041919}, {"id_str": "2188876898", "screen_name": "SolidKenny87", "name": "Medic Kenny", "id": 2188876898}, {"id_str": "18927441", "screen_name": "IGN", "name": "IGN", "id": 18927441}], "source": "<a href=\"http://twitter.com\" rel=\"nofollow\">Twitter Web Client</a>", "in_reply_to_status_id": 531732046419591168, "in_reply_to_screen_name": "meta_gear", "user": {"profile_use_background_image": true, "id": 365752442, "profile_image_url_https": "https://pbs.twimg.com/profile_images/921983242844110849/duALsPlG_normal.jpg", "profile_sidebar_fill_color": "DDEEF6", "profile_text_color": "333333", "followers_count": 315, "id_str": "365752442", "profile_background_color": "C0DEED", "location": "Your Heart ", "statuses_count": 12729, "description": "video games, anime and manga enthusiast, Pizza maker/ home chef :P", "friends_count": 528, "profile_link_color": "1DA1F2", "profile_image_url": "http://pbs.twimg.com/profile_images/921983242844110849/duALsPlG_normal.jpg", "profile_background_image_url_https": "https://abs.twimg.com/images/themes/theme1/bg.png", "profile_background_image_url": "http://abs.twimg.com/images/themes/theme1/bg.png", "name": "Cleaner#2267", "lang": "en", "favourites_count": 6114, "screen_name": "garf02", "created_at": "Wed Aug 31 23:34:01 +0000 2011", "profile_sidebar_border_color": "C0DEED", "default_profile": true, "listed_count": 23}, "urls": [], "id": 531733359274491904, "id_str": "531733359274491904"}