{"lang": "en", "in_reply_to_user_id": 401820335, "text": "\u201c@Marc_Leibowitz: Photo of Vladimir Putin's motorcade.\nPosted without comment. http://t.co/eiFYRYyXw8\u201d #KNOB", "created_at": "Mon Nov 10 12:55:24 +0000 2014", "hashtags": [{"text": "KNOB"}], "user_mentions": [{"id_str": "401820335", "screen_name": "Marc_Leibowitz", "name": "Marc Leibowitz", "id": 401820335}], "source": "<a href=\"http://twitter.com/download/iphone\" rel=\"nofollow\">Twitter for iPhone</a>", "in_reply_to_status_id": 531482741574209536, "in_reply_to_screen_name": "Marc_Leibowitz", "user": {"profile_use_background_image": true, "id": 36535572, "profile_image_url_https": "https://pbs.twimg.com/profile_images/450804261064941568/tGXHwVu7_normal.jpeg", "profile_sidebar_fill_color": "95E8EC", "profile_text_color": "3C3940", "followers_count": 1010, "location": "California, USA", "profile_background_color": "0099B9", "id_str": "36535572", "statuses_count": 24793, "description": "Director/Producer (Games/VR/Exp). Currently traveling and re-booting. Cat dad. IG: idontgiveashitaboutwhatyouate", "friends_count": 694, "profile_link_color": "0099B9", "profile_image_url": "http://pbs.twimg.com/profile_images/450804261064941568/tGXHwVu7_normal.jpeg", "profile_background_image_url_https": "https://abs.twimg.com/images/themes/theme1/bg.png", "profile_banner_url": "https://pbs.twimg.com/profile_banners/36535572/1396315085", "profile_background_image_url": "http://abs.twimg.com/images/themes/theme1/bg.png", "name": "Daniel Boutros", "lang": "en", "profile_background_tile": true, "favourites_count": 18557, "screen_name": "DanLikesPizza", "url": "https://t.co/eqDJCcURpu", "created_at": "Thu Apr 30 00:29:02 +0000 2009", "profile_sidebar_border_color": "FFFFFF", "listed_count": 38}, "urls": [], "media": [{"expanded_url": "https://twitter.com/Marc_Leibowitz/status/531482741574209536/photo/1", "display_url": "pic.twitter.com/eiFYRYyXw8", "url": "http://t.co/eiFYRYyXw8", "media_url_https": "https://pbs.twimg.com/media/B2A0vJ-IMAEvMsl.jpg", "sizes": {"small": {"h": 349, "resize": "fit", "w": 600}, "large": {"h": 349, "resize": "fit", "w": 600}, "medium": {"h": 349, "resize": "fit", "w": 600}, "thumb": {"h": 150, "resize": "crop", "w": 150}}, "type": "photo", "id": 531482740764717057, "media_url": "http://pbs.twimg.com/media/B2A0vJ-IMAEvMsl.jpg"}], "id": 531792239887122432, "favorite_count": 1, "id_str": "531792239887122432"}