{"lang": "en", "in_reply_to_user_id": 53110793, "text": "\u201c@adamhillscomedy: Vladimir Putin\u2019s motorcade looks suspiciously like a massive\u2026\nhttp://t.co/lG6dIUGp45 http://t.co/7fUI7JgsBA\u201d\u201d\ud83d\ude33", "created_at": "Mon Nov 10 20:37:28 +0000 2014", "hashtags": [], "user_mentions": [{"id_str": "53110793", "screen_name": "adamhillscomedy", "name": "Adam Hills", "id": 53110793}], "source": "<a href=\"http://twitter.com/download/iphone\" rel=\"nofollow\">Twitter for iPhone</a>", "in_reply_to_status_id": 531900034863091712, "in_reply_to_screen_name": "adamhillscomedy", "user": {"profile_use_background_image": true, "id": 2297195059, "profile_image_url_https": "https://pbs.twimg.com/profile_images/424389129766322176/xahGFQEX_normal.jpeg", "profile_sidebar_fill_color": "DDEEF6", "profile_text_color": "333333", "followers_count": 129, "location": "Australia", "profile_background_color": "C0DEED", "id_str": "2297195059", "statuses_count": 1602, "description": "Love sport, music and travelling.", "friends_count": 304, "profile_link_color": "23AADB", "profile_image_url": "http://pbs.twimg.com/profile_images/424389129766322176/xahGFQEX_normal.jpeg", "profile_background_image_url_https": "https://abs.twimg.com/images/themes/theme1/bg.png", "profile_banner_url": "https://pbs.twimg.com/profile_banners/2297195059/1390017205", "profile_background_image_url": "http://abs.twimg.com/images/themes/theme1/bg.png", "name": "Zoe", "lang": "en", "favourites_count": 3449, "screen_name": "Z0C0N", "created_at": "Sat Jan 18 03:40:17 +0000 2014", "profile_sidebar_border_color": "C0DEED", "listed_count": 9}, "urls": [{"url": "http://t.co/lG6dIUGp45", "expanded_url": "http://usvsth3m.com/post/putins-motorcade-looks-suspiciously-like-a-massive"}], "media": [{"expanded_url": "https://twitter.com/UsVsTh3m/status/531788334851719168/photo/1", "display_url": "pic.twitter.com/7fUI7JgsBA", "url": "http://t.co/7fUI7JgsBA", "media_url_https": "https://pbs.twimg.com/media/B2FKrARCAAAM_Tv.jpg", "sizes": {"small": {"h": 374, "resize": "fit", "w": 600}, "large": {"h": 374, "resize": "fit", "w": 600}, "medium": {"h": 374, "resize": "fit", "w": 600}, "thumb": {"h": 150, "resize": "crop", "w": 150}}, "type": "photo", "id": 531788333672693760, "media_url": "http://pbs.twimg.com/media/B2FKrARCAAAM_Tv.jpg"}], "id": 531908522665967616, "id_str": "531908522665967616"}