{"lang": "en", "in_reply_to_user_id": 972651, "text": "\u201c@mashable: Just your Monday reminder that Doritos-flavored Mountain Dew exists. http://t.co/8bAFhJoeIa http://t.co/ykdt0oSPfZ #dontthinkso", "created_at": "Tue Nov 11 00:31:49 +0000 2014", "hashtags": [{"text": "dontthinkso"}], "user_mentions": [{"id_str": "972651", "screen_name": "mashable", "name": "Mashable", "id": 972651}], "source": "<a href=\"http://twitter.com/download/iphone\" rel=\"nofollow\">Twitter for iPhone</a>", "in_reply_to_status_id": 531833153145823233, "in_reply_to_screen_name": "mashable", "user": {"profile_use_background_image": true, "id": 488977840, "profile_image_url_https": "https://pbs.twimg.com/profile_images/441197735799422976/_RS8YqjM_normal.jpeg", "profile_sidebar_fill_color": "DDEEF6", "geo_enabled": true, "profile_text_color": "333333", "followers_count": 150, "id_str": "488977840", "profile_background_color": "C0DEED", "listed_count": 4, "statuses_count": 261, "description": "Passionate about history and politics,  food, wine and cooking enthusiast, dog lover, beach addict, and clumsy as I can be. Did I mention I'm clumsy?", "friends_count": 271, "profile_link_color": "1DA1F2", "profile_image_url": "http://pbs.twimg.com/profile_images/441197735799422976/_RS8YqjM_normal.jpeg", "profile_background_image_url_https": "https://abs.twimg.com/images/themes/theme1/bg.png", "profile_banner_url": "https://pbs.twimg.com/profile_banners/488977840/1399399760", "profile_background_image_url": "http://abs.twimg.com/images/themes/theme1/bg.png", "name": "maribel lentijo", "lang": "en", "favourites_count": 200, "screen_name": "lentijo77", "created_at": "Sat Feb 11 01:55:46 +0000 2012", "profile_sidebar_border_color": "C0DEED", "default_profile": true}, "urls": [{"url": "http://t.co/8bAFhJoeIa", "expanded_url": "http://on.mash.to/1oCoIWI"}], "media": [{"expanded_url": "https://twitter.com/mashable/status/531833153145823233/photo/1", "display_url": "pic.twitter.com/ykdt0oSPfZ", "url": "http://t.co/ykdt0oSPfZ", "media_url_https": "https://pbs.twimg.com/media/B2Fzb1DIgAAhr50.jpg", "sizes": {"large": {"h": 1200, "resize": "fit", "w": 900}, "small": {"h": 680, "resize": "fit", "w": 510}, "medium": {"h": 1200, "resize": "fit", "w": 900}, "thumb": {"h": 150, "resize": "crop", "w": 150}}, "type": "photo", "id": 531833152940310528, "media_url": "http://pbs.twimg.com/media/B2Fzb1DIgAAhr50.jpg"}], "id": 531967497256579072, "id_str": "531967497256579072"}