{"lang": "en", "in_reply_to_user_id": 401820335, "text": "@Marc_Leibowitz @michaeldweiss Not real, sadly http://t.co/iiGiNMMpDX", "created_at": "Mon Nov 10 22:24:09 +0000 2014", "hashtags": [], "user_mentions": [{"id_str": "401820335", "screen_name": "Marc_Leibowitz", "name": "Marc Leibowitz", "id": 401820335}, {"id_str": "18025377", "screen_name": "michaeldweiss", "name": "Michael Weiss", "id": 18025377}], "source": "<a href=\"https://about.twitter.com/products/tweetdeck\" rel=\"nofollow\">TweetDeck</a>", "in_reply_to_status_id": 531482741574209536, "in_reply_to_screen_name": "Marc_Leibowitz", "user": {"id": 65551087, "verified": true, "profile_image_url_https": "https://pbs.twimg.com/profile_images/941371307731668997/IsZgpD5N_normal.jpg", "profile_sidebar_fill_color": "000000", "profile_text_color": "000000", "followers_count": 39902, "location": "New York, NY", "profile_background_color": "000000", "id_str": "65551087", "statuses_count": 119628, "description": "Socrates throwing verbal rocks at these mediocrities. Also Deputy World News Editor, @BuzzFeedNews. Thoughts mine. Tips: hayes.brown AT buzzfeed dot com", "friends_count": 1395, "profile_link_color": "89C9FA", "profile_image_url": "http://pbs.twimg.com/profile_images/941371307731668997/IsZgpD5N_normal.jpg", "profile_background_image_url_https": "https://abs.twimg.com/images/themes/theme9/bg.gif", "profile_banner_url": "https://pbs.twimg.com/profile_banners/65551087/1457721666", "profile_background_image_url": "http://abs.twimg.com/images/themes/theme9/bg.gif", "name": "Hayes Brown", "lang": "en", "favourites_count": 118875, "screen_name": "HayesBrown", "url": "https://t.co/8k2z6v5bql", "created_at": "Fri Aug 14 03:30:42 +0000 2009", "profile_sidebar_border_color": "000000", "listed_count": 1362}, "urls": [{"url": "http://t.co/iiGiNMMpDX", "expanded_url": "http://www.buzzfeed.com/alanwhite/in-case-you-were-wondering-vladimir-putin-hasnt-been-driving"}], "id": 531935370804731905, "id_str": "531935370804731905"}