{"lang": "in", "in_reply_to_user_id": 14926475, "text": "@raykwong @Mahim_Maher @Marc_Leibowitz  an other patwari in russia", "created_at": "Tue Nov 11 09:49:17 +0000 2014", "hashtags": [], "user_mentions": [{"id_str": "14926475", "screen_name": "raykwong", "name": "Ray Kwong", "id": 14926475}, {"id_str": "302495120", "screen_name": "Mahim_Maher", "name": "Mahim Maher", "id": 302495120}, {"id_str": "401820335", "screen_name": "Marc_Leibowitz", "name": "Marc Leibowitz", "id": 401820335}], "source": "<a href=\"http://twitter.com\" rel=\"nofollow\">Twitter Web Client</a>", "in_reply_to_status_id": 531607884220485632, "in_reply_to_screen_name": "raykwong", "user": {"profile_use_background_image": true, "id": 358347925, "profile_image_url_https": "https://pbs.twimg.com/profile_images/819936940925521920/OYmVkvAu_normal.jpg", "profile_sidebar_fill_color": "DDEEF6", "profile_text_color": "333333", "followers_count": 239, "id_str": "358347925", "profile_background_color": "C0DEED", "listed_count": 3, "statuses_count": 1266, "friends_count": 1691, "profile_link_color": "1DA1F2", "profile_image_url": "http://pbs.twimg.com/profile_images/819936940925521920/OYmVkvAu_normal.jpg", "profile_background_image_url_https": "https://abs.twimg.com/images/themes/theme1/bg.png", "profile_background_image_url": "http://abs.twimg.com/images/themes/theme1/bg.png", "name": "abdul razaque", "lang": "en", "favourites_count": 774, "screen_name": "araindr77", "created_at": "Fri Aug 19 19:42:28 +0000 2011", "profile_sidebar_border_color": "C0DEED", "default_profile": true}, "urls": [], "id": 532107786851586048, "id_str": "532107786851586048"}