{"lang": "en", "in_reply_to_user_id": 401820335, "text": "@Marc_Leibowitz @Rivermansky63 I see Putins ego knows no bounds.............yet he still has a tiny pecker ?", "created_at": "Tue Nov 11 14:03:39 +0000 2014", "hashtags": [], "user_mentions": [{"id_str": "401820335", "screen_name": "Marc_Leibowitz", "name": "Marc Leibowitz", "id": 401820335}, {"id_str": "154584170", "screen_name": "Rivermansky63", "name": "Alex M", "id": 154584170}], "source": "<a href=\"http://twitter.com\" rel=\"nofollow\">Twitter Web Client</a>", "in_reply_to_status_id": 531482741574209536, "in_reply_to_screen_name": "Marc_Leibowitz", "user": {"profile_use_background_image": true, "id": 65700868, "profile_image_url_https": "https://pbs.twimg.com/profile_images/766416850230140928/kcIJOuoI_normal.jpg", "profile_sidebar_fill_color": "DDEEF6", "geo_enabled": true, "profile_text_color": "333333", "followers_count": 3251, "location": "Liverpool England", "profile_background_color": "B0F781", "id_str": "65700868", "statuses_count": 132092, "description": "Old fart with good heart, I hope !. Spirits willin, body,s knackered...yep that sums it up.; ) FAIR DAYS WORK = FAIR DAYS PAY. PEOPLE NEED TO LIVE !!", "friends_count": 3467, "profile_link_color": "0E2375", "profile_image_url": "http://pbs.twimg.com/profile_images/766416850230140928/kcIJOuoI_normal.jpg", "profile_background_image_url_https": "https://abs.twimg.com/images/themes/theme1/bg.png", "profile_banner_url": "https://pbs.twimg.com/profile_banners/65700868/1523448249", "profile_background_image_url": "http://abs.twimg.com/images/themes/theme1/bg.png", "name": "Carole Sanders", "lang": "en", "profile_background_tile": true, "favourites_count": 117984, "screen_name": "WINDSONG58", "created_at": "Fri Aug 14 18:31:08 +0000 2009", "profile_sidebar_border_color": "000000", "listed_count": 76}, "urls": [], "id": 532171800705531904, "favorite_count": 1, "id_str": "532171800705531904"}