{"lang": "und", "in_reply_to_user_id": 2680858909, "text": "@britlovesquincy @GlobalGrindNews", "created_at": "Tue Nov 11 18:45:31 +0000 2014", "hashtags": [], "user_mentions": [{"id_str": "2680858909", "screen_name": "britlovesquincy", "name": "Britt Loves Quincy \u2652\ufe0f", "id": 2680858909}, {"id_str": "24138795", "screen_name": "GlobalGrindNews", "name": "Global Grind News", "id": 24138795}], "source": "<a href=\"http://twitter.com/download/android\" rel=\"nofollow\">Twitter for Android</a>", "in_reply_to_status_id": 532205759702892544, "in_reply_to_screen_name": "britlovesquincy", "user": {"profile_use_background_image": true, "id": 450858757, "profile_image_url_https": "https://pbs.twimg.com/profile_images/474409041238962177/sAwaslhY_normal.jpeg", "profile_sidebar_fill_color": "95E8EC", "geo_enabled": true, "profile_text_color": "3C3940", "followers_count": 328, "location": "Lima", "profile_background_color": "0099B9", "id_str": "450858757", "statuses_count": 10039, "friends_count": 721, "profile_link_color": "0099B9", "profile_image_url": "http://pbs.twimg.com/profile_images/474409041238962177/sAwaslhY_normal.jpeg", "profile_background_image_url_https": "https://abs.twimg.com/images/themes/theme4/bg.gif", "profile_banner_url": "https://pbs.twimg.com/profile_banners/450858757/1359045027", "profile_background_image_url": "http://abs.twimg.com/images/themes/theme4/bg.gif", "name": "Necole Brownlow", "lang": "en", "favourites_count": 1061, "screen_name": "BrownlowNecole", "created_at": "Fri Dec 30 19:01:49 +0000 2011", "profile_sidebar_border_color": "5ED4DC"}, "urls": [], "id": 532242734678298624, "id_str": "532242734678298624"}