{"lang": "en", "text": "Sugarhill Gang rapper Big Bank Hank has died at the age of 57. Read about his legacy and contribution to hip hop: http://t.co/gW7F6dRX3Y", "created_at": "Tue Nov 11 21:00:27 +0000 2014", "hashtags": [], "user_mentions": [], "source": "<a href=\"http://www.socialflow.com\" rel=\"nofollow\">SocialFlow</a>", "user": {"profile_use_background_image": true, "id": 14780915, "verified": true, "profile_image_url_https": "https://pbs.twimg.com/profile_images/1013751841073614849/LFp9Igt__normal.jpg", "profile_sidebar_fill_color": "252429", "profile_text_color": "666666", "followers_count": 6319743, "location": "New York, New York", "profile_background_color": "0B0B0E", "id_str": "14780915", "statuses_count": 98477, "description": "The latest news and more from Rolling Stone magazine and https://t.co/nFMXaq9sbV.  Got a tip? Share it here: https://t.co/JkxAZoupLY", "friends_count": 271, "profile_link_color": "2FC2EF", "profile_image_url": "http://pbs.twimg.com/profile_images/1013751841073614849/LFp9Igt__normal.jpg", "profile_background_image_url_https": "https://abs.twimg.com/images/themes/theme1/bg.png", "profile_banner_url": "https://pbs.twimg.com/profile_banners/14780915/1538049928", "profile_background_image_url": "http://abs.twimg.com/images/themes/theme1/bg.png", "name": "Rolling Stone", "lang": "en", "profile_background_tile": true, "favourites_count": 6, "screen_name": "RollingStone", "url": "http://t.co/zhpWt9kvuA", "created_at": "Thu May 15 02:52:27 +0000 2008", "profile_sidebar_border_color": "FFFFFF", "listed_count": 38453}, "urls": [{"url": "http://t.co/gW7F6dRX3Y", "expanded_url": "http://rol.st/1B3HgEU"}], "retweet_count": 166, "id": 532276693931945984, "favorite_count": 75, "id_str": "532276693931945984"}