{"lang": "en", "in_reply_to_user_id": 14511951, "text": "@HuffingtonPost sad news. Part of the greatest rap group ever RIP Hank", "created_at": "Tue Nov 11 22:20:37 +0000 2014", "hashtags": [], "user_mentions": [{"id_str": "854402779879804928", "screen_name": "HuffingtonPost", "name": "HuffPost", "id": 854402779879804928}], "source": "<a href=\"http://twitter.com/download/android\" rel=\"nofollow\">Twitter for Android</a>", "in_reply_to_status_id": 532275347413544961, "in_reply_to_screen_name": "HuffPost", "user": {"profile_use_background_image": true, "id": 296421896, "profile_image_url_https": "https://pbs.twimg.com/profile_images/1028049105078116357/Z5AbVXQX_normal.jpg", "profile_sidebar_fill_color": "95E8EC", "geo_enabled": true, "profile_text_color": "3C3940", "followers_count": 92, "location": "Wales, United Kingdom", "profile_background_color": "0099B9", "id_str": "296421896", "statuses_count": 3256, "friends_count": 543, "profile_link_color": "0099B9", "profile_image_url": "http://pbs.twimg.com/profile_images/1028049105078116357/Z5AbVXQX_normal.jpg", "profile_background_image_url_https": "https://abs.twimg.com/images/themes/theme4/bg.gif", "profile_banner_url": "https://pbs.twimg.com/profile_banners/296421896/1533940983", "profile_background_image_url": "http://abs.twimg.com/images/themes/theme4/bg.gif", "name": "Richard Price", "lang": "en", "favourites_count": 10384, "screen_name": "Richard_price63", "created_at": "Tue May 10 18:44:47 +0000 2011", "profile_sidebar_border_color": "5ED4DC", "listed_count": 5}, "urls": [], "id": 532296869503066112, "id_str": "532296869503066112"}