{"lang": "en", "in_reply_to_user_id": 5695632, "text": "\u201c@BuzzFeed: A Chick-Fil-A manager allegedly banned the words \u201cBae,\u201d \u201cFleek,\u201d and \u201cRatchet\u201d at work\nhttp://t.co/QJuiEEtxSd\u201d @AshleySeeberger", "created_at": "Tue Nov 11 16:32:35 +0000 2014", "hashtags": [], "user_mentions": [{"id_str": "5695632", "screen_name": "BuzzFeed", "name": "BuzzFeed", "id": 5695632}, {"id_str": "506784497", "screen_name": "AshleySeeberger", "name": "ashley", "id": 506784497}], "source": "<a href=\"http://twitter.com/download/iphone\" rel=\"nofollow\">Twitter for iPhone</a>", "in_reply_to_status_id": 532208816692416512, "in_reply_to_screen_name": "BuzzFeed", "user": {"profile_use_background_image": true, "id": 317571050, "profile_image_url_https": "https://pbs.twimg.com/profile_images/1042829313954000897/v4gPZfY-_normal.jpg", "profile_sidebar_fill_color": "B6EBF5", "geo_enabled": true, "profile_text_color": "D11963", "followers_count": 414, "location": "htx", "profile_background_color": "080808", "id_str": "317571050", "statuses_count": 29297, "description": "txst alum but also txst grad student so there\u2019s that", "friends_count": 282, "profile_link_color": "FA0DDE", "profile_image_url": "http://pbs.twimg.com/profile_images/1042829313954000897/v4gPZfY-_normal.jpg", "profile_background_image_url_https": "https://abs.twimg.com/images/themes/theme17/bg.gif", "profile_banner_url": "https://pbs.twimg.com/profile_banners/317571050/1536857532", "profile_background_image_url": "http://abs.twimg.com/images/themes/theme17/bg.gif", "name": "samantha", "lang": "en", "profile_background_tile": true, "favourites_count": 16065, "screen_name": "grosch_erystore", "created_at": "Wed Jun 15 03:58:14 +0000 2011", "profile_sidebar_border_color": "000000", "listed_count": 3}, "urls": [{"url": "http://t.co/QJuiEEtxSd", "expanded_url": "http://bzfd.it/11ey4Od"}], "id": 532209282658217984, "favorite_count": 1, "id_str": "532209282658217984"}