{"lang": "en", "in_reply_to_user_id": 18058293, "text": "@waff48 @_PreciousMiller is this bc of you \ud83d\ude02\ud83d\ude29\ud83d\ude02\ud83d\ude29\ud83d\ude02\ud83d\ude29", "created_at": "Wed Nov 12 20:05:25 +0000 2014", "hashtags": [], "coordinates": {"type": "Point", "coordinates": [-86.86336351, 34.97958035]}, "user_mentions": [{"id_str": "18058293", "screen_name": "waff48", "name": "WAFF 48", "id": 18058293}, {"id_str": "312995614", "screen_name": "_PreciousMiller", "name": "P.", "id": 312995614}], "source": "<a href=\"http://twitter.com/download/iphone\" rel=\"nofollow\">Twitter for iPhone</a>", "in_reply_to_status_id": 532559937269166080, "in_reply_to_screen_name": "waff48", "user": {"profile_use_background_image": true, "id": 517043212, "profile_image_url_https": "https://pbs.twimg.com/profile_images/1003297692599095297/QvdSjSOM_normal.jpg", "profile_sidebar_fill_color": "311023", "geo_enabled": true, "profile_text_color": "E2C8B7", "followers_count": 548, "location": "Florence, AL", "profile_background_color": "FFE2CA", "id_str": "517043212", "statuses_count": 3569, "description": "roar lions", "friends_count": 333, "profile_link_color": "E2ACA0", "profile_image_url": "http://pbs.twimg.com/profile_images/1003297692599095297/QvdSjSOM_normal.jpg", "profile_background_image_url_https": "https://abs.twimg.com/images/themes/theme18/bg.gif", "profile_banner_url": "https://pbs.twimg.com/profile_banners/517043212/1523036424", "profile_background_image_url": "http://abs.twimg.com/images/themes/theme18/bg.gif", "name": "Katie", "lang": "en", "profile_background_tile": true, "favourites_count": 4139, "screen_name": "KatieMoses4", "created_at": "Wed Mar 07 00:30:26 +0000 2012", "profile_sidebar_border_color": "FFFFFF", "listed_count": 1}, "urls": [], "place": {"full_name": "Alabama, USA", "url": "https://api.twitter.com/1.1/geo/id/288de3df481163e8.json", "country": "United States", "place_type": "admin", "bounding_box": {"type": "Polygon", "coordinates": [[[-88.473228, 30.144425], [-84.888247, 30.144425], [-84.888247, 35.008029], [-88.473228, 35.008029]]]}, "contained_within": [], "country_code": "US", "attributes": {}, "id": "288de3df481163e8", "name": "Alabama"}, "geo": {"type": "Point", "coordinates": [34.97958035, -86.86336351]}, "id": 532625230368620544, "favorite_count": 1, "id_str": "532625230368620544"}