{"lang": "en", "in_reply_to_user_id": 14787713, "text": "\u201c@FOX29philly: Employee says manager bans slang at Chick-fil-A. http://t.co/yYprlNvvx4 http://t.co/bgY26Dquv4\u201d Whaaat? \ud83d\ude02", "created_at": "Wed Nov 12 21:33:39 +0000 2014", "hashtags": [], "user_mentions": [{"id_str": "14787713", "screen_name": "FOX29philly", "name": "FOX 29", "id": 14787713}], "source": "<a href=\"http://twitter.com/download/iphone\" rel=\"nofollow\">Twitter for iPhone</a>", "in_reply_to_status_id": 532319110458118144, "in_reply_to_screen_name": "FOX29philly", "user": {"profile_use_background_image": true, "id": 289655732, "profile_image_url_https": "https://pbs.twimg.com/profile_images/1029028873487437831/GHSxp2F__normal.jpg", "profile_sidebar_fill_color": "000000", "geo_enabled": true, "profile_text_color": "FFFFFF", "followers_count": 685, "location": "Philadelphia, PA", "profile_background_color": "000000", "id_str": "289655732", "statuses_count": 39381, "description": "22 | Freelance graphic designer |Dancer/Freestyler", "friends_count": 730, "profile_link_color": "FFCC4D", "profile_image_url": "http://pbs.twimg.com/profile_images/1029028873487437831/GHSxp2F__normal.jpg", "profile_background_image_url_https": "https://abs.twimg.com/images/themes/theme1/bg.png", "profile_banner_url": "https://pbs.twimg.com/profile_banners/289655732/1534174578", "profile_background_image_url": "http://abs.twimg.com/images/themes/theme1/bg.png", "name": "Steven Cosme", "lang": "en", "favourites_count": 8496, "screen_name": "_CrwnCosmos__", "url": "https://t.co/WxZBh1achJ", "created_at": "Fri Apr 29 00:50:03 +0000 2011", "profile_sidebar_border_color": "FFFFFF", "listed_count": 9}, "urls": [{"url": "http://t.co/yYprlNvvx4", "expanded_url": "http://www.myfoxphilly.com/story/27355366/employee-says"}], "media": [{"expanded_url": "https://twitter.com/FOX29philly/status/532319110458118144/photo/1", "display_url": "pic.twitter.com/bgY26Dquv4", "url": "http://t.co/bgY26Dquv4", "media_url_https": "https://pbs.twimg.com/media/B2MtaRDCEAAyfzU.jpg", "sizes": {"small": {"h": 353, "resize": "fit", "w": 680}, "large": {"h": 385, "resize": "fit", "w": 742}, "medium": {"h": 385, "resize": "fit", "w": 742}, "thumb": {"h": 150, "resize": "crop", "w": 150}}, "type": "photo", "id": 532319110235820032, "media_url": "http://pbs.twimg.com/media/B2MtaRDCEAAyfzU.jpg"}], "id": 532647436666564608, "favorite_count": 1, "id_str": "532647436666564608"}