{"lang": "en", "in_reply_to_user_id": 18824096, "text": "@arthur369 @tdtw @SpoofChina @raykwong Mrs Xi likes BIG", "created_at": "Wed Nov 12 23:41:17 +0000 2014", "hashtags": [], "user_mentions": [{"id_str": "18824096", "screen_name": "arthur369", "name": "\u897f\u4e54", "id": 18824096}, {"id_str": "99989453", "screen_name": "tdtw", "name": "\u63a8\u5012\u67cf\u6797\u5899", "id": 99989453}, {"id_str": "257259174", "screen_name": "SpoofChina", "name": "\u6076\u641e\u515a\u56fd", "id": 257259174}, {"id_str": "14926475", "screen_name": "raykwong", "name": "Ray Kwong", "id": 14926475}], "source": "<a href=\"http://twitter.com\" rel=\"nofollow\">Twitter Web Client</a>", "in_reply_to_status_id": 532627257203097600, "in_reply_to_screen_name": "arthur369", "user": {"profile_use_background_image": true, "id": 55166691, "profile_image_url_https": "https://pbs.twimg.com/profile_images/1258130625/Ling_Ying_motto_normal.jpg", "profile_sidebar_fill_color": "EFEFEF", "geo_enabled": true, "profile_text_color": "333333", "followers_count": 3678, "location": "Hong Kong, not China", "profile_background_color": "131516", "id_str": "55166691", "statuses_count": 275254, "friends_count": 520, "profile_link_color": "009999", "profile_image_url": "http://pbs.twimg.com/profile_images/1258130625/Ling_Ying_motto_normal.jpg", "profile_background_image_url_https": "https://abs.twimg.com/images/themes/theme14/bg.gif", "profile_background_image_url": "http://abs.twimg.com/images/themes/theme14/bg.gif", "name": "tax_free", "lang": "en", "profile_background_tile": true, "favourites_count": 18573, "screen_name": "tax_free", "created_at": "Thu Jul 09 06:49:20 +0000 2009", "profile_sidebar_border_color": "EEEEEE", "listed_count": 138}, "urls": [], "id": 532679556608438274, "id_str": "532679556608438274"}