{"lang": "en", "in_reply_to_user_id": 14787713, "text": "\u201c@FOX29philly: Employee says manager bans slang at Chick-fil-A. http://t.co/cpZ6VnSRpu http://t.co/dKNmJB6red\u201d u can tell they're black lol", "created_at": "Wed Nov 12 23:54:58 +0000 2014", "hashtags": [], "user_mentions": [{"id_str": "14787713", "screen_name": "FOX29philly", "name": "FOX 29", "id": 14787713}], "source": "<a href=\"http://twitter.com/download/iphone\" rel=\"nofollow\">Twitter for iPhone</a>", "in_reply_to_status_id": 532319110458118144, "in_reply_to_screen_name": "FOX29philly", "user": {"profile_use_background_image": true, "id": 1005517754, "profile_image_url_https": "https://pbs.twimg.com/profile_images/1009749444202586112/uWPiBcTB_normal.jpg", "profile_sidebar_fill_color": "DDEEF6", "geo_enabled": true, "profile_text_color": "333333", "followers_count": 335, "id_str": "1005517754", "profile_background_color": "C0DEED", "listed_count": 2, "statuses_count": 10801, "description": "Philly", "friends_count": 339, "profile_link_color": "1DA1F2", "profile_image_url": "http://pbs.twimg.com/profile_images/1009749444202586112/uWPiBcTB_normal.jpg", "profile_background_image_url_https": "https://abs.twimg.com/images/themes/theme1/bg.png", "profile_background_image_url": "http://abs.twimg.com/images/themes/theme1/bg.png", "name": "frank everman", "lang": "en", "favourites_count": 2862, "screen_name": "FrankEverman", "created_at": "Wed Dec 12 04:00:39 +0000 2012", "profile_sidebar_border_color": "C0DEED", "default_profile": true}, "urls": [{"url": "http://t.co/cpZ6VnSRpu", "expanded_url": "http://www.myfoxphilly.com/story/27355366/employee-says"}], "media": [{"expanded_url": "https://twitter.com/FOX29philly/status/532319110458118144/photo/1", "display_url": "pic.twitter.com/dKNmJB6red", "url": "http://t.co/dKNmJB6red", "media_url_https": "https://pbs.twimg.com/media/B2MtaRDCEAAyfzU.jpg", "sizes": {"small": {"h": 353, "resize": "fit", "w": 680}, "large": {"h": 385, "resize": "fit", "w": 742}, "medium": {"h": 385, "resize": "fit", "w": 742}, "thumb": {"h": 150, "resize": "crop", "w": 150}}, "type": "photo", "id": 532319110235820032, "media_url": "http://pbs.twimg.com/media/B2MtaRDCEAAyfzU.jpg"}], "id": 532682999721365504, "id_str": "532682999721365504"}