{"lang": "en", "in_reply_to_user_id": 15464697, "text": "\u201c@JuddLegum: CONFIRMED: PepsiCo is making a Doritos-flavored Mountain Dew called \"Dewitos\" http://t.co/suJdUbqGh3\u201d #MLG", "created_at": "Thu Nov 13 22:01:11 +0000 2014", "hashtags": [{"text": "MLG"}], "user_mentions": [{"id_str": "15464697", "screen_name": "JuddLegum", "name": "Judd Legum", "id": 15464697}], "source": "<a href=\"http://twitter.com/download/iphone\" rel=\"nofollow\">Twitter for iPhone</a>", "in_reply_to_status_id": 531161914689482752, "in_reply_to_screen_name": "JuddLegum", "user": {"profile_use_background_image": true, "id": 1437808242, "profile_image_url_https": "https://pbs.twimg.com/profile_images/444240353210949632/wg3xGTA4_normal.jpeg", "profile_sidebar_fill_color": "DDEEF6", "profile_text_color": "333333", "followers_count": 14, "id_str": "1437808242", "profile_background_color": "C0DEED", "location": "your mums bed", "statuses_count": 125, "friends_count": 5, "profile_link_color": "1DA1F2", "profile_image_url": "http://pbs.twimg.com/profile_images/444240353210949632/wg3xGTA4_normal.jpeg", "profile_background_image_url_https": "https://abs.twimg.com/images/themes/theme1/bg.png", "profile_banner_url": "https://pbs.twimg.com/profile_banners/1437808242/1368879818", "profile_background_image_url": "http://abs.twimg.com/images/themes/theme1/bg.png", "name": "YungSavagKilaDrugGod", "lang": "en", "favourites_count": 98, "screen_name": "psycoLJ", "created_at": "Sat May 18 08:51:34 +0000 2013", "profile_sidebar_border_color": "C0DEED", "default_profile": true}, "urls": [], "media": [{"expanded_url": "https://twitter.com/JuddLegum/status/531161914689482752/photo/1", "display_url": "pic.twitter.com/suJdUbqGh3", "url": "http://t.co/suJdUbqGh3", "media_url_https": "https://pbs.twimg.com/media/B18Q8kmCEAI9nF1.jpg", "sizes": {"large": {"h": 1200, "resize": "fit", "w": 900}, "small": {"h": 680, "resize": "fit", "w": 510}, "medium": {"h": 1200, "resize": "fit", "w": 900}, "thumb": {"h": 150, "resize": "crop", "w": 150}}, "type": "photo", "id": 531161913854398466, "media_url": "http://pbs.twimg.com/media/B18Q8kmCEAI9nF1.jpg"}], "id": 533016753815969792, "id_str": "533016753815969792"}