{"lang": "en", "in_reply_to_user_id": 24506246, "text": "What goes around..\u201c@haaretzcom: ISIS executioner 'Jihadi John' reported wounded in air strike http://t.co/qeSgRa0mCB http://t.co/STvw7XOMWG\u201d", "created_at": "Sun Nov 16 02:11:37 +0000 2014", "hashtags": [], "user_mentions": [{"id_str": "24506246", "screen_name": "haaretzcom", "name": "Haaretz.com", "id": 24506246}], "source": "<a href=\"http://twitter.com/download/iphone\" rel=\"nofollow\">Twitter for iPhone</a>", "in_reply_to_status_id": 533767270091087872, "in_reply_to_screen_name": "haaretzcom", "user": {"profile_use_background_image": true, "id": 174323486, "profile_image_url_https": "https://pbs.twimg.com/profile_images/797997231777476608/jvVvaRnr_normal.jpg", "profile_sidebar_fill_color": "DDEEF6", "geo_enabled": true, "profile_text_color": "333333", "followers_count": 1631, "location": "at home abroad", "profile_background_color": "C0DEED", "id_str": "174323486", "statuses_count": 26729, "description": "cynical knick fan, dissenting jew, pilot, sometimes compared to paul newman. Publisher of @mondoweiss, I'll take away your second amendment.", "friends_count": 505, "profile_link_color": "1DA1F2", "profile_image_url": "http://pbs.twimg.com/profile_images/797997231777476608/jvVvaRnr_normal.jpg", "profile_background_image_url_https": "https://abs.twimg.com/images/themes/theme1/bg.png", "profile_banner_url": "https://pbs.twimg.com/profile_banners/174323486/1348794346", "profile_background_image_url": "http://abs.twimg.com/images/themes/theme1/bg.png", "name": "Scott Roth", "lang": "en", "favourites_count": 40, "screen_name": "scottroth76", "created_at": "Tue Aug 03 17:13:24 +0000 2010", "profile_sidebar_border_color": "C0DEED", "default_profile": true, "listed_count": 85}, "urls": [{"url": "http://t.co/qeSgRa0mCB", "expanded_url": "http://htz.li/O6"}], "media": [{"expanded_url": "https://twitter.com/haaretzcom/status/533767270091087872/photo/1", "display_url": "pic.twitter.com/STvw7XOMWG", "url": "http://t.co/STvw7XOMWG", "media_url_https": "https://pbs.twimg.com/media/B2hSekhCYAAkYMo.jpg", "sizes": {"large": {"h": 370, "resize": "fit", "w": 640}, "small": {"h": 370, "resize": "fit", "w": 640}, "medium": {"h": 370, "resize": "fit", "w": 640}, "thumb": {"h": 150, "resize": "crop", "w": 150}}, "type": "photo", "id": 533767240995201024, "media_url": "http://pbs.twimg.com/media/B2hSekhCYAAkYMo.jpg"}], "id": 533804553045823488, "id_str": "533804553045823488"}