{"lang": "en", "in_reply_to_user_id": 292777349, "text": "\u201c@PzFeed: Disease spread by bugs that bite your face as you sleep is found in the US http://t.co/cR5KYPdzXa\u201d\n\nNow this is fear mongering!", "created_at": "Mon Nov 17 04:46:23 +0000 2014", "hashtags": [], "user_mentions": [{"id_str": "810605923702079494", "screen_name": "PzFeed", "name": "Breaking News Alert", "id": 810605923702079494}], "source": "<a href=\"http://twitter.com/download/iphone\" rel=\"nofollow\">Twitter for iPhone</a>", "in_reply_to_status_id": 534205316620382208, "in_reply_to_screen_name": "pzf", "user": {"profile_use_background_image": true, "id": 1174013167, "profile_image_url_https": "https://pbs.twimg.com/profile_images/1046898362690224128/EJ1WUQg__normal.jpg", "profile_sidebar_fill_color": "F6F6F6", "profile_text_color": "333333", "followers_count": 1326, "location": "OFP", "profile_background_color": "ACDED6", "id_str": "1174013167", "statuses_count": 87802, "description": "if you\u2019re here for questions about lore from the discord campaigns just DM me and I\u2019ll answer asap", "friends_count": 1214, "profile_link_color": "038543", "profile_image_url": "http://pbs.twimg.com/profile_images/1046898362690224128/EJ1WUQg__normal.jpg", "profile_background_image_url_https": "https://abs.twimg.com/images/themes/theme18/bg.gif", "profile_banner_url": "https://pbs.twimg.com/profile_banners/1174013167/1534640068", "profile_background_image_url": "http://abs.twimg.com/images/themes/theme18/bg.gif", "name": "Thaddeus But Spookier \ud83c\udf83", "lang": "en-gb", "favourites_count": 42802, "screen_name": "ThaddeusWalcott", "url": "https://t.co/zCtQbsx112", "created_at": "Wed Feb 13 05:32:38 +0000 2013", "profile_sidebar_border_color": "EEEEEE", "listed_count": 22}, "urls": [], "media": [{"expanded_url": "https://twitter.com/businessinsider/status/534190494398836739/photo/1", "display_url": "pic.twitter.com/cR5KYPdzXa", "url": "http://t.co/cR5KYPdzXa", "media_url_https": "https://pbs.twimg.com/media/B2nTbJZIgAEQfVU.png", "sizes": {"small": {"h": 353, "resize": "fit", "w": 475}, "large": {"h": 353, "resize": "fit", "w": 475}, "medium": {"h": 353, "resize": "fit", "w": 475}, "thumb": {"h": 150, "resize": "crop", "w": 150}}, "type": "photo", "id": 534190494151376897, "media_url": "http://pbs.twimg.com/media/B2nTbJZIgAEQfVU.png"}], "id": 534205889579061248, "id_str": "534205889579061248"}