{"lang": "en", "in_reply_to_user_id": 16973333, "text": "@Independent @MauritsVE agreed. Remember this Halloween they tried to blame Ebola for price hike. Callebaut is like OPEC", "created_at": "Mon Nov 17 09:58:08 +0000 2014", "hashtags": [], "user_mentions": [{"id_str": "16973333", "screen_name": "Independent", "name": "The Independent", "id": 16973333}], "source": "<a href=\"https://mobile.twitter.com\" rel=\"nofollow\">Twitter Lite</a>", "in_reply_to_status_id": 534278078105944064, "in_reply_to_screen_name": "Independent", "user": {"profile_use_background_image": true, "id": 2531197737, "profile_image_url_https": "https://pbs.twimg.com/profile_images/494817563210022914/aOqGtBJ3_normal.jpeg", "profile_sidebar_fill_color": "95E8EC", "profile_text_color": "3C3940", "followers_count": 3651, "id_str": "2531197737", "profile_background_color": "0099B9", "listed_count": 172, "statuses_count": 130078, "description": "Judea declared war on Germany in 1933, & Hitler's repeated peace offers were rejected. Expose jews & COMMUNIST CRIMES \nhttps://t.co/GmpWayPCvw", "friends_count": 2320, "profile_link_color": "0099B9", "profile_image_url": "http://pbs.twimg.com/profile_images/494817563210022914/aOqGtBJ3_normal.jpeg", "profile_background_image_url_https": "https://abs.twimg.com/images/themes/theme4/bg.gif", "profile_banner_url": "https://pbs.twimg.com/profile_banners/2531197737/1531795920", "profile_background_image_url": "http://abs.twimg.com/images/themes/theme4/bg.gif", "name": "Bo McCarthy", "lang": "en", "favourites_count": 43199, "screen_name": "jackiemopsy", "created_at": "Mon May 05 14:36:15 +0000 2014", "profile_sidebar_border_color": "5ED4DC"}, "urls": [], "id": 534284341694955520, "id_str": "534284341694955520"}