{"lang": "en", "in_reply_to_user_id": 16973333, "text": "@Independent Now where's the Disasters Emergency Committee when you need them???", "created_at": "Mon Nov 17 09:41:29 +0000 2014", "hashtags": [], "user_mentions": [{"id_str": "16973333", "screen_name": "Independent", "name": "The Independent", "id": 16973333}], "source": "<a href=\"http://twitter.com\" rel=\"nofollow\">Twitter Web Client</a>", "in_reply_to_status_id": 534278078105944064, "in_reply_to_screen_name": "Independent", "user": {"profile_use_background_image": true, "id": 1285790670, "profile_image_url_https": "https://pbs.twimg.com/profile_images/3409095142/d920d6256039e7da5de7ed92b155c7b2_normal.jpeg", "profile_sidebar_fill_color": "DDEEF6", "profile_text_color": "333333", "followers_count": 5401, "id_str": "1285790670", "profile_background_color": "C0DEED", "listed_count": 24, "statuses_count": 4799, "description": "Website dedicated to all things family - think of us as the mum's guide to a happy home!", "friends_count": 308, "profile_link_color": "1DA1F2", "profile_image_url": "http://pbs.twimg.com/profile_images/3409095142/d920d6256039e7da5de7ed92b155c7b2_normal.jpeg", "profile_background_image_url_https": "https://abs.twimg.com/images/themes/theme1/bg.png", "profile_banner_url": "https://pbs.twimg.com/profile_banners/1285790670/1365498503", "profile_background_image_url": "http://abs.twimg.com/images/themes/theme1/bg.png", "name": "PocketfulofRye", "lang": "en", "favourites_count": 1878, "screen_name": "PocketfulofRye1", "url": "http://t.co/IT6M7MOehT", "created_at": "Thu Mar 21 12:03:33 +0000 2013", "profile_sidebar_border_color": "C0DEED", "default_profile": true}, "urls": [], "retweet_count": 1, "id": 534280153665638400, "id_str": "534280153665638400"}