{"lang": "en", "in_reply_to_user_id": 16973333, "text": "@Independent The apocalypse is here! \ud83d\ude31", "created_at": "Mon Nov 17 11:47:33 +0000 2014", "hashtags": [], "user_mentions": [{"id_str": "16973333", "screen_name": "Independent", "name": "The Independent", "id": 16973333}], "source": "<a href=\"http://twitter.com/download/android\" rel=\"nofollow\">Twitter for Android</a>", "in_reply_to_status_id": 534278078105944064, "in_reply_to_screen_name": "Independent", "user": {"profile_use_background_image": true, "id": 22614150, "profile_image_url_https": "https://pbs.twimg.com/profile_images/699678462425038848/izrcalZM_normal.jpg", "profile_sidebar_fill_color": "99CC33", "profile_text_color": "3E4415", "followers_count": 145, "location": "Dublin", "profile_background_color": "352726", "id_str": "22614150", "statuses_count": 709, "description": "Cold tea connoisseur", "friends_count": 413, "profile_link_color": "D02B55", "profile_image_url": "http://pbs.twimg.com/profile_images/699678462425038848/izrcalZM_normal.jpg", "profile_background_image_url_https": "https://abs.twimg.com/images/themes/theme5/bg.gif", "profile_banner_url": "https://pbs.twimg.com/profile_banners/22614150/1353377272", "profile_background_image_url": "http://abs.twimg.com/images/themes/theme5/bg.gif", "name": "FranFo", "lang": "en", "favourites_count": 808, "screen_name": "franpod", "created_at": "Tue Mar 03 12:03:15 +0000 2009", "profile_sidebar_border_color": "829D5E", "listed_count": 2}, "urls": [], "id": 534311878110224384, "id_str": "534311878110224384"}