{"lang": "en", "in_reply_to_user_id": 16973333, "text": "@Independent @WeightReed What climate change...this will be devastating!", "created_at": "Mon Nov 17 21:04:20 +0000 2014", "hashtags": [], "user_mentions": [{"id_str": "16973333", "screen_name": "Independent", "name": "The Independent", "id": 16973333}, {"id_str": "2544396146", "screen_name": "WeightReed", "name": "janet Weight Reed", "id": 2544396146}], "source": "<a href=\"http://twitter.com/download/android\" rel=\"nofollow\">Twitter for Android</a>", "in_reply_to_status_id": 534278078105944064, "in_reply_to_screen_name": "Independent", "user": {"profile_use_background_image": true, "id": 512548061, "profile_image_url_https": "https://pbs.twimg.com/profile_images/2508719671/ac69zeuwouq97m2kobmu_normal.jpeg", "profile_sidebar_fill_color": "DDEEF6", "geo_enabled": true, "profile_text_color": "333333", "followers_count": 1721, "location": "Yarmouth Port, MA USA", "profile_background_color": "C0DEED", "id_str": "512548061", "statuses_count": 8846, "description": "Slow and steady wins the race. Independent thinker. Love sports. Love to hike and bike. Cape Cod photography; sunsets. La vita e bella!", "friends_count": 1839, "profile_link_color": "1DA1F2", "profile_image_url": "http://pbs.twimg.com/profile_images/2508719671/ac69zeuwouq97m2kobmu_normal.jpeg", "profile_background_image_url_https": "https://abs.twimg.com/images/themes/theme1/bg.png", "profile_banner_url": "https://pbs.twimg.com/profile_banners/512548061/1399475643", "profile_background_image_url": "http://abs.twimg.com/images/themes/theme1/bg.png", "name": "Sal Marino", "lang": "en", "favourites_count": 1870, "screen_name": "salmarino4", "created_at": "Fri Mar 02 23:12:18 +0000 2012", "profile_sidebar_border_color": "C0DEED", "default_profile": true, "listed_count": 47}, "urls": [], "id": 534451995776925696, "id_str": "534451995776925696"}