{"lang": "en", "in_reply_to_user_id": 16973333, "text": "\u201c@Independent: We are running out of chocolate, warns world's largest chocolate manufacturer\nhttp://t.co/bnbRiBtUUv NO NO NO NO NO NO NO NO", "created_at": "Mon Nov 17 18:22:48 +0000 2014", "hashtags": [], "user_mentions": [{"id_str": "16973333", "screen_name": "Independent", "name": "The Independent", "id": 16973333}], "source": "<a href=\"http://twitter.com/download/iphone\" rel=\"nofollow\">Twitter for iPhone</a>", "in_reply_to_status_id": 534392174876839936, "in_reply_to_screen_name": "Independent", "user": {"id": 404099222, "profile_image_url_https": "https://pbs.twimg.com/profile_images/885135384518074368/dOaCRpP8_normal.jpg", "profile_sidebar_fill_color": "000000", "geo_enabled": true, "profile_text_color": "000000", "followers_count": 134, "id_str": "404099222", "profile_background_color": "000000", "listed_count": 3, "statuses_count": 7451, "description": "anxiety is just misplaced excitement // be a good person", "friends_count": 637, "profile_link_color": "7FDBB6", "profile_image_url": "http://pbs.twimg.com/profile_images/885135384518074368/dOaCRpP8_normal.jpg", "profile_background_image_url_https": "https://abs.twimg.com/images/themes/theme16/bg.gif", "profile_banner_url": "https://pbs.twimg.com/profile_banners/404099222/1499867697", "profile_background_image_url": "http://abs.twimg.com/images/themes/theme16/bg.gif", "name": "Mel", "lang": "en", "favourites_count": 19368, "screen_name": "melghui", "url": "https://t.co/TS7lbfxWgE", "created_at": "Thu Nov 03 12:59:30 +0000 2011", "profile_sidebar_border_color": "000000"}, "urls": [{"url": "http://t.co/bnbRiBtUUv", "expanded_url": "http://ind.pn/1qbHXaJ"}], "id": 534411346633560066, "id_str": "534411346633560066"}