{"lang": "en", "in_reply_to_user_id": 15012486, "text": "@CBSNews Say it isn't so!   #longliveChocolate", "created_at": "Mon Nov 17 18:22:55 +0000 2014", "hashtags": [{"text": "longliveChocolate"}], "user_mentions": [{"id_str": "15012486", "screen_name": "CBSNews", "name": "CBS News", "id": 15012486}], "source": "<a href=\"http://twitter.com\" rel=\"nofollow\">Twitter Web Client</a>", "in_reply_to_status_id": 534409916560461825, "in_reply_to_screen_name": "CBSNews", "user": {"id": 358501834, "profile_image_url_https": "https://pbs.twimg.com/profile_images/815407919818743808/AOR_JYSW_normal.jpg", "profile_sidebar_fill_color": "000000", "geo_enabled": true, "profile_text_color": "000000", "followers_count": 45, "location": "Down in the boon docks USA", "profile_background_color": "000000", "id_str": "358501834", "statuses_count": 13416, "description": "Worker bee, family man, hee hawer bandit, humorist...  all around American guy next door.", "friends_count": 186, "profile_link_color": "89C9FA", "profile_image_url": "http://pbs.twimg.com/profile_images/815407919818743808/AOR_JYSW_normal.jpg", "profile_background_image_url_https": "https://abs.twimg.com/images/themes/theme18/bg.gif", "profile_banner_url": "https://pbs.twimg.com/profile_banners/358501834/1502054516", "profile_background_image_url": "http://abs.twimg.com/images/themes/theme18/bg.gif", "name": "Mike", "lang": "en", "favourites_count": 5864, "screen_name": "Mike_the_Bandit", "created_at": "Sat Aug 20 01:19:57 +0000 2011", "profile_sidebar_border_color": "000000", "listed_count": 2}, "urls": [], "id": 534411375129276416, "id_str": "534411375129276416"}