{"lang": "en", "in_reply_to_user_id": 16973333, "text": "@Independent \rTry something else or chocs are gone for good", "created_at": "Tue Nov 18 17:46:31 +0000 2014", "hashtags": [], "user_mentions": [{"id_str": "16973333", "screen_name": "Independent", "name": "The Independent", "id": 16973333}], "source": "<a href=\"http://www.twitter.com\" rel=\"nofollow\">Twitter for Windows Phone</a>", "in_reply_to_status_id": 534763214106820608, "in_reply_to_screen_name": "Independent", "user": {"profile_use_background_image": true, "id": 2777713577, "profile_image_url_https": "https://pbs.twimg.com/profile_images/529540162725117952/Nif9dvt7_normal.jpeg", "profile_sidebar_fill_color": "DDEEF6", "profile_text_color": "333333", "followers_count": 77, "location": "Leroro,South Africa", "profile_background_color": "C0DEED", "id_str": "2777713577", "statuses_count": 2212, "description": "Live your life no matter what", "friends_count": 129, "profile_link_color": "1DA1F2", "profile_image_url": "http://pbs.twimg.com/profile_images/529540162725117952/Nif9dvt7_normal.jpeg", "profile_background_image_url_https": "https://abs.twimg.com/images/themes/theme1/bg.png", "profile_banner_url": "https://pbs.twimg.com/profile_banners/2777713577/1416281096", "profile_background_image_url": "http://abs.twimg.com/images/themes/theme1/bg.png", "name": "Thabo Riba", "lang": "en", "favourites_count": 192, "screen_name": "RibathaboRiba", "created_at": "Sat Sep 20 12:08:16 +0000 2014", "profile_sidebar_border_color": "C0DEED", "default_profile": true, "listed_count": 2}, "urls": [], "id": 534764603956543488, "id_str": "534764603956543488"}