{"lang": "en", "in_reply_to_user_id": 17469289, "text": "@nypost Ever see the movie \"Powder\"?", "created_at": "Wed Nov 19 19:56:20 +0000 2014", "hashtags": [], "user_mentions": [{"id_str": "17469289", "screen_name": "nypost", "name": "New York Post", "id": 17469289}], "source": "<a href=\"http://twitter.com\" rel=\"nofollow\">Twitter Web Client</a>", "in_reply_to_status_id": 535148463609356288, "in_reply_to_screen_name": "nypost", "user": {"profile_use_background_image": true, "id": 473226781, "profile_image_url_https": "https://pbs.twimg.com/profile_images/1033150622139396096/j5_rXem9_normal.jpg", "profile_sidebar_fill_color": "DDEEF6", "geo_enabled": true, "profile_text_color": "333333", "followers_count": 2637, "location": "Nebraska", "profile_background_color": "C0DEED", "id_str": "473226781", "statuses_count": 12623, "description": "Never Hillary! Saved by the Grace of our Lord Jesus Christ. Forever Cornhusker. ProudNRAmember MAGA, one of  the \"dregs of society\"", "friends_count": 4694, "profile_link_color": "0084B4", "profile_image_url": "http://pbs.twimg.com/profile_images/1033150622139396096/j5_rXem9_normal.jpg", "profile_background_image_url_https": "https://abs.twimg.com/images/themes/theme1/bg.png", "profile_banner_url": "https://pbs.twimg.com/profile_banners/473226781/1482544636", "profile_background_image_url": "http://abs.twimg.com/images/themes/theme1/bg.png", "name": "Chuck Wilken", "lang": "en", "favourites_count": 24328, "screen_name": "ChuckWilken", "created_at": "Tue Jan 24 19:24:17 +0000 2012", "profile_sidebar_border_color": "C0DEED", "listed_count": 19}, "urls": [], "id": 535159660551368705, "id_str": "535159660551368705"}