{"lang": "und", "in_reply_to_user_id": 1855737487, "text": "@BuzzFeedOz @BuzzFeed @axelpez03", "created_at": "Thu Nov 20 02:34:00 +0000 2014", "hashtags": [], "user_mentions": [{"id_str": "1855737487", "screen_name": "BuzzFeedOz", "name": "BuzzFeed Australia", "id": 1855737487}, {"id_str": "5695632", "screen_name": "BuzzFeed", "name": "BuzzFeed", "id": 5695632}, {"id_str": "361872406", "screen_name": "axelpez03", "name": "Alex", "id": 361872406}], "source": "<a href=\"http://twitter.com/download/android\" rel=\"nofollow\">Twitter for Android</a>", "in_reply_to_status_id": 535257207991205888, "in_reply_to_screen_name": "BuzzFeedOz", "user": {"lang": "en", "default_profile": true, "statuses_count": 167, "screen_name": "BassLorena", "friends_count": 432, "profile_use_background_image": true, "profile_link_color": "1DA1F2", "created_at": "Fri Oct 21 23:05:28 +0000 2011", "profile_sidebar_fill_color": "DDEEF6", "profile_image_url": "http://pbs.twimg.com/profile_images/1877469790/image_normal.jpg", "profile_image_url_https": "https://pbs.twimg.com/profile_images/1877469790/image_normal.jpg", "profile_text_color": "333333", "followers_count": 58, "profile_sidebar_border_color": "C0DEED", "id_str": "395605762", "profile_background_color": "C0DEED", "favourites_count": 685, "profile_background_image_url_https": "https://abs.twimg.com/images/themes/theme1/bg.png", "id": 395605762, "profile_background_image_url": "http://abs.twimg.com/images/themes/theme1/bg.png", "name": "ReneeBass"}, "urls": [], "id": 535259736522776576, "id_str": "535259736522776576"}