{"lang": "en", "in_reply_to_user_id": 409941587, "text": "@BBCNewsbeat @BBCNews greasy sweat from too many pies.  Yuk.  Have they put a compass near him?", "created_at": "Thu Nov 20 17:55:04 +0000 2014", "hashtags": [], "user_mentions": [{"id_str": "409941587", "screen_name": "BBCNewsbeat", "name": "BBC Newsbeat", "id": 409941587}, {"id_str": "612473", "screen_name": "BBCNews", "name": "BBC News (UK)", "id": 612473}], "source": "<a href=\"http://twitter.com/download/android\" rel=\"nofollow\">Twitter for Android</a>", "in_reply_to_status_id": 535484342785830912, "in_reply_to_screen_name": "BBCNewsbeat", "user": {"profile_use_background_image": true, "id": 395758409, "profile_image_url_https": "https://pbs.twimg.com/profile_images/996254128845271040/MgNejyvi_normal.jpg", "profile_sidebar_fill_color": "DDEEF6", "geo_enabled": true, "profile_text_color": "333333", "followers_count": 945, "location": "Bowland", "profile_background_color": "C0DEED", "id_str": "395758409", "statuses_count": 9052, "description": "Husband and dad, upland Ecology, dogs, poultry and goats!  Bit of running, cycling and beer.", "friends_count": 2037, "profile_link_color": "1DA1F2", "profile_image_url": "http://pbs.twimg.com/profile_images/996254128845271040/MgNejyvi_normal.jpg", "profile_background_image_url_https": "https://abs.twimg.com/images/themes/theme1/bg.png", "profile_banner_url": "https://pbs.twimg.com/profile_banners/395758409/1529610979", "profile_background_image_url": "http://abs.twimg.com/images/themes/theme1/bg.png", "name": "Rob", "lang": "en", "favourites_count": 52072, "screen_name": "rjfoster75", "created_at": "Sat Oct 22 06:03:33 +0000 2011", "profile_sidebar_border_color": "C0DEED", "default_profile": true, "listed_count": 11}, "urls": [], "id": 535491531432808448, "id_str": "535491531432808448"}