{"lang": "en", "in_reply_to_user_id": 16973333, "text": "@independent This will affect love and its components.", "created_at": "Fri Nov 21 21:56:09 +0000 2014", "hashtags": [], "user_mentions": [{"id_str": "16973333", "screen_name": "Independent", "name": "The Independent", "id": 16973333}], "source": "<a href=\"https://mobile.twitter.com\" rel=\"nofollow\">Mobile Web (M2)</a>", "in_reply_to_status_id": 534278078105944064, "in_reply_to_screen_name": "Independent", "user": {"profile_use_background_image": true, "id": 197158255, "profile_image_url_https": "https://pbs.twimg.com/profile_images/1038774055845945344/pqbrrNoj_normal.jpg", "profile_sidebar_fill_color": "7AC3EE", "geo_enabled": true, "profile_text_color": "3D1957", "followers_count": 325, "location": "Here & There", "profile_background_color": "642D8B", "id_str": "197158255", "statuses_count": 15046, "description": "Good with a lot of things, great at an awful few! \r\n#Federer #Serena #TBBT #HIMYM #CFC \r\nRTs not necessarily endorsement! \n\n\nAltruistic | |  Humble | |  Playful", "friends_count": 510, "profile_link_color": "00D9FF", "profile_image_url": "http://pbs.twimg.com/profile_images/1038774055845945344/pqbrrNoj_normal.jpg", "profile_background_image_url_https": "https://abs.twimg.com/images/themes/theme10/bg.gif", "profile_banner_url": "https://pbs.twimg.com/profile_banners/197158255/1484600870", "profile_background_image_url": "http://abs.twimg.com/images/themes/theme10/bg.gif", "name": "\u2605STAN\u2122\ud83d\udcf6", "lang": "en", "profile_background_tile": true, "favourites_count": 2377, "screen_name": "Stanlified", "url": "https://t.co/deYMQcTDkG", "created_at": "Thu Sep 30 19:56:46 +0000 2010", "profile_sidebar_border_color": "65B0DA", "listed_count": 2}, "urls": [], "id": 535914587158106112, "id_str": "535914587158106112"}