{"lang": "en", "in_reply_to_user_id": 253473203, "text": "@khaama @PathanAsmakhan GREAT!!! The only hope for civilisation in the Islamic world is the daring acts such brave women", "created_at": "Mon Nov 24 20:41:40 +0000 2014", "hashtags": [], "user_mentions": [{"id_str": "253473203", "screen_name": "khaama", "name": "Khaama Press (KP)", "id": 253473203}, {"id_str": "1405220132", "screen_name": "PathanAsmakhan", "name": "asmakhan pathan", "id": 1405220132}], "source": "<a href=\"http://twitter.com\" rel=\"nofollow\">Twitter Web Client</a>", "in_reply_to_status_id": 536915851233202176, "in_reply_to_screen_name": "khaama", "user": {"profile_use_background_image": true, "id": 432587582, "profile_image_url_https": "https://pbs.twimg.com/profile_images/378800000122483149/85d71806e3b34d6776d9cf49736ddf79_normal.jpeg", "profile_sidebar_fill_color": "DDEEF6", "profile_text_color": "333333", "followers_count": 278, "id_str": "432587582", "profile_background_color": "C0DEED", "location": "INDIA", "statuses_count": 4232, "description": "staunch HINDU, wishes to see Hindus proud of their heritage,imbibe the virtues of unity,caste-less society, courage and combat the curse of pseudo-secularism", "friends_count": 387, "profile_link_color": "1DA1F2", "profile_image_url": "http://pbs.twimg.com/profile_images/378800000122483149/85d71806e3b34d6776d9cf49736ddf79_normal.jpeg", "profile_background_image_url_https": "https://abs.twimg.com/images/themes/theme1/bg.png", "profile_background_image_url": "http://abs.twimg.com/images/themes/theme1/bg.png", "name": "ARUN SAXENA", "lang": "en", "favourites_count": 11, "screen_name": "ARUNSAXENA5", "created_at": "Fri Dec 09 15:17:05 +0000 2011", "profile_sidebar_border_color": "C0DEED", "default_profile": true, "listed_count": 1}, "urls": [], "id": 536983006225780736, "id_str": "536983006225780736"}