{"lang": "en", "in_reply_to_user_id": 143145579, "text": "@ThePoke @dsawyer Truth is they do hurt like a sonofabitch!", "created_at": "Tue Nov 25 02:03:07 +0000 2014", "hashtags": [], "user_mentions": [{"id_str": "143145579", "screen_name": "ThePoke", "name": "The Poke", "id": 143145579}, {"id_str": "14200145", "screen_name": "dsawyer", "name": "J. Daniel Sawyer", "id": 14200145}], "source": "<a href=\"http://twitter.com\" rel=\"nofollow\">Twitter Web Client</a>", "in_reply_to_status_id": 536808074431184896, "in_reply_to_screen_name": "ThePoke", "user": {"id": 1126811989, "profile_image_url_https": "https://pbs.twimg.com/profile_images/957798210050736128/1EF2xVt6_normal.jpg", "profile_sidebar_fill_color": "000000", "profile_text_color": "000000", "followers_count": 261, "location": "Prescott, AZ, USA", "profile_background_color": "000000", "id_str": "1126811989", "statuses_count": 11726, "description": "Middle-class, middle-aged, white male (yeah, privileged).  Tastes include dry humor, sharp wit, deep irony, red wine, & strong coffee (venti, black, no room)!", "friends_count": 194, "profile_link_color": "1B95E0", "profile_image_url": "http://pbs.twimg.com/profile_images/957798210050736128/1EF2xVt6_normal.jpg", "profile_background_image_url_https": "https://abs.twimg.com/images/themes/theme1/bg.png", "profile_banner_url": "https://pbs.twimg.com/profile_banners/1126811989/1474741294", "profile_background_image_url": "http://abs.twimg.com/images/themes/theme1/bg.png", "name": "Michael Brady", "lang": "en", "favourites_count": 29915, "screen_name": "michaelb8309", "url": "http://t.co/RWPwM2HsZX", "created_at": "Mon Jan 28 02:34:14 +0000 2013", "profile_sidebar_border_color": "000000", "listed_count": 10}, "urls": [], "id": 537063901935190016, "id_str": "537063901935190016"}