{"lang": "en", "in_reply_to_user_id": 36570365, "text": "@thebrinos @Rednigerian unfucking real man", "created_at": "Wed Nov 26 00:00:10 +0000 2014", "hashtags": [], "user_mentions": [{"id_str": "36570365", "screen_name": "thebrinos", "name": "Brian Van Slyke", "id": 36570365}, {"id_str": "80399048", "screen_name": "Rednigerian", "name": "\u2112\u2134\u0475\u212f Rednig\u00ebrian", "id": 80399048}], "source": "<a href=\"http://twitter.com/download/iphone\" rel=\"nofollow\">Twitter for iPhone</a>", "in_reply_to_status_id": 537378640653475841, "in_reply_to_screen_name": "thebrinos", "user": {"profile_use_background_image": true, "id": 207703764, "profile_image_url_https": "https://pbs.twimg.com/profile_images/1018298143652352001/09hPv4wu_normal.jpg", "profile_sidebar_fill_color": "DDEEF6", "geo_enabled": true, "profile_text_color": "333333", "followers_count": 228, "location": "on the road", "profile_background_color": "000000", "id_str": "207703764", "statuses_count": 10938, "description": "Cool, cool. Box it up.", "friends_count": 240, "profile_link_color": "0084B4", "profile_image_url": "http://pbs.twimg.com/profile_images/1018298143652352001/09hPv4wu_normal.jpg", "profile_background_image_url_https": "https://abs.twimg.com/images/themes/theme1/bg.png", "profile_banner_url": "https://pbs.twimg.com/profile_banners/207703764/1411319614", "profile_background_image_url": "http://abs.twimg.com/images/themes/theme1/bg.png", "name": "SJ", "lang": "en", "favourites_count": 6660, "screen_name": "zoolander6606", "created_at": "Mon Oct 25 21:45:55 +0000 2010", "profile_sidebar_border_color": "FFFFFF", "listed_count": 4}, "urls": [], "id": 537395348587970560, "id_str": "537395348587970560"}