{"lang": "en", "in_reply_to_user_id": 215598844, "text": "@LeftSentThis beautiful young woman should.have stayed home.  He wants a jungle war.. so.. be happy for her. She got.one.", "created_at": "Thu Nov 27 14:26:19 +0000 2014", "hashtags": [], "user_mentions": [{"id_str": "215598844", "screen_name": "LeftSentThis", "name": "LEFT\ud83d\udd4b", "id": 215598844}], "source": "<a href=\"http://twitter.com/download/android\" rel=\"nofollow\">Twitter for Android</a>", "in_reply_to_status_id": 537913349338435584, "in_reply_to_screen_name": "LeftSentThis", "user": {"profile_use_background_image": true, "id": 2882898247, "profile_image_url_https": "https://pbs.twimg.com/profile_images/555922490925383681/F-stQeek_normal.jpeg", "profile_sidebar_fill_color": "DDEEF6", "geo_enabled": true, "profile_text_color": "333333", "followers_count": 201, "id_str": "2882898247", "profile_background_color": "C0DEED", "listed_count": 11, "statuses_count": 17864, "description": "I love my egg because it  makes liberals cry and freakout.", "friends_count": 286, "profile_link_color": "1DA1F2", "profile_image_url": "http://pbs.twimg.com/profile_images/555922490925383681/F-stQeek_normal.jpeg", "profile_background_image_url_https": "https://abs.twimg.com/images/themes/theme1/bg.png", "profile_banner_url": "https://pbs.twimg.com/profile_banners/2882898247/1424444990", "profile_background_image_url": "http://abs.twimg.com/images/themes/theme1/bg.png", "name": "Trolling 4 The Truth", "lang": "en", "favourites_count": 2349, "screen_name": "myfathersthrone", "created_at": "Thu Oct 30 03:40:15 +0000 2014", "profile_sidebar_border_color": "C0DEED", "default_profile": true}, "urls": [], "id": 537975712834392065, "id_str": "537975712834392065"}