{"lang": "en", "in_reply_to_user_id": 29417304, "text": "@deray @ABC smh. 500k.", "created_at": "Fri Nov 28 00:45:05 +0000 2014", "hashtags": [], "user_mentions": [{"id_str": "29417304", "screen_name": "deray", "name": "deray", "id": 29417304}, {"id_str": "28785486", "screen_name": "ABC", "name": "ABC News", "id": 28785486}], "source": "<a href=\"http://twitter.com/download/iphone\" rel=\"nofollow\">Twitter for iPhone</a>", "in_reply_to_status_id": 538129041539092480, "in_reply_to_screen_name": "deray", "user": {"profile_use_background_image": true, "id": 32975798, "profile_image_url_https": "https://pbs.twimg.com/profile_images/1023608113897910274/HNeYyzgF_normal.jpg", "profile_sidebar_fill_color": "675237", "geo_enabled": true, "profile_text_color": "F27063", "followers_count": 390, "location": "562 \u2192 901", "profile_background_color": "7FE8CE", "id_str": "32975798", "statuses_count": 20461, "description": "\ud835\udcc8\ud835\udcbe\ud835\udcc1\ud835\udc52\ud835\udcc3\ud835\udcb8\ud835\udc52 \ud835\udcbe\ud835\udcc8 \ud835\udcc9\ud835\udcbd\ud835\udc52 \ud835\udcc2\ud835\udc5c\ud835\udcc8\ud835\udcc9 \ud835\udcc5\ud835\udc5c\ud835\udccc\ud835\udc52\ud835\udcc7\ud835\udcbb\ud835\udcca\ud835\udcc1 \ud835\udcc8\ud835\udcb8\ud835\udcc7\ud835\udc52\ud835\udcb6\ud835\udcc2. #BLM \u2022 #freepalestine", "friends_count": 422, "profile_link_color": "FA3C82", "profile_image_url": "http://pbs.twimg.com/profile_images/1023608113897910274/HNeYyzgF_normal.jpg", "profile_background_image_url_https": "https://abs.twimg.com/images/themes/theme19/bg.gif", "profile_banner_url": "https://pbs.twimg.com/profile_banners/32975798/1536469744", "profile_background_image_url": "http://abs.twimg.com/images/themes/theme19/bg.gif", "name": "\ud835\udcf7\ud835\udcfe\ud835\udcec\ud835\udcf1\ud835\udcea\ud835\udcf2\ud835\udcf7\ud835\udd03", "lang": "en", "profile_background_tile": true, "favourites_count": 9013, "screen_name": "palestiniandoll", "url": "https://t.co/B6tFCNMzON", "created_at": "Sat Apr 18 18:58:57 +0000 2009", "profile_sidebar_border_color": "FFFFFF", "listed_count": 5}, "urls": [], "id": 538131431025696768, "id_str": "538131431025696768"}