{"lang": "en", "in_reply_to_user_id": 64643056, "text": "@RT_com don't mess with mom!", "created_at": "Fri Nov 28 09:41:09 +0000 2014", "hashtags": [], "user_mentions": [{"id_str": "64643056", "screen_name": "RT_com", "name": "RT", "id": 64643056}], "source": "<a href=\"http://twitter.com/download/android\" rel=\"nofollow\">Twitter for Android</a>", "in_reply_to_status_id": 538137715293061120, "in_reply_to_screen_name": "RT_com", "user": {"profile_use_background_image": true, "id": 819731072, "profile_image_url_https": "https://pbs.twimg.com/profile_images/851429717781729280/ECUqqsHs_normal.jpg", "profile_sidebar_fill_color": "DDEEF6", "geo_enabled": true, "profile_text_color": "333333", "followers_count": 138, "location": "Michigan", "profile_background_color": "C0DEED", "id_str": "819731072", "statuses_count": 12343, "description": "Security specialist.", "friends_count": 111, "profile_link_color": "1DA1F2", "profile_image_url": "http://pbs.twimg.com/profile_images/851429717781729280/ECUqqsHs_normal.jpg", "profile_background_image_url_https": "https://abs.twimg.com/images/themes/theme1/bg.png", "profile_banner_url": "https://pbs.twimg.com/profile_banners/819731072/1491831638", "profile_background_image_url": "http://abs.twimg.com/images/themes/theme1/bg.png", "name": "Moses Soro", "lang": "en", "favourites_count": 7947, "screen_name": "Mjakur39Soro", "created_at": "Wed Sep 12 14:59:36 +0000 2012", "profile_sidebar_border_color": "C0DEED", "default_profile": true, "listed_count": 11}, "urls": [], "id": 538266336888381440, "id_str": "538266336888381440"}