{"lang": "en", "in_reply_to_user_id": 64643056, "text": "\u201c@RT_com: Afghan woman 'kills 25 Taliban' militants after son shot dead http://t.co/gnfBENGWGR http://t.co/ZEEEEgoYyH\u201d she got a nuke", "created_at": "Sat Nov 29 09:20:04 +0000 2014", "hashtags": [], "user_mentions": [{"id_str": "64643056", "screen_name": "RT_com", "name": "RT", "id": 64643056}], "source": "<a href=\"http://twitter.com/download/iphone\" rel=\"nofollow\">Twitter for iPhone</a>", "in_reply_to_status_id": 538137715293061120, "in_reply_to_screen_name": "RT_com", "user": {"profile_use_background_image": true, "id": 234566026, "profile_image_url_https": "https://pbs.twimg.com/profile_images/1031209607623073793/AXoiiEbe_normal.jpg", "profile_sidebar_fill_color": "EFEFEF", "geo_enabled": true, "profile_text_color": "333333", "followers_count": 1488, "location": "\ud83d\udecc", "profile_background_color": "131516", "id_str": "234566026", "statuses_count": 142832, "description": "Got my sHirt off look at my fat ass stomacH bitcH!!!!", "friends_count": 1114, "profile_link_color": "009999", "profile_image_url": "http://pbs.twimg.com/profile_images/1031209607623073793/AXoiiEbe_normal.jpg", "profile_background_image_url_https": "https://abs.twimg.com/images/themes/theme14/bg.gif", "profile_banner_url": "https://pbs.twimg.com/profile_banners/234566026/1532559747", "profile_background_image_url": "http://abs.twimg.com/images/themes/theme14/bg.gif", "name": "Oli", "lang": "en", "profile_background_tile": true, "favourites_count": 27148, "screen_name": "Oli_Row", "url": "https://t.co/cnsX0mQf3U", "created_at": "Wed Jan 05 23:58:28 +0000 2011", "profile_sidebar_border_color": "EEEEEE", "listed_count": 35}, "urls": [{"url": "http://t.co/gnfBENGWGR", "expanded_url": "http://on.rt.com/q5zml7"}], "media": [{"expanded_url": "https://twitter.com/RT_com/status/538137715293061120/photo/1", "display_url": "pic.twitter.com/ZEEEEgoYyH", "url": "http://t.co/ZEEEEgoYyH", "media_url_https": "https://pbs.twimg.com/media/B3fZZiECIAITMKw.jpg", "sizes": {"small": {"h": 382, "resize": "fit", "w": 680}, "large": {"h": 388, "resize": "fit", "w": 690}, "medium": {"h": 388, "resize": "fit", "w": 690}, "thumb": {"h": 150, "resize": "crop", "w": 150}}, "type": "photo", "id": 538137713157742594, "media_url": "http://pbs.twimg.com/media/B3fZZiECIAITMKw.jpg"}], "id": 538623416488964096, "id_str": "538623416488964096"}