{"lang": "en", "text": "Darren Wilson told the Post-Dispatch that he was not paid for the ABC News interview. #Ferguson Via @ChristineDByers http://t.co/k8j9ctUgjy", "created_at": "Sun Nov 30 00:11:31 +0000 2014", "hashtags": [{"text": "Ferguson"}], "user_mentions": [{"id_str": "92613268", "screen_name": "ChristineDByers", "name": "Christine Byers", "id": 92613268}], "source": "<a href=\"http://twitter.com\" rel=\"nofollow\">Twitter Web Client</a>", "user": {"id": 57775464, "verified": true, "profile_image_url_https": "https://pbs.twimg.com/profile_images/918653164773085185/G52Qwa_h_normal.jpg", "profile_sidebar_fill_color": "DDEEF6", "geo_enabled": true, "profile_text_color": "333333", "followers_count": 6885, "location": "St. Louis, MO", "profile_background_color": "A39E9E", "id_str": "57775464", "statuses_count": 9899, "description": "Author of Shooting Lincoln (Hachette, 2017), Ax Murders of Saxtown (2014), formerly of the St. Louis Post-Dispatch", "friends_count": 684, "profile_link_color": "3B94D9", "profile_image_url": "http://pbs.twimg.com/profile_images/918653164773085185/G52Qwa_h_normal.jpg", "profile_background_image_url_https": "https://abs.twimg.com/images/themes/theme1/bg.png", "profile_banner_url": "https://pbs.twimg.com/profile_banners/57775464/1505663348", "profile_background_image_url": "http://abs.twimg.com/images/themes/theme1/bg.png", "name": "Nicholas J.C. Pistor", "lang": "en", "favourites_count": 930, "screen_name": "nickpistor", "url": "https://t.co/VqXuuqlTrb", "created_at": "Fri Jul 17 22:23:10 +0000 2009", "profile_sidebar_border_color": "FFFFFF", "listed_count": 380}, "urls": [{"url": "http://t.co/k8j9ctUgjy", "expanded_url": "http://www.stltoday.com/news/local/crime-and-courts/darren-wilson-resigns-from-ferguson-police-department/article_a8cfa6e7-408c-520c-b9d2-de2a75e8983d.html"}], "retweet_count": 124, "id": 538847758032310272, "favorite_count": 30, "id_str": "538847758032310272"}