{"lang": "en", "in_reply_to_user_id": 10904, "text": "@selfagency @neilkli children who come from homes with domestic violence are more prone to violence. #truth", "created_at": "Sun Nov 30 00:45:05 +0000 2014", "hashtags": [{"text": "truth"}], "user_mentions": [{"id_str": "10904", "screen_name": "selfagency", "name": "daniel sieradski", "id": 10904}, {"id_str": "90761544", "screen_name": "neilkli", "name": "seen and not seen", "id": 90761544}], "source": "<a href=\"http://twitter.com/download/iphone\" rel=\"nofollow\">Twitter for iPhone</a>", "in_reply_to_status_id": 538855531050307584, "in_reply_to_screen_name": "selfagency", "user": {"profile_use_background_image": true, "id": 1380878527, "profile_image_url_https": "https://pbs.twimg.com/profile_images/3593927749/7d8acd43a881df26b51f55f927dc7bc0_normal.jpeg", "profile_sidebar_fill_color": "DDEEF6", "geo_enabled": true, "profile_text_color": "333333", "followers_count": 30, "id_str": "1380878527", "profile_background_color": "C0DEED", "listed_count": 4, "statuses_count": 6272, "friends_count": 110, "profile_link_color": "1DA1F2", "profile_image_url": "http://pbs.twimg.com/profile_images/3593927749/7d8acd43a881df26b51f55f927dc7bc0_normal.jpeg", "profile_background_image_url_https": "https://abs.twimg.com/images/themes/theme1/bg.png", "profile_background_image_url": "http://abs.twimg.com/images/themes/theme1/bg.png", "name": "popeye sevedra", "lang": "en", "favourites_count": 588, "screen_name": "therealPopeyS", "created_at": "Fri Apr 26 02:14:02 +0000 2013", "profile_sidebar_border_color": "C0DEED", "default_profile": true}, "urls": [], "id": 538856207378055168, "id_str": "538856207378055168"}