{"lang": "en", "in_reply_to_user_id": 30488144, "text": "@harikondabolu The only source for this claim is http://t.co/N5nQZCtbeH, run by Chuck Johnson, a RWNJ and serial liar. He is trolling.", "created_at": "Sun Nov 30 05:44:02 +0000 2014", "hashtags": [], "user_mentions": [{"id_str": "30488144", "screen_name": "harikondabolu", "name": "Hari Kondabolu", "id": 30488144}], "source": "<a href=\"http://twitter.com\" rel=\"nofollow\">Twitter Web Client</a>", "in_reply_to_status_id": 538930446814703616, "in_reply_to_screen_name": "harikondabolu", "user": {"profile_use_background_image": true, "id": 49175101, "profile_image_url_https": "https://pbs.twimg.com/profile_images/437028846768885760/E1xIxAvj_normal.jpeg", "profile_sidebar_fill_color": "E0FF92", "geo_enabled": true, "profile_text_color": "000000", "followers_count": 2446, "location": "Los Angeles, CA", "profile_background_color": "1A1B1F", "id_str": "49175101", "statuses_count": 69012, "description": "Editor", "friends_count": 3731, "profile_link_color": "2FC2EF", "profile_image_url": "http://pbs.twimg.com/profile_images/437028846768885760/E1xIxAvj_normal.jpeg", "profile_background_image_url_https": "https://abs.twimg.com/images/themes/theme1/bg.png", "profile_background_image_url": "http://abs.twimg.com/images/themes/theme1/bg.png", "name": "Maureen Damian", "lang": "en", "profile_background_tile": true, "favourites_count": 51002, "screen_name": "FactsMatter", "created_at": "Sun Jun 21 00:43:23 +0000 2009", "profile_sidebar_border_color": "FFFFFF", "listed_count": 74}, "urls": [{"url": "http://t.co/N5nQZCtbeH", "expanded_url": "http://gotnews.com"}], "retweet_count": 1, "id": 538931437492133889, "id_str": "538931437492133889"}