{"lang": "en", "in_reply_to_user_id": 24258355, "text": "@AbbyMartin @senorchompers That makes me sick.", "created_at": "Sun Nov 30 08:58:31 +0000 2014", "hashtags": [], "user_mentions": [{"id_str": "24258355", "screen_name": "AbbyMartin", "name": "Abby Martin", "id": 24258355}, {"id_str": "1596679669", "screen_name": "senorchompers", "name": "Se\u00f1or Chompers", "id": 1596679669}], "source": "<a href=\"http://twitter.com\" rel=\"nofollow\">Twitter Web Client</a>", "in_reply_to_status_id": 538975342011363328, "in_reply_to_screen_name": "AbbyMartin", "user": {"profile_use_background_image": true, "id": 2562994388, "profile_image_url_https": "https://pbs.twimg.com/profile_images/581485329942712320/aa26lHX5_normal.jpg", "profile_sidebar_fill_color": "DDEEF6", "geo_enabled": true, "profile_text_color": "333333", "followers_count": 873, "id_str": "2562994388", "profile_background_color": "C0DEED", "listed_count": 95, "statuses_count": 13312, "description": "peace, love, vegan.", "friends_count": 1436, "profile_link_color": "3B94D9", "profile_image_url": "http://pbs.twimg.com/profile_images/581485329942712320/aa26lHX5_normal.jpg", "profile_background_image_url_https": "https://abs.twimg.com/images/themes/theme1/bg.png", "profile_banner_url": "https://pbs.twimg.com/profile_banners/2562994388/1427751063", "profile_background_image_url": "http://abs.twimg.com/images/themes/theme1/bg.png", "name": "Dylanboo", "lang": "en", "favourites_count": 13815, "screen_name": "lovingdaiya1", "url": "http://t.co/auvpSoiURG", "created_at": "Thu Jun 12 08:36:41 +0000 2014", "profile_sidebar_border_color": "C0DEED"}, "urls": [], "id": 538980383229247489, "id_str": "538980383229247489"}