{"lang": "en", "in_reply_to_user_id": 34310801, "text": "@CNNSitRoom @CNN what I want to know is where is the video of his son being beheaded while drenched in pigs blood fair is fair", "created_at": "Tue Dec 02 18:45:16 +0000 2014", "hashtags": [], "user_mentions": [{"id_str": "34310801", "screen_name": "CNNSitRoom", "name": "The Situation Room", "id": 34310801}, {"id_str": "759251", "screen_name": "CNN", "name": "CNN", "id": 759251}], "source": "<a href=\"http://www.twitter.com\" rel=\"nofollow\">Twitter for Windows Phone</a>", "in_reply_to_status_id": 539799806039052288, "in_reply_to_screen_name": "CNNSitRoom", "user": {"profile_use_background_image": true, "id": 2743585979, "profile_image_url_https": "https://pbs.twimg.com/profile_images/923737600606715904/9nph81eg_normal.jpg", "profile_sidebar_fill_color": "DDEEF6", "profile_text_color": "333333", "followers_count": 44, "id_str": "2743585979", "profile_background_color": "C0DEED", "listed_count": 4, "statuses_count": 8449, "friends_count": 47, "profile_link_color": "1DA1F2", "profile_image_url": "http://pbs.twimg.com/profile_images/923737600606715904/9nph81eg_normal.jpg", "profile_background_image_url_https": "https://abs.twimg.com/images/themes/theme1/bg.png", "profile_background_image_url": "http://abs.twimg.com/images/themes/theme1/bg.png", "name": "brian white", "lang": "en", "favourites_count": 771, "screen_name": "WhiteWhiteowljk", "created_at": "Fri Aug 15 15:02:55 +0000 2014", "profile_sidebar_border_color": "C0DEED", "default_profile": true}, "urls": [], "id": 539852817394315265, "id_str": "539852817394315265"}