{"lang": "en", "in_reply_to_user_id": 2546562188, "text": ".@CronkiteSays  The guy is right!  This IS what racism is in America. Bullshit.", "created_at": "Wed Dec 10 13:57:25 +0000 2014", "hashtags": [], "user_mentions": [{"id_str": "2546562188", "screen_name": "CronkiteSays", "name": "Walter Cronkite", "id": 2546562188}], "source": "<a href=\"http://twitter.com/download/iphone\" rel=\"nofollow\">Twitter for iPhone</a>", "in_reply_to_status_id": 542320823915536384, "in_reply_to_screen_name": "CronkiteSays", "user": {"profile_use_background_image": true, "id": 103384530, "profile_image_url_https": "https://pbs.twimg.com/profile_images/889799929824149506/Vvl-w4Fx_normal.jpg", "profile_sidebar_fill_color": "DDEEF6", "geo_enabled": true, "profile_text_color": "333333", "followers_count": 388, "location": "NE Florida", "profile_background_color": "C0DEED", "id_str": "103384530", "statuses_count": 7004, "description": "No bullshit/Former CEO Beltway Bandit & Healthcare Services/Lived and worked 25 yrs. in DC/Very conservative on most issues/#2a/#BBN/#PorscheMotorsport", "friends_count": 785, "profile_link_color": "1DA1F2", "profile_image_url": "http://pbs.twimg.com/profile_images/889799929824149506/Vvl-w4Fx_normal.jpg", "profile_background_image_url_https": "https://abs.twimg.com/images/themes/theme1/bg.png", "profile_banner_url": "https://pbs.twimg.com/profile_banners/103384530/1485350116", "profile_background_image_url": "http://abs.twimg.com/images/themes/theme1/bg.png", "name": "Truthsayer", "lang": "en", "favourites_count": 2278, "screen_name": "GSGnFL", "created_at": "Sat Jan 09 21:25:27 +0000 2010", "profile_sidebar_border_color": "C0DEED", "default_profile": true, "listed_count": 22}, "urls": [], "id": 542679480062320641, "id_str": "542679480062320641"}