{"lang": "en", "in_reply_to_user_id": 145431498, "text": "@MAURAGIORGIO @NBCNews Didn't realize it was up to the Pope to decide something that is so important to human quality of life. Dog sanctity.", "created_at": "Sat Dec 13 04:18:22 +0000 2014", "hashtags": [], "user_mentions": [{"id_str": "145431498", "screen_name": "MAURAGIORGIO", "name": "Maura Tynan Giorgio", "id": 145431498}, {"id_str": "14173315", "screen_name": "NBCNews", "name": "NBC News", "id": 14173315}], "source": "<a href=\"http://twitter.com/#!/download/ipad\" rel=\"nofollow\">Twitter for iPad</a>", "in_reply_to_status_id": 543599413877563392, "in_reply_to_screen_name": "MAURAGIORGIO", "user": {"id": 2170381470, "profile_image_url_https": "https://pbs.twimg.com/profile_images/764867734555340800/_FuS6iqH_normal.jpg", "profile_sidebar_fill_color": "000000", "geo_enabled": true, "profile_text_color": "000000", "followers_count": 612, "id_str": "2170381470", "profile_background_color": "000000", "listed_count": 19, "statuses_count": 11331, "description": "Mental health can only happen in a society that is open and fosters open discussion.", "friends_count": 1006, "profile_link_color": "1B95E0", "profile_image_url": "http://pbs.twimg.com/profile_images/764867734555340800/_FuS6iqH_normal.jpg", "profile_background_image_url_https": "https://abs.twimg.com/images/themes/theme1/bg.png", "profile_banner_url": "https://pbs.twimg.com/profile_banners/2170381470/1405471329", "profile_background_image_url": "http://abs.twimg.com/images/themes/theme1/bg.png", "name": "psychsurvivalist", "lang": "en", "favourites_count": 1859, "screen_name": "psychsurvival", "created_at": "Sat Nov 02 14:45:45 +0000 2013", "profile_sidebar_border_color": "000000"}, "urls": [], "id": 543620921114632192, "favorite_count": 1, "id_str": "543620921114632192"}