{"lang": "en", "in_reply_to_user_id": 2883841, "text": "@eonline now I feel old #tellietubbiessun", "created_at": "Wed Dec 24 01:35:49 +0000 2014", "hashtags": [{"text": "tellietubbiessun"}], "user_mentions": [{"id_str": "725665248280236032", "screen_name": "eonline", "name": "E! Online", "id": 725665248280236032}], "source": "<a href=\"http://twitter.com/download/android\" rel=\"nofollow\">Twitter for Android</a>", "in_reply_to_status_id": 547525843749470208, "in_reply_to_screen_name": "enews", "user": {"profile_use_background_image": true, "id": 2262671671, "profile_image_url_https": "https://pbs.twimg.com/profile_images/870222145233629184/gJN2dk8N_normal.jpg", "profile_sidebar_fill_color": "A0C5C7", "geo_enabled": true, "profile_text_color": "333333", "followers_count": 17, "location": "New Zealand", "profile_background_color": "131516", "id_str": "2262671671", "statuses_count": 278, "description": "Buffy,Supernatural, Charmed and Hanson. Love it! I live for my family and friends. Music is my life! :)", "friends_count": 86, "profile_link_color": "313333", "profile_image_url": "http://pbs.twimg.com/profile_images/870222145233629184/gJN2dk8N_normal.jpg", "profile_background_image_url_https": "https://abs.twimg.com/images/themes/theme14/bg.gif", "profile_banner_url": "https://pbs.twimg.com/profile_banners/2262671671/1496312152", "profile_background_image_url": "http://abs.twimg.com/images/themes/theme14/bg.gif", "name": "Kayla Roberts", "lang": "en", "profile_background_tile": true, "favourites_count": 369, "screen_name": "KiwiDrumm3r", "created_at": "Thu Dec 26 10:35:25 +0000 2013", "profile_sidebar_border_color": "000000"}, "urls": [], "id": 547566283294642176, "id_str": "547566283294642176"}