{"lang": "en", "in_reply_to_user_id": 2883841, "text": "@eonline wow really", "created_at": "Tue Dec 23 22:56:36 +0000 2014", "hashtags": [], "user_mentions": [{"id_str": "725665248280236032", "screen_name": "eonline", "name": "E! Online", "id": 725665248280236032}], "source": "<a href=\"http://twitter.com/download/iphone\" rel=\"nofollow\">Twitter for iPhone</a>", "in_reply_to_status_id": 547525843749470208, "in_reply_to_screen_name": "enews", "user": {"profile_use_background_image": true, "id": 8614262, "profile_image_url_https": "https://pbs.twimg.com/profile_images/834691522876567553/Ya8YM3PF_normal.jpg", "profile_sidebar_fill_color": "E5507E", "geo_enabled": true, "profile_text_color": "362720", "followers_count": 2049, "location": "East Sussex ", "profile_background_color": "FF6699", "id_str": "8614262", "statuses_count": 11372, "description": "join my group Robbie Willams everything on facebook ! met rob twice 13/6/14 1/1/17", "friends_count": 5001, "profile_link_color": "B40B43", "profile_image_url": "http://pbs.twimg.com/profile_images/834691522876567553/Ya8YM3PF_normal.jpg", "profile_background_image_url_https": "https://abs.twimg.com/images/themes/theme11/bg.gif", "profile_banner_url": "https://pbs.twimg.com/profile_banners/8614262/1484001454", "profile_background_image_url": "http://abs.twimg.com/images/themes/theme11/bg.gif", "name": "Sarah Page", "lang": "en", "profile_background_tile": true, "favourites_count": 41061, "screen_name": "SarahPEngland", "url": "https://t.co/KNejf71CHV", "created_at": "Mon Sep 03 00:09:15 +0000 2007", "profile_sidebar_border_color": "FFFFFF", "listed_count": 26}, "urls": [], "id": 547526214127468545, "id_str": "547526214127468545"}