{"lang": "en", "in_reply_to_user_id": 44317593, "text": "@ishaantharoor @GenusUnknown I thought a Jewish kid in Argentine would more scare of a horde of 90 something year old German \"ex-pats\"", "created_at": "Mon Dec 29 17:01:01 +0000 2014", "hashtags": [], "user_mentions": [{"id_str": "44317593", "screen_name": "ishaantharoor", "name": "Ishaan Tharoor", "id": 44317593}, {"id_str": "3329710276", "screen_name": "genusunknown", "name": "Placeholder", "id": 3329710276}], "source": "<a href=\"http://twitter.com/#!/download/ipad\" rel=\"nofollow\">Twitter for iPad</a>", "in_reply_to_status_id": 549599086073368576, "in_reply_to_screen_name": "ishaantharoor", "user": {"profile_use_background_image": true, "id": 1547064120, "profile_image_url_https": "https://pbs.twimg.com/profile_images/606270710235807744/kabAApJI_normal.jpg", "profile_sidebar_fill_color": "DDEEF6", "profile_text_color": "333333", "followers_count": 160, "id_str": "1547064120", "profile_background_color": "C0DEED", "location": "arkham ", "statuses_count": 12202, "friends_count": 2430, "profile_link_color": "1DA1F2", "profile_image_url": "http://pbs.twimg.com/profile_images/606270710235807744/kabAApJI_normal.jpg", "profile_background_image_url_https": "https://abs.twimg.com/images/themes/theme1/bg.png", "profile_background_image_url": "http://abs.twimg.com/images/themes/theme1/bg.png", "name": "Ian graham", "lang": "en", "favourites_count": 481, "screen_name": "ilgraham82", "created_at": "Wed Jun 26 02:01:20 +0000 2013", "profile_sidebar_border_color": "C0DEED", "default_profile": true, "listed_count": 1}, "urls": [], "id": 549611053639032832, "id_str": "549611053639032832"}