{"lang": "en", "in_reply_to_user_id": 42192966, "text": "@mrskimyadawson @EllenPage @JoBarrow @BuzzFeedNews so retarded", "created_at": "Tue Dec 30 17:41:08 +0000 2014", "hashtags": [], "user_mentions": [{"id_str": "42192966", "screen_name": "mrskimyadawson", "name": "Kimya Dawson", "id": 42192966}, {"id_str": "255747911", "screen_name": "EllenPage", "name": "Ellen Page", "id": 255747911}, {"id_str": "19875050", "screen_name": "JoBarrow", "name": "jo barrow", "id": 19875050}, {"id_str": "1020058453", "screen_name": "BuzzFeedNews", "name": "BuzzFeed News", "id": 1020058453}], "source": "<a href=\"http://twitter.com/download/android\" rel=\"nofollow\">Twitter for Android</a>", "in_reply_to_status_id": 549975297160802304, "in_reply_to_screen_name": "mrskimyadawson", "user": {"profile_use_background_image": true, "id": 1147595006, "profile_image_url_https": "https://pbs.twimg.com/profile_images/591266815063515136/CBbqY83H_normal.jpg", "profile_sidebar_fill_color": "C0DFEC", "profile_text_color": "333333", "followers_count": 1617, "id_str": "1147595006", "profile_background_color": "022330", "listed_count": 11, "statuses_count": 34302, "description": "hui", "friends_count": 8, "profile_link_color": "0084B4", "profile_image_url": "http://pbs.twimg.com/profile_images/591266815063515136/CBbqY83H_normal.jpg", "profile_background_image_url_https": "https://abs.twimg.com/images/themes/theme15/bg.png", "profile_banner_url": "https://pbs.twimg.com/profile_banners/1147595006/1408626767", "profile_background_image_url": "http://abs.twimg.com/images/themes/theme15/bg.png", "name": "Oblomov", "lang": "ru", "favourites_count": 85, "screen_name": "MyDelaier", "created_at": "Mon Feb 04 10:17:12 +0000 2013", "profile_sidebar_border_color": "A8C7F7"}, "urls": [], "id": 549983538121293824, "id_str": "549983538121293824"}