{"lang": "en", "in_reply_to_user_id": 42192966, "text": "@mrskimyadawson @JoBarrow @BuzzFeedNews lotta troll feeding going on here", "created_at": "Tue Dec 30 20:22:46 +0000 2014", "hashtags": [], "user_mentions": [{"id_str": "42192966", "screen_name": "mrskimyadawson", "name": "Kimya Dawson", "id": 42192966}, {"id_str": "19875050", "screen_name": "JoBarrow", "name": "jo barrow", "id": 19875050}, {"id_str": "1020058453", "screen_name": "BuzzFeedNews", "name": "BuzzFeed News", "id": 1020058453}], "source": "<a href=\"http://twitter.com/download/android\" rel=\"nofollow\">Twitter for Android</a>", "in_reply_to_status_id": 549975297160802304, "in_reply_to_screen_name": "mrskimyadawson", "user": {"profile_use_background_image": true, "id": 93697437, "profile_image_url_https": "https://pbs.twimg.com/profile_images/1023279998625570816/1iFz25u__normal.jpg", "profile_sidebar_fill_color": "DAECF4", "geo_enabled": true, "profile_text_color": "663B12", "followers_count": 397, "location": "Austin, Texas", "profile_background_color": "C6E2EE", "id_str": "93697437", "statuses_count": 28583, "description": "It is impossible within this framework to investigate whether private perceptions might be objectively real.", "friends_count": 278, "profile_link_color": "ABB8C2", "profile_image_url": "http://pbs.twimg.com/profile_images/1023279998625570816/1iFz25u__normal.jpg", "profile_background_image_url_https": "https://abs.twimg.com/images/themes/theme2/bg.gif", "profile_banner_url": "https://pbs.twimg.com/profile_banners/93697437/1519507066", "profile_background_image_url": "http://abs.twimg.com/images/themes/theme2/bg.gif", "name": "Is This Objectively Real", "lang": "en", "profile_background_tile": true, "favourites_count": 51538, "screen_name": "b_strange", "created_at": "Mon Nov 30 19:39:02 +0000 2009", "profile_sidebar_border_color": "FFFFFF", "listed_count": 19}, "urls": [], "id": 550024213047046144, "id_str": "550024213047046144"}