{"lang": "en", "in_reply_to_user_id": 40076725, "text": "@MTVNews \ud83d\udd25\ud83d\udd25\ud83d\udd25PHILLY #New Visual @LouieVGutta \"Lord Forgive Em\" \ud83c\udfa5 STREAM #NewLegend 2014 BEST Mixtape @datpiff http://t.co/UjrgVa1iN3 via", "created_at": "Tue Dec 30 19:22:28 +0000 2014", "hashtags": [{"text": "New"}, {"text": "NewLegend"}], "user_mentions": [{"id_str": "40076725", "screen_name": "MTVNews", "name": "MTV News", "id": 40076725}, {"id_str": "40780604", "screen_name": "LouieVGutta", "name": "Louie V Gutta", "id": 40780604}, {"id_str": "24987131", "screen_name": "DatPiff", "name": "DatPiff", "id": 24987131}], "source": "<a href=\"http://twitter.com/download/android\" rel=\"nofollow\">Twitter for Android</a>", "in_reply_to_status_id": 550003619303788545, "in_reply_to_screen_name": "MTVNews", "user": {"profile_use_background_image": true, "id": 1046643686, "profile_image_url_https": "https://pbs.twimg.com/profile_images/946923228567613441/ZNwknh5h_normal.jpg", "profile_sidebar_fill_color": "DDEEF6", "profile_text_color": "333333", "followers_count": 1386, "location": "Philly /Miami / Eastcoast", "profile_background_color": "C0DEED", "id_str": "1046643686", "statuses_count": 89892, "description": "@LouieVGutta OFFICIAL #teamlouievgutta pg For All Bookings & Feats BookLouieVGutta@gmail.com #TLVG @LouieVGutta \ud83d\udca8up that NEW #FrFr\ud83d\udd25\ud83d\udd25\ud83d\udd25LINK in Bio CLICK IT", "friends_count": 343, "profile_link_color": "1DA1F2", "profile_image_url": "http://pbs.twimg.com/profile_images/946923228567613441/ZNwknh5h_normal.jpg", "profile_background_image_url_https": "https://abs.twimg.com/images/themes/theme1/bg.png", "profile_banner_url": "https://pbs.twimg.com/profile_banners/1046643686/1512519184", "profile_background_image_url": "http://abs.twimg.com/images/themes/theme1/bg.png", "name": "#TeamLouieVGutta", "lang": "en", "favourites_count": 4296, "screen_name": "TeamLouieVGutta", "url": "https://t.co/ijSm2jpjng", "created_at": "Sun Dec 30 02:58:42 +0000 2012", "profile_sidebar_border_color": "C0DEED", "default_profile": true, "listed_count": 18}, "urls": [{"url": "http://t.co/UjrgVa1iN3", "expanded_url": "http://youtu.be/t51gF8U4hOA"}], "id": 550009041217658880, "id_str": "550009041217658880"}