{"lang": "en", "in_reply_to_user_id": 14810162, "text": "@scotthoying so heartbreaking", "created_at": "Wed Dec 31 06:45:27 +0000 2014", "hashtags": [], "user_mentions": [{"id_str": "14810162", "screen_name": "scotthoying", "name": "Scott Hoying", "id": 14810162}], "source": "<a href=\"http://twitter.com/download/android\" rel=\"nofollow\">Twitter for Android</a>", "in_reply_to_status_id": 550175324634619904, "in_reply_to_screen_name": "scotthoying", "user": {"profile_use_background_image": true, "id": 23147110, "profile_image_url_https": "https://pbs.twimg.com/profile_images/991712656821141510/1BbezaN8_normal.jpg", "profile_sidebar_fill_color": "FFFFFF", "geo_enabled": true, "profile_text_color": "4A4A4A", "followers_count": 3096, "location": "Santa Monica, CA", "profile_background_color": "1A1B1F", "id_str": "23147110", "statuses_count": 45726, "description": "Freelance Producer/Editor. Yes I'm tall...no I don't play basketball. #GoBlue", "friends_count": 1521, "profile_link_color": "3D4487", "profile_image_url": "http://pbs.twimg.com/profile_images/991712656821141510/1BbezaN8_normal.jpg", "profile_background_image_url_https": "https://abs.twimg.com/images/themes/theme9/bg.gif", "profile_banner_url": "https://pbs.twimg.com/profile_banners/23147110/1473800945", "profile_background_image_url": "http://abs.twimg.com/images/themes/theme9/bg.gif", "name": "MaryCatherine Finney", "lang": "en", "favourites_count": 64914, "screen_name": "mickfinney", "url": "https://t.co/ljSqvohV3c", "created_at": "Sat Mar 07 01:15:36 +0000 2009", "profile_sidebar_border_color": "FFFFFF", "listed_count": 59}, "urls": [], "id": 550180917289832448, "id_str": "550180917289832448"}