{"lang": "en", "in_reply_to_user_id": 28785486, "text": "@ABC ooohhh TIGHT jeans--\ud83d\ude01", "created_at": "Sat Jan 03 00:28:50 +0000 2015", "hashtags": [], "user_mentions": [{"id_str": "28785486", "screen_name": "ABC", "name": "ABC News", "id": 28785486}], "source": "<a href=\"http://twitter.com/download/iphone\" rel=\"nofollow\">Twitter for iPhone</a>", "in_reply_to_status_id": 551123464640536576, "in_reply_to_screen_name": "ABC", "user": {"profile_use_background_image": true, "id": 287840703, "profile_image_url_https": "https://pbs.twimg.com/profile_images/1325302083/DarrellCallie_normal.jpg", "profile_sidebar_fill_color": "DDEEF6", "geo_enabled": true, "profile_text_color": "333333", "followers_count": 677, "id_str": "287840703", "profile_background_color": "C0DEED", "listed_count": 8, "statuses_count": 22725, "friends_count": 435, "profile_link_color": "1DA1F2", "profile_image_url": "http://pbs.twimg.com/profile_images/1325302083/DarrellCallie_normal.jpg", "profile_background_image_url_https": "https://abs.twimg.com/images/themes/theme1/bg.png", "profile_background_image_url": "http://abs.twimg.com/images/themes/theme1/bg.png", "name": "Darrell Robinson", "lang": "en", "favourites_count": 10345, "screen_name": "PaRobinson1", "created_at": "Mon Apr 25 19:41:36 +0000 2011", "profile_sidebar_border_color": "C0DEED", "default_profile": true}, "urls": [], "id": 551173302073315328, "id_str": "551173302073315328"}