{"lang": "en", "in_reply_to_user_id": 2902487916, "text": "\u201c@SendMeEmojis: OPRAH: \u201cBILL COSBY DRUGGED &amp; TRIED TO RAPE ME\u201d \ud83d\ude33\ud83d\ude2b\ud83d\ude31 https://t.co/MzyTdFFb4S\u201d SHUT THE FUCK UP\ud83d\ude02\ud83d\ude02\ud83d\ude02\ud83d\ude02\ud83d\ude02\ud83d\ude2d\ud83d\ude2d\ud83d\ude2d\ud83d\ude2d\ud83d\ude2d", "created_at": "Sun Jan 04 09:48:12 +0000 2015", "hashtags": [], "user_mentions": [{"id_str": "2902487916", "screen_name": "SendMeEmojis", "name": "Send Me Emojis", "id": 2902487916}], "source": "<a href=\"http://twitter.com/download/iphone\" rel=\"nofollow\">Twitter for iPhone</a>", "in_reply_to_status_id": 547101266313089024, "in_reply_to_screen_name": "SendMeEmojis", "user": {"profile_use_background_image": true, "id": 1097054869, "profile_image_url_https": "https://pbs.twimg.com/profile_images/1020011302897573889/O0Nj7MZo_normal.jpg", "profile_sidebar_fill_color": "DDEEF6", "geo_enabled": true, "profile_text_color": "333333", "followers_count": 2129, "location": "Fort Mill, SC", "profile_background_color": "C0DEED", "id_str": "1097054869", "statuses_count": 85018, "description": "Fairway", "friends_count": 2060, "profile_link_color": "1DA1F2", "profile_image_url": "http://pbs.twimg.com/profile_images/1020011302897573889/O0Nj7MZo_normal.jpg", "profile_background_image_url_https": "https://abs.twimg.com/images/themes/theme1/bg.png", "profile_background_image_url": "http://abs.twimg.com/images/themes/theme1/bg.png", "name": "Zeph", "lang": "en", "favourites_count": 3880, "screen_name": "itszebbie_h", "created_at": "Thu Jan 17 03:12:23 +0000 2013", "profile_sidebar_border_color": "C0DEED", "default_profile": true, "listed_count": 12}, "urls": [{"url": "https://t.co/MzyTdFFb4S", "expanded_url": "https://cards.twitter.com/cards/42k2pr/9xrn"}], "id": 551676462290722816, "id_str": "551676462290722816"}