{"lang": "en", "in_reply_to_user_id": 171667875, "text": "\u201c@Visit_CostaRica: Peek behind the curtain of our Save The Americans video.\nhttps://t.co/nihex21so1\u201d", "created_at": "Tue Jan 06 00:44:21 +0000 2015", "hashtags": [], "coordinates": {"type": "Point", "coordinates": [-87.6521746, 41.93661375]}, "user_mentions": [{"id_str": "171667875", "screen_name": "Visit_CostaRica", "name": "Visit Costa Rica", "id": 171667875}], "source": "<a href=\"http://twitter.com/download/iphone\" rel=\"nofollow\">Twitter for iPhone</a>", "in_reply_to_status_id": 547509900130021377, "in_reply_to_screen_name": "Visit_CostaRica", "user": {"profile_use_background_image": true, "id": 239696770, "profile_image_url_https": "https://pbs.twimg.com/profile_images/540673151601233921/mCDpMbiM_normal.jpeg", "profile_sidebar_fill_color": "DAECF4", "geo_enabled": true, "profile_text_color": "663B12", "followers_count": 337, "location": "Chicago | Costa Rica", "profile_background_color": "C6E2EE", "id_str": "239696770", "statuses_count": 10041, "description": "Rom. 10:14", "friends_count": 548, "profile_link_color": "1F98C7", "profile_image_url": "http://pbs.twimg.com/profile_images/540673151601233921/mCDpMbiM_normal.jpeg", "profile_background_image_url_https": "https://abs.twimg.com/images/themes/theme2/bg.gif", "profile_banner_url": "https://pbs.twimg.com/profile_banners/239696770/1350876886", "profile_background_image_url": "http://abs.twimg.com/images/themes/theme2/bg.gif", "name": "Ken Alvarado", "lang": "en", "favourites_count": 1921, "screen_name": "ken_alvrd", "url": "https://t.co/x6rtbvk9ar", "created_at": "Tue Jan 18 06:21:23 +0000 2011", "profile_sidebar_border_color": "C6E2EE", "listed_count": 15}, "urls": [{"url": "https://t.co/nihex21so1", "expanded_url": "https://amp.twimg.com/v/7b2db248-ad98-4fa7-a83e-9e0b02eff8fe"}], "place": {"full_name": "Chicago, IL", "url": "https://api.twitter.com/1.1/geo/id/1d9a5370a355ab0c.json", "country": "United States", "place_type": "city", "bounding_box": {"type": "Polygon", "coordinates": [[[-87.940033, 41.644102], [-87.523993, 41.644102], [-87.523993, 42.0230669], [-87.940033, 42.0230669]]]}, "contained_within": [], "country_code": "US", "attributes": {}, "id": "1d9a5370a355ab0c", "name": "Chicago"}, "geo": {"type": "Point", "coordinates": [41.93661375, -87.6521746]}, "id": 552264373360930816, "id_str": "552264373360930816"}