{"lang": "en", "in_reply_to_user_id": 28785486, "text": "@ABC I want to adopt this cutie. I  already have 6  cats. I love animals", "created_at": "Tue Jan 06 20:55:45 +0000 2015", "hashtags": [], "user_mentions": [{"id_str": "28785486", "screen_name": "ABC", "name": "ABC News", "id": 28785486}], "source": "<a href=\"http://twitter.com/download/android\" rel=\"nofollow\">Twitter for Android</a>", "in_reply_to_status_id": 552568163431247873, "in_reply_to_screen_name": "ABC", "user": {"profile_use_background_image": true, "id": 118950391, "profile_image_url_https": "https://pbs.twimg.com/profile_images/1023765051289882624/DBx3qsW4_normal.jpg", "profile_sidebar_fill_color": "99CC33", "profile_text_color": "3E4415", "followers_count": 309, "location": "Pakistan", "profile_background_color": "253328", "id_str": "118950391", "statuses_count": 1142, "description": "\ud83d\udc69\ud83c\udffb\u200d\ud83c\udf93\u201919~political activist ~feminist~GOT~a bit funny.", "friends_count": 433, "profile_link_color": "2DCF40", "profile_image_url": "http://pbs.twimg.com/profile_images/1023765051289882624/DBx3qsW4_normal.jpg", "profile_background_image_url_https": "https://abs.twimg.com/images/themes/theme5/bg.gif", "profile_banner_url": "https://pbs.twimg.com/profile_banners/118950391/1532919586", "profile_background_image_url": "http://abs.twimg.com/images/themes/theme5/bg.gif", "name": "fajar", "lang": "en", "profile_background_tile": true, "favourites_count": 450, "screen_name": "fajar12345", "created_at": "Tue Mar 02 05:56:22 +0000 2010", "profile_sidebar_border_color": "FFFFFF", "listed_count": 1}, "urls": [], "id": 552569231225548800, "id_str": "552569231225548800"}