{"lang": "en", "in_reply_to_user_id": 64435313, "text": "@thee_cachie @BuzzFeed this is awful!!", "created_at": "Tue Jan 06 17:31:00 +0000 2015", "hashtags": [], "user_mentions": [{"id_str": "64435313", "screen_name": "thee_cachie", "name": "CachieG", "id": 64435313}, {"id_str": "5695632", "screen_name": "BuzzFeed", "name": "BuzzFeed", "id": 5695632}], "source": "<a href=\"http://twitter.com/download/iphone\" rel=\"nofollow\">Twitter for iPhone</a>", "in_reply_to_status_id": 552513288161222657, "in_reply_to_screen_name": "thee_cachie", "user": {"id": 996198924, "profile_image_url_https": "https://pbs.twimg.com/profile_images/1034065517294899200/cc3LWKOn_normal.jpg", "profile_sidebar_fill_color": "000000", "geo_enabled": true, "profile_text_color": "000000", "followers_count": 1383, "location": "Miami, FL", "profile_background_color": "000000", "id_str": "996198924", "statuses_count": 107995, "description": "LATINA. Currently Co-Managing @BrettDaltonOrg @WardsWarriors @BrettForNate. Fan of stuff. My April O'Neil action figure was my most prized possession as a kid.", "friends_count": 635, "profile_link_color": "3B94D9", "profile_image_url": "http://pbs.twimg.com/profile_images/1034065517294899200/cc3LWKOn_normal.jpg", "profile_background_image_url_https": "https://abs.twimg.com/images/themes/theme18/bg.gif", "profile_banner_url": "https://pbs.twimg.com/profile_banners/996198924/1536077739", "profile_background_image_url": "http://abs.twimg.com/images/themes/theme18/bg.gif", "name": "Lily Miranda \ud83d\udcda\ud83c\udfac", "lang": "en", "favourites_count": 160628, "screen_name": "LilyMiranda07", "url": "https://t.co/uZGJolfoN0", "created_at": "Sat Dec 08 01:23:35 +0000 2012", "profile_sidebar_border_color": "000000", "listed_count": 69}, "urls": [], "id": 552517703039467521, "id_str": "552517703039467521"}