{"lang": "en", "in_reply_to_user_id": 28785486, "text": "@ABC poor puppy! He's so cute!", "created_at": "Tue Jan 06 21:20:18 +0000 2015", "hashtags": [], "user_mentions": [{"id_str": "28785486", "screen_name": "ABC", "name": "ABC News", "id": 28785486}], "source": "<a href=\"http://www.twitter.com\" rel=\"nofollow\">Twitter for Windows Phone</a>", "in_reply_to_status_id": 552568163431247873, "in_reply_to_screen_name": "ABC", "user": {"profile_use_background_image": true, "id": 49890909, "profile_image_url_https": "https://pbs.twimg.com/profile_images/614172442672541696/ncc2ZJ7U_normal.jpg", "profile_sidebar_fill_color": "E5507E", "profile_text_color": "362720", "followers_count": 115, "location": "Neverland ", "profile_background_color": "FF6699", "id_str": "49890909", "statuses_count": 4007, "description": "What makes life valuable is that it doesn't last forever. What makes it precious is that it ends. - Gwen Stacy in The Amazing Spiderman 2", "friends_count": 449, "profile_link_color": "B40B43", "profile_image_url": "http://pbs.twimg.com/profile_images/614172442672541696/ncc2ZJ7U_normal.jpg", "profile_background_image_url_https": "https://abs.twimg.com/images/themes/theme11/bg.gif", "profile_banner_url": "https://pbs.twimg.com/profile_banners/49890909/1435265097", "profile_background_image_url": "http://abs.twimg.com/images/themes/theme11/bg.gif", "name": "Jessica Davis", "lang": "en", "profile_background_tile": true, "favourites_count": 774, "screen_name": "jessmariedavis", "created_at": "Tue Jun 23 05:03:32 +0000 2009", "profile_sidebar_border_color": "CC3366", "listed_count": 2}, "urls": [], "id": 552575407677915136, "id_str": "552575407677915136"}