{"lang": "und", "in_reply_to_user_id": 5695632, "text": "@BuzzFeed http://t.co/hHKfRqUATb\nhttp://t.co/BFmE0Ifhyi\nhttp://t.co/sbEpsl6rdX\nhttp://t.co/04TKTVrBPh\nhttp://t.co/GxqXZjIDPz", "created_at": "Tue Jan 06 17:48:36 +0000 2015", "hashtags": [], "user_mentions": [{"id_str": "5695632", "screen_name": "BuzzFeed", "name": "BuzzFeed", "id": 5695632}], "source": "<a href=\"http://twitter.com\" rel=\"nofollow\">Twitter Web Client</a>", "in_reply_to_status_id": 552498516225179650, "in_reply_to_screen_name": "BuzzFeed", "user": {"profile_use_background_image": true, "id": 2821121480, "profile_image_url_https": "https://pbs.twimg.com/profile_images/513200544559550464/e3_6ZFkT_normal.jpeg", "profile_sidebar_fill_color": "DDEEF6", "profile_text_color": "333333", "followers_count": 251, "id_str": "2821121480", "profile_background_color": "C0DEED", "location": "\u0420\u043e\u0441\u0441\u0438\u044f", "statuses_count": 4655, "description": "@lbichevin", "friends_count": 1056, "profile_link_color": "1DA1F2", "profile_image_url": "http://pbs.twimg.com/profile_images/513200544559550464/e3_6ZFkT_normal.jpeg", "profile_background_image_url_https": "https://abs.twimg.com/images/themes/theme1/bg.png", "profile_banner_url": "https://pbs.twimg.com/profile_banners/2821121480/1450863248", "profile_background_image_url": "http://abs.twimg.com/images/themes/theme1/bg.png", "name": "\u042f \u041c\u0443\u0436\u0438\u043a \u0410 \u0422\u042b?", "lang": "ru", "screen_name": "lbichevin", "created_at": "Sat Sep 20 05:37:37 +0000 2014", "profile_sidebar_border_color": "C0DEED", "default_profile": true}, "urls": [{"url": "http://t.co/hHKfRqUATb", "expanded_url": "http://black-android.ru/multfilmy/901-smotret-asteriks-zemlya-bogov.html"}, {"url": "http://t.co/BFmE0Ifhyi", "expanded_url": "http://black-android.ru/prikoly/855-uralskie-pelmeni-kogda-nosy-v-12-t-byut.html"}, {"url": "http://t.co/sbEpsl6rdX", "expanded_url": "http://black-android.ru/prikoly/838-uralskie-pelmeni-muzyka-nas-slizala.html"}, {"url": "http://t.co/04TKTVrBPh", "expanded_url": "http://black-android.ru/prikoly/821-uralskie-pelmeni-volshebniki-strany-oy-2014.html"}, {"url": "http://t.co/GxqXZjIDPz", "expanded_url": "http://black-android.ru/klipy-na-android/895-lariss-dale-papi.html"}], "id": 552522132492918784, "id_str": "552522132492918784"}