{"lang": "en", "in_reply_to_user_id": 16548023, "text": "@9GAG you should change your background to why so religion?", "created_at": "Thu Jan 08 07:46:48 +0000 2015", "hashtags": [], "user_mentions": [{"id_str": "16548023", "screen_name": "9GAG", "name": "9GAG", "id": 16548023}], "source": "<a href=\"http://twitter.com/#!/download/ipad\" rel=\"nofollow\">Twitter for iPad</a>", "in_reply_to_status_id": 553061846081896449, "in_reply_to_screen_name": "9GAG", "user": {"profile_use_background_image": true, "id": 2423360495, "profile_image_url_https": "https://pbs.twimg.com/profile_images/474101881669967872/NoH5pLOf_normal.jpeg", "profile_sidebar_fill_color": "DDEEF6", "geo_enabled": true, "profile_text_color": "333333", "followers_count": 21, "location": "New York, USA", "profile_background_color": "C0DEED", "id_str": "2423360495", "statuses_count": 1475, "description": "I live like a man who is dead already             I have no fear whatsoever of anybody or anything", "friends_count": 44, "profile_link_color": "1DA1F2", "profile_image_url": "http://pbs.twimg.com/profile_images/474101881669967872/NoH5pLOf_normal.jpeg", "profile_background_image_url_https": "https://abs.twimg.com/images/themes/theme1/bg.png", "profile_banner_url": "https://pbs.twimg.com/profile_banners/2423360495/1418398058", "profile_background_image_url": "http://abs.twimg.com/images/themes/theme1/bg.png", "name": "light", "lang": "en-gb", "favourites_count": 1450, "screen_name": "LightMenace", "created_at": "Wed Mar 19 20:42:23 +0000 2014", "profile_sidebar_border_color": "C0DEED", "default_profile": true}, "urls": [], "id": 553095461377425408, "id_str": "553095461377425408"}