{"lang": "en", "in_reply_to_user_id": 143145579, "text": "@ThePoke \u201c@TheAzzo: NB- this pencil sketch being RTd from Banksy's account is actually by @lucilleclerc http://t.co/24fifrxHOF\u201d", "created_at": "Thu Jan 08 08:11:53 +0000 2015", "hashtags": [], "user_mentions": [{"id_str": "143145579", "screen_name": "ThePoke", "name": "The Poke", "id": 143145579}, {"id_str": "19390623", "screen_name": "TheAzzo", "name": "Suzanne Azzopardi", "id": 19390623}, {"id_str": "994994552", "screen_name": "LucilleClerc", "name": "Lucille Clerc", "id": 994994552}], "source": "<a href=\"http://twitter.com/download/iphone\" rel=\"nofollow\">Twitter for iPhone</a>", "in_reply_to_status_id": 553099685888790528, "in_reply_to_screen_name": "ThePoke", "user": {"profile_use_background_image": true, "id": 846342115, "profile_image_url_https": "https://pbs.twimg.com/profile_images/748461190360276992/whEEtEb6_normal.jpg", "profile_sidebar_fill_color": "DDEEF6", "profile_text_color": "333333", "followers_count": 1885, "location": "Scotland, Ireland, and beyond!", "profile_background_color": "C0DEED", "id_str": "846342115", "statuses_count": 32092, "description": "#feminism, (if it's not radical...) life, joy, #integratededucation, food, music! // rage rage // speak up for those who have been silenced *ENJOY!*", "friends_count": 5001, "profile_link_color": "1DA1F2", "profile_image_url": "http://pbs.twimg.com/profile_images/748461190360276992/whEEtEb6_normal.jpg", "profile_background_image_url_https": "https://abs.twimg.com/images/themes/theme1/bg.png", "profile_banner_url": "https://pbs.twimg.com/profile_banners/846342115/1421014936", "profile_background_image_url": "http://abs.twimg.com/images/themes/theme1/bg.png", "name": "N\u00f3ra", "lang": "en", "favourites_count": 60670, "screen_name": "nora_eats", "url": "https://t.co/5Joz6DWDqi", "created_at": "Tue Sep 25 22:36:17 +0000 2012", "profile_sidebar_border_color": "C0DEED", "default_profile": true, "listed_count": 110}, "urls": [{"url": "http://t.co/24fifrxHOF", "expanded_url": "https://twitter.com/TheAzzo/status/553099534411112448/photo/1"}], "retweet_count": 1, "id": 553101773041565697, "id_str": "553101773041565697"}