{"lang": "in", "in_reply_to_user_id": 742143, "text": "apaa sih? di fb jg lg rame ._. RT @BBCWorld : Rural region of northern France searched in hunt for #CharlieHebdo http://t.co/NRPlUmqhSg", "created_at": "Fri Jan 09 08:03:52 +0000 2015", "hashtags": [{"text": "CharlieHebdo"}], "user_mentions": [{"id_str": "742143", "screen_name": "BBCWorld", "name": "BBC News (World)", "id": 742143}], "source": "<a href=\"http://twitter.com\" rel=\"nofollow\">Twitter Web Client</a>", "in_reply_to_status_id": 553461741917863936, "in_reply_to_screen_name": "BBCWorld", "user": {"profile_use_background_image": true, "id": 352064833, "profile_image_url_https": "https://pbs.twimg.com/profile_images/434658016881692672/xV3Y20Jf_normal.jpeg", "profile_sidebar_fill_color": "EFEFEF", "profile_text_color": "333333", "followers_count": 379, "location": "Switzerland", "profile_background_color": "1A1B1C", "id_str": "352064833", "statuses_count": 29712, "description": "Man Shabara Zhafira", "friends_count": 277, "profile_link_color": "000000", "profile_image_url": "http://pbs.twimg.com/profile_images/434658016881692672/xV3Y20Jf_normal.jpeg", "profile_background_image_url_https": "https://abs.twimg.com/images/themes/theme14/bg.gif", "profile_banner_url": "https://pbs.twimg.com/profile_banners/352064833/1461741479", "profile_background_image_url": "http://abs.twimg.com/images/themes/theme14/bg.gif", "name": "(tichan)", "lang": "id", "profile_background_tile": true, "favourites_count": 385, "screen_name": "titisbear", "url": "https://t.co/nwx1iPf78o", "created_at": "Wed Aug 10 03:03:50 +0000 2011", "profile_sidebar_border_color": "FFFFFF"}, "urls": [{"url": "http://t.co/NRPlUmqhSg", "expanded_url": "http://bbc.in/1xY6Kzd"}], "id": 553462142481870849, "id_str": "553462142481870849"}