{"lang": "tr", "in_reply_to_user_id": 2097571, "text": "@cnni 3 ki\u015fi fransay\u0131 fel\u00e7 etti ! 3 m\u00e2nner setzen ganze eu we\u0131t in angst http://t.co/Z6eN7OB3Eh", "created_at": "Fri Jan 09 15:51:28 +0000 2015", "hashtags": [], "coordinates": {"type": "Point", "coordinates": [9.96999512, 53.57588878]}, "user_mentions": [{"id_str": "2097571", "screen_name": "cnni", "name": "CNN International", "id": 2097571}], "source": "<a href=\"http://twitter.com/download/iphone\" rel=\"nofollow\">Twitter for iPhone</a>", "in_reply_to_status_id": 553579224402235393, "in_reply_to_screen_name": "cnni", "user": {"profile_use_background_image": true, "id": 2891832976, "profile_image_url_https": "https://pbs.twimg.com/profile_images/815716018953846788/JTeOh_sz_normal.jpg", "profile_sidebar_fill_color": "DDEEF6", "geo_enabled": true, "profile_text_color": "333333", "followers_count": 296, "location": "Deutschland", "profile_background_color": "C0DEED", "id_str": "2891832976", "statuses_count": 411, "description": "Sade", "friends_count": 753, "profile_link_color": "1DA1F2", "profile_image_url": "http://pbs.twimg.com/profile_images/815716018953846788/JTeOh_sz_normal.jpg", "profile_background_image_url_https": "https://abs.twimg.com/images/themes/theme1/bg.png", "profile_banner_url": "https://pbs.twimg.com/profile_banners/2891832976/1483316830", "profile_background_image_url": "http://abs.twimg.com/images/themes/theme1/bg.png", "name": "saf d\u00fcs\u00fcnce yere!", "lang": "de", "favourites_count": 83, "screen_name": "DoganSaffet33", "created_at": "Tue Nov 25 09:03:41 +0000 2014", "profile_sidebar_border_color": "C0DEED", "default_profile": true}, "urls": [], "media": [{"expanded_url": "https://twitter.com/DoganSaffet33/status/553579817980149761/photo/1", "display_url": "pic.twitter.com/Z6eN7OB3Eh", "url": "http://t.co/Z6eN7OB3Eh", "media_url_https": "https://pbs.twimg.com/media/B66150xIgAAowt7.jpg", "sizes": {"small": {"h": 680, "resize": "fit", "w": 510}, "large": {"h": 1024, "resize": "fit", "w": 768}, "medium": {"h": 1024, "resize": "fit", "w": 768}, "thumb": {"h": 150, "resize": "crop", "w": 150}}, "type": "photo", "id": 553579809235042304, "media_url": "http://pbs.twimg.com/media/B66150xIgAAowt7.jpg"}], "place": {"full_name": "Hamburg, Germany", "url": "https://api.twitter.com/1.1/geo/id/5bcd72da50f0ee77.json", "country": "Germany", "place_type": "city", "bounding_box": {"type": "Polygon", "coordinates": [[[8.4201604, 53.395118], [10.325199, 53.395118], [10.325199, 53.9646546], [8.4201604, 53.9646546]]]}, "contained_within": [], "country_code": "DE", "attributes": {}, "id": "5bcd72da50f0ee77", "name": "Hamburg"}, "geo": {"type": "Point", "coordinates": [53.57588878, 9.96999512]}, "id": 553579817980149761, "id_str": "553579817980149761"}