{"lang": "und", "in_reply_to_user_id": 16343974, "text": "@Telegraph Why?", "created_at": "Tue Jan 13 08:20:18 +0000 2015", "hashtags": [], "user_mentions": [{"id_str": "16343974", "screen_name": "Telegraph", "name": "The Telegraph", "id": 16343974}], "source": "<a href=\"http://twitter.com\" rel=\"nofollow\">Twitter Web Client</a>", "in_reply_to_status_id": 554886875303780352, "in_reply_to_screen_name": "Telegraph", "user": {"lang": "en", "statuses_count": 1799, "screen_name": "niazi792", "friends_count": 309, "profile_use_background_image": true, "profile_link_color": "0099B9", "created_at": "Wed May 02 10:17:00 +0000 2012", "profile_sidebar_fill_color": "7AC3EE", "profile_image_url": "http://pbs.twimg.com/profile_images/506865863920590848/xcTmOW99_normal.jpeg", "profile_image_url_https": "https://pbs.twimg.com/profile_images/506865863920590848/xcTmOW99_normal.jpeg", "profile_text_color": "3D1957", "followers_count": 53, "profile_sidebar_border_color": "65B0DA", "id_str": "569064978", "profile_background_color": "4A913C", "favourites_count": 101, "profile_background_image_url_https": "https://abs.twimg.com/images/themes/theme4/bg.gif", "id": 569064978, "profile_background_image_url": "http://abs.twimg.com/images/themes/theme4/bg.gif", "name": "Farah niazi"}, "urls": [], "id": 554915829171515392, "id_str": "554915829171515392"}