{"lang": "en", "in_reply_to_user_id": 16343974, "text": "Devastating. RT \u201c@Telegraph: French police chief killed himself after #CharlieHebdo attack http://t.co/QAWv7u1yUy http://t.co/ihf5hDbdKX\u201d", "created_at": "Tue Jan 13 11:14:24 +0000 2015", "hashtags": [{"text": "CharlieHebdo"}], "user_mentions": [{"id_str": "16343974", "screen_name": "Telegraph", "name": "The Telegraph", "id": 16343974}], "source": "<a href=\"http://twitter.com/download/iphone\" rel=\"nofollow\">Twitter for iPhone</a>", "in_reply_to_status_id": 554886875303780352, "in_reply_to_screen_name": "Telegraph", "user": {"profile_use_background_image": true, "id": 164131639, "profile_image_url_https": "https://pbs.twimg.com/profile_images/932153304460640256/39qnSVtd_normal.jpg", "profile_sidebar_fill_color": "99CC33", "geo_enabled": true, "profile_text_color": "3E4415", "followers_count": 3939, "id_str": "164131639", "profile_background_color": "0099B9", "listed_count": 101, "statuses_count": 146862, "description": "Mother of 3 boys #Family #Stillbirth #Politics #Equality #MUFC #Freo \u2693\ud83d\udc9c\u2693\ufe0f", "friends_count": 4283, "profile_link_color": "0099B9", "profile_image_url": "http://pbs.twimg.com/profile_images/932153304460640256/39qnSVtd_normal.jpg", "profile_background_image_url_https": "https://abs.twimg.com/images/themes/theme5/bg.gif", "profile_banner_url": "https://pbs.twimg.com/profile_banners/164131639/1511077643", "profile_background_image_url": "http://abs.twimg.com/images/themes/theme5/bg.gif", "name": "Jane Cattermole", "lang": "en", "profile_background_tile": true, "favourites_count": 27242, "screen_name": "janecat60", "created_at": "Thu Jul 08 03:24:51 +0000 2010", "profile_sidebar_border_color": "829D5E"}, "urls": [{"url": "http://t.co/QAWv7u1yUy", "expanded_url": "http://www.telegraph.co.uk/news/worldnews/europe/france/11341295/French-police-chief-committed-suicide-after-Charlie-Hebdo-attack.html"}], "media": [{"expanded_url": "https://twitter.com/Telegraph/status/554886875303780352/photo/1", "display_url": "pic.twitter.com/ihf5hDbdKX", "url": "http://t.co/ihf5hDbdKX", "media_url_https": "https://pbs.twimg.com/media/B7NYUYoCAAACqPa.jpg", "sizes": {"small": {"h": 387, "resize": "fit", "w": 620}, "large": {"h": 387, "resize": "fit", "w": 620}, "medium": {"h": 387, "resize": "fit", "w": 620}, "thumb": {"h": 150, "resize": "crop", "w": 150}}, "type": "photo", "id": 554884286327685120, "media_url": "http://pbs.twimg.com/media/B7NYUYoCAAACqPa.jpg"}], "retweet_count": 1, "id": 554959644125167617, "id_str": "554959644125167617"}