{"lang": "en", "in_reply_to_user_id": 28785486, "text": "\u201c@ABC: 69 people die after drinking beer believed to have been poisoned with crocodile bile in Mozambique: http://t.co/SPrcAM1BMy\u201d \ud83d\ude10", "created_at": "Tue Jan 13 19:07:36 +0000 2015", "hashtags": [], "user_mentions": [{"id_str": "28785486", "screen_name": "ABC", "name": "ABC News", "id": 28785486}], "source": "<a href=\"http://twitter.com/download/iphone\" rel=\"nofollow\">Twitter for iPhone</a>", "in_reply_to_status_id": 555072815154475008, "in_reply_to_screen_name": "ABC", "user": {"profile_use_background_image": true, "id": 372861166, "profile_image_url_https": "https://pbs.twimg.com/profile_images/682413870409908224/zguQWf4E_normal.jpg", "profile_sidebar_fill_color": "DAECF4", "geo_enabled": true, "profile_text_color": "663B12", "followers_count": 110, "id_str": "372861166", "profile_background_color": "C6E2EE", "statuses_count": 3077, "description": "https://t.co/Pkoq0TBN3K", "friends_count": 79, "profile_link_color": "1F98C7", "profile_image_url": "http://pbs.twimg.com/profile_images/682413870409908224/zguQWf4E_normal.jpg", "profile_background_image_url_https": "https://abs.twimg.com/images/themes/theme2/bg.gif", "profile_banner_url": "https://pbs.twimg.com/profile_banners/372861166/1439835320", "profile_background_image_url": "http://abs.twimg.com/images/themes/theme2/bg.gif", "name": "Rebecca", "lang": "en", "favourites_count": 1178, "screen_name": "rebeccamasters_", "created_at": "Tue Sep 13 15:13:13 +0000 2011", "profile_sidebar_border_color": "C6E2EE"}, "urls": [{"url": "http://t.co/SPrcAM1BMy", "expanded_url": "http://abcn.ws/1BXGZSd"}], "id": 555078727554838528, "id_str": "555078727554838528"}