{"lang": "en", "in_reply_to_user_id": 59553554, "text": "\u201c@Wendys: The Asiago Ranch is a \u2018wich of art. Call us Leonardo da Ranchi. Actually, please don\u2019t. http://t.co/1KKWX8V0fa\u201d bun isn't toasted", "created_at": "Thu Jan 22 17:36:32 +0000 2015", "hashtags": [], "user_mentions": [{"id_str": "59553554", "screen_name": "Wendys", "name": "Wendy's", "id": 59553554}], "source": "<a href=\"http://twitter.com/download/iphone\" rel=\"nofollow\">Twitter for iPhone</a>", "in_reply_to_status_id": 558312304753016832, "in_reply_to_screen_name": "Wendys", "user": {"profile_use_background_image": true, "id": 717119064, "profile_image_url_https": "https://pbs.twimg.com/profile_images/1037578002790592512/iz7diTPB_normal.jpg", "profile_sidebar_fill_color": "DDEEF6", "geo_enabled": true, "profile_text_color": "333333", "followers_count": 573, "id_str": "717119064", "profile_background_color": "C0DEED", "listed_count": 3, "statuses_count": 21641, "friends_count": 163, "profile_link_color": "1DA1F2", "profile_image_url": "http://pbs.twimg.com/profile_images/1037578002790592512/iz7diTPB_normal.jpg", "profile_background_image_url_https": "https://abs.twimg.com/images/themes/theme1/bg.png", "profile_banner_url": "https://pbs.twimg.com/profile_banners/717119064/1518550172", "profile_background_image_url": "http://abs.twimg.com/images/themes/theme1/bg.png", "name": "bennett", "lang": "en", "favourites_count": 14215, "screen_name": "karliemadz", "created_at": "Thu Jul 26 01:16:30 +0000 2012", "profile_sidebar_border_color": "C0DEED", "default_profile": true}, "urls": [], "media": [{"expanded_url": "https://twitter.com/Wendys/status/558312304753016832/photo/1", "display_url": "pic.twitter.com/1KKWX8V0fa", "url": "http://t.co/1KKWX8V0fa", "media_url_https": "https://pbs.twimg.com/tweet_video_thumb/B7-GFP5CYAEPsta.png", "video_info": {"aspect_ratio": [437, 362], "variants": [{"url": "https://video.twimg.com/tweet_video/B7-GFP5CYAEPsta.mp4", "bitrate": 0, "content_type": "video/mp4"}]}, "sizes": {"small": {"h": 563, "resize": "fit", "w": 680}, "large": {"h": 724, "resize": "fit", "w": 874}, "medium": {"h": 724, "resize": "fit", "w": 874}, "thumb": {"h": 150, "resize": "crop", "w": 150}}, "type": "animated_gif", "id": 558312303540461569, "media_url": "http://pbs.twimg.com/tweet_video_thumb/B7-GFP5CYAEPsta.png"}], "id": 558317302723383296, "favorite_count": 2, "id_str": "558317302723383296"}