{"lang": "en", "in_reply_to_user_id": 59553554, "text": "\u201c@Wendys: The Asiago Ranch is a wich of art. Call us Leonardo da Ranchi. Actually please don\u2019t. http://t.co/Qbrulfuh9O\u201domg I'm so hungry . \ud83d\ude02", "created_at": "Fri Jan 23 10:01:58 +0000 2015", "hashtags": [], "user_mentions": [{"id_str": "59553554", "screen_name": "Wendys", "name": "Wendy's", "id": 59553554}], "source": "<a href=\"http://twitter.com/download/iphone\" rel=\"nofollow\">Twitter for iPhone</a>", "in_reply_to_status_id": 558312304753016832, "in_reply_to_screen_name": "Wendys", "user": {"profile_use_background_image": true, "id": 625155008, "profile_image_url_https": "https://pbs.twimg.com/profile_images/987740320875057152/reHwzqv4_normal.jpg", "profile_sidebar_fill_color": "DDEEF6", "geo_enabled": true, "profile_text_color": "333333", "followers_count": 3898, "location": "me", "profile_background_color": "131516", "id_str": "625155008", "statuses_count": 36754, "description": "beautiful things don't ask for attention\ud83d\udc9a\ud83e\udd1e\ud83c\udffd. '17\ud83c\udf93... #txsu21\ud83d\udc2f", "friends_count": 748, "profile_link_color": "009999", "profile_image_url": "http://pbs.twimg.com/profile_images/987740320875057152/reHwzqv4_normal.jpg", "profile_background_image_url_https": "https://abs.twimg.com/images/themes/theme1/bg.png", "profile_banner_url": "https://pbs.twimg.com/profile_banners/625155008/1520560313", "profile_background_image_url": "http://abs.twimg.com/images/themes/theme1/bg.png", "name": "t\ud83d\udc95", "lang": "en", "profile_background_tile": true, "favourites_count": 2081, "screen_name": "Tookieduhh", "created_at": "Tue Jul 03 01:31:47 +0000 2012", "profile_sidebar_border_color": "FFFFFF", "listed_count": 4}, "urls": [], "media": [{"expanded_url": "https://twitter.com/Wendys/status/558312304753016832/photo/1", "display_url": "pic.twitter.com/Qbrulfuh9O", "url": "http://t.co/Qbrulfuh9O", "media_url_https": "https://pbs.twimg.com/tweet_video_thumb/B7-GFP5CYAEPsta.png", "video_info": {"aspect_ratio": [437, 362], "variants": [{"url": "https://video.twimg.com/tweet_video/B7-GFP5CYAEPsta.mp4", "bitrate": 0, "content_type": "video/mp4"}]}, "sizes": {"small": {"h": 563, "resize": "fit", "w": 680}, "large": {"h": 724, "resize": "fit", "w": 874}, "medium": {"h": 724, "resize": "fit", "w": 874}, "thumb": {"h": 150, "resize": "crop", "w": 150}}, "type": "animated_gif", "id": 558312303540461569, "media_url": "http://pbs.twimg.com/tweet_video_thumb/B7-GFP5CYAEPsta.png"}], "id": 558565295367811073, "id_str": "558565295367811073"}