{"lang": "en", "in_reply_to_user_id": 167421802, "text": "@BurgerKing @like_a_blonde burger king malts", "created_at": "Tue Jan 27 00:00:58 +0000 2015", "hashtags": [], "user_mentions": [{"id_str": "167421802", "screen_name": "BurgerKing", "name": "Burger King", "id": 167421802}], "source": "<a href=\"http://twitter.com/#!/download/ipad\" rel=\"nofollow\">Twitter for iPad</a>", "in_reply_to_status_id": 559863517151784960, "in_reply_to_screen_name": "BurgerKing", "user": {"profile_use_background_image": true, "id": 2768889841, "profile_image_url_https": "https://pbs.twimg.com/profile_images/949510604313776130/aOXyNpUm_normal.jpg", "profile_sidebar_fill_color": "DDEEF6", "geo_enabled": true, "profile_text_color": "333333", "followers_count": 641, "location": "Minnesota", "profile_background_color": "C0DEED", "id_str": "2768889841", "statuses_count": 15431, "description": "if you ain\u2019t got no sauce then you lost.", "friends_count": 1190, "profile_link_color": "1DA1F2", "profile_image_url": "http://pbs.twimg.com/profile_images/949510604313776130/aOXyNpUm_normal.jpg", "profile_background_image_url_https": "https://abs.twimg.com/images/themes/theme1/bg.png", "profile_banner_url": "https://pbs.twimg.com/profile_banners/2768889841/1515216036", "profile_background_image_url": "http://abs.twimg.com/images/themes/theme1/bg.png", "name": "maddie", "lang": "en", "favourites_count": 63520, "screen_name": "mxdelinne", "url": "https://t.co/br8Zv1zSEm", "created_at": "Tue Aug 26 02:14:26 +0000 2014", "profile_sidebar_border_color": "C0DEED", "default_profile": true, "listed_count": 3}, "urls": [], "id": 559863600308027392, "id_str": "559863600308027392"}