{"lang": "es", "in_reply_to_user_id": 167421802, "text": "@BurgerKing mira el bk de Coamo no sirve ll\u00e9venselo pal carajo \ud83d\ude12\ud83d\ude12", "created_at": "Tue Jan 27 20:29:54 +0000 2015", "hashtags": [], "user_mentions": [{"id_str": "167421802", "screen_name": "BurgerKing", "name": "Burger King", "id": 167421802}], "source": "<a href=\"http://twitter.com/download/iphone\" rel=\"nofollow\">Twitter for iPhone</a>", "in_reply_to_status_id": 559863517151784960, "in_reply_to_screen_name": "BurgerKing", "user": {"profile_use_background_image": true, "id": 2925593305, "profile_image_url_https": "https://pbs.twimg.com/profile_images/618234586372378624/M-XpSAmh_normal.jpg", "profile_sidebar_fill_color": "DDEEF6", "profile_text_color": "333333", "followers_count": 185, "location": "Coamo, Puerto Rico", "profile_background_color": "C0DEED", "id_str": "2925593305", "statuses_count": 2071, "description": "Genesis Mary Torres  Ram\u00edrez  \u2764\ufe0f", "friends_count": 406, "profile_link_color": "1DA1F2", "profile_image_url": "http://pbs.twimg.com/profile_images/618234586372378624/M-XpSAmh_normal.jpg", "profile_background_image_url_https": "https://abs.twimg.com/images/themes/theme1/bg.png", "profile_banner_url": "https://pbs.twimg.com/profile_banners/2925593305/1442445297", "profile_background_image_url": "http://abs.twimg.com/images/themes/theme1/bg.png", "name": "\u30ea\u30ab\u30eb\u30c9", "lang": "es", "favourites_count": 643, "screen_name": "RveraRicardo", "created_at": "Wed Dec 10 11:54:37 +0000 2014", "profile_sidebar_border_color": "C0DEED", "default_profile": true}, "urls": [], "id": 560172871767838720, "favorite_count": 1, "id_str": "560172871767838720"}