{"lang": "und", "in_reply_to_user_id": 167421802, "text": "@BurgerKing @em0h_", "created_at": "Tue Jan 27 22:51:14 +0000 2015", "hashtags": [], "user_mentions": [{"id_str": "167421802", "screen_name": "BurgerKing", "name": "Burger King", "id": 167421802}, {"id_str": "51924492", "screen_name": "em0h_", "name": "Pastel Gay\u264c\ufe0f", "id": 51924492}], "source": "<a href=\"http://twitter.com/download/iphone\" rel=\"nofollow\">Twitter for iPhone</a>", "in_reply_to_status_id": 560207034545889281, "in_reply_to_screen_name": "BurgerKing", "user": {"profile_use_background_image": true, "id": 2317719056, "profile_image_url_https": "https://pbs.twimg.com/profile_images/1022171985391046657/rY5Qpush_normal.jpg", "profile_sidebar_fill_color": "DDEEF6", "geo_enabled": true, "profile_text_color": "333333", "followers_count": 1856, "location": "Y(our) mans bed", "profile_background_color": "C0DEED", "id_str": "2317719056", "statuses_count": 28666, "description": "BLM || model || hella gay || hoe || gemini", "friends_count": 288, "profile_link_color": "1DA1F2", "profile_image_url": "http://pbs.twimg.com/profile_images/1022171985391046657/rY5Qpush_normal.jpg", "profile_background_image_url_https": "https://abs.twimg.com/images/themes/theme1/bg.png", "profile_banner_url": "https://pbs.twimg.com/profile_banners/2317719056/1532539727", "profile_background_image_url": "http://abs.twimg.com/images/themes/theme1/bg.png", "name": "TW.", "lang": "en", "favourites_count": 3156, "screen_name": "xoxtayyyy", "url": "https://t.co/ELyoXSY7wR", "created_at": "Wed Jan 29 19:59:46 +0000 2014", "profile_sidebar_border_color": "C0DEED", "default_profile": true, "listed_count": 9}, "urls": [], "id": 560208436156465153, "id_str": "560208436156465153"}