{"lang": "en", "in_reply_to_user_id": 168541923, "text": "@act4america @jaditmars_john @BreitbartNews Did America fall asleep &amp; wake up in The Middle East-did a tornado drop us there?", "created_at": "Wed Jan 28 15:42:45 +0000 2015", "hashtags": [], "user_mentions": [{"id_str": "3162043071", "screen_name": "act4america", "name": "ACT for America", "id": 3162043071}, {"id_str": "1684663734", "screen_name": "jaditmars_john", "name": "john ditmars", "id": 1684663734}, {"id_str": "457984599", "screen_name": "BreitbartNews", "name": "Breitbart News", "id": 457984599}], "source": "<a href=\"http://twitter.com\" rel=\"nofollow\">Twitter Web Client</a>", "in_reply_to_status_id": 560187970389819392, "in_reply_to_screen_name": "ACTforAmerica", "user": {"profile_use_background_image": true, "id": 551462363, "profile_image_url_https": "https://pbs.twimg.com/profile_images/728239885807718401/8kgdvNkv_normal.jpg", "profile_sidebar_fill_color": "E5507E", "geo_enabled": true, "profile_text_color": "362720", "followers_count": 764, "id_str": "551462363", "profile_background_color": "FF6699", "listed_count": 13, "statuses_count": 7746, "description": "Christian and Conservative. I love witty & sarcastic people.", "friends_count": 855, "profile_link_color": "4AB30D", "profile_image_url": "http://pbs.twimg.com/profile_images/728239885807718401/8kgdvNkv_normal.jpg", "profile_background_image_url_https": "https://abs.twimg.com/images/themes/theme11/bg.gif", "profile_banner_url": "https://pbs.twimg.com/profile_banners/551462363/1426542876", "profile_background_image_url": "http://abs.twimg.com/images/themes/theme11/bg.gif", "name": "carol gargus", "lang": "en", "profile_background_tile": true, "favourites_count": 5029, "screen_name": "carolgargus", "created_at": "Thu Apr 12 01:19:09 +0000 2012", "profile_sidebar_border_color": "CC3366"}, "urls": [], "id": 560462995902693376, "id_str": "560462995902693376"}