{"lang": "en", "in_reply_to_user_id": 510673429, "text": "\u201c@mollyverhoff: \u201c@BurgerKing: Breakfast all around. http://t.co/Jq8zjqaGxU\u201d@lindsey3095 take me here. Sunday. \ud83d\ude0d\u201d WE ARE GOING \ud83d\ude0d\ud83d\ude0d\ud83d\ude0d", "created_at": "Wed Jan 28 15:28:15 +0000 2015", "hashtags": [], "user_mentions": [{"id_str": "510673429", "screen_name": "mollyverhoff", "name": "molly", "id": 510673429}, {"id_str": "167421802", "screen_name": "BurgerKing", "name": "Burger King", "id": 167421802}, {"id_str": "372034263", "screen_name": "lindsey3095", "name": "Lindsey", "id": 372034263}], "source": "<a href=\"http://twitter.com/download/iphone\" rel=\"nofollow\">Twitter for iPhone</a>", "in_reply_to_status_id": 560459239064629250, "in_reply_to_screen_name": "mollyverhoff", "user": {"profile_use_background_image": true, "id": 372034263, "profile_image_url_https": "https://pbs.twimg.com/profile_images/1020675640503259137/MF9LaE_x_normal.jpg", "profile_sidebar_fill_color": "EFEFEF", "geo_enabled": true, "profile_text_color": "333333", "followers_count": 421, "id_str": "372034263", "profile_background_color": "131516", "listed_count": 1, "statuses_count": 7350, "friends_count": 675, "profile_link_color": "009999", "profile_image_url": "http://pbs.twimg.com/profile_images/1020675640503259137/MF9LaE_x_normal.jpg", "profile_background_image_url_https": "https://abs.twimg.com/images/themes/theme14/bg.gif", "profile_banner_url": "https://pbs.twimg.com/profile_banners/372034263/1528943140", "profile_background_image_url": "http://abs.twimg.com/images/themes/theme14/bg.gif", "name": "Lindsey", "lang": "en", "profile_background_tile": true, "favourites_count": 11038, "screen_name": "lindsey3095", "created_at": "Mon Sep 12 00:35:28 +0000 2011", "profile_sidebar_border_color": "EEEEEE"}, "urls": [], "media": [{"expanded_url": "https://twitter.com/BurgerKing/status/560414522758799361/photo/1", "display_url": "pic.twitter.com/Jq8zjqaGxU", "url": "http://t.co/Jq8zjqaGxU", "media_url_https": "https://pbs.twimg.com/media/B8X3M-dCUAAyOhq.jpg", "sizes": {"small": {"h": 680, "resize": "fit", "w": 680}, "large": {"h": 1000, "resize": "fit", "w": 1000}, "medium": {"h": 1000, "resize": "fit", "w": 1000}, "thumb": {"h": 150, "resize": "crop", "w": 150}}, "type": "photo", "id": 560125530972770304, "media_url": "http://pbs.twimg.com/media/B8X3M-dCUAAyOhq.jpg"}], "id": 560459346916950016, "id_str": "560459346916950016"}