{"lang": "en", "in_reply_to_user_id": 14319981, "text": ".Way Groovy Jeff. @Squarespace @TheJeffBridges #SleepingTapes. http://t.co/vumI0XUihW. #Om\nhttps://t.co/jb6wsFE69q", "created_at": "Thu Jan 29 05:34:44 +0000 2015", "hashtags": [{"text": "SleepingTapes"}, {"text": "Om"}], "user_mentions": [{"id_str": "14319981", "screen_name": "squarespace", "name": "Squarespace", "id": 14319981}, {"id_str": "304089779", "screen_name": "TheJeffBridges", "name": "Jeff Bridges", "id": 304089779}], "source": "<a href=\"http://twitter.com/#!/download/ipad\" rel=\"nofollow\">Twitter for iPad</a>", "in_reply_to_status_id": 560442390805090307, "in_reply_to_screen_name": "squarespace", "user": {"id": 1239470780, "profile_image_url_https": "https://pbs.twimg.com/profile_images/575753692776812544/3BFWODqd_normal.jpeg", "profile_sidebar_fill_color": "EFEFEF", "profile_text_color": "333333", "followers_count": 1299, "location": "Austin_Seattle", "profile_background_color": "131516", "id_str": "1239470780", "statuses_count": 4594, "description": "Producer/Test Pilot with early-stage #Founders and Teams to build software with purpose. Design, Build, Deploy. Cloud, Mobile, Enterprise. #Python Operative.", "friends_count": 2793, "profile_link_color": "3B94D9", "profile_image_url": "http://pbs.twimg.com/profile_images/575753692776812544/3BFWODqd_normal.jpeg", "profile_background_image_url_https": "https://abs.twimg.com/images/themes/theme14/bg.gif", "profile_banner_url": "https://pbs.twimg.com/profile_banners/1239470780/1508259980", "profile_background_image_url": "http://abs.twimg.com/images/themes/theme14/bg.gif", "name": "MikeMattison", "lang": "en", "favourites_count": 1382, "screen_name": "crankcode", "url": "https://t.co/5vp5j4ScTX", "created_at": "Sun Mar 03 17:54:48 +0000 2013", "profile_sidebar_border_color": "FFFFFF", "listed_count": 306}, "urls": [{"url": "http://t.co/vumI0XUihW", "expanded_url": "http://DreamingWithJeff.com"}, {"url": "https://t.co/jb6wsFE69q", "expanded_url": "https://amp.twimg.com/v/c8e8c4ee-62b9-4ecd-89ed-5111997ff071"}], "id": 560672370386808833, "id_str": "560672370386808833"}