{"lang": "en", "in_reply_to_user_id": 167421802, "text": "@BurgerKing NASTY FOOD", "created_at": "Fri Jan 30 15:57:46 +0000 2015", "hashtags": [], "user_mentions": [{"id_str": "167421802", "screen_name": "BurgerKing", "name": "Burger King", "id": 167421802}], "source": "<a href=\"http://twitter.com/download/iphone\" rel=\"nofollow\">Twitter for iPhone</a>", "in_reply_to_status_id": 560414522758799361, "in_reply_to_screen_name": "BurgerKing", "user": {"profile_use_background_image": true, "id": 260286662, "profile_image_url_https": "https://pbs.twimg.com/profile_images/864619676818591744/ko75nCP8_normal.jpg", "profile_sidebar_fill_color": "000000", "geo_enabled": true, "profile_text_color": "FFFFFF", "followers_count": 1082, "location": "I AM JANE DOE ", "profile_background_color": "DBE9ED", "id_str": "260286662", "statuses_count": 27466, "friends_count": 1107, "profile_link_color": "ABB8C2", "profile_image_url": "http://pbs.twimg.com/profile_images/864619676818591744/ko75nCP8_normal.jpg", "profile_background_image_url_https": "https://abs.twimg.com/images/themes/theme14/bg.gif", "profile_background_image_url": "http://abs.twimg.com/images/themes/theme14/bg.gif", "name": "JAN\u4e47 M\u4e47\u4e47TS WORLD", "lang": "en", "profile_background_tile": true, "favourites_count": 2301, "screen_name": "feddiefay", "created_at": "Thu Mar 03 15:43:40 +0000 2011", "profile_sidebar_border_color": "000000", "listed_count": 2}, "urls": [], "id": 561191551288627200, "id_str": "561191551288627200"}