{"lang": "en", "in_reply_to_user_id": 167421802, "text": "\u201c@BurgerKing: Breakfast all around. http://t.co/C0JJT9nbjR\u201dyuck", "created_at": "Fri Jan 30 21:01:56 +0000 2015", "hashtags": [], "user_mentions": [{"id_str": "167421802", "screen_name": "BurgerKing", "name": "Burger King", "id": 167421802}], "source": "<a href=\"http://twitter.com/download/iphone\" rel=\"nofollow\">Twitter for iPhone</a>", "in_reply_to_status_id": 560414522758799361, "in_reply_to_screen_name": "BurgerKing", "user": {"profile_use_background_image": true, "id": 133398509, "profile_image_url_https": "https://pbs.twimg.com/profile_images/1045178303483703296/f2XTPMBv_normal.jpg", "profile_sidebar_fill_color": "DDEEF6", "geo_enabled": true, "profile_text_color": "333333", "followers_count": 1624, "location": "DMV\ud83e\udd85", "profile_background_color": "C0DEED", "id_str": "133398509", "statuses_count": 133516, "description": "Music. Fashion. | folukez@gmail.com", "friends_count": 118, "profile_link_color": "0084B4", "profile_image_url": "http://pbs.twimg.com/profile_images/1045178303483703296/f2XTPMBv_normal.jpg", "profile_background_image_url_https": "https://abs.twimg.com/images/themes/theme1/bg.png", "profile_background_image_url": "http://abs.twimg.com/images/themes/theme1/bg.png", "name": "Noir Rei", "lang": "en", "profile_background_tile": true, "favourites_count": 19159, "screen_name": "omgitsloco", "created_at": "Thu Apr 15 17:42:12 +0000 2010", "profile_sidebar_border_color": "FFFFFF", "listed_count": 9}, "urls": [], "media": [{"expanded_url": "https://twitter.com/BurgerKing/status/560414522758799361/photo/1", "display_url": "pic.twitter.com/C0JJT9nbjR", "url": "http://t.co/C0JJT9nbjR", "media_url_https": "https://pbs.twimg.com/media/B8X3M-dCUAAyOhq.jpg", "sizes": {"small": {"h": 680, "resize": "fit", "w": 680}, "large": {"h": 1000, "resize": "fit", "w": 1000}, "medium": {"h": 1000, "resize": "fit", "w": 1000}, "thumb": {"h": 150, "resize": "crop", "w": 150}}, "type": "photo", "id": 560125530972770304, "media_url": "http://pbs.twimg.com/media/B8X3M-dCUAAyOhq.jpg"}], "id": 561268095286013952, "id_str": "561268095286013952"}