{"lang": "en", "in_reply_to_user_id": 167421802, "text": "@BurgerKing That shit looks nasty \ud83d\ude37", "created_at": "Sat Jan 31 02:11:19 +0000 2015", "hashtags": [], "user_mentions": [{"id_str": "167421802", "screen_name": "BurgerKing", "name": "Burger King", "id": 167421802}], "source": "<a href=\"http://twitter.com/download/iphone\" rel=\"nofollow\">Twitter for iPhone</a>", "in_reply_to_status_id": 560414522758799361, "in_reply_to_screen_name": "BurgerKing", "user": {"id": 231145083, "profile_image_url_https": "https://pbs.twimg.com/profile_images/1041536491418263552/B_JoVJUC_normal.jpg", "profile_sidebar_fill_color": "42C7DE", "geo_enabled": true, "profile_text_color": "EDE7F0", "followers_count": 1522, "id_str": "231145083", "profile_background_color": "A8170D", "listed_count": 13, "statuses_count": 120705, "description": "Love Yourself\u2728 #NSU", "friends_count": 973, "profile_link_color": "990F0F", "profile_image_url": "http://pbs.twimg.com/profile_images/1041536491418263552/B_JoVJUC_normal.jpg", "profile_background_image_url_https": "https://abs.twimg.com/images/themes/theme17/bg.gif", "profile_banner_url": "https://pbs.twimg.com/profile_banners/231145083/1537133169", "profile_background_image_url": "http://abs.twimg.com/images/themes/theme17/bg.gif", "name": "Patrice\ud83d\udc8b", "lang": "en", "profile_background_tile": true, "favourites_count": 7148, "screen_name": "PrttyBrownEyes_", "created_at": "Mon Dec 27 18:36:22 +0000 2010", "profile_sidebar_border_color": "FFFFFF"}, "urls": [], "id": 561345956537729024, "id_str": "561345956537729024"}