{"lang": "und", "in_reply_to_user_id": 14319981, "text": "@Squarespace @TheJeffBridges", "created_at": "Sun Feb 01 03:26:32 +0000 2015", "hashtags": [], "coordinates": {"type": "Point", "coordinates": [-115.122888, 36.0140531]}, "user_mentions": [{"id_str": "14319981", "screen_name": "squarespace", "name": "Squarespace", "id": 14319981}, {"id_str": "304089779", "screen_name": "TheJeffBridges", "name": "Jeff Bridges", "id": 304089779}], "source": "<a href=\"http://twitter.com/download/android\" rel=\"nofollow\">Twitter for Android</a>", "in_reply_to_status_id": 560442390805090307, "in_reply_to_screen_name": "squarespace", "user": {"profile_use_background_image": true, "id": 965033180, "profile_image_url_https": "https://abs.twimg.com/sticky/default_profile_images/default_profile_normal.png", "profile_sidebar_fill_color": "DDEEF6", "geo_enabled": true, "profile_text_color": "333333", "followers_count": 10, "id_str": "965033180", "default_profile_image": true, "listed_count": 1, "statuses_count": 2302, "profile_background_color": "C0DEED", "friends_count": 77, "profile_link_color": "1DA1F2", "profile_image_url": "http://abs.twimg.com/sticky/default_profile_images/default_profile_normal.png", "profile_background_image_url_https": "https://abs.twimg.com/images/themes/theme1/bg.png", "profile_background_image_url": "http://abs.twimg.com/images/themes/theme1/bg.png", "name": "peter buckley", "lang": "en", "favourites_count": 11, "screen_name": "peterbuckley714", "created_at": "Thu Nov 22 21:57:40 +0000 2012", "profile_sidebar_border_color": "C0DEED", "default_profile": true}, "urls": [], "place": {"full_name": "Paradise, NV", "url": "https://api.twitter.com/1.1/geo/id/8fa6d7a33b83ef26.json", "country": "United States", "place_type": "city", "bounding_box": {"type": "Polygon", "coordinates": [[[-115.2092535, 35.984784], [-115.0610763, 35.984784], [-115.0610763, 36.137145], [-115.2092535, 36.137145]]]}, "contained_within": [], "country_code": "US", "attributes": {}, "id": "8fa6d7a33b83ef26", "name": "Paradise"}, "geo": {"type": "Point", "coordinates": [36.0140531, -115.122888]}, "id": 561727272986488832, "id_str": "561727272986488832"}