{"lang": "en", "in_reply_to_user_id": 19426551, "text": "RT @nfl .@EAMaddenNFL successfully predicted the final score of #SB49. #fb\n\nYES, it's true: http://t.co/7PfoQ67pXC http://t.co/GkKSf1aGIX", "created_at": "Wed Feb 04 23:32:29 +0000 2015", "hashtags": [{"text": "SB49"}, {"text": "fb"}], "user_mentions": [{"id_str": "19426551", "screen_name": "NFL", "name": "NFL", "id": 19426551}, {"id_str": "50096544", "screen_name": "EAMaddenNFL", "name": "#WeAreMadden", "id": 50096544}], "source": "<a href=\"http://janetter.net/\" rel=\"nofollow\">Janetter</a>", "in_reply_to_status_id": 563117355254161408, "in_reply_to_screen_name": "NFL", "user": {"id": 21737845, "profile_image_url_https": "https://pbs.twimg.com/profile_images/843141096389693440/WDqPNhKb_normal.jpg", "profile_sidebar_fill_color": "EFEFEF", "geo_enabled": true, "profile_text_color": "333333", "followers_count": 3353, "location": "Lake Station, IN", "profile_background_color": "131516", "id_str": "21737845", "statuses_count": 81061, "description": "#p2 Comedian. VOC Wrestling Nation host Weds 4:30C/5:30E on https://t.co/eoVIZK37MW  Disposable Theatre Improv. Lock, Flanker, 8 man NWI Exiles Rugby.", "friends_count": 3327, "profile_link_color": "050099", "profile_image_url": "http://pbs.twimg.com/profile_images/843141096389693440/WDqPNhKb_normal.jpg", "profile_background_image_url_https": "https://abs.twimg.com/images/themes/theme14/bg.gif", "profile_banner_url": "https://pbs.twimg.com/profile_banners/21737845/1477853356", "profile_background_image_url": "http://abs.twimg.com/images/themes/theme14/bg.gif", "name": "King David Lane", "lang": "en", "profile_background_tile": true, "favourites_count": 10167, "screen_name": "KingDavidLane", "url": "http://t.co/WpujAae6KO", "created_at": "Tue Feb 24 07:52:09 +0000 2009", "profile_sidebar_border_color": "000000", "listed_count": 129}, "urls": [{"url": "http://t.co/7PfoQ67pXC", "expanded_url": "http://at.nfl.com/4PTsAf3"}], "media": [{"expanded_url": "https://twitter.com/nfl/status/563117355254161408/photo/1", "display_url": "pic.twitter.com/GkKSf1aGIX", "url": "http://t.co/GkKSf1aGIX", "media_url_https": "https://pbs.twimg.com/media/B9CYQD8IgAAO4Ti.jpg", "sizes": {"large": {"h": 360, "resize": "fit", "w": 640}, "small": {"h": 360, "resize": "fit", "w": 640}, "medium": {"h": 360, "resize": "fit", "w": 640}, "thumb": {"h": 150, "resize": "crop", "w": 150}}, "type": "photo", "id": 563117355124162560, "media_url": "http://pbs.twimg.com/media/B9CYQD8IgAAO4Ti.jpg"}], "id": 563117922122735616, "possibly_sensitive": true, "id_str": "563117922122735616"}