{"lang": "en", "text": "@peddoc63 @_FritoBandito_ @AmyMek WTF!!! Someone has to stop them..", "created_at": "Thu Feb 05 00:00:32 +0000 2015", "hashtags": [], "user_mentions": [{"id_str": "954124423", "screen_name": "AmyMek", "name": "Amy Mek", "id": 954124423}], "source": "<a href=\"http://www.twitter.com\" rel=\"nofollow\">Twitter for BlackBerry</a>", "user": {"id": 2313132087, "profile_image_url_https": "https://pbs.twimg.com/profile_images/1042448534790987776/R8UmKSva_normal.jpg", "profile_sidebar_fill_color": "000000", "profile_text_color": "000000", "followers_count": 911, "id_str": "2313132087", "profile_background_color": "000000", "location": "USA/CANADA/GREECE", "statuses_count": 17104, "description": "Live,Love,Peace \u271dChristian\u271d We live in interesting times. Star Trek fan, politics, equality, human rights and respect for all", "friends_count": 1564, "profile_link_color": "1B95E0", "profile_image_url": "http://pbs.twimg.com/profile_images/1042448534790987776/R8UmKSva_normal.jpg", "profile_background_image_url_https": "https://abs.twimg.com/images/themes/theme12/bg.gif", "profile_banner_url": "https://pbs.twimg.com/profile_banners/2313132087/1519661450", "profile_background_image_url": "http://abs.twimg.com/images/themes/theme12/bg.gif", "name": "Christine", "lang": "en", "favourites_count": 17779, "screen_name": "ChristineStergi", "created_at": "Thu Jan 30 01:39:22 +0000 2014", "profile_sidebar_border_color": "000000", "listed_count": 20}, "urls": [], "id": 563124982184960000, "id_str": "563124982184960000"}