{"lang": "en", "in_reply_to_user_id": 19426551, "text": "\u201c@nfl: .@EAMaddenNFL successfully predicted the final score of #SB49.\n\nYES, it's true: http://t.co/AOYYYA3CDE http://t.co/YIok8JfpvM\u201d RIGGED", "created_at": "Wed Feb 04 23:56:36 +0000 2015", "hashtags": [{"text": "SB49"}], "user_mentions": [{"id_str": "19426551", "screen_name": "NFL", "name": "NFL", "id": 19426551}, {"id_str": "50096544", "screen_name": "EAMaddenNFL", "name": "#WeAreMadden", "id": 50096544}], "source": "<a href=\"http://twitter.com/download/iphone\" rel=\"nofollow\">Twitter for iPhone</a>", "in_reply_to_status_id": 563117355254161408, "in_reply_to_screen_name": "NFL", "user": {"profile_use_background_image": true, "id": 268162407, "profile_image_url_https": "https://pbs.twimg.com/profile_images/992547199413301248/3XEx3REH_normal.jpg", "profile_sidebar_fill_color": "C0DFEC", "geo_enabled": true, "profile_text_color": "333333", "followers_count": 950, "location": "on tour", "profile_background_color": "022330", "id_str": "268162407", "statuses_count": 43451, "friends_count": 696, "profile_link_color": "0084B4", "profile_image_url": "http://pbs.twimg.com/profile_images/992547199413301248/3XEx3REH_normal.jpg", "profile_background_image_url_https": "https://abs.twimg.com/images/themes/theme15/bg.png", "profile_banner_url": "https://pbs.twimg.com/profile_banners/268162407/1504603501", "profile_background_image_url": "http://abs.twimg.com/images/themes/theme15/bg.png", "name": "JJ", "lang": "en", "profile_background_tile": true, "favourites_count": 22155, "screen_name": "JJMediina", "url": "https://t.co/TriEVK5CUG", "created_at": "Fri Mar 18 07:53:27 +0000 2011", "profile_sidebar_border_color": "000000", "listed_count": 8}, "urls": [{"url": "http://t.co/AOYYYA3CDE", "expanded_url": "http://at.nfl.com/4PTsAf3"}], "media": [{"expanded_url": "https://twitter.com/nfl/status/563117355254161408/photo/1", "display_url": "pic.twitter.com/YIok8JfpvM", "url": "http://t.co/YIok8JfpvM", "media_url_https": "https://pbs.twimg.com/media/B9CYQD8IgAAO4Ti.jpg", "sizes": {"large": {"h": 360, "resize": "fit", "w": 640}, "small": {"h": 360, "resize": "fit", "w": 640}, "medium": {"h": 360, "resize": "fit", "w": 640}, "thumb": {"h": 150, "resize": "crop", "w": 150}}, "type": "photo", "id": 563117355124162560, "media_url": "http://pbs.twimg.com/media/B9CYQD8IgAAO4Ti.jpg"}], "id": 563123990198108160, "id_str": "563123990198108160"}