{"lang": "en", "in_reply_to_user_id": 1367531, "text": "@FoxNews After all, this is Lent for some of us!", "created_at": "Wed Feb 18 15:51:25 +0000 2015", "hashtags": [], "user_mentions": [{"id_str": "1367531", "screen_name": "FoxNews", "name": "Fox News", "id": 1367531}], "source": "<a href=\"http://twitter.com\" rel=\"nofollow\">Twitter Web Client</a>", "in_reply_to_status_id": 568075025418317826, "in_reply_to_screen_name": "FoxNews", "user": {"profile_use_background_image": true, "id": 3011395040, "profile_image_url_https": "https://pbs.twimg.com/profile_images/579642292895514624/4OY95UOu_normal.jpg", "profile_sidebar_fill_color": "C0DFEC", "profile_text_color": "333333", "followers_count": 508, "location": "NE Kansas", "profile_background_color": "022330", "id_str": "3011395040", "statuses_count": 4602, "description": "Retired Perfusionist, Trying to find God in everyone including liberal socialists; Pro Life; ProSecond Amendment; Ex FMF Corpsman 1967-71", "friends_count": 1051, "profile_link_color": "0084B4", "profile_image_url": "http://pbs.twimg.com/profile_images/579642292895514624/4OY95UOu_normal.jpg", "profile_background_image_url_https": "https://abs.twimg.com/images/themes/theme15/bg.png", "profile_banner_url": "https://pbs.twimg.com/profile_banners/3011395040/1427032430", "profile_background_image_url": "http://abs.twimg.com/images/themes/theme15/bg.png", "name": "MichaelSanford", "lang": "en", "favourites_count": 2574, "screen_name": "mojoron", "created_at": "Fri Feb 06 14:32:40 +0000 2015", "profile_sidebar_border_color": "A8C7F7", "listed_count": 9}, "urls": [], "id": 568075321578094595, "id_str": "568075321578094595"}