{"lang": "ht", "in_reply_to_user_id": 1367531, "text": "@FoxNews @elyogui83 LMAO !", "created_at": "Wed Feb 18 16:23:54 +0000 2015", "hashtags": [], "user_mentions": [{"id_str": "1367531", "screen_name": "FoxNews", "name": "Fox News", "id": 1367531}, {"id_str": "254207670", "screen_name": "elyogui83", "name": "\ud83d\udc4d\ud83c\udffb", "id": 254207670}], "source": "<a href=\"http://twitter.com/download/iphone\" rel=\"nofollow\">Twitter for iPhone</a>", "in_reply_to_status_id": 568075025418317826, "in_reply_to_screen_name": "FoxNews", "user": {"profile_use_background_image": true, "id": 907186434, "profile_image_url_https": "https://pbs.twimg.com/profile_images/1040672835608424448/BftfR6aL_normal.jpg", "profile_sidebar_fill_color": "DDEEF6", "profile_text_color": "333333", "followers_count": 2001, "id_str": "907186434", "profile_background_color": "C0DEED", "listed_count": 62, "statuses_count": 158959, "description": "manicures, deadlifts, election meddling.", "friends_count": 781, "profile_link_color": "1DA1F2", "profile_image_url": "http://pbs.twimg.com/profile_images/1040672835608424448/BftfR6aL_normal.jpg", "profile_background_image_url_https": "https://abs.twimg.com/images/themes/theme1/bg.png", "profile_banner_url": "https://pbs.twimg.com/profile_banners/907186434/1537835136", "profile_background_image_url": "http://abs.twimg.com/images/themes/theme1/bg.png", "name": "Elon LomaGGGringo", "lang": "en", "favourites_count": 262, "screen_name": "BenSotoKarass", "created_at": "Sat Oct 27 02:17:06 +0000 2012", "profile_sidebar_border_color": "C0DEED", "default_profile": true}, "urls": [], "id": 568083495269982208, "id_str": "568083495269982208"}