{"lang": "en", "in_reply_to_user_id": 279575920, "text": "\u201c@JamieDornan_org: Stop rumors: Jamie is not leaving Fifty Shades and him and Amelia are still in love\" @sazzlerazzle92 @Jen_mac_", "created_at": "Mon Feb 23 23:14:03 +0000 2015", "hashtags": [], "user_mentions": [{"id_str": "279575920", "screen_name": "JamieDornan_org", "name": "Jamie Dornan Online", "id": 279575920}, {"id_str": "633741251", "screen_name": "sazzlerazzle92", "name": "Sarah Robson", "id": 633741251}, {"id_str": "1042719043", "screen_name": "Jen_mac_", "name": "Jenni Macdonald", "id": 1042719043}], "source": "<a href=\"http://twitter.com/#!/download/ipad\" rel=\"nofollow\">Twitter for iPad</a>", "in_reply_to_status_id": 569908998717243392, "in_reply_to_screen_name": "JamieDornan_org", "user": {"profile_use_background_image": true, "id": 25880268, "profile_image_url_https": "https://pbs.twimg.com/profile_images/531538224624435201/znIpTZ8i_normal.jpeg", "profile_sidebar_fill_color": "E3E2DE", "geo_enabled": true, "profile_text_color": "634047", "followers_count": 66, "location": "weardale co durham", "profile_background_color": "EDECE9", "id_str": "25880268", "statuses_count": 423, "description": "working on the grouse moor, living the dream...", "friends_count": 336, "profile_link_color": "088253", "profile_image_url": "http://pbs.twimg.com/profile_images/531538224624435201/znIpTZ8i_normal.jpeg", "profile_background_image_url_https": "https://abs.twimg.com/images/themes/theme3/bg.gif", "profile_banner_url": "https://pbs.twimg.com/profile_banners/25880268/1351205768", "profile_background_image_url": "http://abs.twimg.com/images/themes/theme3/bg.gif", "name": "Kate Ross", "lang": "en", "favourites_count": 98, "screen_name": "katef1985", "created_at": "Sun Mar 22 21:05:47 +0000 2009", "profile_sidebar_border_color": "D3D2CF", "listed_count": 3}, "urls": [], "id": 569998652472762370, "favorite_count": 1, "id_str": "569998652472762370"}