{"lang": "en", "in_reply_to_user_id": 119384138, "text": "\u201c@entwise: CONFIRMED: Jamie Dornan NOT leaving Fifty Shades of Grey  http://t.co/NabyiIJFbq http://t.co/Nh6dVM58gE\u201d YAAAAASSSSSS \ud83d\ude0d\ud83d\ude0d\ud83d\ude0d\ud83d\ude0d", "created_at": "Tue Feb 24 22:17:37 +0000 2015", "hashtags": [], "user_mentions": [{"id_str": "119384138", "screen_name": "entwise", "name": "EntertainmentWise", "id": 119384138}], "source": "<a href=\"http://twitter.com/download/iphone\" rel=\"nofollow\">Twitter for iPhone</a>", "in_reply_to_status_id": 570341828479725570, "in_reply_to_screen_name": "entwise", "user": {"profile_use_background_image": true, "id": 588499156, "profile_image_url_https": "https://pbs.twimg.com/profile_images/756581460371464192/OhpO7JdE_normal.jpg", "profile_sidebar_fill_color": "B95071", "geo_enabled": true, "profile_text_color": "FC4C72", "followers_count": 1139, "location": "Dublin", "profile_background_color": "D3BBA3", "id_str": "588499156", "statuses_count": 2096, "description": "Snapchat: emma_storey Instagram: emma_storey_", "friends_count": 262, "profile_link_color": "FE7774", "profile_image_url": "http://pbs.twimg.com/profile_images/756581460371464192/OhpO7JdE_normal.jpg", "profile_background_image_url_https": "https://abs.twimg.com/images/themes/theme1/bg.png", "profile_banner_url": "https://pbs.twimg.com/profile_banners/588499156/1502496730", "profile_background_image_url": "http://abs.twimg.com/images/themes/theme1/bg.png", "name": "emma storey", "lang": "en", "profile_background_tile": true, "favourites_count": 2805, "screen_name": "emmastorey3", "created_at": "Wed May 23 18:47:52 +0000 2012", "profile_sidebar_border_color": "FFFFFF", "listed_count": 3}, "urls": [{"url": "http://t.co/NabyiIJFbq", "expanded_url": "http://bit.ly/1FpLiVV"}], "media": [{"expanded_url": "https://twitter.com/entwise/status/570341828479725570/photo/1", "display_url": "pic.twitter.com/Nh6dVM58gE", "url": "http://t.co/Nh6dVM58gE", "media_url_https": "https://pbs.twimg.com/media/B-pC3snWkAAFrdN.jpg", "sizes": {"large": {"h": 1100, "resize": "fit", "w": 750}, "small": {"h": 680, "resize": "fit", "w": 464}, "medium": {"h": 1100, "resize": "fit", "w": 750}, "thumb": {"h": 150, "resize": "crop", "w": 150}}, "type": "photo", "id": 570341827452243968, "media_url": "http://pbs.twimg.com/media/B-pC3snWkAAFrdN.jpg"}], "retweet_count": 1, "id": 570346837170761729, "favorite_count": 2, "id_str": "570346837170761729"}