{"lang": "en", "in_reply_to_user_id": 272395158, "text": "@ffweekend don't you just want to hug this kid.", "created_at": "Sun Mar 01 12:03:49 +0000 2015", "hashtags": [], "user_mentions": [{"id_str": "272395158", "screen_name": "ffweekend", "name": "FOX&friends Weekend", "id": 272395158}], "source": "<a href=\"http://twitter.com/download/android\" rel=\"nofollow\">Twitter for Android</a>", "in_reply_to_status_id": 572002458647412736, "in_reply_to_screen_name": "ffweekend", "user": {"profile_use_background_image": true, "id": 15501989, "profile_image_url_https": "https://pbs.twimg.com/profile_images/597163590991355905/c94VAgV2_normal.jpg", "profile_sidebar_fill_color": "DDFFCC", "geo_enabled": true, "profile_text_color": "333333", "followers_count": 297, "location": "Centreville, VA Washington DC ", "profile_background_color": "9AE4E8", "id_str": "15501989", "statuses_count": 5894, "description": "Don't be afraid because I'm conservative, I will listen. I ask, don't be bitter when I stop talking to you when you personally attack me.", "friends_count": 197, "profile_link_color": "0084B4", "profile_image_url": "http://pbs.twimg.com/profile_images/597163590991355905/c94VAgV2_normal.jpg", "profile_background_image_url_https": "https://abs.twimg.com/images/themes/theme1/bg.png", "profile_banner_url": "https://pbs.twimg.com/profile_banners/15501989/1431209868", "profile_background_image_url": "http://abs.twimg.com/images/themes/theme1/bg.png", "name": "It's not Megan Kelly", "lang": "en", "favourites_count": 1535, "screen_name": "RUSSBARNES", "created_at": "Sun Jul 20 13:51:57 +0000 2008", "profile_sidebar_border_color": "BDDCAD", "listed_count": 4}, "urls": [], "id": 572004312093749248, "id_str": "572004312093749248"}