{"lang": "und", "in_reply_to_user_id": 28785486, "text": "@ABC", "created_at": "Sat Mar 07 04:37:00 +0000 2015", "hashtags": [], "user_mentions": [{"id_str": "28785486", "screen_name": "ABC", "name": "ABC News", "id": 28785486}], "source": "<a href=\"https://twitter.com/download/android\" rel=\"nofollow\">Twitter for Android Tablets</a>", "in_reply_to_status_id": 574062768896212992, "in_reply_to_screen_name": "ABC", "user": {"profile_use_background_image": true, "id": 3014019326, "profile_image_url_https": "https://pbs.twimg.com/profile_images/939713624397856768/rslMTJVM_normal.jpg", "profile_sidebar_fill_color": "F6F6F6", "geo_enabled": true, "profile_text_color": "333333", "followers_count": 93, "location": "Here", "profile_background_color": "ACDED6", "id_str": "3014019326", "statuses_count": 1776, "description": "I am not Snoopy, nor Charlie. More to be revealed. Not Peanuts, but nuts are yummy.", "friends_count": 151, "profile_link_color": "038543", "profile_image_url": "http://pbs.twimg.com/profile_images/939713624397856768/rslMTJVM_normal.jpg", "profile_background_image_url_https": "https://abs.twimg.com/images/themes/theme18/bg.gif", "profile_banner_url": "https://pbs.twimg.com/profile_banners/3014019326/1512880582", "profile_background_image_url": "http://abs.twimg.com/images/themes/theme18/bg.gif", "name": "Snoopy", "lang": "en", "favourites_count": 697, "screen_name": "JeffSim75343912", "created_at": "Mon Feb 09 05:35:06 +0000 2015", "profile_sidebar_border_color": "EEEEEE"}, "urls": [], "id": 574066190521266176, "id_str": "574066190521266176"}