{"lang": "und", "in_reply_to_user_id": 16049723, "text": "@Yammer https://t.co/jb3aKIM2Si", "created_at": "Thu Mar 19 10:33:37 +0000 2015", "hashtags": [], "user_mentions": [{"id_str": "16049723", "screen_name": "Yammer", "name": "Yammer", "id": 16049723}], "source": "<a href=\"http://twitter.com/download/iphone\" rel=\"nofollow\">Twitter for iPhone</a>", "in_reply_to_status_id": 562387516964491265, "in_reply_to_screen_name": "Yammer", "user": {"profile_use_background_image": true, "id": 772700286, "profile_image_url_https": "https://pbs.twimg.com/profile_images/946527225083506688/zmj_cPvu_normal.jpg", "profile_sidebar_fill_color": "78C0A8", "profile_text_color": "5E412F", "followers_count": 17943, "location": "Cincinnati, OH", "profile_background_color": "FCEBB6", "id_str": "772700286", "statuses_count": 36037, "description": "music videos, CEO of young and corrupt, guest speaker, promoter, and manage artist. prodigious recordings", "friends_count": 212, "profile_link_color": "CE7834", "profile_image_url": "http://pbs.twimg.com/profile_images/946527225083506688/zmj_cPvu_normal.jpg", "profile_background_image_url_https": "https://abs.twimg.com/images/themes/theme1/bg.png", "profile_banner_url": "https://pbs.twimg.com/profile_banners/772700286/1495260029", "profile_background_image_url": "http://abs.twimg.com/images/themes/theme1/bg.png", "name": "JESUS", "lang": "en", "profile_background_tile": true, "favourites_count": 3959, "screen_name": "McafeeKevin", "url": "https://t.co/Frbbht0Hxa", "created_at": "Wed Aug 22 02:18:58 +0000 2012", "profile_sidebar_border_color": "F0A830", "listed_count": 98}, "urls": [{"url": "https://t.co/jb3aKIM2Si", "expanded_url": "https://youtu.be/XUCJ_HWBdbU"}], "id": 578504593203703808, "id_str": "578504593203703808"}