{"lang": "en", "in_reply_to_user_id": 13784322, "text": "@waitwait We call that felony stalking where I come from.", "created_at": "Tue Jul 14 20:06:38 +0000 2015", "hashtags": [], "user_mentions": [{"id_str": "13784322", "screen_name": "waitwait", "name": "waitwait", "id": 13784322}], "source": "<a href=\"http://twitter.com\" rel=\"nofollow\">Twitter Web Client</a>", "in_reply_to_status_id": 621025025806577664, "in_reply_to_screen_name": "waitwait", "user": {"profile_use_background_image": true, "id": 82369370, "profile_image_url_https": "https://pbs.twimg.com/profile_images/553289660835717120/SS6ZTblP_normal.png", "profile_sidebar_fill_color": "DDEEF6", "geo_enabled": true, "profile_text_color": "333333", "followers_count": 67, "location": "Texas", "profile_background_color": "C0DEED", "id_str": "82369370", "statuses_count": 1711, "description": "IT Goon, Apple Loyalist, Fixer, Bag Man, Silent Benefactor, Proud Corgi Daddy, Supporter of the Oxford Comma", "friends_count": 638, "profile_link_color": "1DA1F2", "profile_image_url": "http://pbs.twimg.com/profile_images/553289660835717120/SS6ZTblP_normal.png", "profile_background_image_url_https": "https://abs.twimg.com/images/themes/theme1/bg.png", "profile_banner_url": "https://pbs.twimg.com/profile_banners/82369370/1397064412", "profile_background_image_url": "http://abs.twimg.com/images/themes/theme1/bg.png", "name": "Patrick McMahon", "lang": "en", "favourites_count": 2973, "screen_name": "pd_mcmahon", "created_at": "Wed Oct 14 14:16:16 +0000 2009", "profile_sidebar_border_color": "C0DEED", "default_profile": true, "listed_count": 3}, "urls": [], "id": 621048176452108288, "id_str": "621048176452108288"}