{"lang": "en", "in_reply_to_user_id": 20562637, "text": "@businessinsider @Slate  Barbaric and another reason no longer interested in visiting China again", "created_at": "Sat Sep 05 15:48:21 +0000 2015", "hashtags": [], "user_mentions": [{"id_str": "20562637", "screen_name": "businessinsider", "name": "Business Insider", "id": 20562637}, {"id_str": "15164565", "screen_name": "Slate", "name": "Slate", "id": 15164565}], "source": "<a href=\"http://twitter.com/download/android\" rel=\"nofollow\">Twitter for Android</a>", "in_reply_to_status_id": 640118021101604864, "in_reply_to_screen_name": "businessinsider", "user": {"profile_use_background_image": true, "id": 35906465, "profile_image_url_https": "https://pbs.twimg.com/profile_images/2345083314/8eypn7m7kbpkye9gefzy_normal.gif", "profile_sidebar_fill_color": "DDEEF6", "geo_enabled": true, "profile_text_color": "333333", "followers_count": 194, "id_str": "35906465", "profile_background_color": "C0DEED", "listed_count": 8, "statuses_count": 11593, "description": "Passionate about mobile and politics as well as comments on fashion and pop culture", "friends_count": 262, "profile_link_color": "1DA1F2", "profile_image_url": "http://pbs.twimg.com/profile_images/2345083314/8eypn7m7kbpkye9gefzy_normal.gif", "profile_background_image_url_https": "https://abs.twimg.com/images/themes/theme1/bg.png", "profile_background_image_url": "http://abs.twimg.com/images/themes/theme1/bg.png", "name": "Yoko Nakagawa", "lang": "en", "favourites_count": 26371, "screen_name": "yokonaka", "created_at": "Mon Apr 27 23:36:37 +0000 2009", "profile_sidebar_border_color": "C0DEED", "default_profile": true}, "urls": [], "id": 640189732916301824, "id_str": "640189732916301824"}