{"lang": "en", "in_reply_to_user_id": 116559622, "text": "@TWCBreaking very close to location of earthquake.", "created_at": "Thu Sep 17 03:18:30 +0000 2015", "hashtags": [], "user_mentions": [{"id_str": "116559622", "screen_name": "TWCBreaking", "name": "TWC Breaking", "id": 116559622}], "source": "<a href=\"http://twitter.com/download/android\" rel=\"nofollow\">Twitter for Android</a>", "in_reply_to_status_id": 644321231618076673, "in_reply_to_screen_name": "TWCBreaking", "user": {"profile_use_background_image": true, "id": 389861287, "profile_image_url_https": "https://pbs.twimg.com/profile_images/832740645617819648/Vvb-2xXw_normal.jpg", "profile_sidebar_fill_color": "DDEEF6", "geo_enabled": true, "profile_text_color": "333333", "followers_count": 6, "id_str": "389861287", "profile_background_color": "C0DEED", "statuses_count": 350, "friends_count": 27, "profile_link_color": "1DA1F2", "profile_image_url": "http://pbs.twimg.com/profile_images/832740645617819648/Vvb-2xXw_normal.jpg", "profile_background_image_url_https": "https://abs.twimg.com/images/themes/theme1/bg.png", "profile_background_image_url": "http://abs.twimg.com/images/themes/theme1/bg.png", "name": "John Maloney", "lang": "en", "favourites_count": 53, "screen_name": "jrm1999", "created_at": "Thu Oct 13 03:13:06 +0000 2011", "profile_sidebar_border_color": "C0DEED", "default_profile": true}, "urls": [], "id": 644349681749884928, "id_str": "644349681749884928"}