{"lang": "en", "in_reply_to_user_id": 22084427, "text": "@robdelaney just another low blow for the autoerotic asphyxiation community. They love a bit of that.", "created_at": "Mon Oct 05 10:40:16 +0000 2015", "hashtags": [], "user_mentions": [{"id_str": "22084427", "screen_name": "robdelaney", "name": "rob delaney", "id": 22084427}], "source": "<a href=\"http://klinkerapps.com\" rel=\"nofollow\">Talon Plus</a>", "in_reply_to_status_id": 650975967146602496, "in_reply_to_screen_name": "robdelaney", "user": {"profile_use_background_image": true, "id": 18725068, "profile_image_url_https": "https://pbs.twimg.com/profile_images/2145539658/eae9148d-59ae-49c2-b8c4-2f876e14000a_normal.png", "profile_sidebar_fill_color": "DDEEF6", "profile_text_color": "333333", "followers_count": 57, "location": "UK", "profile_background_color": "C0DEED", "id_str": "18725068", "statuses_count": 3835, "description": "Vaguely human. Any disagreeable opinions expressed are those of my employer.", "friends_count": 278, "profile_link_color": "0084B4", "profile_image_url": "http://pbs.twimg.com/profile_images/2145539658/eae9148d-59ae-49c2-b8c4-2f876e14000a_normal.png", "profile_background_image_url_https": "https://abs.twimg.com/images/themes/theme1/bg.png", "profile_banner_url": "https://pbs.twimg.com/profile_banners/18725068/1440346386", "profile_background_image_url": "http://abs.twimg.com/images/themes/theme1/bg.png", "name": "amensteppa", "lang": "en", "profile_background_tile": true, "favourites_count": 238, "screen_name": "amensteppa", "created_at": "Wed Jan 07 15:37:57 +0000 2009", "profile_sidebar_border_color": "C0DEED", "listed_count": 1}, "urls": [], "id": 650983838336860160, "id_str": "650983838336860160"}