{"lang": "en", "in_reply_to_user_id": 14511951, "text": "@HuffingtonPost You are not a vegetarian if you eat meat secretly. You're a secret meat eater.", "created_at": "Fri Oct 09 05:08:49 +0000 2015", "hashtags": [], "user_mentions": [{"id_str": "854402779879804928", "screen_name": "HuffingtonPost", "name": "HuffPost", "id": 854402779879804928}], "source": "<a href=\"http://twitter.com\" rel=\"nofollow\">Twitter Web Client</a>", "in_reply_to_status_id": 652349108653551616, "in_reply_to_screen_name": "HuffPost", "user": {"lang": "nl", "statuses_count": 12055, "screen_name": "pietdezwart2", "friends_count": 278, "profile_sidebar_fill_color": "000000", "created_at": "Mon May 04 05:51:36 +0000 2015", "profile_link_color": "4A913C", "profile_image_url": "http://pbs.twimg.com/profile_images/651673644213518337/_-QC9NPH_normal.jpg", "profile_image_url_https": "https://pbs.twimg.com/profile_images/651673644213518337/_-QC9NPH_normal.jpg", "profile_text_color": "000000", "followers_count": 86, "profile_sidebar_border_color": "000000", "id_str": "3232684035", "profile_background_color": "000000", "favourites_count": 308, "profile_background_image_url_https": "https://abs.twimg.com/images/themes/theme1/bg.png", "listed_count": 6, "id": 3232684035, "profile_background_image_url": "http://abs.twimg.com/images/themes/theme1/bg.png", "name": "pietdezwart"}, "urls": [], "retweet_count": 1, "id": 652349980070543360, "favorite_count": 6, "id_str": "652349980070543360"}