{"lang": "en", "text": "When refusing to pay the 5p bag charge backfires... http://t.co/xoe4gkZ2ea", "created_at": "Sun Oct 18 18:40:43 +0000 2015", "hashtags": [], "user_mentions": [], "source": "<a href=\"http://twitter.com/download/iphone\" rel=\"nofollow\">Twitter for iPhone</a>", "user": {"profile_use_background_image": true, "id": 2677214379, "profile_image_url_https": "https://pbs.twimg.com/profile_images/582674684040372224/5tYDgj82_normal.jpg", "profile_sidebar_fill_color": "DDEEF6", "profile_text_color": "333333", "followers_count": 24481, "id_str": "2677214379", "profile_background_color": "C0DEED", "location": "UK", "statuses_count": 814, "description": "Email: randomsillyshit@outlook.com", "friends_count": 10, "profile_link_color": "1DA1F2", "profile_image_url": "http://pbs.twimg.com/profile_images/582674684040372224/5tYDgj82_normal.jpg", "profile_background_image_url_https": "https://abs.twimg.com/images/themes/theme1/bg.png", "profile_background_image_url": "http://abs.twimg.com/images/themes/theme1/bg.png", "name": "Random Silly Shit \ud83d\udd1e", "lang": "en", "favourites_count": 13, "screen_name": "randomsillyshit", "created_at": "Sat Jul 05 23:35:15 +0000 2014", "profile_sidebar_border_color": "C0DEED", "default_profile": true, "listed_count": 54}, "urls": [], "media": [{"expanded_url": "https://twitter.com/randomsillyshit/status/655815788675399680/photo/1", "display_url": "pic.twitter.com/xoe4gkZ2ea", "url": "http://t.co/xoe4gkZ2ea", "media_url_https": "https://pbs.twimg.com/media/CRns-nYWoAAjRuM.jpg", "sizes": {"large": {"h": 745, "resize": "fit", "w": 590}, "small": {"h": 680, "resize": "fit", "w": 539}, "medium": {"h": 745, "resize": "fit", "w": 590}, "thumb": {"h": 150, "resize": "crop", "w": 150}}, "type": "photo", "id": 655815781226291200, "media_url": "http://pbs.twimg.com/media/CRns-nYWoAAjRuM.jpg"}], "retweet_count": 180, "id": 655815788675399680, "favorite_count": 163, "id_str": "655815788675399680"}