{"lang": "en", "in_reply_to_user_id": 20476653, "text": "@timmyward everything he posts.", "created_at": "Sun Oct 18 18:47:56 +0000 2015", "hashtags": [], "user_mentions": [{"id_str": "20476653", "screen_name": "timmyward", "name": "Tim Ward", "id": 20476653}], "source": "<a href=\"http://twitter.com/download/iphone\" rel=\"nofollow\">Twitter for iPhone</a>", "in_reply_to_status_id": 655817028868116480, "in_reply_to_screen_name": "timmyward", "user": {"profile_use_background_image": true, "id": 46207411, "profile_image_url_https": "https://pbs.twimg.com/profile_images/995381196132675589/NEnlJX0f_normal.jpg", "profile_sidebar_fill_color": "7AC3EE", "geo_enabled": true, "profile_text_color": "3D1957", "followers_count": 387, "location": "chesterfield", "profile_background_color": "642D8B", "id_str": "46207411", "statuses_count": 5565, "description": "From town. Support town. Love house and techno music.", "friends_count": 952, "profile_link_color": "FF0000", "profile_image_url": "http://pbs.twimg.com/profile_images/995381196132675589/NEnlJX0f_normal.jpg", "profile_background_image_url_https": "https://abs.twimg.com/images/themes/theme10/bg.gif", "profile_banner_url": "https://pbs.twimg.com/profile_banners/46207411/1403362011", "profile_background_image_url": "http://abs.twimg.com/images/themes/theme10/bg.gif", "name": "scotty dog", "lang": "en", "profile_background_tile": true, "favourites_count": 1099, "screen_name": "scottie1984", "created_at": "Wed Jun 10 19:53:13 +0000 2009", "profile_sidebar_border_color": "65B0DA", "listed_count": 2}, "urls": [], "id": 655817605429743616, "favorite_count": 2, "id_str": "655817605429743616"}