{"lang": "es", "in_reply_to_user_id": 102700680, "text": "Igual los de @Davos desayunan a las 16h, qu\u00e9 sabremos nosotros de los horarios de una vida exitosa?", "created_at": "Mon Nov 02 16:32:40 +0000 2015", "hashtags": [], "user_mentions": [{"id_str": "102700680", "screen_name": "Davos", "name": "World Economic Forum", "id": 102700680}], "source": "<a href=\"http://twitter.com/download/android\" rel=\"nofollow\">Twitter for Android</a>", "in_reply_to_status_id": 661184793342775296, "in_reply_to_screen_name": "Davos", "user": {"profile_use_background_image": true, "id": 120257115, "profile_image_url_https": "https://pbs.twimg.com/profile_images/891283042026876929/3XfS-h-c_normal.jpg", "profile_sidebar_fill_color": "E8EAEB", "geo_enabled": true, "profile_text_color": "000000", "followers_count": 2956, "location": "Para-Noia (Mordor)", "profile_background_color": "E1E5E8", "id_str": "120257115", "statuses_count": 110330, "description": "Matafragas. Femirradioactiva. Filopercebeira. Clinomaniaca.", "friends_count": 570, "profile_link_color": "2A5AD4", "profile_image_url": "http://pbs.twimg.com/profile_images/891283042026876929/3XfS-h-c_normal.jpg", "profile_background_image_url_https": "https://abs.twimg.com/images/themes/theme1/bg.png", "profile_banner_url": "https://pbs.twimg.com/profile_banners/120257115/1498596168", "profile_background_image_url": "http://abs.twimg.com/images/themes/theme1/bg.png", "name": "Vero", "lang": "es", "favourites_count": 30079, "screen_name": "VeroFreire", "url": "https://t.co/gUxPqh6B0P", "created_at": "Fri Mar 05 22:58:56 +0000 2010", "profile_sidebar_border_color": "5D6163", "listed_count": 135}, "urls": [], "id": 661219381385498624, "id_str": "661219381385498624"}