{"lang": "en", "in_reply_to_user_id": 102700680, "text": "@Davos hey, unsuccessful people do that stuff to you know, but we have different word for 10.", "created_at": "Tue Nov 03 06:40:21 +0000 2015", "hashtags": [], "user_mentions": [{"id_str": "102700680", "screen_name": "Davos", "name": "World Economic Forum", "id": 102700680}], "source": "<a href=\"http://twitter.com/download/android\" rel=\"nofollow\">Twitter for Android</a>", "in_reply_to_status_id": 661184793342775296, "in_reply_to_screen_name": "Davos", "user": {"id": 615186153, "profile_image_url_https": "https://pbs.twimg.com/profile_images/934882870031679490/E7IDGehD_normal.jpg", "profile_sidebar_fill_color": "DDEEF6", "profile_text_color": "333333", "followers_count": 166, "location": "Amsterdam, London or Leeds", "profile_background_color": "ABB8C2", "id_str": "615186153", "statuses_count": 3162, "description": "Left handed | Middle child | Jew | Yorkshireman | LUFC | Astigmatic |  professional couch potato |\n\nOtherwise normal", "friends_count": 348, "profile_link_color": "1B95E0", "profile_image_url": "http://pbs.twimg.com/profile_images/934882870031679490/E7IDGehD_normal.jpg", "profile_background_image_url_https": "https://abs.twimg.com/images/themes/theme9/bg.gif", "profile_banner_url": "https://pbs.twimg.com/profile_banners/615186153/1535036959", "profile_background_image_url": "http://abs.twimg.com/images/themes/theme9/bg.gif", "name": "Ash G", "lang": "en", "favourites_count": 1125, "screen_name": "schmucklevision", "url": "https://t.co/KmBCvneD7x", "created_at": "Fri Jun 22 12:05:12 +0000 2012", "profile_sidebar_border_color": "000000", "listed_count": 5}, "urls": [], "id": 661432709466705920, "id_str": "661432709466705920"}