{"lang": "en", "in_reply_to_user_id": 22411875, "text": "@nytimes @nytimesphoto why Detroit...horrible place", "created_at": "Sat Nov 28 00:19:43 +0000 2015", "hashtags": [], "user_mentions": [{"id_str": "807095", "screen_name": "nytimes", "name": "The New York Times", "id": 807095}, {"id_str": "22411875", "screen_name": "nytimesphoto", "name": "NYT Photo", "id": 22411875}], "source": "<a href=\"http://twitter.com/download/android\" rel=\"nofollow\">Twitter for Android</a>", "in_reply_to_status_id": 670380354822348801, "in_reply_to_screen_name": "nytimesphoto", "user": {"id": 322697544, "profile_image_url_https": "https://pbs.twimg.com/profile_images/1012144200081522689/uSF-de_S_normal.jpg", "profile_sidebar_fill_color": "000000", "geo_enabled": true, "profile_text_color": "000000", "followers_count": 330, "location": "San Diego, CA", "profile_background_color": "000000", "id_str": "322697544", "statuses_count": 19120, "description": "I love books, movies and any political talk. I also discuss videogames and live stream sometimes.", "friends_count": 550, "profile_link_color": "4A913C", "profile_image_url": "http://pbs.twimg.com/profile_images/1012144200081522689/uSF-de_S_normal.jpg", "profile_background_image_url_https": "https://abs.twimg.com/images/themes/theme1/bg.png", "profile_banner_url": "https://pbs.twimg.com/profile_banners/322697544/1479347765", "profile_background_image_url": "http://abs.twimg.com/images/themes/theme1/bg.png", "name": "Confused Pug", "lang": "en", "favourites_count": 41767, "screen_name": "AndrewArocho", "created_at": "Thu Jun 23 16:07:14 +0000 2011", "profile_sidebar_border_color": "000000", "listed_count": 12}, "urls": [], "retweet_count": 1, "id": 670396618458316800, "favorite_count": 2, "id_str": "670396618458316800"}