{"lang": "en", "in_reply_to_user_id": 22411875, "text": "@nytimesphoto @nytimes And now they are famous!  Good luck to them...", "created_at": "Sat Nov 28 00:25:36 +0000 2015", "hashtags": [], "user_mentions": [{"id_str": "22411875", "screen_name": "nytimesphoto", "name": "NYT Photo", "id": 22411875}, {"id_str": "807095", "screen_name": "nytimes", "name": "The New York Times", "id": 807095}], "source": "<a href=\"http://twitter.com\" rel=\"nofollow\">Twitter Web Client</a>", "in_reply_to_status_id": 670380354822348801, "in_reply_to_screen_name": "nytimesphoto", "user": {"profile_use_background_image": true, "id": 3285132888, "profile_image_url_https": "https://pbs.twimg.com/profile_images/637096134406569984/KvzVB8Qf_normal.jpg", "profile_sidebar_fill_color": "DDEEF6", "profile_text_color": "333333", "followers_count": 265, "id_str": "3285132888", "profile_background_color": "C0DEED", "listed_count": 26, "statuses_count": 14468, "description": "Cheerleader for @realDonaldTrump", "friends_count": 237, "profile_link_color": "1DA1F2", "profile_image_url": "http://pbs.twimg.com/profile_images/637096134406569984/KvzVB8Qf_normal.jpg", "profile_background_image_url_https": "https://abs.twimg.com/images/themes/theme1/bg.png", "profile_banner_url": "https://pbs.twimg.com/profile_banners/3285132888/1453527163", "profile_background_image_url": "http://abs.twimg.com/images/themes/theme1/bg.png", "name": "Kara Fleur", "lang": "en", "favourites_count": 7792, "screen_name": "karasea737", "created_at": "Mon Jul 20 09:17:03 +0000 2015", "profile_sidebar_border_color": "C0DEED", "default_profile": true}, "urls": [], "id": 670398095528755204, "favorite_count": 1, "id_str": "670398095528755204"}