{"lang": "en", "in_reply_to_user_id": 1681324362, "text": "@NotExplained @CutPics seems legit", "created_at": "Fri Dec 18 18:20:12 +0000 2015", "hashtags": [], "user_mentions": [{"id_str": "19851491", "screen_name": "Notexplained", "name": "Unexplained", "id": 19851491}, {"id_str": "2223592103", "screen_name": "CutPics", "name": "You Had One Job", "id": 2223592103}], "source": "<a href=\"http://twitter.com/download/iphone\" rel=\"nofollow\">Twitter for iPhone</a>", "in_reply_to_status_id": 520299904934371328, "in_reply_to_screen_name": "Unexplained", "user": {"profile_use_background_image": true, "id": 313435976, "profile_image_url_https": "https://pbs.twimg.com/profile_images/955886389605826561/vMRRrv4m_normal.jpg", "profile_sidebar_fill_color": "DDEEF6", "profile_text_color": "333333", "followers_count": 128, "id_str": "313435976", "profile_background_color": "C0DEED", "location": "Orion Spur, Milky Way", "statuses_count": 6168, "description": "I'm an 85kg collection of cells that has somehow attained sentience, nice to meet you.", "friends_count": 378, "profile_link_color": "1DA1F2", "profile_image_url": "http://pbs.twimg.com/profile_images/955886389605826561/vMRRrv4m_normal.jpg", "profile_background_image_url_https": "https://abs.twimg.com/images/themes/theme1/bg.png", "profile_background_image_url": "http://abs.twimg.com/images/themes/theme1/bg.png", "name": "David Dubuis", "lang": "en", "favourites_count": 8070, "screen_name": "DavidDubuis", "created_at": "Wed Jun 08 17:09:54 +0000 2011", "profile_sidebar_border_color": "C0DEED", "default_profile": true, "listed_count": 9}, "urls": [], "id": 677916288006623232, "id_str": "677916288006623232"}