{"lang": "en", "in_reply_to_user_id": 14934818, "text": "@InStyle @TwitterFashion @KylieJenner @kourtneykardash Do you love Games? thn you must have this android game https://t.co/QZIk7LslSf", "created_at": "Mon Jan 11 09:35:34 +0000 2016", "hashtags": [], "user_mentions": [{"id_str": "14934818", "screen_name": "InStyle", "name": "InStyle", "id": 14934818}, {"id_str": "178111058", "screen_name": "TwitterFashion", "name": "Twitter Fashion", "id": 178111058}, {"id_str": "236699098", "screen_name": "KylieJenner", "name": "Kylie Jenner", "id": 236699098}, {"id_str": "23617610", "screen_name": "kourtneykardash", "name": "Kourtney Kardashian", "id": 23617610}], "source": "<a href=\"http://twitter.com\" rel=\"nofollow\">Twitter Web Client</a>", "in_reply_to_status_id": 686421576904916992, "in_reply_to_screen_name": "InStyle", "user": {"id": 4321374792, "profile_image_url_https": "https://pbs.twimg.com/profile_images/793053919098404865/mLJKkuvn_normal.jpg", "profile_sidebar_fill_color": "000000", "profile_text_color": "000000", "followers_count": 154, "id_str": "4321374792", "profile_background_color": "000000", "location": "United States", "statuses_count": 46110, "description": "Model,Singer, Poet, composer", "friends_count": 862, "profile_link_color": "1B95E0", "profile_image_url": "http://pbs.twimg.com/profile_images/793053919098404865/mLJKkuvn_normal.jpg", "profile_background_image_url_https": "https://abs.twimg.com/images/themes/theme16/bg.gif", "profile_banner_url": "https://pbs.twimg.com/profile_banners/4321374792/1477913812", "profile_background_image_url": "http://abs.twimg.com/images/themes/theme16/bg.gif", "name": "Sara Maxi", "lang": "en", "favourites_count": 29121, "screen_name": "Saramaxi007", "created_at": "Sun Nov 22 09:11:16 +0000 2015", "profile_sidebar_border_color": "000000", "listed_count": 9}, "urls": [{"url": "https://t.co/QZIk7LslSf", "expanded_url": "https://play.google.com/store/apps/details?id=com.gamesoft.crush.jewel.diamond.soda"}], "id": 686481565615026176, "favorite_count": 1, "id_str": "686481565615026176"}