{"lang": "es", "in_reply_to_user_id": 14934818, "text": "@InStyle @bilodope @EmilyBett @AishaTaylor maravillosas y divertidas \ud83d\ude0d\ud83d\udc95\ud83d\udc9e\ud83d\udc4f\ud83d\udc85\ud83d\udc4d\ud83c\udf7eestan bell\u00edsimas y me encanta verlas juntas \ud83d\ude4c\ud83d\udc4c", "created_at": "Mon Jan 11 08:23:33 +0000 2016", "hashtags": [], "user_mentions": [{"id_str": "14934818", "screen_name": "InStyle", "name": "InStyle", "id": 14934818}, {"id_str": "530817071", "screen_name": "bilodope", "name": "jean-luc bilodeau", "id": 530817071}, {"id_str": "159311024", "screen_name": "EmilyBett", "name": "Emily Bett Rickards", "id": 159311024}, {"id_str": "330503956", "screen_name": "AishaTaylor", "name": "Aisha Taylor", "id": 330503956}], "source": "<a href=\"http://twitter.com/download/android\" rel=\"nofollow\">Twitter for Android</a>", "in_reply_to_status_id": 686422922894815233, "in_reply_to_screen_name": "InStyle", "user": {"profile_use_background_image": true, "id": 306017464, "profile_image_url_https": "https://pbs.twimg.com/profile_images/609521426727575553/OazHGix4_normal.jpg", "profile_sidebar_fill_color": "000000", "geo_enabled": true, "profile_text_color": "000000", "followers_count": 946, "location": "corrientes", "profile_background_color": "0099B9", "id_str": "306017464", "statuses_count": 85713, "description": "soy estudiante ,me gusta la m\u00fasica y escuchar a las personas tratando de comprenderlas y ayudarlas, no me gusta juzgar nadie \ud83c\udfa7\ud83c\udf55\ud83c\udfb6\ud83c\udfb8\ud83d\udcda\ud83d\udcd6\ud83d\udc69\u200d\ud83c\udfeb\ud83c\udfb8", "friends_count": 1212, "profile_link_color": "0099B9", "profile_image_url": "http://pbs.twimg.com/profile_images/609521426727575553/OazHGix4_normal.jpg", "profile_background_image_url_https": "https://abs.twimg.com/images/themes/theme4/bg.gif", "profile_banner_url": "https://pbs.twimg.com/profile_banners/306017464/1500897041", "profile_background_image_url": "http://abs.twimg.com/images/themes/theme4/bg.gif", "name": "coronel alejandrina", "lang": "es", "profile_background_tile": true, "favourites_count": 85966, "screen_name": "guada_ale", "url": "https://t.co/JzP07QqAV6", "created_at": "Fri May 27 04:10:50 +0000 2011", "profile_sidebar_border_color": "000000", "listed_count": 38}, "urls": [], "place": {"full_name": "Corrientes, Argentina", "url": "https://api.twitter.com/1.1/geo/id/00a961d91f76dde8.json", "country": "Argentina", "place_type": "city", "bounding_box": {"type": "Polygon", "coordinates": [[[-58.855973, -27.537017], [-58.736291, -27.537017], [-58.736291, -27.437049], [-58.855973, -27.437049]]]}, "contained_within": [], "country_code": "AR", "attributes": {}, "id": "00a961d91f76dde8", "name": "Corrientes"}, "id": 686463444116238338, "favorite_count": 1, "id_str": "686463444116238338"}