{"lang": "en", "in_reply_to_user_id": 3646911, "text": "@empiremagazine @guardian I'm so fucking sad right now...", "created_at": "Thu Jan 14 13:00:05 +0000 2016", "hashtags": [], "user_mentions": [{"id_str": "3646911", "screen_name": "empiremagazine", "name": "Empire Magazine", "id": 3646911}, {"id_str": "87818409", "screen_name": "guardian", "name": "The Guardian", "id": 87818409}], "source": "<a href=\"http://twitter.com/download/android\" rel=\"nofollow\">Twitter for Android</a>", "in_reply_to_status_id": 687617323235147776, "in_reply_to_screen_name": "empiremagazine", "user": {"profile_use_background_image": true, "id": 436323701, "profile_image_url_https": "https://pbs.twimg.com/profile_images/1042765007090601984/d-ivxWXy_normal.jpg", "profile_sidebar_fill_color": "000000", "geo_enabled": true, "profile_text_color": "000000", "followers_count": 978, "location": "Lima, Peru", "profile_background_color": "7FDBB6", "id_str": "436323701", "statuses_count": 111925, "description": "El porno es vida\u2606 Shipeadora nivel: todos contra todos \u2606 VIP since 2007 \u2606MadeTourinMej\u00edco \u2606StillAliveTourPer\u00fa \u2606 OT5 \u2606L.I.Z.E\u2606", "friends_count": 675, "profile_link_color": "1B95E0", "profile_image_url": "http://pbs.twimg.com/profile_images/1042765007090601984/d-ivxWXy_normal.jpg", "profile_background_image_url_https": "https://abs.twimg.com/images/themes/theme9/bg.gif", "profile_banner_url": "https://pbs.twimg.com/profile_banners/436323701/1504985692", "profile_background_image_url": "http://abs.twimg.com/images/themes/theme9/bg.gif", "name": "\ud83d\udc90 Zai  \ud83d\udc90 #Bigbang", "lang": "es", "profile_background_tile": true, "favourites_count": 12089, "screen_name": "Hedwoken", "created_at": "Wed Dec 14 01:59:25 +0000 2011", "profile_sidebar_border_color": "000000", "listed_count": 13}, "urls": [], "id": 687620199101677568, "id_str": "687620199101677568"}