{"lang": "en", "in_reply_to_user_id": 3646911, "text": "@empiremagazine Close My Eyes, Truly Madly Deeply...", "created_at": "Thu Jan 14 12:58:18 +0000 2016", "hashtags": [], "user_mentions": [{"id_str": "3646911", "screen_name": "empiremagazine", "name": "Empire Magazine", "id": 3646911}], "source": "<a href=\"http://twitter.com/download/iphone\" rel=\"nofollow\">Twitter for iPhone</a>", "in_reply_to_status_id": 687617735833026560, "in_reply_to_screen_name": "empiremagazine", "user": {"profile_use_background_image": true, "id": 264190517, "profile_image_url_https": "https://pbs.twimg.com/profile_images/1041017818253336578/ULo0otyu_normal.jpg", "profile_sidebar_fill_color": "DDEEF6", "profile_text_color": "333333", "followers_count": 502, "location": "Blessing Avenue", "profile_background_color": "C0DEED", "id_str": "264190517", "statuses_count": 10596, "description": "Seeking a sip from the well of grace which brought forth A Matter of Life and Death, Chinatown and The Big Chill.", "friends_count": 363, "profile_link_color": "1DA1F2", "profile_image_url": "http://pbs.twimg.com/profile_images/1041017818253336578/ULo0otyu_normal.jpg", "profile_background_image_url_https": "https://abs.twimg.com/images/themes/theme1/bg.png", "profile_banner_url": "https://pbs.twimg.com/profile_banners/264190517/1394558921", "profile_background_image_url": "http://abs.twimg.com/images/themes/theme1/bg.png", "name": "Royston Deitch", "lang": "en", "favourites_count": 6067, "screen_name": "37filmsltd", "url": "http://t.co/rcJwv4o2Sh", "created_at": "Fri Mar 11 13:59:22 +0000 2011", "profile_sidebar_border_color": "C0DEED", "default_profile": true, "listed_count": 25}, "urls": [], "id": 687619749036036096, "favorite_count": 2, "id_str": "687619749036036096"}