{"lang": "en", "text": "Harry Potter stars react to the tragic news of Alan Rickman's death: https://t.co/PXYBOVbcPS https://t.co/mWzK4Yh6ly", "created_at": "Thu Jan 14 16:31:02 +0000 2016", "hashtags": [], "user_mentions": [], "source": "<a href=\"http://www.socialflow.com\" rel=\"nofollow\">SocialFlow</a>", "user": {"profile_use_background_image": true, "id": 2883841, "verified": true, "profile_image_url_https": "https://pbs.twimg.com/profile_images/724754009869848576/otTK78HH_normal.jpg", "profile_sidebar_fill_color": "F0F0F0", "geo_enabled": true, "profile_text_color": "0D0D0D", "followers_count": 11537405, "location": "Hollywood, CA", "profile_background_color": "FFFFFF", "id_str": "2883841", "statuses_count": 223495, "description": "Entertainment news from https://t.co/G81dlZzugA\u2014watch weeknights at 7p & 11p for the latest!", "friends_count": 118723, "profile_link_color": "00B0F0", "profile_image_url": "http://pbs.twimg.com/profile_images/724754009869848576/otTK78HH_normal.jpg", "profile_background_image_url_https": "https://abs.twimg.com/images/themes/theme1/bg.png", "profile_banner_url": "https://pbs.twimg.com/profile_banners/2883841/1471632751", "profile_background_image_url": "http://abs.twimg.com/images/themes/theme1/bg.png", "name": "E! News", "lang": "en", "favourites_count": 29854, "screen_name": "enews", "url": "https://t.co/J6mkqdLswn", "created_at": "Thu Mar 29 19:42:27 +0000 2007", "profile_sidebar_border_color": "000000", "listed_count": 35525}, "urls": [{"url": "https://t.co/PXYBOVbcPS", "expanded_url": "http://eonli.ne/1RHeqlK"}], "media": [{"expanded_url": "https://twitter.com/eonline/status/687673284436082689/photo/1", "display_url": "pic.twitter.com/mWzK4Yh6ly", "url": "https://t.co/mWzK4Yh6ly", "media_url_https": "https://pbs.twimg.com/media/CYsbNUyWcAA_BcJ.jpg", "sizes": {"small": {"h": 314, "resize": "fit", "w": 600}, "large": {"h": 314, "resize": "fit", "w": 600}, "medium": {"h": 314, "resize": "fit", "w": 600}, "thumb": {"h": 150, "resize": "crop", "w": 150}}, "type": "photo", "id": 687673283836276736, "media_url": "http://pbs.twimg.com/media/CYsbNUyWcAA_BcJ.jpg"}], "retweet_count": 424, "id": 687673284436082689, "favorite_count": 821, "id_str": "687673284436082689"}