{"lang": "und", "in_reply_to_user_id": 3646911, "text": "@empiremagazine #AlanRickman https://t.co/rMoOh2Jwkm", "created_at": "Thu Jan 14 13:00:52 +0000 2016", "hashtags": [{"text": "AlanRickman"}], "user_mentions": [{"id_str": "3646911", "screen_name": "empiremagazine", "name": "Empire Magazine", "id": 3646911}], "source": "<a href=\"http://twitter.com/download/iphone\" rel=\"nofollow\">Twitter for iPhone</a>", "in_reply_to_status_id": 687617735833026560, "in_reply_to_screen_name": "empiremagazine", "user": {"profile_use_background_image": true, "id": 145757186, "profile_image_url_https": "https://pbs.twimg.com/profile_images/1030507472459575297/NNpQltzn_normal.jpg", "profile_sidebar_fill_color": "DDEEF6", "geo_enabled": true, "profile_text_color": "333333", "followers_count": 57, "id_str": "145757186", "profile_background_color": "C0DEED", "listed_count": 2, "statuses_count": 684, "description": "Ahoy there, fancy pants", "friends_count": 292, "profile_link_color": "0084B4", "profile_image_url": "http://pbs.twimg.com/profile_images/1030507472459575297/NNpQltzn_normal.jpg", "profile_background_image_url_https": "https://abs.twimg.com/images/themes/theme1/bg.png", "profile_banner_url": "https://pbs.twimg.com/profile_banners/145757186/1444678985", "profile_background_image_url": "http://abs.twimg.com/images/themes/theme1/bg.png", "name": "Jamie Allan", "lang": "en", "favourites_count": 1806, "screen_name": "JameJame_Allan", "created_at": "Wed May 19 20:12:24 +0000 2010", "profile_sidebar_border_color": "C0DEED"}, "urls": [], "media": [{"expanded_url": "https://twitter.com/JameJame_Allan/status/687620394661064704/photo/1", "display_url": "pic.twitter.com/rMoOh2Jwkm", "url": "https://t.co/rMoOh2Jwkm", "media_url_https": "https://pbs.twimg.com/media/CYrrGXrWsAEm73J.jpg", "sizes": {"large": {"h": 426, "resize": "fit", "w": 1024}, "small": {"h": 283, "resize": "fit", "w": 680}, "medium": {"h": 426, "resize": "fit", "w": 1024}, "thumb": {"h": 150, "resize": "crop", "w": 150}}, "type": "photo", "id": 687620387795021825, "media_url": "http://pbs.twimg.com/media/CYrrGXrWsAEm73J.jpg"}], "id": 687620394661064704, "favorite_count": 1, "id_str": "687620394661064704"}