{"lang": "en", "in_reply_to_user_id": 2883841, "text": "@eonline it's little late to think that", "created_at": "Thu Jan 14 22:43:10 +0000 2016", "hashtags": [], "user_mentions": [{"id_str": "725665248280236032", "screen_name": "eonline", "name": "E! Online", "id": 725665248280236032}], "source": "<a href=\"http://twitter.com/download/iphone\" rel=\"nofollow\">Twitter for iPhone</a>", "in_reply_to_status_id": 687766167558164481, "in_reply_to_screen_name": "enews", "user": {"id": 2284211929, "profile_image_url_https": "https://pbs.twimg.com/profile_images/920732119369953281/_Q4oNTTy_normal.jpg", "profile_sidebar_fill_color": "000000", "geo_enabled": true, "profile_text_color": "000000", "followers_count": 154, "id_str": "2284211929", "profile_background_color": "000000", "listed_count": 3, "statuses_count": 4674, "description": "Not a Mundane \u27b0 I was feeling epic \u26a1\ufe0f", "friends_count": 387, "profile_link_color": "123888", "profile_image_url": "http://pbs.twimg.com/profile_images/920732119369953281/_Q4oNTTy_normal.jpg", "profile_background_image_url_https": "https://abs.twimg.com/images/themes/theme15/bg.png", "profile_banner_url": "https://pbs.twimg.com/profile_banners/2284211929/1504986294", "profile_background_image_url": "http://abs.twimg.com/images/themes/theme15/bg.png", "name": "Vasil \u00c7arhoshi", "lang": "en", "favourites_count": 4, "screen_name": "vasilcarhoshi", "created_at": "Thu Jan 09 22:37:16 +0000 2014", "profile_sidebar_border_color": "000000"}, "urls": [], "place": {"full_name": "Albania", "url": "https://api.twitter.com/1.1/geo/id/82779978c58253a6.json", "country": "Albania", "place_type": "country", "bounding_box": {"type": "Polygon", "coordinates": [[[19.26276, 39.6444968], [21.0578283, 39.6444968], [21.0578283, 42.66502], [19.26276, 42.66502]]]}, "contained_within": [], "country_code": "AL", "attributes": {}, "id": "82779978c58253a6", "name": "Albania"}, "id": 687766938316091392, "favorite_count": 1, "id_str": "687766938316091392"}