{"lang": "en", "in_reply_to_user_id": 2427658885, "text": "@Mistera22 @BBCBreaking @BBCNews Wish it were possible to shame people everywhere out of plotting deaths of people they've never met", "created_at": "Sat Jan 16 18:36:21 +0000 2016", "hashtags": [], "user_mentions": [{"id_str": "2427658885", "screen_name": "Mistera22", "name": "Allan Andrews (Andy)", "id": 2427658885}, {"id_str": "5402612", "screen_name": "BBCBreaking", "name": "BBC Breaking News", "id": 5402612}, {"id_str": "612473", "screen_name": "BBCNews", "name": "BBC News (UK)", "id": 612473}], "source": "<a href=\"http://twitter.com/download/iphone\" rel=\"nofollow\">Twitter for iPhone</a>", "in_reply_to_status_id": 688282433582682112, "in_reply_to_screen_name": "Mistera22", "user": {"profile_use_background_image": true, "id": 59714727, "profile_image_url_https": "https://pbs.twimg.com/profile_images/839293453456400384/yk89sMrr_normal.jpg", "profile_sidebar_fill_color": "E3E2DE", "profile_text_color": "634047", "followers_count": 909, "id_str": "59714727", "profile_background_color": "EDECE9", "listed_count": 36, "statuses_count": 84859, "description": "This whole dystopian business can really be carried too far, you know", "friends_count": 973, "profile_link_color": "088253", "profile_image_url": "http://pbs.twimg.com/profile_images/839293453456400384/yk89sMrr_normal.jpg", "profile_background_image_url_https": "https://abs.twimg.com/images/themes/theme3/bg.gif", "profile_banner_url": "https://pbs.twimg.com/profile_banners/59714727/1488938224", "profile_background_image_url": "http://abs.twimg.com/images/themes/theme3/bg.gif", "name": "Jean #FBICheck7/1/1982", "lang": "en", "favourites_count": 102652, "screen_name": "sineadrousse", "created_at": "Fri Jul 24 06:58:18 +0000 2009", "profile_sidebar_border_color": "D3D2CF"}, "urls": [], "id": 688429597226971138, "id_str": "688429597226971138"}