{"lang": "en", "in_reply_to_user_id": 30313925, "text": "@WhiteHouse Bush put them on his Axis of Invasion. We do not invade nuke nations. Ergo, they went racing for the bomb.", "created_at": "Sun Jan 17 02:13:04 +0000 2016", "hashtags": [], "user_mentions": [{"id_str": "822215673812119553", "screen_name": "WhiteHouse", "name": "The White House", "id": 822215673812119553}], "source": "<a href=\"http://twitter.com/download/android\" rel=\"nofollow\">Twitter for Android</a>", "in_reply_to_status_id": 688520025754304512, "in_reply_to_screen_name": "ObamaWhiteHouse", "user": {"profile_use_background_image": true, "id": 15557891, "profile_image_url_https": "https://pbs.twimg.com/profile_images/263276580/broken-green-heart_bigger_normal_normal.jpg", "profile_sidebar_fill_color": "E3E2DE", "geo_enabled": true, "profile_text_color": "413F61", "followers_count": 914, "id_str": "15557891", "profile_background_color": "E9EBE8", "listed_count": 131, "statuses_count": 167338, "friends_count": 422, "profile_link_color": "088253", "profile_image_url": "http://pbs.twimg.com/profile_images/263276580/broken-green-heart_bigger_normal_normal.jpg", "profile_background_image_url_https": "https://abs.twimg.com/images/themes/theme3/bg.gif", "profile_background_image_url": "http://abs.twimg.com/images/themes/theme3/bg.gif", "name": "aquart", "lang": "en", "favourites_count": 3544, "screen_name": "aquart", "created_at": "Wed Jul 23 08:33:51 +0000 2008", "profile_sidebar_border_color": "D3D2CF"}, "urls": [], "id": 688544533714321408, "favorite_count": 3, "id_str": "688544533714321408"}