{"lang": "en", "in_reply_to_user_id": 30313925, "text": "@WhiteHouse  What about the areas we cant inspect? This is a sham! BS propaganda by the weesles at the white house!", "created_at": "Sat Jan 16 23:38:13 +0000 2016", "hashtags": [], "user_mentions": [{"id_str": "822215673812119553", "screen_name": "WhiteHouse", "name": "The White House", "id": 822215673812119553}], "source": "<a href=\"http://twitter.com/download/android\" rel=\"nofollow\">Twitter for Android</a>", "in_reply_to_status_id": 688502260779843587, "in_reply_to_screen_name": "ObamaWhiteHouse", "user": {"profile_use_background_image": true, "id": 3763435213, "profile_image_url_https": "https://abs.twimg.com/sticky/default_profile_images/default_profile_normal.png", "profile_sidebar_fill_color": "DDEEF6", "profile_text_color": "333333", "followers_count": 1, "id_str": "3763435213", "default_profile_image": true, "statuses_count": 1213, "profile_background_color": "C0DEED", "friends_count": 3, "profile_link_color": "1DA1F2", "profile_image_url": "http://abs.twimg.com/sticky/default_profile_images/default_profile_normal.png", "profile_background_image_url_https": "https://abs.twimg.com/images/themes/theme1/bg.png", "profile_background_image_url": "http://abs.twimg.com/images/themes/theme1/bg.png", "name": "Mark", "lang": "en", "favourites_count": 418, "screen_name": "Mrk4sa", "created_at": "Fri Oct 02 22:13:22 +0000 2015", "profile_sidebar_border_color": "C0DEED", "default_profile": true}, "urls": [], "id": 688505564586901504, "id_str": "688505564586901504"}