{"lang": "en", "in_reply_to_user_id": 30313925, "text": "@WhiteHouse This was beautifully done for a beautiful start to keep people safe. Bravo", "created_at": "Sun Jan 17 00:41:08 +0000 2016", "hashtags": [], "user_mentions": [{"id_str": "822215673812119553", "screen_name": "WhiteHouse", "name": "The White House", "id": 822215673812119553}], "source": "<a href=\"http://twitter.com/download/android\" rel=\"nofollow\">Twitter for Android</a>", "in_reply_to_status_id": 688502260779843587, "in_reply_to_screen_name": "ObamaWhiteHouse", "user": {"profile_use_background_image": true, "id": 3103213542, "profile_image_url_https": "https://pbs.twimg.com/profile_images/965460161111314433/k_SRWks-_normal.jpg", "profile_sidebar_fill_color": "DDEEF6", "profile_text_color": "333333", "followers_count": 14391, "location": "HillaryVillage, CA", "profile_background_color": "C0DEED", "id_str": "3103213542", "statuses_count": 379541, "description": "#StillWithHill #HillaryDEM  Animal Lover. CRNA, LNC. Textbook contributor, NLM #Atheist #PP #AntiTRUMP #SCIENCE #RESISTANCE #OnwardTogether #WeAreThePatriots", "friends_count": 14890, "profile_link_color": "1DA1F2", "profile_image_url": "http://pbs.twimg.com/profile_images/965460161111314433/k_SRWks-_normal.jpg", "profile_background_image_url_https": "https://abs.twimg.com/images/themes/theme1/bg.png", "profile_banner_url": "https://pbs.twimg.com/profile_banners/3103213542/1464633205", "profile_background_image_url": "http://abs.twimg.com/images/themes/theme1/bg.png", "name": "DaleWillResist\ud83d\udce3", "lang": "en", "favourites_count": 272943, "screen_name": "awelab1956", "created_at": "Sun Mar 22 12:54:46 +0000 2015", "profile_sidebar_border_color": "C0DEED", "default_profile": true, "listed_count": 444}, "urls": [], "id": 688521398839455744, "id_str": "688521398839455744"}