{"lang": "en", "in_reply_to_user_id": 30313925, "text": "@WhiteHouse fact,or fiction", "created_at": "Sun Jan 17 01:31:24 +0000 2016", "hashtags": [], "user_mentions": [{"id_str": "822215673812119553", "screen_name": "WhiteHouse", "name": "The White House", "id": 822215673812119553}], "source": "<a href=\"http://twitter.com/download/android\" rel=\"nofollow\">Twitter for Android</a>", "in_reply_to_status_id": 688502260779843587, "in_reply_to_screen_name": "ObamaWhiteHouse", "user": {"profile_use_background_image": true, "id": 574557545, "profile_image_url_https": "https://pbs.twimg.com/profile_images/2201858313/onions_normal.jpg", "profile_sidebar_fill_color": "DDEEF6", "profile_text_color": "333333", "followers_count": 134, "id_str": "574557545", "profile_background_color": "C0DEED", "listed_count": 7, "statuses_count": 7442, "description": "Food,Fun,Laughter and everything in between!", "friends_count": 1009, "profile_link_color": "0084B4", "profile_image_url": "http://pbs.twimg.com/profile_images/2201858313/onions_normal.jpg", "profile_background_image_url_https": "https://abs.twimg.com/images/themes/theme1/bg.png", "profile_background_image_url": "http://abs.twimg.com/images/themes/theme1/bg.png", "name": "Onion R", "lang": "en", "profile_background_tile": true, "favourites_count": 110, "screen_name": "PaperOnion", "created_at": "Tue May 08 15:24:10 +0000 2012", "profile_sidebar_border_color": "C0DEED"}, "urls": [], "id": 688534049569124352, "id_str": "688534049569124352"}