{"lang": "en", "in_reply_to_user_id": 30313925, "text": "@WhiteHouse @jilevin Unless, of course, Hillary puts on new sanctions.", "created_at": "Sun Jan 17 06:42:12 +0000 2016", "hashtags": [], "user_mentions": [{"id_str": "822215673812119553", "screen_name": "WhiteHouse", "name": "The White House", "id": 822215673812119553}, {"id_str": "24733117", "screen_name": "jilevin", "name": "Jeffrey Levin", "id": 24733117}], "source": "<a href=\"http://twitter.com/download/android\" rel=\"nofollow\">Twitter for Android</a>", "in_reply_to_status_id": 688520025754304512, "in_reply_to_screen_name": "ObamaWhiteHouse", "user": {"profile_use_background_image": true, "id": 3473693954, "profile_image_url_https": "https://pbs.twimg.com/profile_images/668131386218254336/0sA7Xlqk_normal.jpg", "profile_sidebar_fill_color": "DDEEF6", "profile_text_color": "333333", "followers_count": 307, "id_str": "3473693954", "profile_background_color": "C0DEED", "listed_count": 14, "statuses_count": 19472, "description": "I'm just like you. A child of the Universe who doesn't really know his ass from a hole in the ground looking to make sense of it all.", "friends_count": 36, "profile_link_color": "1DA1F2", "profile_image_url": "http://pbs.twimg.com/profile_images/668131386218254336/0sA7Xlqk_normal.jpg", "profile_background_image_url_https": "https://abs.twimg.com/images/themes/theme1/bg.png", "profile_banner_url": "https://pbs.twimg.com/profile_banners/3473693954/1448578992", "profile_background_image_url": "http://abs.twimg.com/images/themes/theme1/bg.png", "name": "Eric", "lang": "en", "favourites_count": 17553, "screen_name": "Luft08", "created_at": "Sun Sep 06 19:22:53 +0000 2015", "profile_sidebar_border_color": "C0DEED", "default_profile": true}, "urls": [], "id": 688612264484581376, "id_str": "688612264484581376"}