{"lang": "tl", "in_reply_to_user_id": 30313925, "text": "@WhiteHouse @POTUS Naive!!!", "created_at": "Sun Jan 17 15:59:16 +0000 2016", "hashtags": [], "user_mentions": [{"id_str": "822215673812119553", "screen_name": "WhiteHouse", "name": "The White House", "id": 822215673812119553}, {"id_str": "822215679726100480", "screen_name": "POTUS", "name": "President Trump", "id": 822215679726100480}], "source": "<a href=\"http://twitter.com/#!/download/ipad\" rel=\"nofollow\">Twitter for iPad</a>", "in_reply_to_status_id": 688751183645782016, "in_reply_to_screen_name": "ObamaWhiteHouse", "user": {"profile_use_background_image": true, "id": 482576980, "profile_image_url_https": "https://pbs.twimg.com/profile_images/1802480619/Eagle_soring_png_1_normal.png", "profile_sidebar_fill_color": "DDEEF6", "geo_enabled": true, "profile_text_color": "333333", "followers_count": 14, "location": "Wyoming", "profile_background_color": "C0DEED", "id_str": "482576980", "statuses_count": 217, "description": "Retired USAF. Working to return this  Country back to a Constitutional Government! Away from the Socialist European style Government some are striving for today", "friends_count": 119, "profile_link_color": "1DA1F2", "profile_image_url": "http://pbs.twimg.com/profile_images/1802480619/Eagle_soring_png_1_normal.png", "profile_background_image_url_https": "https://abs.twimg.com/images/themes/theme1/bg.png", "profile_background_image_url": "http://abs.twimg.com/images/themes/theme1/bg.png", "name": "Albee4ty5", "lang": "en", "favourites_count": 81, "screen_name": "Albee4ty5", "created_at": "Sat Feb 04 02:32:43 +0000 2012", "profile_sidebar_border_color": "C0DEED", "default_profile": true}, "urls": [], "id": 688752457283813376, "id_str": "688752457283813376"}