{"lang": "en", "in_reply_to_user_id": 30313925, "text": "@WhiteHouse @masspa1024 @POTUS NOT Obama. Led to the table by Russia who he also wants to remain an enemy. Practice what you preach!", "created_at": "Sun Jan 17 15:56:54 +0000 2016", "hashtags": [], "user_mentions": [{"id_str": "822215673812119553", "screen_name": "WhiteHouse", "name": "The White House", "id": 822215673812119553}, {"id_str": "4785442289", "screen_name": "masspa1024", "name": "Masspa1024", "id": 4785442289}, {"id_str": "822215679726100480", "screen_name": "POTUS", "name": "President Trump", "id": 822215679726100480}], "source": "<a href=\"http://twitter.com\" rel=\"nofollow\">Twitter Web Client</a>", "in_reply_to_status_id": 688751183645782016, "in_reply_to_screen_name": "ObamaWhiteHouse", "user": {"lang": "en", "default_profile": true, "statuses_count": 1936, "screen_name": "OutragedNo1", "friends_count": 675, "profile_use_background_image": true, "profile_link_color": "1DA1F2", "created_at": "Sun Jan 17 12:22:18 +0000 2016", "profile_sidebar_fill_color": "DDEEF6", "profile_image_url": "http://pbs.twimg.com/profile_images/688698552403496961/6b3-YoV-_normal.jpg", "profile_image_url_https": "https://pbs.twimg.com/profile_images/688698552403496961/6b3-YoV-_normal.jpg", "profile_text_color": "333333", "followers_count": 239, "profile_sidebar_border_color": "C0DEED", "id_str": "4820909939", "profile_background_color": "F5F8FA", "favourites_count": 756, "id": 4820909939, "name": "BUNCH Dolster"}, "urls": [], "id": 688751861646626817, "id_str": "688751861646626817"}