{"lang": "en", "in_reply_to_user_id": 30313925, "text": "@WhiteHouse @POTUS Yea you are just one of a kind alright... I can't even watch this guy any more.", "created_at": "Sun Jan 17 17:06:54 +0000 2016", "hashtags": [], "user_mentions": [{"id_str": "822215673812119553", "screen_name": "WhiteHouse", "name": "The White House", "id": 822215673812119553}, {"id_str": "822215679726100480", "screen_name": "POTUS", "name": "President Trump", "id": 822215679726100480}], "source": "<a href=\"http://twitter.com/download/android\" rel=\"nofollow\">Twitter for Android</a>", "in_reply_to_status_id": 688763993633107968, "in_reply_to_screen_name": "ObamaWhiteHouse", "user": {"profile_use_background_image": true, "id": 917944788, "profile_image_url_https": "https://pbs.twimg.com/profile_images/1042540288743563266/BWyuC5oy_normal.jpg", "profile_sidebar_fill_color": "DDEEF6", "profile_text_color": "333333", "followers_count": 67, "location": "Chicago, IL", "profile_background_color": "C0DEED", "id_str": "917944788", "statuses_count": 427, "description": "Freedom, self reliance, individual responsibility. Life, liberty, and the pursuit of happiness - that's all America owes you. Want more? Go earn it!", "friends_count": 639, "profile_link_color": "1DA1F2", "profile_image_url": "http://pbs.twimg.com/profile_images/1042540288743563266/BWyuC5oy_normal.jpg", "profile_background_image_url_https": "https://abs.twimg.com/images/themes/theme1/bg.png", "profile_banner_url": "https://pbs.twimg.com/profile_banners/917944788/1368847252", "profile_background_image_url": "http://abs.twimg.com/images/themes/theme1/bg.png", "name": "Tony Dee", "lang": "en", "favourites_count": 1879, "screen_name": "tondubo45", "url": "https://t.co/Uq8LE07gcr", "created_at": "Thu Nov 01 00:38:16 +0000 2012", "profile_sidebar_border_color": "C0DEED", "default_profile": true}, "urls": [], "id": 688769475177394176, "id_str": "688769475177394176"}