{"lang": "en", "in_reply_to_user_id": 30313925, "text": "@WhiteHouse \nI look around at this planet and realize.\nAll will suffer the sequence of nukes.\nCommon people will die, governments will go on", "created_at": "Sun Jan 17 15:20:25 +0000 2016", "hashtags": [], "user_mentions": [{"id_str": "822215673812119553", "screen_name": "WhiteHouse", "name": "The White House", "id": 822215673812119553}], "source": "<a href=\"http://twitter.com/download/android\" rel=\"nofollow\">Twitter for Android</a>", "in_reply_to_status_id": 688520025754304512, "in_reply_to_screen_name": "ObamaWhiteHouse", "user": {"profile_use_background_image": true, "id": 2178258726, "profile_image_url_https": "https://pbs.twimg.com/profile_images/524201560864460801/Q20ADs_q_normal.jpeg", "profile_sidebar_fill_color": "DDEEF6", "geo_enabled": true, "profile_text_color": "333333", "followers_count": 740, "id_str": "2178258726", "profile_background_color": "C0DEED", "listed_count": 9, "statuses_count": 11449, "description": "I STAND WITH THE FATHER AND SON, THE HOLY GHOST. The Constitution is our law, compatriots unite.", "friends_count": 851, "profile_link_color": "1DA1F2", "profile_image_url": "http://pbs.twimg.com/profile_images/524201560864460801/Q20ADs_q_normal.jpeg", "profile_background_image_url_https": "https://abs.twimg.com/images/themes/theme1/bg.png", "profile_banner_url": "https://pbs.twimg.com/profile_banners/2178258726/1449965317", "profile_background_image_url": "http://abs.twimg.com/images/themes/theme1/bg.png", "name": "D.R.H.", "lang": "en", "favourites_count": 10956, "screen_name": "pouroutone", "created_at": "Wed Nov 06 15:10:59 +0000 2013", "profile_sidebar_border_color": "C0DEED", "default_profile": true}, "urls": [], "id": 688742678553473024, "id_str": "688742678553473024"}