{"lang": "und", "in_reply_to_user_id": 30313925, "text": "@WhiteHouse @POTUS huh", "created_at": "Sun Jan 17 19:17:43 +0000 2016", "hashtags": [], "user_mentions": [{"id_str": "822215673812119553", "screen_name": "WhiteHouse", "name": "The White House", "id": 822215673812119553}, {"id_str": "822215679726100480", "screen_name": "POTUS", "name": "President Trump", "id": 822215679726100480}], "source": "<a href=\"http://twitter.com/download/android\" rel=\"nofollow\">Twitter for Android</a>", "in_reply_to_status_id": 688751183645782016, "in_reply_to_screen_name": "ObamaWhiteHouse", "user": {"profile_use_background_image": true, "id": 2189239438, "profile_image_url_https": "https://pbs.twimg.com/profile_images/552265140926967808/OG0tWS7g_normal.jpeg", "profile_sidebar_fill_color": "DDEEF6", "profile_text_color": "333333", "followers_count": 37, "id_str": "2189239438", "profile_background_color": "C0DEED", "location": "Manhattan, KS", "statuses_count": 91, "friends_count": 167, "profile_link_color": "1DA1F2", "profile_image_url": "http://pbs.twimg.com/profile_images/552265140926967808/OG0tWS7g_normal.jpeg", "profile_background_image_url_https": "https://abs.twimg.com/images/themes/theme1/bg.png", "profile_banner_url": "https://pbs.twimg.com/profile_banners/2189239438/1420505353", "profile_background_image_url": "http://abs.twimg.com/images/themes/theme1/bg.png", "name": "HEBREWFAJARDO", "lang": "en", "favourites_count": 8, "screen_name": "hebreo537", "created_at": "Wed Nov 20 18:51:11 +0000 2013", "profile_sidebar_border_color": "C0DEED", "default_profile": true}, "urls": [], "id": 688802398970593280, "id_str": "688802398970593280"}