{"lang": "en", "in_reply_to_user_id": 5402612, "text": "@BBCBreaking Read:\"Heated Debate on #Sauna #Health Benefits\" at https://t.co/ugYg6BBPaF #medicine #fitness #sex https://t.co/CwK2QAuQJk", "created_at": "Tue Jan 19 06:54:41 +0000 2016", "hashtags": [{"text": "Sauna"}, {"text": "Health"}, {"text": "medicine"}, {"text": "fitness"}, {"text": "sex"}], "user_mentions": [{"id_str": "5402612", "screen_name": "BBCBreaking", "name": "BBC Breaking News", "id": 5402612}], "source": "<a href=\"http://twitter.com\" rel=\"nofollow\">Twitter Web Client</a>", "in_reply_to_status_id": 689103487880310785, "in_reply_to_screen_name": "BBCBreaking", "user": {"profile_use_background_image": true, "id": 3279189992, "profile_image_url_https": "https://pbs.twimg.com/profile_images/620809545602850816/5IJ0YIc9_normal.jpg", "profile_sidebar_fill_color": "DDEEF6", "profile_text_color": "333333", "followers_count": 2929, "id_str": "3279189992", "profile_background_color": "C0DEED", "listed_count": 229, "statuses_count": 29495, "description": "Doctor Garrett is a specialist in medical/ health data analysis. He is also a fitness enthusiast and creator of the Spanking FIT website. OVER 18 ONLY!", "friends_count": 4950, "profile_link_color": "1DA1F2", "profile_image_url": "http://pbs.twimg.com/profile_images/620809545602850816/5IJ0YIc9_normal.jpg", "profile_background_image_url_https": "https://abs.twimg.com/images/themes/theme1/bg.png", "profile_background_image_url": "http://abs.twimg.com/images/themes/theme1/bg.png", "name": "Doctor Garrett", "lang": "en", "favourites_count": 8716, "screen_name": "doctor_garrett", "url": "http://t.co/OKS8D0kOBY", "created_at": "Tue Jul 14 04:12:34 +0000 2015", "profile_sidebar_border_color": "C0DEED", "default_profile": true}, "urls": [{"url": "https://t.co/ugYg6BBPaF", "expanded_url": "http://www.spankingfit.com/"}], "media": [{"expanded_url": "https://twitter.com/doctor_garrett/status/689340184412856321/photo/1", "display_url": "pic.twitter.com/CwK2QAuQJk", "url": "https://t.co/CwK2QAuQJk", "media_url_https": "https://pbs.twimg.com/media/CZEHPnTUAAE1laq.jpg", "sizes": {"large": {"h": 768, "resize": "fit", "w": 1024}, "small": {"h": 510, "resize": "fit", "w": 680}, "medium": {"h": 768, "resize": "fit", "w": 1024}, "thumb": {"h": 150, "resize": "crop", "w": 150}}, "type": "photo", "id": 689340182793814017, "media_url": "http://pbs.twimg.com/media/CZEHPnTUAAE1laq.jpg"}], "id": 689340184412856321, "id_str": "689340184412856321"}