{"lang": "en", "in_reply_to_user_id": 5402612, "text": "@BBCBreaking @BBCNews Oh gosh it happens by another one of tht era! Gone &amp; booked in 'Sky' Hotel instead of US state https://t.co/lXVSOstfHr", "created_at": "Tue Jan 19 05:05:18 +0000 2016", "hashtags": [], "user_mentions": [{"id_str": "5402612", "screen_name": "BBCBreaking", "name": "BBC Breaking News", "id": 5402612}, {"id_str": "612473", "screen_name": "BBCNews", "name": "BBC News (UK)", "id": 612473}], "source": "<a href=\"http://twitter.com/#!/download/ipad\" rel=\"nofollow\">Twitter for iPad</a>", "in_reply_to_status_id": 689208632148365314, "in_reply_to_screen_name": "BBCBreaking", "user": {"profile_use_background_image": true, "id": 204376428, "profile_image_url_https": "https://abs.twimg.com/sticky/default_profile_images/default_profile_normal.png", "profile_sidebar_fill_color": "DDEEF6", "profile_text_color": "333333", "followers_count": 132, "location": "essex", "default_profile_image": true, "id_str": "204376428", "statuses_count": 21413, "profile_background_color": "C0DEED", "friends_count": 158, "profile_link_color": "1DA1F2", "profile_image_url": "http://abs.twimg.com/sticky/default_profile_images/default_profile_normal.png", "profile_background_image_url_https": "https://abs.twimg.com/images/themes/theme1/bg.png", "profile_banner_url": "https://pbs.twimg.com/profile_banners/204376428/1362762541", "profile_background_image_url": "http://abs.twimg.com/images/themes/theme1/bg.png", "name": "Brenda", "lang": "en", "favourites_count": 6724, "screen_name": "worldcatlover", "created_at": "Mon Oct 18 15:21:13 +0000 2010", "profile_sidebar_border_color": "C0DEED", "default_profile": true, "listed_count": 8}, "urls": [{"url": "https://t.co/lXVSOstfHr", "expanded_url": "http://one.RIP"}], "id": 689312654792486913, "id_str": "689312654792486913"}