{"lang": "en", "in_reply_to_user_id": 102700680, "text": "@Davos bullshit they do", "created_at": "Tue Jan 19 07:29:09 +0000 2016", "hashtags": [], "user_mentions": [{"id_str": "102700680", "screen_name": "Davos", "name": "World Economic Forum", "id": 102700680}], "source": "<a href=\"http://twitter.com/download/iphone\" rel=\"nofollow\">Twitter for iPhone</a>", "in_reply_to_status_id": 661184793342775296, "in_reply_to_screen_name": "Davos", "user": {"profile_use_background_image": true, "id": 3880181953, "profile_image_url_https": "https://pbs.twimg.com/profile_images/653902449804079104/btGCN5cn_normal.jpg", "profile_sidebar_fill_color": "DDEEF6", "profile_text_color": "333333", "followers_count": 486, "id_str": "3880181953", "profile_background_color": "C0DEED", "listed_count": 34, "statuses_count": 756, "description": "News and views on the world of connected technology, data science & innovation in business & social enterprises. All tweets & opinions are my own.", "friends_count": 2105, "profile_link_color": "1DA1F2", "profile_image_url": "http://pbs.twimg.com/profile_images/653902449804079104/btGCN5cn_normal.jpg", "profile_background_image_url_https": "https://abs.twimg.com/images/themes/theme1/bg.png", "profile_banner_url": "https://pbs.twimg.com/profile_banners/3880181953/1490508292", "profile_background_image_url": "http://abs.twimg.com/images/themes/theme1/bg.png", "name": "Ashley Dalton", "lang": "en", "favourites_count": 1502, "screen_name": "ashleydaltonIT", "created_at": "Tue Oct 13 11:34:15 +0000 2015", "profile_sidebar_border_color": "C0DEED", "default_profile": true}, "urls": [], "id": 689348856538988544, "id_str": "689348856538988544"}