{"lang": "en", "in_reply_to_user_id": 102700680, "text": "@Davos 15. Put on pyjamas and head back to bed, completely exhausted?", "created_at": "Tue Jan 19 13:39:59 +0000 2016", "hashtags": [], "user_mentions": [{"id_str": "102700680", "screen_name": "Davos", "name": "World Economic Forum", "id": 102700680}], "source": "<a href=\"http://twitter.com\" rel=\"nofollow\">Twitter Web Client</a>", "in_reply_to_status_id": 661184793342775296, "in_reply_to_screen_name": "Davos", "user": {"profile_use_background_image": true, "id": 40317274, "profile_image_url_https": "https://pbs.twimg.com/profile_images/534880722754863107/43jkT5IV_normal.jpeg", "profile_sidebar_fill_color": "DDEEF6", "geo_enabled": true, "profile_text_color": "0084B4", "followers_count": 2174, "location": "Glasgow", "profile_background_color": "131516", "id_str": "40317274", "statuses_count": 10783, "description": "BBC journalist. For the sake of clarity not *that* Craig Brown or, for that matter, *that* Craig Brown. All views stated are my own.", "friends_count": 2517, "profile_link_color": "FAB81E", "profile_image_url": "http://pbs.twimg.com/profile_images/534880722754863107/43jkT5IV_normal.jpeg", "profile_background_image_url_https": "https://abs.twimg.com/images/themes/theme1/bg.png", "profile_banner_url": "https://pbs.twimg.com/profile_banners/40317274/1524854232", "profile_background_image_url": "http://abs.twimg.com/images/themes/theme1/bg.png", "name": "Craig Brown", "lang": "en", "profile_background_tile": true, "favourites_count": 9173, "screen_name": "sloan1874", "created_at": "Fri May 15 19:49:36 +0000 2009", "profile_sidebar_border_color": "C0DEED", "listed_count": 52}, "urls": [], "id": 689442177861062656, "id_str": "689442177861062656"}