{"lang": "en", "in_reply_to_user_id": 87416722, "text": "@SkyNewsBreak BACARY SAGNA HE PLAYS AT THE BACK", "created_at": "Tue Jan 19 21:20:11 +0000 2016", "hashtags": [], "user_mentions": [{"id_str": "87416722", "screen_name": "SkyNewsBreak", "name": "Sky News Breaking", "id": 87416722}], "source": "<a href=\"http://twitter.com/download/android\" rel=\"nofollow\">Twitter for Android</a>", "in_reply_to_status_id": 689549346875031552, "in_reply_to_screen_name": "SkyNewsBreak", "user": {"id": 1908791004, "profile_image_url_https": "https://pbs.twimg.com/profile_images/1039988651801956352/ZHpx2Z6O_normal.jpg", "profile_sidebar_fill_color": "000000", "geo_enabled": true, "profile_text_color": "000000", "followers_count": 406, "location": "Newcastle, England.", "profile_background_color": "000000", "id_str": "1908791004", "statuses_count": 40883, "description": "19 | Espa\u00f1ol/English | Love @GatesheadFC. | Digital Film Production at UoS. | As Geordie as it gets.", "friends_count": 966, "profile_link_color": "210B61", "profile_image_url": "http://pbs.twimg.com/profile_images/1039988651801956352/ZHpx2Z6O_normal.jpg", "profile_background_image_url_https": "https://abs.twimg.com/images/themes/theme1/bg.png", "profile_banner_url": "https://pbs.twimg.com/profile_banners/1908791004/1531233062", "profile_background_image_url": "http://abs.twimg.com/images/themes/theme1/bg.png", "name": "Emilio Andres Leal Kirtley", "lang": "en", "favourites_count": 36509, "screen_name": "Emilioreo", "url": "https://t.co/0sw0LoX4y6", "created_at": "Thu Sep 26 18:39:17 +0000 2013", "profile_sidebar_border_color": "000000", "listed_count": 14}, "urls": [], "id": 689557992937758723, "id_str": "689557992937758723"}