{"lang": "en", "in_reply_to_user_id": 5402612, "text": "@BBCBreaking @BBCNews Aw, who's Corbyn going to send Christmas cards to now?", "created_at": "Tue Jan 19 21:41:10 +0000 2016", "hashtags": [], "user_mentions": [{"id_str": "5402612", "screen_name": "BBCBreaking", "name": "BBC Breaking News", "id": 5402612}, {"id_str": "612473", "screen_name": "BBCNews", "name": "BBC News (UK)", "id": 612473}], "source": "<a href=\"http://twitter.com/download/android\" rel=\"nofollow\">Twitter for Android</a>", "in_reply_to_status_id": 689555819059351552, "in_reply_to_screen_name": "BBCBreaking", "user": {"profile_use_background_image": true, "id": 3295523574, "profile_image_url_https": "https://pbs.twimg.com/profile_images/742984006380195840/YPpidncs_normal.jpg", "profile_sidebar_fill_color": "DDEEF6", "profile_text_color": "333333", "followers_count": 127, "location": "Sheffield, England", "profile_background_color": "C0DEED", "id_str": "3295523574", "statuses_count": 4337, "description": "Landed in 1969. Family first, last and in the middle. A cloudburst doesn't last all day.", "friends_count": 287, "profile_link_color": "1DA1F2", "profile_image_url": "http://pbs.twimg.com/profile_images/742984006380195840/YPpidncs_normal.jpg", "profile_background_image_url_https": "https://abs.twimg.com/images/themes/theme1/bg.png", "profile_banner_url": "https://pbs.twimg.com/profile_banners/3295523574/1438887552", "profile_background_image_url": "http://abs.twimg.com/images/themes/theme1/bg.png", "name": "David L. Fairey", "lang": "en", "favourites_count": 2125, "screen_name": "daveleefairey", "created_at": "Sun Jul 26 16:15:27 +0000 2015", "profile_sidebar_border_color": "C0DEED", "default_profile": true, "listed_count": 1}, "urls": [], "id": 689563275323916288, "id_str": "689563275323916288"}