{"lang": "en", "in_reply_to_user_id": 5402612, "text": "@BBCBreaking Best news so far this year.", "created_at": "Tue Jan 19 21:14:48 +0000 2016", "hashtags": [], "user_mentions": [{"id_str": "5402612", "screen_name": "BBCBreaking", "name": "BBC Breaking News", "id": 5402612}], "source": "<a href=\"http://twitter.com/download/android\" rel=\"nofollow\">Twitter for Android</a>", "in_reply_to_status_id": 689555819059351552, "in_reply_to_screen_name": "BBCBreaking", "user": {"id": 3058363025, "profile_image_url_https": "https://pbs.twimg.com/profile_images/914573042692575232/0MHzIWJT_normal.jpg", "profile_sidebar_fill_color": "000000", "geo_enabled": true, "profile_text_color": "000000", "followers_count": 442, "location": "Hitchin, near London, England", "profile_background_color": "000000", "id_str": "3058363025", "statuses_count": 10662, "description": "I think, for myself, therefore I am atheist.", "friends_count": 515, "profile_link_color": "ABB8C2", "profile_image_url": "http://pbs.twimg.com/profile_images/914573042692575232/0MHzIWJT_normal.jpg", "profile_background_image_url_https": "https://abs.twimg.com/images/themes/theme1/bg.png", "profile_banner_url": "https://pbs.twimg.com/profile_banners/3058363025/1499203388", "profile_background_image_url": "http://abs.twimg.com/images/themes/theme1/bg.png", "name": "Despite Brexit", "lang": "en", "favourites_count": 1312, "screen_name": "FairfieldTim", "created_at": "Tue Feb 24 07:56:10 +0000 2015", "profile_sidebar_border_color": "000000", "listed_count": 10}, "urls": [], "id": 689556637389033472, "id_str": "689556637389033472"}