{"lang": "en", "in_reply_to_user_id": 87416722, "text": "@SkyNewsBreak @SkyNews worst kept secret since @Number10gov poked a pig with his tallywhacker", "created_at": "Tue Jan 19 21:02:05 +0000 2016", "hashtags": [], "user_mentions": [{"id_str": "87416722", "screen_name": "SkyNewsBreak", "name": "Sky News Breaking", "id": 87416722}, {"id_str": "7587032", "screen_name": "SkyNews", "name": "Sky News", "id": 7587032}, {"id_str": "963912251068571648", "screen_name": "number10gov", "name": "(UK Prime Minister)", "id": 963912251068571648}], "source": "<a href=\"http://twitter.com/download/iphone\" rel=\"nofollow\">Twitter for iPhone</a>", "in_reply_to_status_id": 689549346875031552, "in_reply_to_screen_name": "SkyNewsBreak", "user": {"profile_use_background_image": true, "id": 2820660639, "profile_image_url_https": "https://pbs.twimg.com/profile_images/814546962708135936/-dgit7Fi_normal.jpg", "profile_sidebar_fill_color": "DDEEF6", "geo_enabled": true, "profile_text_color": "333333", "followers_count": 141, "id_str": "2820660639", "profile_background_color": "C0DEED", "listed_count": 13, "statuses_count": 14683, "friends_count": 265, "profile_link_color": "1DA1F2", "profile_image_url": "http://pbs.twimg.com/profile_images/814546962708135936/-dgit7Fi_normal.jpg", "profile_background_image_url_https": "https://abs.twimg.com/images/themes/theme1/bg.png", "profile_background_image_url": "http://abs.twimg.com/images/themes/theme1/bg.png", "name": "Barreh", "lang": "en-GB", "favourites_count": 23645, "screen_name": "mduggan64", "created_at": "Thu Oct 09 22:06:43 +0000 2014", "profile_sidebar_border_color": "C0DEED", "default_profile": true}, "urls": [], "id": 689553436761800705, "id_str": "689553436761800705"}