{"lang": "en", "in_reply_to_user_id": 5402612, "text": "@BBCBreaking @BBCWorld @BBCNews Good, now stop running around in the bushes and join society", "created_at": "Tue Jan 19 20:24:33 +0000 2016", "hashtags": [], "user_mentions": [{"id_str": "5402612", "screen_name": "BBCBreaking", "name": "BBC Breaking News", "id": 5402612}, {"id_str": "742143", "screen_name": "BBCWorld", "name": "BBC News (World)", "id": 742143}, {"id_str": "612473", "screen_name": "BBCNews", "name": "BBC News (UK)", "id": 612473}], "source": "<a href=\"http://twitter.com/download/android\" rel=\"nofollow\">Twitter for Android</a>", "in_reply_to_status_id": 689529955294777344, "in_reply_to_screen_name": "BBCBreaking", "user": {"lang": "en", "default_profile": true, "id_str": "4782581030", "statuses_count": 57, "screen_name": "LadyHollman", "friends_count": 28, "profile_use_background_image": true, "profile_link_color": "1DA1F2", "created_at": "Tue Jan 19 10:31:31 +0000 2016", "profile_sidebar_fill_color": "DDEEF6", "profile_image_url": "http://pbs.twimg.com/profile_images/689421231355867136/0Gqq6QHq_normal.jpg", "profile_image_url_https": "https://pbs.twimg.com/profile_images/689421231355867136/0Gqq6QHq_normal.jpg", "profile_text_color": "333333", "followers_count": 8, "profile_sidebar_border_color": "C0DEED", "location": "Maryland, USA", "profile_background_color": "F5F8FA", "favourites_count": 61, "profile_banner_url": "https://pbs.twimg.com/profile_banners/4782581030/1453205804", "id": 4782581030, "name": "Lady Hollman"}, "urls": [], "id": 689543990094516224, "id_str": "689543990094516224"}