{"lang": "en", "in_reply_to_user_id": 87416722, "text": "@SkyNewsBreak Islamic state have claimed responsibility", "created_at": "Tue Jan 19 20:46:19 +0000 2016", "hashtags": [], "user_mentions": [{"id_str": "87416722", "screen_name": "SkyNewsBreak", "name": "Sky News Breaking", "id": 87416722}], "source": "<a href=\"http://twitter.com/#!/download/ipad\" rel=\"nofollow\">Twitter for iPad</a>", "in_reply_to_status_id": 689549346875031552, "in_reply_to_screen_name": "SkyNewsBreak", "user": {"profile_use_background_image": true, "id": 1523338453, "profile_image_url_https": "https://pbs.twimg.com/profile_images/906082039249633281/QmJlogfK_normal.jpg", "profile_sidebar_fill_color": "EFEFEF", "geo_enabled": true, "profile_text_color": "333333", "followers_count": 330, "location": "Newcastle / Lancashire ", "profile_background_color": "FFF04D", "id_str": "1523338453", "statuses_count": 5281, "description": "The Bonleh", "friends_count": 224, "profile_link_color": "0099CC", "profile_image_url": "http://pbs.twimg.com/profile_images/906082039249633281/QmJlogfK_normal.jpg", "profile_background_image_url_https": "https://abs.twimg.com/images/themes/theme14/bg.gif", "profile_banner_url": "https://pbs.twimg.com/profile_banners/1523338453/1535577411", "profile_background_image_url": "http://abs.twimg.com/images/themes/theme14/bg.gif", "name": "s\u1d00\u1d0d.", "lang": "en", "profile_background_tile": true, "favourites_count": 9404, "screen_name": "_sgrocott", "created_at": "Sun Jun 16 21:58:15 +0000 2013", "profile_sidebar_border_color": "FFFFFF", "listed_count": 5}, "urls": [], "retweet_count": 1, "id": 689549470988668928, "favorite_count": 6, "id_str": "689549470988668928"}