{"lang": "en", "in_reply_to_user_id": 5971922, "text": "@BoingBoing Who's that Bald headed FREAK - Looks like a serail killer to me https://t.co/hjdJrvTFZG", "created_at": "Wed Jan 20 19:33:26 +0000 2016", "hashtags": [], "user_mentions": [{"id_str": "5971922", "screen_name": "BoingBoing", "name": "Boing Boing", "id": 5971922}], "source": "<a href=\"http://twitter.com\" rel=\"nofollow\">Twitter Web Client</a>", "in_reply_to_status_id": 689799953330368513, "in_reply_to_screen_name": "BoingBoing", "user": {"id": 2724404119, "profile_image_url_https": "https://pbs.twimg.com/profile_images/1039010200928247808/pPzeA0xO_normal.jpg", "profile_sidebar_fill_color": "000000", "geo_enabled": true, "profile_text_color": "000000", "followers_count": 8110, "location": "MEXICFORNIA", "profile_background_color": "000000", "id_str": "2724404119", "statuses_count": 50638, "description": "#MAGA #RADICALConservative #ManMadeGlobalWarmingDenier #NOWHINERS  #IBLOCKLiberals", "friends_count": 8832, "profile_link_color": "1B95E0", "profile_image_url": "http://pbs.twimg.com/profile_images/1039010200928247808/pPzeA0xO_normal.jpg", "profile_background_image_url_https": "https://abs.twimg.com/images/themes/theme1/bg.png", "profile_banner_url": "https://pbs.twimg.com/profile_banners/2724404119/1513754010", "profile_background_image_url": "http://abs.twimg.com/images/themes/theme1/bg.png", "name": "Meme_Overlord  \ud83c\udf1f", "lang": "en", "favourites_count": 197, "screen_name": "Proud__Infidel", "created_at": "Mon Aug 11 17:43:15 +0000 2014", "profile_sidebar_border_color": "000000", "listed_count": 40}, "urls": [], "media": [{"expanded_url": "https://twitter.com/Proud__Infidel/status/689893516827168769/photo/1", "display_url": "pic.twitter.com/hjdJrvTFZG", "url": "https://t.co/hjdJrvTFZG", "media_url_https": "https://pbs.twimg.com/media/CZL-f3SVAAEhE7i.jpg", "sizes": {"small": {"h": 337, "resize": "fit", "w": 599}, "large": {"h": 337, "resize": "fit", "w": 599}, "medium": {"h": 337, "resize": "fit", "w": 599}, "thumb": {"h": 150, "resize": "crop", "w": 150}}, "type": "photo", "id": 689893516311330817, "media_url": "http://pbs.twimg.com/media/CZL-f3SVAAEhE7i.jpg"}], "id": 689893516827168769, "id_str": "689893516827168769"}