{"lang": "en", "in_reply_to_user_id": 5402612, "text": "@BBCBreaking @BBCNews I bet it was Putin his food", "created_at": "Fri Jan 22 01:38:17 +0000 2016", "hashtags": [], "user_mentions": [{"id_str": "5402612", "screen_name": "BBCBreaking", "name": "BBC Breaking News", "id": 5402612}, {"id_str": "612473", "screen_name": "BBCNews", "name": "BBC News (UK)", "id": 612473}], "source": "<a href=\"http://twitter.com/download/iphone\" rel=\"nofollow\">Twitter for iPhone</a>", "in_reply_to_status_id": 690137637810761728, "in_reply_to_screen_name": "BBCBreaking", "user": {"profile_use_background_image": true, "id": 3281917430, "profile_image_url_https": "https://pbs.twimg.com/profile_images/621839216402534400/zsEwhokg_normal.jpg", "profile_sidebar_fill_color": "DDEEF6", "profile_text_color": "333333", "followers_count": 8, "location": "buried under a pile of irony", "profile_background_color": "C0DEED", "id_str": "3281917430", "statuses_count": 27, "description": "when life gets you down,\nhold that frown,\nset your enemies on fire \ntill theyre golden brown", "friends_count": 53, "profile_link_color": "1DA1F2", "profile_image_url": "http://pbs.twimg.com/profile_images/621839216402534400/zsEwhokg_normal.jpg", "profile_background_image_url_https": "https://abs.twimg.com/images/themes/theme1/bg.png", "profile_banner_url": "https://pbs.twimg.com/profile_banners/3281917430/1437095720", "profile_background_image_url": "http://abs.twimg.com/images/themes/theme1/bg.png", "name": "David Cheney", "lang": "en", "favourites_count": 1, "screen_name": "Feta_cheney", "created_at": "Fri Jul 17 00:28:46 +0000 2015", "profile_sidebar_border_color": "C0DEED", "default_profile": true}, "urls": [], "id": 690347722763845633, "id_str": "690347722763845633"}