{"lang": "en", "in_reply_to_user_id": 5402612, "text": "@BBCBreaking @BBCNews rich kids gap year has fucked up", "created_at": "Fri Jan 22 07:13:06 +0000 2016", "hashtags": [], "user_mentions": [{"id_str": "5402612", "screen_name": "BBCBreaking", "name": "BBC Breaking News", "id": 5402612}, {"id_str": "612473", "screen_name": "BBCNews", "name": "BBC News (UK)", "id": 612473}], "source": "<a href=\"http://twitter.com/download/iphone\" rel=\"nofollow\">Twitter for iPhone</a>", "in_reply_to_status_id": 690431187916099584, "in_reply_to_screen_name": "BBCBreaking", "user": {"id": 2181655057, "profile_image_url_https": "https://pbs.twimg.com/profile_images/1012223299521318912/cm8vDRCR_normal.jpg", "profile_sidebar_fill_color": "000000", "profile_text_color": "000000", "followers_count": 83, "id_str": "2181655057", "profile_background_color": "000000", "listed_count": 2, "statuses_count": 4983, "description": "alt lite right leaning antifa member. \ud83d\udc19", "friends_count": 280, "profile_link_color": "1B95E0", "profile_image_url": "http://pbs.twimg.com/profile_images/1012223299521318912/cm8vDRCR_normal.jpg", "profile_background_image_url_https": "https://abs.twimg.com/images/themes/theme1/bg.png", "profile_banner_url": "https://pbs.twimg.com/profile_banners/2181655057/1525403869", "profile_background_image_url": "http://abs.twimg.com/images/themes/theme1/bg.png", "name": "teej", "lang": "en", "favourites_count": 5931, "screen_name": "TeeeeeeJ_", "created_at": "Fri Nov 08 07:02:58 +0000 2013", "profile_sidebar_border_color": "000000"}, "urls": [], "id": 690431980534657024, "id_str": "690431980534657024"}