{"lang": "en", "in_reply_to_user_id": 30313925, "text": "@WhiteHouse @POTUS And today I stand with the Pro Life people.", "created_at": "Fri Jan 22 17:57:11 +0000 2016", "hashtags": [], "user_mentions": [{"id_str": "822215673812119553", "screen_name": "WhiteHouse", "name": "The White House", "id": 822215673812119553}, {"id_str": "822215679726100480", "screen_name": "POTUS", "name": "President Trump", "id": 822215679726100480}], "source": "<a href=\"http://twitter.com\" rel=\"nofollow\">Twitter Web Client</a>", "in_reply_to_status_id": 690567125128351744, "in_reply_to_screen_name": "ObamaWhiteHouse", "user": {"profile_use_background_image": true, "id": 139781935, "profile_image_url_https": "https://pbs.twimg.com/profile_images/1046297854279593985/0ksZhBIn_normal.jpg", "profile_sidebar_fill_color": "DDEEF6", "profile_text_color": "333333", "followers_count": 182, "location": "Toledo, OH", "profile_background_color": "C0DEED", "id_str": "139781935", "statuses_count": 889, "description": "Teacher of children with autism, volunteer Habitat for Humanity. Conservative Christian.", "friends_count": 926, "profile_link_color": "1DA1F2", "profile_image_url": "http://pbs.twimg.com/profile_images/1046297854279593985/0ksZhBIn_normal.jpg", "profile_background_image_url_https": "https://abs.twimg.com/images/themes/theme1/bg.png", "profile_banner_url": "https://pbs.twimg.com/profile_banners/139781935/1538291946", "profile_background_image_url": "http://abs.twimg.com/images/themes/theme1/bg.png", "name": "Theolicious", "lang": "en", "favourites_count": 8903, "screen_name": "theodyssy", "created_at": "Mon May 03 17:25:25 +0000 2010", "profile_sidebar_border_color": "C0DEED", "default_profile": true}, "urls": [], "id": 690594068104155138, "id_str": "690594068104155138"}