{"lang": "en", "in_reply_to_user_id": 30313925, "text": "@WhiteHouse @POTUS Thanks Obama! \ud83d\ude04", "created_at": "Fri Jan 22 12:55:11 +0000 2016", "hashtags": [], "user_mentions": [{"id_str": "822215673812119553", "screen_name": "WhiteHouse", "name": "The White House", "id": 822215673812119553}, {"id_str": "822215679726100480", "screen_name": "POTUS", "name": "President Trump", "id": 822215679726100480}], "source": "<a href=\"http://twitter.com/download/iphone\" rel=\"nofollow\">Twitter for iPhone</a>", "in_reply_to_status_id": 690252631822864384, "in_reply_to_screen_name": "ObamaWhiteHouse", "user": {"profile_use_background_image": true, "id": 1935052189, "profile_image_url_https": "https://pbs.twimg.com/profile_images/834012937555681280/o8DNnD7x_normal.jpg", "profile_sidebar_fill_color": "DDEEF6", "geo_enabled": true, "profile_text_color": "333333", "followers_count": 302, "location": "Charlevoix, MI", "profile_background_color": "C0DEED", "id_str": "1935052189", "statuses_count": 10050, "description": "Happiness matters!", "friends_count": 215, "profile_link_color": "1DA1F2", "profile_image_url": "http://pbs.twimg.com/profile_images/834012937555681280/o8DNnD7x_normal.jpg", "profile_background_image_url_https": "https://abs.twimg.com/images/themes/theme1/bg.png", "profile_banner_url": "https://pbs.twimg.com/profile_banners/1935052189/1457794000", "profile_background_image_url": "http://abs.twimg.com/images/themes/theme1/bg.png", "name": "Richard Spring", "lang": "en", "favourites_count": 9854, "screen_name": "rspring72", "created_at": "Fri Oct 04 18:09:06 +0000 2013", "profile_sidebar_border_color": "C0DEED", "default_profile": true, "listed_count": 5}, "urls": [], "id": 690518070205517824, "id_str": "690518070205517824"}