{"lang": "en", "in_reply_to_user_id": 30313925, "text": "@WhiteHouse @POTUS Yes so do unborn children, how can you say that while supporting abortion? #Roe43", "created_at": "Fri Jan 22 17:09:14 +0000 2016", "hashtags": [{"text": "Roe43"}], "user_mentions": [{"id_str": "822215673812119553", "screen_name": "WhiteHouse", "name": "The White House", "id": 822215673812119553}, {"id_str": "822215679726100480", "screen_name": "POTUS", "name": "President Trump", "id": 822215679726100480}], "source": "<a href=\"http://twitter.com\" rel=\"nofollow\">Twitter Web Client</a>", "in_reply_to_status_id": 690567125128351744, "in_reply_to_screen_name": "ObamaWhiteHouse", "user": {"id": 2509144969, "profile_image_url_https": "https://pbs.twimg.com/profile_images/1025563888299864064/OW58ulbU_normal.jpg", "profile_sidebar_fill_color": "000000", "profile_text_color": "000000", "followers_count": 230, "id_str": "2509144969", "profile_background_color": "000000", "location": "Oklahoma, USA", "statuses_count": 14540, "description": "I'm a fucking professor.\n\ud83c\udfa3\ud83c\udff9\ud83d\udd2b\ud83e\udd4a\ud83e\udd4b\ud83e\udd3c\u200d\u2642\ufe0f\ud83c\udfcb\ufe0f\u200d\u2642\ufe0f\ud83e\uddd7\u200d\u2642\ufe0f\ud83c\udfcd\ufe0f\ud83d\udcb0\u262e\ufe0f\ud83d\udc9f\u262f\ufe0f\ud83c\udd93", "friends_count": 712, "profile_link_color": "3B94D9", "profile_image_url": "http://pbs.twimg.com/profile_images/1025563888299864064/OW58ulbU_normal.jpg", "profile_background_image_url_https": "https://abs.twimg.com/images/themes/theme1/bg.png", "profile_banner_url": "https://pbs.twimg.com/profile_banners/2509144969/1514143741", "profile_background_image_url": "http://abs.twimg.com/images/themes/theme1/bg.png", "name": "Kyle", "lang": "en", "favourites_count": 1150, "screen_name": "KyleScrutch", "created_at": "Tue May 20 03:06:27 +0000 2014", "profile_sidebar_border_color": "000000", "listed_count": 11}, "urls": [], "id": 690582004279078912, "id_str": "690582004279078912"}