{"lang": "en", "in_reply_to_user_id": 30313925, "text": "@WhiteHouse I don't understand most all Americans will abide by the laws?", "created_at": "Sat Jan 23 17:57:59 +0000 2016", "hashtags": [], "user_mentions": [{"id_str": "822215673812119553", "screen_name": "WhiteHouse", "name": "The White House", "id": 822215673812119553}], "source": "<a href=\"http://www.twitter.com\" rel=\"nofollow\">Twitter for Windows</a>", "in_reply_to_status_id": 690954487322796032, "in_reply_to_screen_name": "ObamaWhiteHouse", "user": {"profile_use_background_image": true, "id": 2894199991, "profile_image_url_https": "https://pbs.twimg.com/profile_images/531270305990201344/lv1SaoFT_normal.jpeg", "profile_sidebar_fill_color": "DDEEF6", "profile_text_color": "333333", "followers_count": 151, "id_str": "2894199991", "profile_background_color": "C0DEED", "listed_count": 27, "statuses_count": 18818, "friends_count": 1123, "profile_link_color": "1DA1F2", "profile_image_url": "http://pbs.twimg.com/profile_images/531270305990201344/lv1SaoFT_normal.jpeg", "profile_background_image_url_https": "https://abs.twimg.com/images/themes/theme1/bg.png", "profile_background_image_url": "http://abs.twimg.com/images/themes/theme1/bg.png", "name": "Bell", "lang": "en", "favourites_count": 4934, "screen_name": "nanapapa9628", "created_at": "Sat Nov 08 22:55:35 +0000 2014", "profile_sidebar_border_color": "C0DEED", "default_profile": true}, "urls": [], "id": 690956658990682112, "id_str": "690956658990682112"}