{"lang": "en", "in_reply_to_user_id": 2836421, "text": "@MSNBC - Cue the pearl clutching!", "created_at": "Sat Jan 23 20:09:23 +0000 2016", "hashtags": [], "user_mentions": [{"id_str": "2836421", "screen_name": "MSNBC", "name": "MSNBC", "id": 2836421}], "source": "<a href=\"http://twitter.com/download/android\" rel=\"nofollow\">Twitter for Android</a>", "in_reply_to_status_id": 690985215691354112, "in_reply_to_screen_name": "MSNBC", "user": {"profile_use_background_image": true, "id": 924224208, "profile_image_url_https": "https://pbs.twimg.com/profile_images/1044564057213198336/lDtPIDvM_normal.jpg", "profile_sidebar_fill_color": "DDEEF6", "profile_text_color": "333333", "followers_count": 5095, "location": "San Francisco, CA", "profile_background_color": "C0DEED", "id_str": "924224208", "statuses_count": 229358, "description": "\"It does not take a majority to prevail, but rather an irate, tireless minority, keen on setting brushfires of freedom in the minds of men.\" --Samuel Adams", "friends_count": 5318, "profile_link_color": "1DA1F2", "profile_image_url": "http://pbs.twimg.com/profile_images/1044564057213198336/lDtPIDvM_normal.jpg", "profile_background_image_url_https": "https://abs.twimg.com/images/themes/theme1/bg.png", "profile_banner_url": "https://pbs.twimg.com/profile_banners/924224208/1537878424", "profile_background_image_url": "http://abs.twimg.com/images/themes/theme1/bg.png", "name": "Mz. J\ud83c\udf83", "lang": "en", "favourites_count": 192866, "screen_name": "jaybluuee", "url": "https://t.co/NIOEI6pg3p", "created_at": "Sat Nov 03 23:23:28 +0000 2012", "profile_sidebar_border_color": "C0DEED", "default_profile": true, "listed_count": 90}, "urls": [], "id": 690989728439480321, "id_str": "690989728439480321"}