{"lang": "en", "in_reply_to_user_id": 2836421, "text": "@MSNBC why is this ok. Can you imagine any other candidate saying this and people laughing, and the media not calling him out on it!", "created_at": "Sat Jan 23 20:36:57 +0000 2016", "hashtags": [], "user_mentions": [{"id_str": "2836421", "screen_name": "MSNBC", "name": "MSNBC", "id": 2836421}], "source": "<a href=\"http://twitter.com/#!/download/ipad\" rel=\"nofollow\">Twitter for iPad</a>", "in_reply_to_status_id": 690985215691354112, "in_reply_to_screen_name": "MSNBC", "user": {"profile_use_background_image": true, "id": 4508639294, "profile_image_url_https": "https://pbs.twimg.com/profile_images/1047340320310972417/pTpqjyW6_normal.jpg", "profile_sidebar_fill_color": "DDEEF6", "geo_enabled": true, "profile_text_color": "333333", "followers_count": 529, "location": "Minnesota", "profile_background_color": "C0DEED", "id_str": "4508639294", "statuses_count": 3062, "description": "Proud Democratic voter! #resist I hate this administration and Trump with every fiber of my being.", "friends_count": 1523, "profile_link_color": "1DA1F2", "profile_image_url": "http://pbs.twimg.com/profile_images/1047340320310972417/pTpqjyW6_normal.jpg", "profile_background_image_url_https": "https://abs.twimg.com/images/themes/theme1/bg.png", "profile_banner_url": "https://pbs.twimg.com/profile_banners/4508639294/1531847183", "profile_background_image_url": "http://abs.twimg.com/images/themes/theme1/bg.png", "name": "Gayle Haugen", "lang": "en", "favourites_count": 9409, "screen_name": "haugen_gayle", "created_at": "Wed Dec 09 15:36:03 +0000 2015", "profile_sidebar_border_color": "C0DEED", "default_profile": true, "listed_count": 6}, "urls": [], "id": 690996666254557184, "id_str": "690996666254557184"}