{"lang": "en", "in_reply_to_user_id": 14075928, "text": "@TheOnion Damn! Why do I need a satirical news paper to tell me the truth! God bless our veterans and their families!", "created_at": "Sun Jan 24 22:43:48 +0000 2016", "hashtags": [], "user_mentions": [{"id_str": "14075928", "screen_name": "TheOnion", "name": "The Onion", "id": 14075928}], "source": "<a href=\"https://mobile.twitter.com\" rel=\"nofollow\">Twitter Lite</a>", "in_reply_to_status_id": 691380138710306816, "in_reply_to_screen_name": "TheOnion", "user": {"profile_use_background_image": true, "id": 3072908048, "profile_image_url_https": "https://pbs.twimg.com/profile_images/575612601041727488/o7fXM34l_normal.png", "profile_sidebar_fill_color": "DDEEF6", "profile_text_color": "333333", "followers_count": 84, "id_str": "3072908048", "profile_background_color": "C0DEED", "listed_count": 2, "statuses_count": 6314, "description": "Seat belts don't save lives, Jesus Christ Saves Lives! Behave yourself, God is watching.....or not!", "friends_count": 168, "profile_link_color": "1DA1F2", "profile_image_url": "http://pbs.twimg.com/profile_images/575612601041727488/o7fXM34l_normal.png", "profile_background_image_url_https": "https://abs.twimg.com/images/themes/theme1/bg.png", "profile_banner_url": "https://pbs.twimg.com/profile_banners/3072908048/1426072698", "profile_background_image_url": "http://abs.twimg.com/images/themes/theme1/bg.png", "name": "Sorella Poverella", "lang": "en", "favourites_count": 726, "screen_name": "holyholyholy5", "created_at": "Wed Mar 11 10:58:51 +0000 2015", "profile_sidebar_border_color": "C0DEED", "default_profile": true}, "urls": [], "id": 691390975051169792, "id_str": "691390975051169792"}