{"lang": "en", "in_reply_to_user_id": 2836421, "text": "@msnbc is this guy running for American president??. Where is human rights watch", "created_at": "Sun Jan 24 22:45:38 +0000 2016", "hashtags": [], "user_mentions": [{"id_str": "2836421", "screen_name": "MSNBC", "name": "MSNBC", "id": 2836421}], "source": "<a href=\"https://mobile.twitter.com\" rel=\"nofollow\">Mobile Web (M2)</a>", "in_reply_to_status_id": 690985215691354112, "in_reply_to_screen_name": "MSNBC", "user": {"profile_use_background_image": true, "id": 1480420897, "profile_image_url_https": "https://pbs.twimg.com/profile_images/854679127810551808/5zUn0fU1_normal.jpg", "profile_sidebar_fill_color": "DDEEF6", "profile_text_color": "333333", "followers_count": 212, "id_str": "1480420897", "profile_background_color": "C0DEED", "statuses_count": 4480, "description": "Loves good music. Spontaneous and honest,", "friends_count": 383, "profile_link_color": "1DA1F2", "profile_image_url": "http://pbs.twimg.com/profile_images/854679127810551808/5zUn0fU1_normal.jpg", "profile_background_image_url_https": "https://abs.twimg.com/images/themes/theme1/bg.png", "profile_banner_url": "https://pbs.twimg.com/profile_banners/1480420897/1444765274", "profile_background_image_url": "http://abs.twimg.com/images/themes/theme1/bg.png", "name": "awolaru seye", "lang": "en", "favourites_count": 7436, "screen_name": "thisisseye", "created_at": "Mon Jun 03 18:53:51 +0000 2013", "profile_sidebar_border_color": "C0DEED", "default_profile": true}, "urls": [], "id": 691391436122636288, "id_str": "691391436122636288"}