{"lang": "en", "in_reply_to_user_id": 5402612, "text": "@BBCBreaking Please add the donation link to your website story on Henry Worsley https://t.co/NyYgi80wcC", "created_at": "Mon Jan 25 14:39:01 +0000 2016", "hashtags": [], "user_mentions": [{"id_str": "5402612", "screen_name": "BBCBreaking", "name": "BBC Breaking News", "id": 5402612}], "source": "<a href=\"http://twitter.com\" rel=\"nofollow\">Twitter Web Client</a>", "in_reply_to_status_id": 691564354567798784, "in_reply_to_screen_name": "BBCBreaking", "user": {"profile_use_background_image": true, "id": 1515857112, "profile_image_url_https": "https://pbs.twimg.com/profile_images/524818360177942528/tCmPpfJV_normal.jpeg", "profile_sidebar_fill_color": "C0DFEC", "profile_text_color": "333333", "followers_count": 504, "location": "United Kingdom ", "profile_background_color": "022330", "id_str": "1515857112", "statuses_count": 386, "description": "Creators of Game Change enterprise manual and training for business owners, directors and managers. FREE download of Game Change Book at https://t.co/qSDmVQBho2", "friends_count": 261, "profile_link_color": "0084B4", "profile_image_url": "http://pbs.twimg.com/profile_images/524818360177942528/tCmPpfJV_normal.jpeg", "profile_background_image_url_https": "https://abs.twimg.com/images/themes/theme15/bg.png", "profile_banner_url": "https://pbs.twimg.com/profile_banners/1515857112/1467904799", "profile_background_image_url": "http://abs.twimg.com/images/themes/theme15/bg.png", "name": "Business Think", "lang": "en", "favourites_count": 36, "screen_name": "BusinessThinkUK", "url": "http://t.co/O9Wx6heLyc", "created_at": "Fri Jun 14 09:21:05 +0000 2013", "profile_sidebar_border_color": "FFFFFF", "listed_count": 26}, "urls": [{"url": "https://t.co/NyYgi80wcC", "expanded_url": "http://shackletonsolo.org/donate/"}], "id": 691631362697216004, "id_str": "691631362697216004"}