{"lang": "en", "in_reply_to_user_id": 9300262, "text": "@politico @ThomasJSalas You are so wrong Perry. He would never beat a Democrat.", "created_at": "Mon Jan 25 20:24:41 +0000 2016", "hashtags": [], "user_mentions": [{"id_str": "9300262", "screen_name": "politico", "name": "POLITICO", "id": 9300262}, {"id_str": "470159418", "screen_name": "ThomasJSalas", "name": "Thomas J. Salas", "id": 470159418}], "source": "<a href=\"http://twitter.com/#!/download/ipad\" rel=\"nofollow\">Twitter for iPad</a>", "in_reply_to_status_id": 691700082601758720, "in_reply_to_screen_name": "politico", "user": {"profile_use_background_image": true, "id": 31993522, "profile_image_url_https": "https://pbs.twimg.com/profile_images/947226389261856768/w0quaVVa_normal.jpg", "profile_sidebar_fill_color": "DDEEF6", "geo_enabled": true, "profile_text_color": "333333", "followers_count": 1591, "location": "Snoqualmie Wa.", "profile_background_color": "C0DEED", "id_str": "31993522", "statuses_count": 85646, "description": "Chose this great country to live my life in. Am so fed up with idiot liberals.", "friends_count": 638, "profile_link_color": "1DA1F2", "profile_image_url": "http://pbs.twimg.com/profile_images/947226389261856768/w0quaVVa_normal.jpg", "profile_background_image_url_https": "https://abs.twimg.com/images/themes/theme1/bg.png", "profile_banner_url": "https://pbs.twimg.com/profile_banners/31993522/1530595230", "profile_background_image_url": "http://abs.twimg.com/images/themes/theme1/bg.png", "name": "Maureen \ud83e\udd14\ud83c\uddfa\ud83c\uddf8\ud83d\udc5c\ud83c\udf38", "lang": "en", "favourites_count": 63644, "screen_name": "grandmapurse", "created_at": "Thu Apr 16 17:13:12 +0000 2009", "profile_sidebar_border_color": "C0DEED", "default_profile": true, "listed_count": 77}, "urls": [], "id": 691718353170227200, "favorite_count": 1, "id_str": "691718353170227200"}