{"lang": "en", "in_reply_to_user_id": 428333, "text": "@cnnbrk well. I know one place I'm never going to visit.", "created_at": "Tue Jan 26 07:54:39 +0000 2016", "hashtags": [], "user_mentions": [{"id_str": "428333", "screen_name": "cnnbrk", "name": "CNN Breaking News", "id": 428333}], "source": "<a href=\"http://twitter.com/download/iphone\" rel=\"nofollow\">Twitter for iPhone</a>", "in_reply_to_status_id": 691889802724118532, "in_reply_to_screen_name": "cnnbrk", "user": {"profile_use_background_image": true, "id": 20703613, "profile_image_url_https": "https://pbs.twimg.com/profile_images/750868315237605376/AWpLMd2x_normal.jpg", "profile_sidebar_fill_color": "DDEEF6", "profile_text_color": "333333", "followers_count": 54, "id_str": "20703613", "profile_background_color": "C0DEED", "listed_count": 3, "statuses_count": 3935, "friends_count": 163, "profile_link_color": "1DA1F2", "profile_image_url": "http://pbs.twimg.com/profile_images/750868315237605376/AWpLMd2x_normal.jpg", "profile_background_image_url_https": "https://abs.twimg.com/images/themes/theme1/bg.png", "profile_background_image_url": "http://abs.twimg.com/images/themes/theme1/bg.png", "name": "Mike Jones", "lang": "en", "favourites_count": 322, "screen_name": "soxxgo2009", "created_at": "Thu Feb 12 18:54:07 +0000 2009", "profile_sidebar_border_color": "C0DEED", "default_profile": true}, "urls": [], "id": 691891989999177728, "id_str": "691891989999177728"}