{"lang": "en", "in_reply_to_user_id": 30313925, "text": "@WhiteHouse @POTUS the we gave you a 2nd chance on your second term. We all know how that turned out. NO to 2nd chances.", "created_at": "Tue Jan 26 02:53:39 +0000 2016", "hashtags": [], "user_mentions": [{"id_str": "822215673812119553", "screen_name": "WhiteHouse", "name": "The White House", "id": 822215673812119553}, {"id_str": "822215679726100480", "screen_name": "POTUS", "name": "President Trump", "id": 822215679726100480}], "source": "<a href=\"http://twitter.com/download/iphone\" rel=\"nofollow\">Twitter for iPhone</a>", "in_reply_to_status_id": 691809004356501505, "in_reply_to_screen_name": "ObamaWhiteHouse", "user": {"profile_use_background_image": true, "id": 4374445401, "profile_image_url_https": "https://abs.twimg.com/sticky/default_profile_images/default_profile_normal.png", "profile_sidebar_fill_color": "DDEEF6", "geo_enabled": true, "profile_text_color": "333333", "followers_count": 10, "id_str": "4374445401", "default_profile_image": true, "listed_count": 1, "statuses_count": 435, "profile_background_color": "C0DEED", "friends_count": 180, "profile_link_color": "1DA1F2", "profile_image_url": "http://abs.twimg.com/sticky/default_profile_images/default_profile_normal.png", "profile_background_image_url_https": "https://abs.twimg.com/images/themes/theme1/bg.png", "profile_background_image_url": "http://abs.twimg.com/images/themes/theme1/bg.png", "name": "JOTC", "lang": "en", "favourites_count": 268, "screen_name": "rfw1155", "created_at": "Fri Dec 04 17:52:58 +0000 2015", "profile_sidebar_border_color": "C0DEED", "default_profile": true}, "urls": [], "id": 691816239983955973, "id_str": "691816239983955973"}