{"lang": "en", "in_reply_to_user_id": 5402612, "text": "@BBCBreaking Is that all?", "created_at": "Tue Jan 26 17:23:40 +0000 2016", "hashtags": [], "user_mentions": [{"id_str": "5402612", "screen_name": "BBCBreaking", "name": "BBC Breaking News", "id": 5402612}], "source": "<a href=\"http://twitter.com\" rel=\"nofollow\">Twitter Web Client</a>", "in_reply_to_status_id": 692031514943582208, "in_reply_to_screen_name": "BBCBreaking", "user": {"lang": "en", "id_str": "1203439616", "statuses_count": 6621, "screen_name": "martin41060", "friends_count": 356, "profile_sidebar_fill_color": "000000", "created_at": "Thu Feb 21 08:24:57 +0000 2013", "profile_link_color": "3B94D9", "profile_image_url": "http://pbs.twimg.com/profile_images/609628470398693376/vBkI0MVt_normal.jpg", "profile_image_url_https": "https://pbs.twimg.com/profile_images/609628470398693376/vBkI0MVt_normal.jpg", "profile_text_color": "000000", "followers_count": 225, "profile_sidebar_border_color": "000000", "location": "South Africa", "profile_background_color": "000000", "favourites_count": 9285, "profile_background_image_url_https": "https://abs.twimg.com/images/themes/theme1/bg.png", "listed_count": 3, "id": 1203439616, "profile_background_image_url": "http://abs.twimg.com/images/themes/theme1/bg.png", "name": "Martin Kaufmann"}, "urls": [], "id": 692035186377297924, "id_str": "692035186377297924"}