{"lang": "es", "in_reply_to_user_id": 3646911, "text": "@empiremagazine @BatmanvSuperman AJJKGKFNB", "created_at": "Tue Jan 26 19:15:46 +0000 2016", "hashtags": [], "user_mentions": [{"id_str": "3646911", "screen_name": "empiremagazine", "name": "Empire Magazine", "id": 3646911}, {"id_str": "583288452", "screen_name": "BatmanvSuperman", "name": "Batman v Superman", "id": 583288452}], "source": "<a href=\"http://twitter.com/download/android\" rel=\"nofollow\">Twitter for Android</a>", "in_reply_to_status_id": 692047663211085825, "in_reply_to_screen_name": "empiremagazine", "user": {"id": 2658226121, "profile_image_url_https": "https://pbs.twimg.com/profile_images/1046607943729393664/kkp7wSiY_normal.jpg", "profile_sidebar_fill_color": "000000", "geo_enabled": true, "profile_text_color": "000000", "followers_count": 1331, "id_str": "2658226121", "profile_background_color": "000000", "listed_count": 16, "statuses_count": 23097, "friends_count": 1126, "profile_link_color": "19CF86", "profile_image_url": "http://pbs.twimg.com/profile_images/1046607943729393664/kkp7wSiY_normal.jpg", "profile_background_image_url_https": "https://abs.twimg.com/images/themes/theme1/bg.png", "profile_banner_url": "https://pbs.twimg.com/profile_banners/2658226121/1538365756", "profile_background_image_url": "http://abs.twimg.com/images/themes/theme1/bg.png", "name": "Ron \ud83d\udd77\ufe0fVENOM HYPE \ud83d\udd77\ufe0f", "lang": "en", "favourites_count": 26971, "screen_name": "SentinelofNabu", "created_at": "Tue Jul 01 01:01:50 +0000 2014", "profile_sidebar_border_color": "000000"}, "urls": [], "id": 692063396229963776, "id_str": "692063396229963776"}