{"lang": "en", "in_reply_to_user_id": 30313925, "text": "@WhiteHouse @POTUS If Jesus can do the right thing, why can't we, after all we all came from God?", "created_at": "Tue Jan 26 17:13:47 +0000 2016", "hashtags": [], "user_mentions": [{"id_str": "822215673812119553", "screen_name": "WhiteHouse", "name": "The White House", "id": 822215673812119553}, {"id_str": "822215679726100480", "screen_name": "POTUS", "name": "President Trump", "id": 822215679726100480}], "source": "<a href=\"http://twitter.com\" rel=\"nofollow\">Twitter Web Client</a>", "in_reply_to_status_id": 692004901455556608, "in_reply_to_screen_name": "ObamaWhiteHouse", "user": {"id": 16672155, "profile_image_url_https": "https://pbs.twimg.com/profile_images/1105042468/Ashley_Barnett_Smith_profile_photo2_normal.jpg", "profile_sidebar_fill_color": "000000", "geo_enabled": true, "profile_text_color": "000000", "followers_count": 855, "location": "US", "profile_background_color": "000000", "id_str": "16672155", "statuses_count": 79196, "friends_count": 1964, "profile_link_color": "ABB8C2", "profile_image_url": "http://pbs.twimg.com/profile_images/1105042468/Ashley_Barnett_Smith_profile_photo2_normal.jpg", "profile_background_image_url_https": "https://abs.twimg.com/images/themes/theme12/bg.gif", "profile_banner_url": "https://pbs.twimg.com/profile_banners/16672155/1407869992", "profile_background_image_url": "http://abs.twimg.com/images/themes/theme12/bg.gif", "name": "MysteryApple", "lang": "en", "favourites_count": 54, "screen_name": "ApplesLoIo", "url": "http://t.co/kF9oGNBswr", "created_at": "Thu Oct 09 19:37:15 +0000 2008", "profile_sidebar_border_color": "000000", "listed_count": 104}, "urls": [], "place": {"full_name": "Los Angeles, CA", "url": "https://api.twitter.com/1.1/geo/id/3b77caf94bfc81fe.json", "country": "United States", "place_type": "city", "bounding_box": {"type": "Polygon", "coordinates": [[[-118.668404, 33.704538], [-118.155409, 33.704538], [-118.155409, 34.337041], [-118.668404, 34.337041]]]}, "contained_within": [], "country_code": "US", "attributes": {}, "id": "3b77caf94bfc81fe", "name": "Los Angeles"}, "id": 692032699767193600, "favorite_count": 1, "id_str": "692032699767193600"}