{"lang": "en", "text": "Teacher Picks Wrong Student To Believe In Every Fucking Year https://t.co/EPpB5XFqwE https://t.co/1H82PSwQMT", "created_at": "Tue Jan 26 19:15:24 +0000 2016", "hashtags": [], "user_mentions": [], "source": "<a href=\"http://www.hootsuite.com\" rel=\"nofollow\">Hootsuite</a>", "user": {"profile_use_background_image": true, "id": 14075928, "verified": true, "profile_image_url_https": "https://pbs.twimg.com/profile_images/875392068125769732/yrN-1k0Y_normal.jpg", "profile_sidebar_fill_color": "FFF7CC", "profile_text_color": "0C3E53", "followers_count": 11009822, "id_str": "14075928", "profile_background_color": "FFFFFF", "listed_count": 74178, "statuses_count": 62819, "description": "America's Finest News Source.", "friends_count": 14, "profile_link_color": "327144", "profile_image_url": "http://pbs.twimg.com/profile_images/875392068125769732/yrN-1k0Y_normal.jpg", "profile_background_image_url_https": "https://abs.twimg.com/images/themes/theme3/bg.gif", "profile_banner_url": "https://pbs.twimg.com/profile_banners/14075928/1529705818", "profile_background_image_url": "http://abs.twimg.com/images/themes/theme3/bg.gif", "name": "The Onion", "lang": "en", "favourites_count": 1, "screen_name": "TheOnion", "url": "https://t.co/yrcmIUsgtR", "created_at": "Tue Mar 04 02:48:37 +0000 2008", "profile_sidebar_border_color": "F2E195"}, "urls": [{"url": "https://t.co/EPpB5XFqwE", "expanded_url": "http://onion.com/1SIeCRu"}], "media": [{"expanded_url": "https://twitter.com/TheOnion/status/692063305297453060/photo/1", "display_url": "pic.twitter.com/1H82PSwQMT", "url": "https://t.co/1H82PSwQMT", "media_url_https": "https://pbs.twimg.com/media/CZqz6MBWQAAM6-K.jpg", "sizes": {"small": {"h": 383, "resize": "fit", "w": 680}, "large": {"h": 900, "resize": "fit", "w": 1600}, "medium": {"h": 675, "resize": "fit", "w": 1200}, "thumb": {"h": 150, "resize": "crop", "w": 150}}, "type": "photo", "id": 692063304995454976, "media_url": "http://pbs.twimg.com/media/CZqz6MBWQAAM6-K.jpg"}], "retweet_count": 420, "id": 692063305297453060, "favorite_count": 1014, "id_str": "692063305297453060"}