{"lang": "und", "in_reply_to_user_id": 30313925, "text": "@WhiteHouse @POTUS #JusticeForKalief", "created_at": "Tue Jan 26 15:38:00 +0000 2016", "hashtags": [{"text": "JusticeForKalief"}], "user_mentions": [{"id_str": "822215673812119553", "screen_name": "WhiteHouse", "name": "The White House", "id": 822215673812119553}, {"id_str": "822215679726100480", "screen_name": "POTUS", "name": "President Trump", "id": 822215679726100480}], "source": "<a href=\"http://twitter.com/download/iphone\" rel=\"nofollow\">Twitter for iPhone</a>", "in_reply_to_status_id": 692004901455556608, "in_reply_to_screen_name": "ObamaWhiteHouse", "user": {"profile_use_background_image": true, "id": 100547012, "profile_image_url_https": "https://pbs.twimg.com/profile_images/971350577023078400/mMNnAR5O_normal.jpg", "profile_sidebar_fill_color": "DDEEF6", "profile_text_color": "333333", "followers_count": 499, "location": "Englewood, NJ", "profile_background_color": "C0DEED", "id_str": "100547012", "statuses_count": 29023, "description": "Truthteller extrordinaire. \u201cA House divided against itself, cannot stand\u201d - Lincoln", "friends_count": 618, "profile_link_color": "1DA1F2", "profile_image_url": "http://pbs.twimg.com/profile_images/971350577023078400/mMNnAR5O_normal.jpg", "profile_background_image_url_https": "https://abs.twimg.com/images/themes/theme1/bg.png", "profile_banner_url": "https://pbs.twimg.com/profile_banners/100547012/1516025422", "profile_background_image_url": "http://abs.twimg.com/images/themes/theme1/bg.png", "name": "David Dennison", "lang": "en", "favourites_count": 28444, "screen_name": "stblegenius", "created_at": "Wed Dec 30 17:12:40 +0000 2009", "profile_sidebar_border_color": "C0DEED", "default_profile": true, "listed_count": 7}, "urls": [], "id": 692008595567685633, "id_str": "692008595567685633"}