{"lang": "en", "in_reply_to_user_id": 5402612, "text": "@BBCBreaking @BBCNews only 19 years?!", "created_at": "Tue Jan 26 17:10:32 +0000 2016", "hashtags": [], "user_mentions": [{"id_str": "5402612", "screen_name": "BBCBreaking", "name": "BBC Breaking News", "id": 5402612}, {"id_str": "612473", "screen_name": "BBCNews", "name": "BBC News (UK)", "id": 612473}], "source": "<a href=\"http://twitter.com/download/android\" rel=\"nofollow\">Twitter for Android</a>", "in_reply_to_status_id": 692031514943582208, "in_reply_to_screen_name": "BBCBreaking", "user": {"profile_use_background_image": true, "id": 598093634, "profile_image_url_https": "https://pbs.twimg.com/profile_images/1003266509999955968/4QlIsgAK_normal.jpg", "profile_sidebar_fill_color": "F6F6F6", "profile_text_color": "333333", "followers_count": 168, "id_str": "598093634", "profile_background_color": "ACDED6", "location": "South Africa", "statuses_count": 2909, "description": "Proudly African!", "friends_count": 600, "profile_link_color": "038543", "profile_image_url": "http://pbs.twimg.com/profile_images/1003266509999955968/4QlIsgAK_normal.jpg", "profile_background_image_url_https": "https://abs.twimg.com/images/themes/theme18/bg.gif", "profile_background_image_url": "http://abs.twimg.com/images/themes/theme18/bg.gif", "name": "nozipho", "lang": "en", "favourites_count": 3571, "screen_name": "Nozipps", "created_at": "Sun Jun 03 06:55:13 +0000 2012", "profile_sidebar_border_color": "EEEEEE", "listed_count": 6}, "urls": [], "id": 692031882268151808, "favorite_count": 2, "id_str": "692031882268151808"}