{"lang": "en", "in_reply_to_user_id": 5402612, "text": "@BBCBreaking Iraqi forces kill, wound 80 \u201cterrorists\u201d in Albu Shajal northwest of Fallujah https://t.co/eDlgb4x6HF \u2026", "created_at": "Wed Jan 27 10:13:59 +0000 2016", "hashtags": [], "user_mentions": [{"id_str": "5402612", "screen_name": "BBCBreaking", "name": "BBC Breaking News", "id": 5402612}], "source": "<a href=\"http://twitter.com\" rel=\"nofollow\">Twitter Web Client</a>", "in_reply_to_status_id": 692287441168900097, "in_reply_to_screen_name": "BBCBreaking", "user": {"id": 151297765, "profile_image_url_https": "https://pbs.twimg.com/profile_images/1002347454648463360/NWays6aW_normal.jpg", "profile_sidebar_fill_color": "000000", "profile_text_color": "000000", "followers_count": 643, "location": "M.A Sociology - Ex-Accountant At L.P.L, Ex Field Officer At (SAFWCO)Ex Manager At GKO,Teacher, Global News reporter & Analyst.Pakistan", "profile_background_color": "000000", "id_str": "151297765", "statuses_count": 29927, "description": "https://t.co/Fh8izfpQWb", "friends_count": 52, "profile_link_color": "1B95E0", "profile_image_url": "http://pbs.twimg.com/profile_images/1002347454648463360/NWays6aW_normal.jpg", "profile_background_image_url_https": "https://abs.twimg.com/images/themes/theme19/bg.gif", "profile_banner_url": "https://pbs.twimg.com/profile_banners/151297765/1537737103", "profile_background_image_url": "http://abs.twimg.com/images/themes/theme19/bg.gif", "name": "Shujaat Hussain Abbasi", "lang": "en", "favourites_count": 2082, "screen_name": "SHAJU05", "url": "https://t.co/eUji2isjtq", "created_at": "Thu Jun 03 02:38:37 +0000 2010", "profile_sidebar_border_color": "000000", "listed_count": 12}, "urls": [{"url": "https://t.co/eDlgb4x6HF", "expanded_url": "http://abbasi15.over-blog.com/2016/01/army-forces-kill-"}], "id": 692289439784161281, "id_str": "692289439784161281"}