{"lang": "en", "in_reply_to_user_id": 5402612, "text": "@BBCBreaking I'm not sure it's a #breaking #news.", "created_at": "Wed Jan 27 10:30:25 +0000 2016", "hashtags": [{"text": "breaking"}, {"text": "news"}], "user_mentions": [{"id_str": "5402612", "screen_name": "BBCBreaking", "name": "BBC Breaking News", "id": 5402612}], "source": "<a href=\"http://twitter.com\" rel=\"nofollow\">Twitter Web Client</a>", "in_reply_to_status_id": 692099058811453440, "in_reply_to_screen_name": "BBCBreaking", "user": {"id": 3489635052, "profile_image_url_https": "https://pbs.twimg.com/profile_images/669743130401370112/fhCMQ8Pa_normal.jpg", "profile_sidebar_fill_color": "000000", "profile_text_color": "000000", "followers_count": 48, "id_str": "3489635052", "profile_background_color": "000000", "location": "New York, USA", "statuses_count": 163, "description": "I'm Layla Philip, I live in New York, Traveling is my passion, follow me be my friend. I'm a professional blogger & Freelance travel photographer.", "friends_count": 92, "profile_link_color": "9266CC", "profile_image_url": "http://pbs.twimg.com/profile_images/669743130401370112/fhCMQ8Pa_normal.jpg", "profile_background_image_url_https": "https://abs.twimg.com/images/themes/theme1/bg.png", "profile_banner_url": "https://pbs.twimg.com/profile_banners/3489635052/1449224814", "profile_background_image_url": "http://abs.twimg.com/images/themes/theme1/bg.png", "name": "Layla Philip", "lang": "en", "favourites_count": 255, "screen_name": "Laylaphilip4", "created_at": "Tue Sep 08 05:34:14 +0000 2015", "profile_sidebar_border_color": "000000", "listed_count": 3}, "urls": [], "id": 692293577066582016, "id_str": "692293577066582016"}