{"lang": "en", "text": "Today marks 71 yrs since the liberation of Auschwitz, \u201ccity of death\u201d https://t.co/iB5cyTrRK4 #HolocaustMemorialDay https://t.co/fTcWrPwL6g", "created_at": "Wed Jan 27 16:23:39 +0000 2016", "hashtags": [{"text": "HolocaustMemorialDay"}], "user_mentions": [], "source": "<a href=\"http://www.hootsuite.com\" rel=\"nofollow\">Hootsuite</a>", "user": {"profile_use_background_image": true, "id": 16664681, "verified": true, "profile_image_url_https": "https://pbs.twimg.com/profile_images/1043205431340892160/uvDP6wTZ_normal.jpg", "profile_sidebar_fill_color": "EFEFEF", "geo_enabled": true, "profile_text_color": "615F61", "followers_count": 3267925, "location": "El Segundo, CA", "profile_background_color": "FFFFFF", "id_str": "16664681", "statuses_count": 204457, "description": "News from Los Angeles and the world. Staffed by http://t.co/zb8HyvYyAJ editors.", "friends_count": 8389, "profile_link_color": "009999", "profile_image_url": "http://pbs.twimg.com/profile_images/1043205431340892160/uvDP6wTZ_normal.jpg", "profile_background_image_url_https": "https://abs.twimg.com/images/themes/theme16/bg.gif", "profile_banner_url": "https://pbs.twimg.com/profile_banners/16664681/1537917244", "profile_background_image_url": "http://abs.twimg.com/images/themes/theme16/bg.gif", "name": "Los Angeles Times", "lang": "en", "favourites_count": 1886, "screen_name": "latimes", "url": "http://t.co/JvbZRDfNzf", "created_at": "Thu Oct 09 11:07:42 +0000 2008", "profile_sidebar_border_color": "FFFFFF", "listed_count": 31083}, "urls": [{"url": "https://t.co/iB5cyTrRK4", "expanded_url": "http://lat.ms/1RNEJXa"}], "media": [{"expanded_url": "https://twitter.com/latimes/status/692382471061663744/photo/1", "display_url": "pic.twitter.com/fTcWrPwL6g", "url": "https://t.co/fTcWrPwL6g", "media_url_https": "https://pbs.twimg.com/media/CZvWMCtWwAE9ubZ.png", "sizes": {"small": {"h": 464, "resize": "fit", "w": 680}, "large": {"h": 1318, "resize": "fit", "w": 1930}, "medium": {"h": 819, "resize": "fit", "w": 1200}, "thumb": {"h": 150, "resize": "crop", "w": 150}}, "type": "photo", "id": 692382470105382913, "media_url": "http://pbs.twimg.com/media/CZvWMCtWwAE9ubZ.png"}, {"expanded_url": "https://twitter.com/latimes/status/692382471061663744/photo/1", "display_url": "pic.twitter.com/fTcWrPwL6g", "url": "https://t.co/fTcWrPwL6g", "media_url_https": "https://pbs.twimg.com/media/CZvWL6kXEAEXF2e.png", "sizes": {"small": {"h": 680, "resize": "fit", "w": 527}, "large": {"h": 1206, "resize": "fit", "w": 934}, "medium": {"h": 1200, "resize": "fit", "w": 929}, "thumb": {"h": 150, "resize": "crop", "w": 150}}, "type": "photo", "id": 692382467920171009, "media_url": "http://pbs.twimg.com/media/CZvWL6kXEAEXF2e.png"}, {"expanded_url": "https://twitter.com/latimes/status/692382471061663744/photo/1", "display_url": "pic.twitter.com/fTcWrPwL6g", "url": "https://t.co/fTcWrPwL6g", "media_url_https": "https://pbs.twimg.com/media/CZvWMAcWcAA2I3U.png", "sizes": {"small": {"h": 472, "resize": "fit", "w": 680}, "large": {"h": 1342, "resize": "fit", "w": 1934}, "medium": {"h": 833, "resize": "fit", "w": 1200}, "thumb": {"h": 150, "resize": "crop", "w": 150}}, "type": "photo", "id": 692382469497188352, "media_url": "http://pbs.twimg.com/media/CZvWMAcWcAA2I3U.png"}], "retweet_count": 532, "id": 692382471061663744, "favorite_count": 279, "id_str": "692382471061663744"}