{"lang": "en", "in_reply_to_user_id": 87416722, "text": "@SkyNewsBreak  if its upheld they all should be entitled to that money back too ?", "created_at": "Wed Jan 27 13:37:02 +0000 2016", "hashtags": [], "user_mentions": [{"id_str": "87416722", "screen_name": "SkyNewsBreak", "name": "Sky News Breaking", "id": 87416722}], "source": "<a href=\"https://mobile.twitter.com\" rel=\"nofollow\">Twitter Lite</a>", "in_reply_to_status_id": 692290126282649601, "in_reply_to_screen_name": "SkyNewsBreak", "user": {"profile_use_background_image": true, "id": 579733016, "profile_image_url_https": "https://pbs.twimg.com/profile_images/983309809494708227/52VbH0Cl_normal.jpg", "profile_sidebar_fill_color": "F6F6F6", "profile_text_color": "333333", "followers_count": 809, "id_str": "579733016", "profile_background_color": "ACDED6", "location": "yorkshire", "statuses_count": 79839, "friends_count": 552, "profile_link_color": "038543", "profile_image_url": "http://pbs.twimg.com/profile_images/983309809494708227/52VbH0Cl_normal.jpg", "profile_background_image_url_https": "https://abs.twimg.com/images/themes/theme18/bg.gif", "profile_banner_url": "https://pbs.twimg.com/profile_banners/579733016/1509956263", "profile_background_image_url": "http://abs.twimg.com/images/themes/theme18/bg.gif", "name": "trev", "lang": "en", "favourites_count": 7645, "screen_name": "trev0272", "created_at": "Mon May 14 09:57:33 +0000 2012", "profile_sidebar_border_color": "EEEEEE", "listed_count": 28}, "urls": [], "id": 692340541799976961, "id_str": "692340541799976961"}