{"lang": "en", "in_reply_to_user_id": 30313925, "text": "@WhiteHouse  cute :)", "created_at": "Wed Jan 27 16:55:36 +0000 2016", "hashtags": [], "user_mentions": [{"id_str": "822215673812119553", "screen_name": "WhiteHouse", "name": "The White House", "id": 822215673812119553}], "source": "<a href=\"http://twitter.com/download/iphone\" rel=\"nofollow\">Twitter for iPhone</a>", "in_reply_to_status_id": 691380348379201536, "in_reply_to_screen_name": "ObamaWhiteHouse", "user": {"profile_use_background_image": true, "id": 605600787, "profile_image_url_https": "https://pbs.twimg.com/profile_images/798627817663631360/e9qwv79r_normal.jpg", "profile_sidebar_fill_color": "DDEEF6", "profile_text_color": "333333", "followers_count": 168, "id_str": "605600787", "profile_background_color": "C0DEED", "location": "USA", "statuses_count": 20513, "friends_count": 9, "profile_link_color": "1DA1F2", "profile_image_url": "http://pbs.twimg.com/profile_images/798627817663631360/e9qwv79r_normal.jpg", "profile_background_image_url_https": "https://abs.twimg.com/images/themes/theme1/bg.png", "profile_banner_url": "https://pbs.twimg.com/profile_banners/605600787/1467139892", "profile_background_image_url": "http://abs.twimg.com/images/themes/theme1/bg.png", "name": "sana", "lang": "en", "favourites_count": 18439, "screen_name": "skfanusa", "created_at": "Mon Jun 11 15:44:33 +0000 2012", "profile_sidebar_border_color": "C0DEED", "default_profile": true, "listed_count": 6}, "urls": [], "id": 692390511932477440, "id_str": "692390511932477440"}