{"lang": "en", "in_reply_to_user_id": 30313925, "text": "@WhiteHouse @POTUS White house, Black house, Dong house!", "created_at": "Wed Jan 27 13:24:50 +0000 2016", "hashtags": [], "user_mentions": [{"id_str": "822215673812119553", "screen_name": "WhiteHouse", "name": "The White House", "id": 822215673812119553}, {"id_str": "822215679726100480", "screen_name": "POTUS", "name": "President Trump", "id": 822215679726100480}], "source": "<a href=\"http://twitter.com/download/android\" rel=\"nofollow\">Twitter for Android</a>", "in_reply_to_status_id": 690567125128351744, "in_reply_to_screen_name": "ObamaWhiteHouse", "user": {"lang": "en", "default_profile": true, "statuses_count": 43, "screen_name": "eguaebor", "friends_count": 208, "profile_use_background_image": true, "profile_link_color": "1DA1F2", "created_at": "Sun Dec 20 03:48:30 +0000 2015", "profile_sidebar_fill_color": "DDEEF6", "profile_image_url": "http://pbs.twimg.com/profile_images/678458227965734912/BqB9aU2T_normal.jpg", "profile_image_url_https": "https://pbs.twimg.com/profile_images/678458227965734912/BqB9aU2T_normal.jpg", "profile_text_color": "333333", "followers_count": 16, "profile_sidebar_border_color": "C0DEED", "id_str": "4542172599", "profile_background_color": "F5F8FA", "favourites_count": 48, "profile_banner_url": "https://pbs.twimg.com/profile_banners/4542172599/1453936824", "id": 4542172599, "name": "TOKEY"}, "urls": [], "id": 692337470663479297, "id_str": "692337470663479297"}