{"lang": "en", "in_reply_to_user_id": 125570941, "text": "Turkey is not at war\nWhy not stay there?  You can't drown staying on place \n@Muschelschloss @lameduck1960 @BBCBreaking", "created_at": "Wed Jan 27 13:51:24 +0000 2016", "hashtags": [], "user_mentions": [{"id_str": "125570941", "screen_name": "Muschelschloss", "name": "Muschelschloss \ud83d\udc9b\ud83d\udc88'ver(w)irrtes' Blumenkind", "id": 125570941}, {"id_str": "81637419", "screen_name": "lameduck1960", "name": "barbara t. lameduck \ud83c\uddee\ud83c\uddf9", "id": 81637419}, {"id_str": "5402612", "screen_name": "BBCBreaking", "name": "BBC Breaking News", "id": 5402612}], "source": "<a href=\"http://twitter.com/download/android\" rel=\"nofollow\">Twitter for Android</a>", "in_reply_to_status_id": 692334100456329216, "in_reply_to_screen_name": "Muschelschloss", "user": {"profile_use_background_image": true, "id": 967843051, "profile_image_url_https": "https://pbs.twimg.com/profile_images/2890311006/e89e3ae8df98987c6df5aa7cc7f92203_normal.jpeg", "profile_sidebar_fill_color": "DDEEF6", "profile_text_color": "333333", "followers_count": 383, "id_str": "967843051", "profile_background_color": "C0DEED", "listed_count": 11, "statuses_count": 20415, "description": "Marco Bissalato Pellegrini, agricoltore. Confida nella rugiada della primavera.", "friends_count": 283, "profile_link_color": "1DA1F2", "profile_image_url": "http://pbs.twimg.com/profile_images/2890311006/e89e3ae8df98987c6df5aa7cc7f92203_normal.jpeg", "profile_background_image_url_https": "https://abs.twimg.com/images/themes/theme1/bg.png", "profile_background_image_url": "http://abs.twimg.com/images/themes/theme1/bg.png", "name": "Marco B. Pellegrini", "lang": "it", "favourites_count": 36398, "screen_name": "MBPellegrini", "created_at": "Sat Nov 24 11:15:55 +0000 2012", "profile_sidebar_border_color": "C0DEED", "default_profile": true}, "urls": [], "id": 692344156677619714, "id_str": "692344156677619714"}