{"lang": "en", "in_reply_to_user_id": 14075928, "text": "@TheOnion @ManMadeMoon nope, I'm good!", "created_at": "Wed Jan 27 19:10:34 +0000 2016", "hashtags": [], "user_mentions": [{"id_str": "14075928", "screen_name": "TheOnion", "name": "The Onion", "id": 14075928}, {"id_str": "20690398", "screen_name": "ManMadeMoon", "name": "Duncan Jones", "id": 20690398}], "source": "<a href=\"http://twitter.com/download/android\" rel=\"nofollow\">Twitter for Android</a>", "in_reply_to_status_id": 692374052082708480, "in_reply_to_screen_name": "TheOnion", "user": {"id": 2255815406, "profile_image_url_https": "https://pbs.twimg.com/profile_images/1045862615661064197/EVWX4Ekg_normal.jpg", "profile_sidebar_fill_color": "000000", "profile_text_color": "000000", "followers_count": 101, "id_str": "2255815406", "profile_background_color": "000000", "location": "Columbus, OH", "statuses_count": 4752, "description": "Momma and wifey. Radio is my thing.", "friends_count": 153, "profile_link_color": "ABB8C2", "profile_image_url": "http://pbs.twimg.com/profile_images/1045862615661064197/EVWX4Ekg_normal.jpg", "profile_background_image_url_https": "https://abs.twimg.com/images/themes/theme14/bg.gif", "profile_banner_url": "https://pbs.twimg.com/profile_banners/2255815406/1509056528", "profile_background_image_url": "http://abs.twimg.com/images/themes/theme14/bg.gif", "name": "Morgan Bunnell", "lang": "en", "favourites_count": 5638, "screen_name": "MorganBunnell", "created_at": "Sat Dec 21 01:13:46 +0000 2013", "profile_sidebar_border_color": "000000", "listed_count": 4}, "urls": [], "id": 692424474935848960, "id_str": "692424474935848960"}