{"lang": "en", "in_reply_to_user_id": 428333, "text": "@cnnbrk aren't they always?", "created_at": "Thu Jan 28 04:20:49 +0000 2016", "hashtags": [], "user_mentions": [{"id_str": "428333", "screen_name": "cnnbrk", "name": "CNN Breaking News", "id": 428333}], "source": "<a href=\"http://twitter.com\" rel=\"nofollow\">Twitter Web Client</a>", "in_reply_to_status_id": 692528931459694592, "in_reply_to_screen_name": "cnnbrk", "user": {"profile_use_background_image": true, "id": 89125690, "verified": true, "profile_image_url_https": "https://pbs.twimg.com/profile_images/682991869140140032/cFuyoc50_normal.jpg", "profile_sidebar_fill_color": "000000", "profile_text_color": "706A6A", "followers_count": 6620, "location": "Los Angeles, CA", "profile_background_color": "89C9FA", "id_str": "89125690", "statuses_count": 1270, "description": "tweeting up appearances... #Taurus", "friends_count": 130, "profile_link_color": "1B95E0", "profile_image_url": "http://pbs.twimg.com/profile_images/682991869140140032/cFuyoc50_normal.jpg", "profile_background_image_url_https": "https://abs.twimg.com/images/themes/theme19/bg.gif", "profile_banner_url": "https://pbs.twimg.com/profile_banners/89125690/1451673071", "profile_background_image_url": "http://abs.twimg.com/images/themes/theme19/bg.gif", "name": "Dalal", "lang": "en", "profile_background_tile": true, "favourites_count": 3294, "screen_name": "DalalMusic", "url": "https://t.co/kEBpWykr6J", "created_at": "Wed Nov 11 06:40:49 +0000 2009", "profile_sidebar_border_color": "FFFFFF", "listed_count": 65}, "urls": [], "id": 692562952168300546, "id_str": "692562952168300546"}