{"lang": "en", "in_reply_to_user_id": 9315352, "text": "@mskatie @TheOnion Love you too!!! \ud83d\ude09\ud83d\ude18", "created_at": "Thu Jan 28 03:59:55 +0000 2016", "hashtags": [], "user_mentions": [{"id_str": "9315352", "screen_name": "mskatie", "name": "Katie Wenrick", "id": 9315352}, {"id_str": "14075928", "screen_name": "TheOnion", "name": "The Onion", "id": 14075928}], "source": "<a href=\"http://twitter.com/download/iphone\" rel=\"nofollow\">Twitter for iPhone</a>", "in_reply_to_status_id": 692528714664525824, "in_reply_to_screen_name": "mskatie", "user": {"lang": "en", "default_profile": true, "id_str": "4852202842", "statuses_count": 169, "screen_name": "__SP1DER", "friends_count": 1, "profile_use_background_image": true, "profile_link_color": "1DA1F2", "created_at": "Wed Jan 27 03:20:25 +0000 2016", "profile_sidebar_fill_color": "DDEEF6", "profile_image_url": "http://pbs.twimg.com/profile_images/692186038056415232/oWbZdr1x_normal.jpg", "name": "Spider", "profile_image_url_https": "https://pbs.twimg.com/profile_images/692186038056415232/oWbZdr1x_normal.jpg", "profile_text_color": "333333", "profile_sidebar_border_color": "C0DEED", "location": "Your Room", "profile_background_color": "F5F8FA", "favourites_count": 13, "profile_banner_url": "https://pbs.twimg.com/profile_banners/4852202842/1453865038", "id": 4852202842, "description": "I'm crawling in your closet."}, "urls": [], "id": 692557692624314368, "favorite_count": 1, "id_str": "692557692624314368"}