{"lang": "en", "in_reply_to_user_id": 5402612, "text": "@BBCBreaking @WHO @shreen66 what is this world coming to x auntie Meena it's your niece Clare how r u x", "created_at": "Thu Jan 28 13:03:18 +0000 2016", "hashtags": [], "user_mentions": [{"id_str": "5402612", "screen_name": "BBCBreaking", "name": "BBC Breaking News", "id": 5402612}, {"id_str": "14499829", "screen_name": "WHO", "name": "World Health Organization (WHO)", "id": 14499829}, {"id_str": "385606496", "screen_name": "shreen66", "name": "Meena Seville", "id": 385606496}], "source": "<a href=\"https://mobile.twitter.com\" rel=\"nofollow\">Twitter Lite</a>", "in_reply_to_status_id": 692692529779707904, "in_reply_to_screen_name": "BBCBreaking", "user": {"profile_use_background_image": true, "id": 2782383657, "description": "I luv wentworth millerxxxxxxccxx", "profile_image_url_https": "https://abs.twimg.com/sticky/default_profile_images/default_profile_normal.png", "profile_sidebar_fill_color": "DDEEF6", "profile_text_color": "333333", "followers_count": 11, "location": "glasgow", "default_profile_image": true, "id_str": "2782383657", "statuses_count": 47, "profile_background_color": "C0DEED", "friends_count": 85, "profile_link_color": "1DA1F2", "profile_image_url": "http://abs.twimg.com/sticky/default_profile_images/default_profile_normal.png", "profile_background_image_url_https": "https://abs.twimg.com/images/themes/theme1/bg.png", "profile_banner_url": "https://pbs.twimg.com/profile_banners/2782383657/1412067643", "profile_background_image_url": "http://abs.twimg.com/images/themes/theme1/bg.png", "name": "clare mcghee", "lang": "en-gb", "favourites_count": 88, "screen_name": "mcghee_clare", "created_at": "Wed Sep 24 12:00:58 +0000 2014", "profile_sidebar_border_color": "C0DEED", "default_profile": true, "listed_count": 1}, "urls": [], "id": 692694439723155456, "favorite_count": 2, "id_str": "692694439723155456"}