{"lang": "en", "in_reply_to_user_id": 87416722, "text": "@SkyNewsBreak expel to where?", "created_at": "Thu Jan 28 08:26:43 +0000 2016", "hashtags": [], "user_mentions": [{"id_str": "87416722", "screen_name": "SkyNewsBreak", "name": "Sky News Breaking", "id": 87416722}], "source": "<a href=\"http://twitter.com/download/android\" rel=\"nofollow\">Twitter for Android</a>", "in_reply_to_status_id": 692491478619262976, "in_reply_to_screen_name": "SkyNewsBreak", "user": {"id": 19910984, "profile_image_url_https": "https://pbs.twimg.com/profile_images/1030584948783304709/MTxXaGaS_normal.jpg", "profile_sidebar_fill_color": "000000", "geo_enabled": true, "profile_text_color": "000000", "followers_count": 61, "id_str": "19910984", "profile_background_color": "000000", "listed_count": 4, "statuses_count": 4495, "description": "No Agenda!!!! #peoplesvote", "friends_count": 213, "profile_link_color": "DD2E44", "profile_image_url": "http://pbs.twimg.com/profile_images/1030584948783304709/MTxXaGaS_normal.jpg", "profile_background_image_url_https": "https://abs.twimg.com/images/themes/theme15/bg.png", "profile_banner_url": "https://pbs.twimg.com/profile_banners/19910984/1531378004", "profile_background_image_url": "http://abs.twimg.com/images/themes/theme15/bg.png", "name": "Roy", "lang": "en", "favourites_count": 6340, "screen_name": "NoAgenda211", "created_at": "Mon Feb 02 15:15:41 +0000 2009", "profile_sidebar_border_color": "000000"}, "urls": [], "id": 692624834614923264, "id_str": "692624834614923264"}