{"lang": "en", "in_reply_to_user_id": 87416722, "text": "@SkyNewsBreak @RemiAdekoya1 #EuroDisney #Paris Yeah, THE KORAN; great book no doubt. Able to galvanise ppl", "created_at": "Thu Jan 28 17:45:08 +0000 2016", "hashtags": [{"text": "EuroDisney"}, {"text": "Paris"}], "user_mentions": [{"id_str": "87416722", "screen_name": "SkyNewsBreak", "name": "Sky News Breaking", "id": 87416722}, {"id_str": "438200082", "screen_name": "RemiAdekoya1", "name": "Remi Adekoya", "id": 438200082}], "source": "<a href=\"http://blackberry.com/twitter\" rel=\"nofollow\">Twitter for BlackBerry\u00ae</a>", "in_reply_to_status_id": 692746621218656258, "in_reply_to_screen_name": "SkyNewsBreak", "user": {"profile_use_background_image": true, "id": 381278377, "profile_image_url_https": "https://pbs.twimg.com/profile_images/758984561099288576/POnz9AGT_normal.jpg", "profile_sidebar_fill_color": "86ED6D", "profile_text_color": "632B37", "followers_count": 705, "location": "Ibadan, Nigeria", "profile_background_color": "DBC78C", "id_str": "381278377", "statuses_count": 42849, "description": "An unlikely life. I'm a rose that grew from the concrete -- damaged petals and all. They say I'm not possible; but here I am", "friends_count": 39, "profile_link_color": "088253", "profile_image_url": "http://pbs.twimg.com/profile_images/758984561099288576/POnz9AGT_normal.jpg", "profile_background_image_url_https": "https://abs.twimg.com/images/themes/theme1/bg.png", "profile_banner_url": "https://pbs.twimg.com/profile_banners/381278377/1532894161", "profile_background_image_url": "http://abs.twimg.com/images/themes/theme1/bg.png", "name": "Oseiwe Ibhagui", "lang": "en", "profile_background_tile": true, "favourites_count": 1393, "screen_name": "OIbhagui", "url": "https://t.co/RzBmx1uew5", "created_at": "Wed Sep 28 01:50:22 +0000 2011", "profile_sidebar_border_color": "D3D2CF", "listed_count": 36}, "urls": [], "retweet_count": 2, "id": 692765366179729408, "id_str": "692765366179729408"}