{"lang": "en", "in_reply_to_user_id": 263696280, "text": "@JDTIPS @SkyNewsBreak @AmyinLondon Planted on his body to discredit Islam imo", "created_at": "Thu Jan 28 18:57:01 +0000 2016", "hashtags": [], "user_mentions": [{"id_str": "87416722", "screen_name": "SkyNewsBreak", "name": "Sky News Breaking", "id": 87416722}, {"id_str": "216371472", "screen_name": "AmyinLondon", "name": "AmyinLondon", "id": 216371472}], "source": "<a href=\"http://twitter.com\" rel=\"nofollow\">Twitter Web Client</a>", "in_reply_to_status_id": 692748225359519745, "in_reply_to_screen_name": "mementovivere36", "user": {"lang": "en", "default_profile": true, "statuses_count": 1936, "screen_name": "OutragedNo1", "friends_count": 675, "profile_use_background_image": true, "profile_link_color": "1DA1F2", "created_at": "Sun Jan 17 12:22:18 +0000 2016", "profile_sidebar_fill_color": "DDEEF6", "profile_image_url": "http://pbs.twimg.com/profile_images/688698552403496961/6b3-YoV-_normal.jpg", "profile_image_url_https": "https://pbs.twimg.com/profile_images/688698552403496961/6b3-YoV-_normal.jpg", "profile_text_color": "333333", "followers_count": 239, "profile_sidebar_border_color": "C0DEED", "id_str": "4820909939", "profile_background_color": "F5F8FA", "favourites_count": 756, "id": 4820909939, "name": "BUNCH Dolster"}, "urls": [], "id": 692783453838917633, "favorite_count": 1, "id_str": "692783453838917633"}