{"lang": "en", "in_reply_to_user_id": 5402612, "text": "@BBCBreaking not a koran! the most deadly weapon of all!!", "created_at": "Thu Jan 28 18:04:20 +0000 2016", "hashtags": [], "user_mentions": [{"id_str": "5402612", "screen_name": "BBCBreaking", "name": "BBC Breaking News", "id": 5402612}], "source": "<a href=\"http://twitter.com\" rel=\"nofollow\">Twitter Web Client</a>", "in_reply_to_status_id": 692758341068656644, "in_reply_to_screen_name": "BBCBreaking", "user": {"profile_use_background_image": true, "id": 317419355, "profile_image_url_https": "https://pbs.twimg.com/profile_images/860146171280535553/7BDn0v3e_normal.jpg", "profile_sidebar_fill_color": "EFEFEF", "profile_text_color": "333333", "followers_count": 114, "id_str": "317419355", "profile_background_color": "131516", "statuses_count": 2271, "description": "The New Sincere. I'm meek, but I could probably stand to be meeker.", "friends_count": 104, "profile_link_color": "001494", "profile_image_url": "http://pbs.twimg.com/profile_images/860146171280535553/7BDn0v3e_normal.jpg", "profile_background_image_url_https": "https://abs.twimg.com/images/themes/theme1/bg.png", "profile_banner_url": "https://pbs.twimg.com/profile_banners/317419355/1483565922", "profile_background_image_url": "http://abs.twimg.com/images/themes/theme1/bg.png", "name": "MDP", "lang": "xx-lc", "profile_background_tile": true, "favourites_count": 1141, "screen_name": "christ_bucket", "created_at": "Tue Jun 14 22:25:17 +0000 2011", "profile_sidebar_border_color": "000000"}, "urls": [], "id": 692770194549272576, "id_str": "692770194549272576"}