{"lang": "en", "in_reply_to_user_id": 87416722, "text": "@SkyNewsBreak I think they should \"french\" fry him.", "created_at": "Thu Jan 28 16:33:42 +0000 2016", "hashtags": [], "user_mentions": [{"id_str": "87416722", "screen_name": "SkyNewsBreak", "name": "Sky News Breaking", "id": 87416722}], "source": "<a href=\"http://twitter.com/download/android\" rel=\"nofollow\">Twitter for Android</a>", "in_reply_to_status_id": 692746621218656258, "in_reply_to_screen_name": "SkyNewsBreak", "user": {"profile_use_background_image": true, "id": 522725904, "profile_image_url_https": "https://pbs.twimg.com/profile_images/760184935122599936/zEjbit0L_normal.jpg", "profile_sidebar_fill_color": "DDEEF6", "profile_text_color": "333333", "followers_count": 61, "id_str": "522725904", "profile_background_color": "C0DEED", "listed_count": 1, "statuses_count": 1913, "description": "fan of any and all sports. which includes the toughest sports of all fathering and husbandry. Matthew 22:14", "friends_count": 284, "profile_link_color": "1DA1F2", "profile_image_url": "http://pbs.twimg.com/profile_images/760184935122599936/zEjbit0L_normal.jpg", "profile_background_image_url_https": "https://abs.twimg.com/images/themes/theme1/bg.png", "profile_background_image_url": "http://abs.twimg.com/images/themes/theme1/bg.png", "name": "Mitchell Todd", "lang": "en", "favourites_count": 882, "screen_name": "MitchellDTodd", "created_at": "Tue Mar 13 00:43:51 +0000 2012", "profile_sidebar_border_color": "C0DEED", "default_profile": true}, "urls": [], "id": 692747386750423040, "id_str": "692747386750423040"}