{"lang": "en", "in_reply_to_user_id": 2557521, "text": "@espn @SHAQ @JimmyKimmelLive thank u Shaq congratulations", "created_at": "Thu Jan 28 16:54:56 +0000 2016", "hashtags": [], "user_mentions": [{"id_str": "2557521", "screen_name": "espn", "name": "ESPN", "id": 2557521}, {"id_str": "17461978", "screen_name": "SHAQ", "name": "SHAQ", "id": 17461978}, {"id_str": "34036028", "screen_name": "JimmyKimmelLive", "name": "Jimmy Kimmel Live", "id": 34036028}], "source": "<a href=\"http://twitter.com/download/android\" rel=\"nofollow\">Twitter for Android</a>", "in_reply_to_status_id": 692745208421679104, "in_reply_to_screen_name": "espn", "user": {"profile_use_background_image": true, "id": 4842417232, "profile_image_url_https": "https://abs.twimg.com/sticky/default_profile_images/default_profile_normal.png", "profile_sidebar_fill_color": "DDEEF6", "profile_text_color": "333333", "followers_count": 46, "id_str": "4842417232", "default_profile_image": true, "listed_count": 1, "statuses_count": 1187, "profile_background_color": "F5F8FA", "friends_count": 437, "profile_link_color": "1DA1F2", "profile_image_url": "http://abs.twimg.com/sticky/default_profile_images/default_profile_normal.png", "geo_enabled": true, "name": "Charles White", "lang": "en", "favourites_count": 4958, "screen_name": "Charles13421971", "created_at": "Sun Jan 24 15:44:36 +0000 2016", "profile_sidebar_border_color": "C0DEED", "default_profile": true}, "urls": [], "id": 692752729643548673, "id_str": "692752729643548673"}