{"lang": "en", "in_reply_to_user_id": 14780915, "text": "@RollingStone I don't think it can be an inward searching curveball when she's responsible for 0% of its composition.", "created_at": "Thu Jan 28 16:36:43 +0000 2016", "hashtags": [], "user_mentions": [{"id_str": "14780915", "screen_name": "RollingStone", "name": "Rolling Stone", "id": 14780915}], "source": "<a href=\"http://twitter.com/download/iphone\" rel=\"nofollow\">Twitter for iPhone</a>", "in_reply_to_status_id": 692735354240114688, "in_reply_to_screen_name": "RollingStone", "user": {"profile_use_background_image": true, "id": 19975747, "profile_image_url_https": "https://pbs.twimg.com/profile_images/875182298068602880/GKEK5p-s_normal.jpg", "profile_sidebar_fill_color": "000000", "geo_enabled": true, "profile_text_color": "000000", "followers_count": 256, "location": "Kentucky, USA", "profile_background_color": "1A1B1F", "id_str": "19975747", "statuses_count": 10677, "description": "\ud83d\udcbb\ud83d\udcf1\ud83c\uddfa\ud83c\uddf8\ud83c\udfbc\ud83c\udfb8\u270c\ud83c\udffb", "friends_count": 634, "profile_link_color": "1B95E0", "profile_image_url": "http://pbs.twimg.com/profile_images/875182298068602880/GKEK5p-s_normal.jpg", "profile_background_image_url_https": "https://abs.twimg.com/images/themes/theme9/bg.gif", "profile_banner_url": "https://pbs.twimg.com/profile_banners/19975747/1527473859", "profile_background_image_url": "http://abs.twimg.com/images/themes/theme9/bg.gif", "name": "Matt", "lang": "en", "favourites_count": 9932, "screen_name": "mattosborne", "created_at": "Tue Feb 03 15:03:09 +0000 2009", "profile_sidebar_border_color": "000000", "listed_count": 5}, "urls": [], "id": 692748145051172865, "id_str": "692748145051172865"}