{"lang": "en", "in_reply_to_user_id": 1605914786, "text": "@21stCentTemplar @BBCBreaking @BBCNews The koran warned about IS. Read the book and come back", "created_at": "Thu Jan 28 17:50:59 +0000 2016", "hashtags": [], "user_mentions": [{"id_str": "5402612", "screen_name": "BBCBreaking", "name": "BBC Breaking News", "id": 5402612}, {"id_str": "612473", "screen_name": "BBCNews", "name": "BBC News (UK)", "id": 612473}], "source": "<a href=\"http://twitter.com/download/android\" rel=\"nofollow\">Twitter for Android</a>", "in_reply_to_status_id": 692759427460505600, "in_reply_to_screen_name": "TemplarOfNi", "user": {"profile_use_background_image": true, "id": 2859619665, "profile_image_url_https": "https://pbs.twimg.com/profile_images/991029286286045184/ZwIFBb8i_normal.jpg", "profile_sidebar_fill_color": "DDEEF6", "geo_enabled": true, "profile_text_color": "333333", "followers_count": 302, "id_str": "2859619665", "profile_background_color": "C0DEED", "location": "EUROPE", "statuses_count": 22651, "friends_count": 1635, "profile_link_color": "1DA1F2", "profile_image_url": "http://pbs.twimg.com/profile_images/991029286286045184/ZwIFBb8i_normal.jpg", "profile_background_image_url_https": "https://abs.twimg.com/images/themes/theme1/bg.png", "profile_background_image_url": "http://abs.twimg.com/images/themes/theme1/bg.png", "name": "Menie b", "lang": "nl", "favourites_count": 3252, "screen_name": "ParaLarek", "created_at": "Mon Nov 03 23:01:15 +0000 2014", "profile_sidebar_border_color": "C0DEED", "default_profile": true, "listed_count": 6}, "urls": [], "retweet_count": 1, "id": 692766836631441408, "favorite_count": 1, "id_str": "692766836631441408"}