{"lang": "und", "in_reply_to_user_id": 5402612, "text": "@BBCBreaking https://t.co/mgAD4MmEUj", "created_at": "Thu Jan 28 19:13:26 +0000 2016", "hashtags": [], "user_mentions": [{"id_str": "5402612", "screen_name": "BBCBreaking", "name": "BBC Breaking News", "id": 5402612}], "source": "<a href=\"http://www.twitter.com\" rel=\"nofollow\">Twitter for Windows Phone</a>", "in_reply_to_status_id": 692758341068656644, "in_reply_to_screen_name": "BBCBreaking", "user": {"profile_use_background_image": true, "id": 3077083692, "profile_image_url_https": "https://pbs.twimg.com/profile_images/798095487815602176/lXT8-cRQ_normal.jpg", "profile_sidebar_fill_color": "DDEEF6", "profile_text_color": "333333", "followers_count": 80, "id_str": "3077083692", "profile_background_color": "C0DEED", "listed_count": 1, "statuses_count": 1124, "description": "once there x life there x hope..will surely get there", "friends_count": 88, "profile_link_color": "1DA1F2", "profile_image_url": "http://pbs.twimg.com/profile_images/798095487815602176/lXT8-cRQ_normal.jpg", "profile_background_image_url_https": "https://abs.twimg.com/images/themes/theme1/bg.png", "profile_banner_url": "https://pbs.twimg.com/profile_banners/3077083692/1479115800", "profile_background_image_url": "http://abs.twimg.com/images/themes/theme1/bg.png", "name": "DWET3", "lang": "en", "favourites_count": 161, "screen_name": "hancot89", "created_at": "Fri Mar 13 15:28:53 +0000 2015", "profile_sidebar_border_color": "C0DEED", "default_profile": true}, "urls": [], "media": [{"expanded_url": "https://twitter.com/hancot89/status/692787584704106496/photo/1", "display_url": "pic.twitter.com/mgAD4MmEUj", "url": "https://t.co/mgAD4MmEUj", "media_url_https": "https://pbs.twimg.com/media/CZ1GoL-UAAAxpdx.jpg", "sizes": {"large": {"h": 960, "resize": "fit", "w": 540}, "small": {"h": 680, "resize": "fit", "w": 383}, "medium": {"h": 960, "resize": "fit", "w": 540}, "thumb": {"h": 150, "resize": "crop", "w": 150}}, "type": "photo", "id": 692787573907783680, "media_url": "http://pbs.twimg.com/media/CZ1GoL-UAAAxpdx.jpg"}], "id": 692787584704106496, "id_str": "692787584704106496"}