{"lang": "en", "in_reply_to_user_id": 5402612, "text": "@BBCBreaking @BBCNews I'll bet it has nothing to do with Islam.", "created_at": "Thu Jan 28 18:58:49 +0000 2016", "hashtags": [], "user_mentions": [{"id_str": "5402612", "screen_name": "BBCBreaking", "name": "BBC Breaking News", "id": 5402612}, {"id_str": "612473", "screen_name": "BBCNews", "name": "BBC News (UK)", "id": 612473}], "source": "<a href=\"http://twitter.com/download/android\" rel=\"nofollow\">Twitter for Android</a>", "in_reply_to_status_id": 692753210692476928, "in_reply_to_screen_name": "BBCBreaking", "user": {"profile_use_background_image": true, "id": 701078298, "profile_image_url_https": "https://pbs.twimg.com/profile_images/1042874500101144576/-X7DJSoj_normal.png", "profile_sidebar_fill_color": "DDEEF6", "geo_enabled": true, "profile_text_color": "333333", "followers_count": 118, "location": "Durham", "profile_background_color": "85CEF5", "id_str": "701078298", "statuses_count": 9503, "description": "Left wing atheist metal fan.", "friends_count": 137, "profile_link_color": "0084B4", "profile_image_url": "http://pbs.twimg.com/profile_images/1042874500101144576/-X7DJSoj_normal.png", "profile_background_image_url_https": "https://abs.twimg.com/images/themes/theme1/bg.png", "profile_banner_url": "https://pbs.twimg.com/profile_banners/701078298/1416126017", "profile_background_image_url": "http://abs.twimg.com/images/themes/theme1/bg.png", "name": "John Nisbet", "lang": "en", "favourites_count": 12392, "screen_name": "jnisbet3", "created_at": "Tue Jul 17 13:42:50 +0000 2012", "profile_sidebar_border_color": "FFFFFF", "listed_count": 11}, "urls": [], "place": {"full_name": "Newton Aycliffe, England", "url": "https://api.twitter.com/1.1/geo/id/6763b218bd27c26c.json", "country": "United Kingdom", "place_type": "city", "bounding_box": {"type": "Polygon", "coordinates": [[[-1.6062021, 54.594366], [-1.553674, 54.594366], [-1.553674, 54.6408299], [-1.6062021, 54.6408299]]]}, "contained_within": [], "country_code": "GB", "attributes": {}, "id": "6763b218bd27c26c", "name": "Newton Aycliffe"}, "id": 692783906073001984, "id_str": "692783906073001984"}