{"lang": "en", "in_reply_to_user_id": 164956800, "text": "@NFLDraftGuru315 @espn it's amazing what happens to the Pats in a big game when the NFL doesn't let them get away with cheating again", "created_at": "Thu Jan 28 17:17:33 +0000 2016", "hashtags": [], "user_mentions": [{"id_str": "164956800", "screen_name": "NFLDraftGuru315", "name": "Steve Femia", "id": 164956800}, {"id_str": "2557521", "screen_name": "espn", "name": "ESPN", "id": 2557521}], "source": "<a href=\"http://twitter.com/download/android\" rel=\"nofollow\">Twitter for Android</a>", "in_reply_to_status_id": 692727880917368832, "in_reply_to_screen_name": "NFLDraftGuru315", "user": {"profile_use_background_image": true, "id": 2977395515, "profile_image_url_https": "https://pbs.twimg.com/profile_images/825216679751856129/aiQ9td6l_normal.jpg", "profile_sidebar_fill_color": "DDEEF6", "profile_text_color": "333333", "followers_count": 87, "location": "not fucking chicago", "profile_background_color": "C0DEED", "id_str": "2977395515", "statuses_count": 11109, "description": "Kane's a rapist and cabbie beater. Try not to take twitter too seriously. If you're reading this I bet it's because I pissed you off lol #NeverTrump", "friends_count": 46, "profile_link_color": "1DA1F2", "profile_image_url": "http://pbs.twimg.com/profile_images/825216679751856129/aiQ9td6l_normal.jpg", "profile_background_image_url_https": "https://abs.twimg.com/images/themes/theme1/bg.png", "profile_banner_url": "https://pbs.twimg.com/profile_banners/2977395515/1448830066", "profile_background_image_url": "http://abs.twimg.com/images/themes/theme1/bg.png", "name": "RIP Kings", "lang": "en", "favourites_count": 1674, "screen_name": "bronsanig", "created_at": "Wed Jan 14 00:56:26 +0000 2015", "profile_sidebar_border_color": "C0DEED", "default_profile": true, "listed_count": 5}, "urls": [], "id": 692758421276221440, "id_str": "692758421276221440"}