{"lang": "en", "in_reply_to_user_id": 2890961, "text": "Browser plugin that is... \u201c@Gizmodo: Oracle is finally killing, Java. Rest in hell, Java. https://t.co/F5mLLZwaUz https://t.co/bEpe2m6TLB\u201d", "created_at": "Thu Jan 28 15:46:34 +0000 2016", "hashtags": [], "user_mentions": [{"id_str": "2890961", "screen_name": "Gizmodo", "name": "Gizmodo", "id": 2890961}], "source": "<a href=\"http://twitter.com/download/iphone\" rel=\"nofollow\">Twitter for iPhone</a>", "in_reply_to_status_id": 692734579141185536, "in_reply_to_screen_name": "Gizmodo", "user": {"profile_use_background_image": true, "id": 202234929, "profile_image_url_https": "https://pbs.twimg.com/profile_images/835145186317475840/jYt_wIpM_normal.jpg", "profile_sidebar_fill_color": "C0DFEC", "geo_enabled": true, "profile_text_color": "333333", "followers_count": 479, "location": "Seattle", "profile_background_color": "000000", "id_str": "202234929", "statuses_count": 4914, "description": "Technology, sys admin, coding, piano, guitar, music", "friends_count": 1451, "profile_link_color": "0000FF", "profile_image_url": "http://pbs.twimg.com/profile_images/835145186317475840/jYt_wIpM_normal.jpg", "profile_background_image_url_https": "https://abs.twimg.com/images/themes/theme15/bg.png", "profile_banner_url": "https://pbs.twimg.com/profile_banners/202234929/1436802312", "profile_background_image_url": "http://abs.twimg.com/images/themes/theme15/bg.png", "name": "Mark Lewis", "lang": "en", "profile_background_tile": true, "favourites_count": 371, "screen_name": "MarkSLewisII", "url": "https://t.co/qxbLmq3YDu", "created_at": "Wed Oct 13 16:01:04 +0000 2010", "profile_sidebar_border_color": "000000", "listed_count": 24}, "urls": [{"url": "https://t.co/F5mLLZwaUz", "expanded_url": "http://gizmo.do/EI1X4Wv"}], "media": [{"expanded_url": "https://twitter.com/Gizmodo/status/692734579141185536/photo/1", "display_url": "pic.twitter.com/bEpe2m6TLB", "url": "https://t.co/bEpe2m6TLB", "media_url_https": "https://pbs.twimg.com/media/CZ0WbdIWkAEZN1Y.jpg", "sizes": {"small": {"h": 367, "resize": "fit", "w": 651}, "large": {"h": 367, "resize": "fit", "w": 651}, "medium": {"h": 367, "resize": "fit", "w": 651}, "thumb": {"h": 150, "resize": "crop", "w": 150}}, "type": "photo", "id": 692734578616864769, "media_url": "http://pbs.twimg.com/media/CZ0WbdIWkAEZN1Y.jpg"}], "id": 692735525275377664, "favorite_count": 1, "id_str": "692735525275377664"}