{"lang": "en", "in_reply_to_user_id": 357741061, "text": "@SUKnives @espn Thats the point he put his undefeated record on the line so he could win", "created_at": "Thu Jan 28 18:47:46 +0000 2016", "hashtags": [], "user_mentions": [{"id_str": "357741061", "screen_name": "SUKnives", "name": "Chuck", "id": 357741061}, {"id_str": "2557521", "screen_name": "espn", "name": "ESPN", "id": 2557521}], "source": "<a href=\"http://twitter.com\" rel=\"nofollow\">Twitter Web Client</a>", "in_reply_to_status_id": 692780689171677184, "in_reply_to_screen_name": "SUKnives", "user": {"profile_use_background_image": true, "id": 323633042, "profile_image_url_https": "https://pbs.twimg.com/profile_images/1027032977769947137/0IGFa1To_normal.jpg", "profile_sidebar_fill_color": "DAECF4", "geo_enabled": true, "profile_text_color": "663B12", "followers_count": 694, "location": "LA/Cincinnati", "profile_background_color": "C6E2EE", "id_str": "323633042", "statuses_count": 33207, "description": "University of Cincinnati \u201817. Sports are neat.", "friends_count": 1122, "profile_link_color": "1F98C7", "profile_image_url": "http://pbs.twimg.com/profile_images/1027032977769947137/0IGFa1To_normal.jpg", "profile_background_image_url_https": "https://abs.twimg.com/images/themes/theme2/bg.gif", "profile_banner_url": "https://pbs.twimg.com/profile_banners/323633042/1528136610", "profile_background_image_url": "http://abs.twimg.com/images/themes/theme2/bg.gif", "name": "Zac", "lang": "en", "profile_background_tile": true, "favourites_count": 20724, "screen_name": "ZStone527", "url": "https://t.co/RrvnEFeGbo", "created_at": "Sat Jun 25 04:40:48 +0000 2011", "profile_sidebar_border_color": "FFFFFF", "listed_count": 15}, "urls": [], "id": 692781125224251393, "favorite_count": 14, "id_str": "692781125224251393"}