{"lang": "en", "in_reply_to_user_id": 3646911, "text": "@empiremagazine the best", "created_at": "Thu Jan 28 23:42:06 +0000 2016", "hashtags": [], "user_mentions": [{"id_str": "3646911", "screen_name": "empiremagazine", "name": "Empire Magazine", "id": 3646911}], "source": "<a href=\"http://twitter.com/download/android\" rel=\"nofollow\">Twitter for Android</a>", "in_reply_to_status_id": 692854695262445568, "in_reply_to_screen_name": "empiremagazine", "user": {"profile_use_background_image": true, "id": 64409164, "profile_image_url_https": "https://pbs.twimg.com/profile_images/1042225069794066432/ipGET7rr_normal.jpg", "profile_sidebar_fill_color": "191F22", "geo_enabled": true, "profile_text_color": "4BB7DF", "followers_count": 3840, "location": "Itaquaquecetuba, Brasil", "profile_background_color": "59BEE4", "id_str": "64409164", "statuses_count": 36477, "description": "\ud83c\udf1eHigher than the sun \ud83c\udf1e\n1,80m/Ci\u00eancia da Computa\u00e7\u00e3o", "friends_count": 3586, "profile_link_color": "AC7339", "profile_image_url": "http://pbs.twimg.com/profile_images/1042225069794066432/ipGET7rr_normal.jpg", "profile_background_image_url_https": "https://abs.twimg.com/images/themes/theme13/bg.gif", "profile_banner_url": "https://pbs.twimg.com/profile_banners/64409164/1518230603", "profile_background_image_url": "http://abs.twimg.com/images/themes/theme13/bg.gif", "name": "Odjaime", "lang": "pt", "favourites_count": 25040, "screen_name": "ThalmoSales", "url": "https://t.co/NL3QSRFJI5", "created_at": "Mon Aug 10 13:59:14 +0000 2009", "profile_sidebar_border_color": "4BB7DF", "listed_count": 97}, "urls": [], "id": 692855198054678528, "favorite_count": 1, "id_str": "692855198054678528"}