{"lang": "en", "in_reply_to_user_id": 2557521, "text": "@espn is that #Kenanandkel", "created_at": "Fri Jan 29 02:39:04 +0000 2016", "hashtags": [{"text": "Kenanandkel"}], "user_mentions": [{"id_str": "2557521", "screen_name": "espn", "name": "ESPN", "id": 2557521}], "source": "<a href=\"http://twitter.com/download/iphone\" rel=\"nofollow\">Twitter for iPhone</a>", "in_reply_to_status_id": 692892472729415680, "in_reply_to_screen_name": "espn", "user": {"profile_use_background_image": true, "id": 424612991, "profile_image_url_https": "https://pbs.twimg.com/profile_images/887762433502326785/qmf-6wWh_normal.jpg", "profile_sidebar_fill_color": "DDFFCC", "geo_enabled": true, "profile_text_color": "333333", "followers_count": 87, "location": "USA", "profile_background_color": "9AE4E8", "id_str": "424612991", "statuses_count": 2079, "description": "The one and only, world-famous guitar connoisseur/collector, wannabe semi-pro surfer, and Purveyor of all Things CoOl... @ttle17 @contacthigh78 @do_em_XtraDirty", "friends_count": 223, "profile_link_color": "0084B4", "profile_image_url": "http://pbs.twimg.com/profile_images/887762433502326785/qmf-6wWh_normal.jpg", "profile_background_image_url_https": "https://abs.twimg.com/images/themes/theme16/bg.gif", "profile_banner_url": "https://pbs.twimg.com/profile_banners/424612991/1448741719", "profile_background_image_url": "http://abs.twimg.com/images/themes/theme16/bg.gif", "name": "TheNotoriousT.A.M.\u2122", "lang": "en", "favourites_count": 1121, "screen_name": "TheSaigonKid", "url": "https://t.co/WNhxPg7ICz", "created_at": "Wed Nov 30 00:13:08 +0000 2011", "profile_sidebar_border_color": "BDDCAD", "listed_count": 8}, "urls": [], "id": 692899733233389568, "id_str": "692899733233389568"}