{"lang": "und", "in_reply_to_user_id": 5402612, "text": "@BBCBreaking https://t.co/c3PWzJlUea\rhttps://t.co/b9PSEKZ3WK\rhttps://t.co/hitCEshkqw\rhttps://t.co/1NMI5V0LF5", "created_at": "Fri Jan 29 14:33:39 +0000 2016", "hashtags": [], "user_mentions": [{"id_str": "5402612", "screen_name": "BBCBreaking", "name": "BBC Breaking News", "id": 5402612}], "source": "<a href=\"http://www.twitter.com\" rel=\"nofollow\">Twitter for Windows Phone</a>", "in_reply_to_status_id": 692922211338981377, "in_reply_to_screen_name": "BBCBreaking", "user": {"lang": "en", "default_profile": true, "id_str": "4806912560", "statuses_count": 166, "screen_name": "durge_ash", "friends_count": 342, "profile_text_color": "333333", "profile_use_background_image": true, "profile_link_color": "1DA1F2", "created_at": "Sun Jan 24 09:17:06 +0000 2016", "profile_sidebar_fill_color": "DDEEF6", "profile_image_url": "http://pbs.twimg.com/profile_images/1011850063411228672/OISNVaZc_normal.jpg", "profile_image_url_https": "https://pbs.twimg.com/profile_images/1011850063411228672/OISNVaZc_normal.jpg", "url": "https://t.co/XP0U2e7qR8", "followers_count": 682, "profile_sidebar_border_color": "C0DEED", "location": "Japan", "profile_background_color": "F5F8FA", "favourites_count": 15, "id": 4806912560, "name": "ash durge"}, "urls": [{"url": "https://t.co/c3PWzJlUea", "expanded_url": "http://torclub.in/most-expensive-gemstones-in-the-world/"}, {"url": "https://t.co/b9PSEKZ3WK", "expanded_url": "http://torclub.in/beautyful-butterfly-click/"}, {"url": "https://t.co/hitCEshkqw", "expanded_url": "http://torclub.in/worls-ugliest-building/"}, {"url": "https://t.co/1NMI5V0LF5", "expanded_url": "http://torclub.in/coolest-offices-on-the-planet/"}], "id": 693079562071179264, "id_str": "693079562071179264"}