{"lang": "en", "in_reply_to_user_id": 2557521, "text": "@espn : I think Cam brought it up.", "created_at": "Fri Jan 29 18:52:08 +0000 2016", "hashtags": [], "user_mentions": [{"id_str": "2557521", "screen_name": "espn", "name": "ESPN", "id": 2557521}], "source": "<a href=\"http://twitter.com/download/iphone\" rel=\"nofollow\">Twitter for iPhone</a>", "in_reply_to_status_id": 693131575261659137, "in_reply_to_screen_name": "espn", "user": {"profile_use_background_image": true, "id": 418333088, "profile_image_url_https": "https://pbs.twimg.com/profile_images/2522502791/wytg14sya6xr5kjucvix_normal.jpeg", "profile_sidebar_fill_color": "DDEEF6", "profile_text_color": "333333", "followers_count": 25, "id_str": "418333088", "profile_background_color": "C0DEED", "location": "Tucson", "statuses_count": 3418, "friends_count": 45, "profile_link_color": "1DA1F2", "profile_image_url": "http://pbs.twimg.com/profile_images/2522502791/wytg14sya6xr5kjucvix_normal.jpeg", "profile_background_image_url_https": "https://abs.twimg.com/images/themes/theme1/bg.png", "profile_background_image_url": "http://abs.twimg.com/images/themes/theme1/bg.png", "name": "John Anderson", "lang": "en", "favourites_count": 1561, "screen_name": "lasdjohn", "created_at": "Tue Nov 22 01:47:42 +0000 2011", "profile_sidebar_border_color": "C0DEED", "default_profile": true}, "urls": [], "id": 693144613029175296, "id_str": "693144613029175296"}