{"lang": "en", "in_reply_to_user_id": 14780915, "text": "@RollingStone @Pat_Noble it's lit", "created_at": "Fri Jan 29 18:42:56 +0000 2016", "hashtags": [], "user_mentions": [{"id_str": "14780915", "screen_name": "RollingStone", "name": "Rolling Stone", "id": 14780915}, {"id_str": "799204731465986048", "screen_name": "pat_noble", "name": "Pat Noble", "id": 799204731465986048}], "source": "<a href=\"http://twitter.com/download/android\" rel=\"nofollow\">Twitter for Android</a>", "in_reply_to_status_id": 693140568143220736, "in_reply_to_screen_name": "RollingStone", "user": {"profile_use_background_image": true, "id": 55101767, "profile_image_url_https": "https://pbs.twimg.com/profile_images/1022735510601650176/mI5-8g1V_normal.jpg", "profile_sidebar_fill_color": "DDEEF6", "geo_enabled": true, "profile_text_color": "333333", "followers_count": 205, "id_str": "55101767", "profile_background_color": "C0DEED", "listed_count": 6, "statuses_count": 14621, "description": "retreat", "friends_count": 275, "profile_link_color": "0084B4", "profile_image_url": "http://pbs.twimg.com/profile_images/1022735510601650176/mI5-8g1V_normal.jpg", "profile_background_image_url_https": "https://abs.twimg.com/images/themes/theme1/bg.png", "profile_banner_url": "https://pbs.twimg.com/profile_banners/55101767/1537755352", "profile_background_image_url": "http://abs.twimg.com/images/themes/theme1/bg.png", "name": "migz", "lang": "en", "profile_background_tile": true, "favourites_count": 16877, "screen_name": "celestialgutter", "url": "https://t.co/tjAoH2U0ke", "created_at": "Thu Jul 09 01:41:42 +0000 2009", "profile_sidebar_border_color": "000000"}, "urls": [], "id": 693142296691347458, "favorite_count": 1, "id_str": "693142296691347458"}