{"lang": "en", "in_reply_to_user_id": 30313925, "text": "@WhiteHouse WORD", "created_at": "Fri Jan 29 20:21:47 +0000 2016", "hashtags": [], "user_mentions": [{"id_str": "822215673812119553", "screen_name": "WhiteHouse", "name": "The White House", "id": 822215673812119553}], "source": "<a href=\"http://twitter.com/download/android\" rel=\"nofollow\">Twitter for Android</a>", "in_reply_to_status_id": 693107789007339521, "in_reply_to_screen_name": "ObamaWhiteHouse", "user": {"profile_use_background_image": true, "id": 4797890053, "profile_image_url_https": "https://pbs.twimg.com/profile_images/784584287848894465/c7V4egGE_normal.jpg", "profile_sidebar_fill_color": "DDEEF6", "profile_text_color": "333333", "followers_count": 20, "id_str": "4797890053", "profile_background_color": "F5F8FA", "location": "Trinidad", "statuses_count": 779, "description": "Caribbean woman/interested in world politics .Lover of--Dogs/a stimulating mind /Common sense/ food/travel/interior design/novice gardener", "friends_count": 160, "profile_link_color": "1DA1F2", "profile_image_url": "http://pbs.twimg.com/profile_images/784584287848894465/c7V4egGE_normal.jpg", "name": "ladyrose", "lang": "en", "favourites_count": 762, "screen_name": "Rosaline5773", "created_at": "Fri Jan 22 11:10:55 +0000 2016", "profile_sidebar_border_color": "C0DEED", "default_profile": true, "listed_count": 1}, "urls": [], "id": 693167175561969665, "id_str": "693167175561969665"}