{"lang": "en", "in_reply_to_user_id": 759251, "text": "@CNN @tommychong @BernieSanders I never tried marijuana but heard that Kush is a good stuff for Comedians.When they r thinking all laughing", "created_at": "Fri Jan 29 20:01:18 +0000 2016", "hashtags": [], "user_mentions": [{"id_str": "759251", "screen_name": "CNN", "name": "CNN", "id": 759251}, {"id_str": "64857767", "screen_name": "tommychong", "name": "Tommy Chong", "id": 64857767}, {"id_str": "216776631", "screen_name": "BernieSanders", "name": "Bernie Sanders", "id": 216776631}], "source": "<a href=\"http://twitter.com/download/android\" rel=\"nofollow\">Twitter for Android</a>", "in_reply_to_status_id": 693160939802214400, "in_reply_to_screen_name": "CNN", "user": {"profile_use_background_image": true, "id": 1426967479, "profile_image_url_https": "https://pbs.twimg.com/profile_images/719205368090521601/vFSM-WSM_normal.jpg", "profile_sidebar_fill_color": "DDEEF6", "geo_enabled": true, "profile_text_color": "333333", "followers_count": 3500, "location": "Detroit, MI", "profile_background_color": "C0DEED", "id_str": "1426967479", "statuses_count": 68707, "description": "Creator, engineer graduated in Russia in last century.", "friends_count": 5001, "profile_link_color": "1DA1F2", "profile_image_url": "http://pbs.twimg.com/profile_images/719205368090521601/vFSM-WSM_normal.jpg", "profile_background_image_url_https": "https://abs.twimg.com/images/themes/theme1/bg.png", "profile_background_image_url": "http://abs.twimg.com/images/themes/theme1/bg.png", "name": "Henry Oray", "lang": "en", "favourites_count": 8964, "screen_name": "HenryOray", "created_at": "Tue May 14 03:48:59 +0000 2013", "profile_sidebar_border_color": "C0DEED", "default_profile": true, "listed_count": 137}, "urls": [], "id": 693162017826459648, "id_str": "693162017826459648"}