{"lang": "en", "in_reply_to_user_id": 30313925, "text": "@WhiteHouse ...guess you're starting within your own walls, amirite?", "created_at": "Fri Jan 29 16:08:42 +0000 2016", "hashtags": [], "user_mentions": [{"id_str": "822215673812119553", "screen_name": "WhiteHouse", "name": "The White House", "id": 822215673812119553}], "source": "<a href=\"http://twitter.com\" rel=\"nofollow\">Twitter Web Client</a>", "in_reply_to_status_id": 693102420688121856, "in_reply_to_screen_name": "ObamaWhiteHouse", "user": {"profile_use_background_image": true, "id": 1924219183, "profile_image_url_https": "https://pbs.twimg.com/profile_images/1013086533413490691/3nXzkuAy_normal.jpg", "profile_sidebar_fill_color": "DDEEF6", "geo_enabled": true, "profile_text_color": "333333", "followers_count": 2379, "location": "The Woodlands, TX", "profile_background_color": "C0DEED", "id_str": "1924219183", "statuses_count": 17043, "description": "#HoustonStrong #TexasProud", "friends_count": 2323, "profile_link_color": "1DA1F2", "profile_image_url": "http://pbs.twimg.com/profile_images/1013086533413490691/3nXzkuAy_normal.jpg", "profile_background_image_url_https": "https://abs.twimg.com/images/themes/theme1/bg.png", "profile_banner_url": "https://pbs.twimg.com/profile_banners/1924219183/1467414647", "profile_background_image_url": "http://abs.twimg.com/images/themes/theme1/bg.png", "name": "Brian", "lang": "en", "favourites_count": 22608, "screen_name": "bhewing1", "created_at": "Tue Oct 01 18:10:36 +0000 2013", "profile_sidebar_border_color": "C0DEED", "default_profile": true, "listed_count": 31}, "urls": [], "retweet_count": 3, "id": 693103484095336448, "favorite_count": 4, "id_str": "693103484095336448"}