{"lang": "en", "in_reply_to_user_id": 30313925, "text": "@WhiteHouse @POTUS They get paid equal where I'm at.", "created_at": "Fri Jan 29 17:22:03 +0000 2016", "hashtags": [], "user_mentions": [{"id_str": "822215673812119553", "screen_name": "WhiteHouse", "name": "The White House", "id": 822215673812119553}, {"id_str": "822215679726100480", "screen_name": "POTUS", "name": "President Trump", "id": 822215679726100480}], "source": "<a href=\"http://twitter.com\" rel=\"nofollow\">Twitter Web Client</a>", "in_reply_to_status_id": 693121477491757056, "in_reply_to_screen_name": "ObamaWhiteHouse", "user": {"id": 2778180896, "profile_image_url_https": "https://pbs.twimg.com/profile_images/745250472101978114/k-Vleqla_normal.jpg", "profile_sidebar_fill_color": "000000", "profile_text_color": "000000", "followers_count": 909, "location": "Williamsburg, VA", "profile_background_color": "000000", "id_str": "2778180896", "statuses_count": 13235, "description": "I only believe in facts, logic, and reality. Never leech your emotions onto me for I am the destroyer of worlds. I love to argue so watch out.", "friends_count": 1446, "profile_link_color": "FF691F", "profile_image_url": "http://pbs.twimg.com/profile_images/745250472101978114/k-Vleqla_normal.jpg", "profile_background_image_url_https": "https://abs.twimg.com/images/themes/theme4/bg.gif", "profile_banner_url": "https://pbs.twimg.com/profile_banners/2778180896/1460224752", "profile_background_image_url": "http://abs.twimg.com/images/themes/theme4/bg.gif", "name": "Navyguy", "lang": "en", "favourites_count": 9036, "screen_name": "Evilsnail1", "url": "https://t.co/3VFx1q03PS", "created_at": "Fri Aug 29 09:58:54 +0000 2014", "profile_sidebar_border_color": "000000", "listed_count": 71}, "urls": [], "id": 693121942233153536, "favorite_count": 2, "id_str": "693121942233153536"}