{"lang": "en", "in_reply_to_user_id": 149913262, "text": "@iowahawkblog @Beto_In_Austin I can hear it now...Swish, swish, swish...", "created_at": "Fri Jan 29 19:42:31 +0000 2016", "hashtags": [], "user_mentions": [{"id_str": "149913262", "screen_name": "iowahawkblog", "name": "David Burge", "id": 149913262}, {"id_str": "521752323", "screen_name": "Beto_In_Austin", "name": "Beto Ochoa : I Walked Away In '93", "id": 521752323}], "source": "<a href=\"http://twitter.com\" rel=\"nofollow\">Twitter Web Client</a>", "in_reply_to_status_id": 693155822797336576, "in_reply_to_screen_name": "iowahawkblog", "user": {"profile_use_background_image": true, "id": 201732018, "profile_image_url_https": "https://pbs.twimg.com/profile_images/437947460346867712/7oOLZhBd_normal.jpeg", "profile_sidebar_fill_color": "DDEEF6", "geo_enabled": true, "profile_text_color": "333333", "followers_count": 2484, "location": "The South", "profile_background_color": "C0DEED", "id_str": "201732018", "statuses_count": 7279, "description": "Served in the Army, conservative/libertarian. \nRoll Tide!", "friends_count": 2529, "profile_link_color": "1DA1F2", "profile_image_url": "http://pbs.twimg.com/profile_images/437947460346867712/7oOLZhBd_normal.jpeg", "profile_background_image_url_https": "https://abs.twimg.com/images/themes/theme1/bg.png", "profile_banner_url": "https://pbs.twimg.com/profile_banners/201732018/1477941093", "profile_background_image_url": "http://abs.twimg.com/images/themes/theme1/bg.png", "name": "KY Jeeper", "lang": "en", "favourites_count": 552, "screen_name": "kyjeeper65", "created_at": "Tue Oct 12 14:12:11 +0000 2010", "profile_sidebar_border_color": "C0DEED", "default_profile": true, "listed_count": 27}, "urls": [], "id": 693157293953646593, "favorite_count": 1, "id_str": "693157293953646593"}