{"lang": "und", "in_reply_to_user_id": 2753354417, "text": "@TheCobraMiller @RJPreston1 @espn #squatsarelife", "created_at": "Fri Jan 29 16:17:42 +0000 2016", "hashtags": [{"text": "squatsarelife"}], "user_mentions": [{"id_str": "2753354417", "screen_name": "TheCobraMiller", "name": "C.W.M", "id": 2753354417}, {"id_str": "2613859982", "screen_name": "RJPreston1", "name": "Preston", "id": 2613859982}, {"id_str": "2557521", "screen_name": "espn", "name": "ESPN", "id": 2557521}], "source": "<a href=\"http://twitter.com/download/iphone\" rel=\"nofollow\">Twitter for iPhone</a>", "in_reply_to_status_id": 693103216846860288, "in_reply_to_screen_name": "TheCobraMiller", "user": {"profile_use_background_image": true, "id": 364207600, "profile_image_url_https": "https://pbs.twimg.com/profile_images/542324360824897536/bNkJijiW_normal.jpeg", "profile_sidebar_fill_color": "DDEEF6", "profile_text_color": "333333", "followers_count": 19, "id_str": "364207600", "profile_background_color": "C0DEED", "listed_count": 1, "statuses_count": 482, "friends_count": 78, "profile_link_color": "1DA1F2", "profile_image_url": "http://pbs.twimg.com/profile_images/542324360824897536/bNkJijiW_normal.jpeg", "profile_background_image_url_https": "https://abs.twimg.com/images/themes/theme1/bg.png", "profile_banner_url": "https://pbs.twimg.com/profile_banners/364207600/1418250446", "profile_background_image_url": "http://abs.twimg.com/images/themes/theme1/bg.png", "name": "Cliff Waggle", "lang": "en", "favourites_count": 132, "screen_name": "alilslapnpickle", "created_at": "Mon Aug 29 11:38:52 +0000 2011", "profile_sidebar_border_color": "C0DEED", "default_profile": true}, "urls": [], "id": 693105750948737024, "favorite_count": 1, "id_str": "693105750948737024"}