{"lang": "en", "in_reply_to_user_id": 30313925, "text": "@WhiteHouse @POTUS way 2 go Prez!", "created_at": "Fri Jan 29 19:49:34 +0000 2016", "hashtags": [], "user_mentions": [{"id_str": "822215673812119553", "screen_name": "WhiteHouse", "name": "The White House", "id": 822215673812119553}, {"id_str": "822215679726100480", "screen_name": "POTUS", "name": "President Trump", "id": 822215679726100480}], "source": "<a href=\"http://twitter.com/download/android\" rel=\"nofollow\">Twitter for Android</a>", "in_reply_to_status_id": 693126696132804608, "in_reply_to_screen_name": "ObamaWhiteHouse", "user": {"profile_use_background_image": true, "id": 4736942222, "profile_image_url_https": "https://pbs.twimg.com/profile_images/686071523212275712/kPJJtVHd_normal.jpg", "profile_sidebar_fill_color": "DDEEF6", "profile_text_color": "333333", "followers_count": 228, "id_str": "4736942222", "profile_background_color": "F5F8FA", "location": "Parkton, MD", "statuses_count": 166, "description": "Wife & Mother of 2, lover of all God's children!", "friends_count": 1527, "profile_link_color": "1DA1F2", "profile_image_url": "http://pbs.twimg.com/profile_images/686071523212275712/kPJJtVHd_normal.jpg", "geo_enabled": true, "name": "Tanya Mason", "lang": "en", "favourites_count": 126, "screen_name": "TanyaDevinNaomi", "created_at": "Sun Jan 10 06:18:48 +0000 2016", "profile_sidebar_border_color": "C0DEED", "default_profile": true, "listed_count": 6}, "urls": [], "id": 693159067011944448, "id_str": "693159067011944448"}