{"lang": "en", "in_reply_to_user_id": 759251, "text": "@CNN @netflix @thelaurengraham @alexisbledel whaaaaaatttttt!!! Absolute happiness!!!", "created_at": "Sat Jan 30 00:47:51 +0000 2016", "hashtags": [], "user_mentions": [{"id_str": "759251", "screen_name": "CNN", "name": "CNN", "id": 759251}, {"id_str": "16573941", "screen_name": "netflix", "name": "Netflix US", "id": 16573941}, {"id_str": "974384082", "screen_name": "thelaurengraham", "name": "Lauren Graham", "id": 974384082}, {"id_str": "745942602", "screen_name": "alexisbledel", "name": "Alexis Bledel", "id": 745942602}], "source": "<a href=\"http://twitter.com/download/android\" rel=\"nofollow\">Twitter for Android</a>", "in_reply_to_status_id": 693214543615561729, "in_reply_to_screen_name": "CNN", "user": {"profile_use_background_image": true, "id": 132205822, "profile_image_url_https": "https://pbs.twimg.com/profile_images/969900418238242818/dC5HpwIB_normal.jpg", "profile_sidebar_fill_color": "8DE888", "geo_enabled": true, "profile_text_color": "082905", "followers_count": 136, "location": "En otro Santiago que me recibe", "profile_background_color": "22D122", "id_str": "132205822", "statuses_count": 4581, "description": "Hija de Jos\u00e9 y Lilian. \nTomadora de fotos no profesionales, de cosas que encuentro caminando por las calles.\nA\u00fan me gusta el verde.", "friends_count": 261, "profile_link_color": "1EB300", "profile_image_url": "http://pbs.twimg.com/profile_images/969900418238242818/dC5HpwIB_normal.jpg", "profile_background_image_url_https": "https://abs.twimg.com/images/themes/theme1/bg.png", "profile_banner_url": "https://pbs.twimg.com/profile_banners/132205822/1520077255", "profile_background_image_url": "http://abs.twimg.com/images/themes/theme1/bg.png", "name": "Maya", "lang": "es", "profile_background_tile": true, "favourites_count": 2305, "screen_name": "Slovenezolana", "created_at": "Mon Apr 12 15:44:10 +0000 2010", "profile_sidebar_border_color": "6AD62B", "listed_count": 5}, "urls": [], "id": 693234131048751104, "id_str": "693234131048751104"}