{"lang": "en", "in_reply_to_user_id": 30313925, "text": "@WhiteHouse @POTUS I'm very glad, it's about time women get payed the same as men.", "created_at": "Sat Jan 30 00:30:30 +0000 2016", "hashtags": [], "user_mentions": [{"id_str": "822215673812119553", "screen_name": "WhiteHouse", "name": "The White House", "id": 822215673812119553}, {"id_str": "822215679726100480", "screen_name": "POTUS", "name": "President Trump", "id": 822215679726100480}], "source": "<a href=\"http://twitter.com/download/iphone\" rel=\"nofollow\">Twitter for iPhone</a>", "in_reply_to_status_id": 693126696132804608, "in_reply_to_screen_name": "ObamaWhiteHouse", "user": {"id": 596912888, "profile_image_url_https": "https://pbs.twimg.com/profile_images/925858815161094144/w8Ke1jSW_normal.jpg", "profile_sidebar_fill_color": "000000", "geo_enabled": true, "profile_text_color": "000000", "followers_count": 172, "location": "Michigan", "profile_background_color": "000000", "id_str": "596912888", "statuses_count": 7362, "description": "Follow me in Snapchat: toastdude123", "friends_count": 397, "profile_link_color": "1B95E0", "profile_image_url": "http://pbs.twimg.com/profile_images/925858815161094144/w8Ke1jSW_normal.jpg", "profile_background_image_url_https": "https://abs.twimg.com/images/themes/theme14/bg.gif", "profile_banner_url": "https://pbs.twimg.com/profile_banners/596912888/1509576919", "profile_background_image_url": "http://abs.twimg.com/images/themes/theme14/bg.gif", "name": "Tanner W. Sloan", "lang": "en", "favourites_count": 5849, "screen_name": "TannerSloan1941", "created_at": "Fri Jun 01 23:58:07 +0000 2012", "profile_sidebar_border_color": "000000", "listed_count": 14}, "urls": [], "id": 693229765122211841, "id_str": "693229765122211841"}