{"lang": "en", "in_reply_to_user_id": 2557521, "text": "@espn His legs are like tree trunks.", "created_at": "Sat Jan 30 01:12:32 +0000 2016", "hashtags": [], "user_mentions": [{"id_str": "2557521", "screen_name": "espn", "name": "ESPN", "id": 2557521}], "source": "<a href=\"http://twitter.com/#!/download/ipad\" rel=\"nofollow\">Twitter for iPad</a>", "in_reply_to_status_id": 693239731031683072, "in_reply_to_screen_name": "espn", "user": {"profile_use_background_image": true, "id": 3301894220, "profile_image_url_https": "https://pbs.twimg.com/profile_images/1038445810743238656/e53hyTNL_normal.jpg", "profile_sidebar_fill_color": "DDEEF6", "geo_enabled": true, "profile_text_color": "333333", "followers_count": 8535, "location": "Guaranteed Rate Field", "profile_background_color": "C0DEED", "id_str": "3301894220", "statuses_count": 28437, "description": "White Sox Fan. I have TWTW.", "friends_count": 7777, "profile_link_color": "1DA1F2", "profile_image_url": "http://pbs.twimg.com/profile_images/1038445810743238656/e53hyTNL_normal.jpg", "profile_background_image_url_https": "https://abs.twimg.com/images/themes/theme1/bg.png", "profile_banner_url": "https://pbs.twimg.com/profile_banners/3301894220/1538277279", "profile_background_image_url": "http://abs.twimg.com/images/themes/theme1/bg.png", "name": "ColRockiesFanMike", "lang": "en", "favourites_count": 44507, "screen_name": "ChiSoxFanMike", "created_at": "Thu Jul 30 23:18:31 +0000 2015", "profile_sidebar_border_color": "C0DEED", "default_profile": true, "listed_count": 43}, "urls": [], "id": 693240344058728448, "favorite_count": 1, "id_str": "693240344058728448"}