{"lang": "es", "in_reply_to_user_id": 1652541, "text": "@Reuters @gsemprunmdg normal aunque sea Alemania la gente cambia y ver esas atrocidades con los inmigrantes penoso", "created_at": "Sat Jan 30 06:16:08 +0000 2016", "hashtags": [], "user_mentions": [{"id_str": "1652541", "screen_name": "Reuters", "name": "Reuters Top News", "id": 1652541}, {"id_str": "420475251", "screen_name": "gsemprunmdg", "name": "Gonzalo Sempr\u00fan", "id": 420475251}], "source": "<a href=\"http://twitter.com/download/android\" rel=\"nofollow\">Twitter for Android</a>", "in_reply_to_status_id": 693185488644149248, "in_reply_to_screen_name": "Reuters", "user": {"profile_use_background_image": true, "id": 2854946542, "profile_image_url_https": "https://abs.twimg.com/sticky/default_profile_images/default_profile_normal.png", "profile_sidebar_fill_color": "DDEEF6", "geo_enabled": true, "profile_text_color": "333333", "followers_count": 32, "id_str": "2854946542", "default_profile_image": true, "listed_count": 1, "statuses_count": 11100, "profile_background_color": "C0DEED", "friends_count": 31, "profile_link_color": "1DA1F2", "profile_image_url": "http://abs.twimg.com/sticky/default_profile_images/default_profile_normal.png", "profile_background_image_url_https": "https://abs.twimg.com/images/themes/theme1/bg.png", "profile_background_image_url": "http://abs.twimg.com/images/themes/theme1/bg.png", "name": "maydana", "lang": "es", "favourites_count": 65, "screen_name": "maydana34", "created_at": "Sat Nov 01 13:42:32 +0000 2014", "profile_sidebar_border_color": "C0DEED", "default_profile": true}, "urls": [], "id": 693316747198332928, "id_str": "693316747198332928"}