{"lang": "en", "in_reply_to_user_id": 15754281, "text": "@USATODAY \nSo proud of you Justin\ud83d\udc4f\ud83d\udc4f\ud83d\udc4f\ud83d\udc96", "created_at": "Sat Jan 30 06:53:47 +0000 2016", "hashtags": [], "user_mentions": [{"id_str": "15754281", "screen_name": "USATODAY", "name": "USA TODAY", "id": 15754281}], "source": "<a href=\"http://twitter.com/download/iphone\" rel=\"nofollow\">Twitter for iPhone</a>", "in_reply_to_status_id": 692812029611089920, "in_reply_to_screen_name": "USATODAY", "user": {"profile_use_background_image": true, "id": 4851341343, "profile_image_url_https": "https://pbs.twimg.com/profile_images/881155108062363650/tLfDwwep_normal.jpg", "profile_sidebar_fill_color": "DDEEF6", "profile_text_color": "333333", "followers_count": 576, "id_str": "4851341343", "profile_background_color": "F5F8FA", "listed_count": 7, "statuses_count": 12671, "friends_count": 81, "profile_link_color": "1DA1F2", "profile_image_url": "http://pbs.twimg.com/profile_images/881155108062363650/tLfDwwep_normal.jpg", "profile_banner_url": "https://pbs.twimg.com/profile_banners/4851341343/1496831073", "name": "Justin Bieber", "lang": "en", "favourites_count": 19654, "screen_name": "takeitbiebah", "url": "https://t.co/avMsRG3wz5", "created_at": "Tue Jan 26 22:48:00 +0000 2016", "profile_sidebar_border_color": "C0DEED", "default_profile": true}, "urls": [], "id": 693326223129202688, "favorite_count": 1, "id_str": "693326223129202688"}