{"lang": "en", "in_reply_to_user_id": 14511951, "text": "@HuffingtonPost He's an entertainer, a lousy one, but an entertainer, nonetheless. He doesn't get the concept of running a country. He fits!", "created_at": "Sat Jan 30 17:59:13 +0000 2016", "hashtags": [], "user_mentions": [{"id_str": "854402779879804928", "screen_name": "HuffingtonPost", "name": "HuffPost", "id": 854402779879804928}], "source": "<a href=\"http://twitter.com/download/android\" rel=\"nofollow\">Twitter for Android</a>", "in_reply_to_status_id": 693492159635443714, "in_reply_to_screen_name": "HuffPost", "user": {"profile_use_background_image": true, "id": 550400014, "profile_image_url_https": "https://pbs.twimg.com/profile_images/1037044262850973697/ppBVpcMe_normal.jpg", "profile_sidebar_fill_color": "DDEEF6", "profile_text_color": "333333", "followers_count": 142, "location": "Like 'God', I'm everywhere", "profile_background_color": "C0DEED", "id_str": "550400014", "statuses_count": 6847, "description": "A sarcastic, cynical, skeptical smartass. Interested in pretty much everything, and suffer from a severe allergy to stupidity and hypocrisy.", "friends_count": 383, "profile_link_color": "1DA1F2", "profile_image_url": "http://pbs.twimg.com/profile_images/1037044262850973697/ppBVpcMe_normal.jpg", "profile_background_image_url_https": "https://abs.twimg.com/images/themes/theme1/bg.png", "profile_banner_url": "https://pbs.twimg.com/profile_banners/550400014/1536085758", "profile_background_image_url": "http://abs.twimg.com/images/themes/theme1/bg.png", "name": "TheBlacksmith", "lang": "en", "favourites_count": 1186, "screen_name": "TheBlacksmith77", "created_at": "Tue Apr 10 19:56:55 +0000 2012", "profile_sidebar_border_color": "C0DEED", "default_profile": true, "listed_count": 3}, "urls": [], "id": 693493683463655424, "favorite_count": 1, "id_str": "693493683463655424"}