{"lang": "en", "in_reply_to_user_id": 14669951, "text": "@DRUDGE_REPORT now there is another surprise political meddling in a criminal investigation from Obama admin.", "created_at": "Sat Jan 30 17:00:32 +0000 2016", "hashtags": [], "user_mentions": [{"id_str": "14669951", "screen_name": "DRUDGE_REPORT", "name": "DRUDGE REPORT", "id": 14669951}], "source": "<a href=\"http://twitter.com/#!/download/ipad\" rel=\"nofollow\">Twitter for iPad</a>", "in_reply_to_status_id": 693456340790804480, "in_reply_to_screen_name": "DRUDGE_REPORT", "user": {"profile_use_background_image": true, "id": 3337207036, "description": "Don't Tread on Me", "profile_image_url_https": "https://abs.twimg.com/sticky/default_profile_images/default_profile_normal.png", "profile_sidebar_fill_color": "DDEEF6", "profile_text_color": "333333", "followers_count": 16, "location": "Indiana, USA", "default_profile_image": true, "id_str": "3337207036", "statuses_count": 1875, "profile_background_color": "C0DEED", "friends_count": 154, "profile_link_color": "1DA1F2", "profile_image_url": "http://abs.twimg.com/sticky/default_profile_images/default_profile_normal.png", "profile_background_image_url_https": "https://abs.twimg.com/images/themes/theme1/bg.png", "profile_background_image_url": "http://abs.twimg.com/images/themes/theme1/bg.png", "name": "Rick Gagnon", "lang": "en", "favourites_count": 57, "screen_name": "rsg1920_rick", "created_at": "Sat Jun 20 16:05:24 +0000 2015", "profile_sidebar_border_color": "C0DEED", "default_profile": true}, "urls": [], "id": 693478916296695809, "id_str": "693478916296695809"}