{"lang": "en", "in_reply_to_user_id": 742143, "text": "Up to 100 masked men, dressed in black, involved in \"#migrant attack\" in #Stockholm\nhttps://t.co/8sjdnhLkAy @BBCWorld", "created_at": "Sat Jan 30 17:10:38 +0000 2016", "hashtags": [{"text": "migrant"}, {"text": "Stockholm"}], "user_mentions": [{"id_str": "742143", "screen_name": "BBCWorld", "name": "BBC News (World)", "id": 742143}], "source": "<a href=\"http://twitter.com/download/iphone\" rel=\"nofollow\">Twitter for iPhone</a>", "in_reply_to_status_id": 693481256735150082, "in_reply_to_screen_name": "BBCWorld", "user": {"profile_use_background_image": true, "id": 209608973, "profile_image_url_https": "https://pbs.twimg.com/profile_images/670346825421840384/5FH2v0cM_normal.jpg", "profile_sidebar_fill_color": "95E8EC", "profile_text_color": "3C3940", "followers_count": 4672, "id_str": "209608973", "profile_background_color": "0099B9", "listed_count": 595, "statuses_count": 183830, "description": "Connecting dots #Climate #Si2 #NeverAgain #Vegan #Periscope #NASA #ESA #MarchForOurLives #Science #Legalize #Technology #Surfing #BLM #Humanity #TheResistance", "friends_count": 4213, "profile_link_color": "0099B9", "profile_image_url": "http://pbs.twimg.com/profile_images/670346825421840384/5FH2v0cM_normal.jpg", "profile_background_image_url_https": "https://abs.twimg.com/images/themes/theme4/bg.gif", "profile_banner_url": "https://pbs.twimg.com/profile_banners/209608973/1514919849", "profile_background_image_url": "http://abs.twimg.com/images/themes/theme4/bg.gif", "name": "Fyrestar", "lang": "en", "favourites_count": 162938, "screen_name": "caroltpsworld", "created_at": "Fri Oct 29 14:38:52 +0000 2010", "profile_sidebar_border_color": "5ED4DC"}, "urls": [{"url": "https://t.co/8sjdnhLkAy", "expanded_url": "http://bbc.in/1SiudYn"}], "retweet_count": 1, "id": 693481457390473218, "favorite_count": 3, "id_str": "693481457390473218"}