{"lang": "en", "in_reply_to_user_id": 30313925, "text": "@WhiteHouse @POTUS  Good Idea, \ud83c\udf39", "created_at": "Sat Jan 30 14:49:50 +0000 2016", "hashtags": [], "user_mentions": [{"id_str": "822215673812119553", "screen_name": "WhiteHouse", "name": "The White House", "id": 822215673812119553}, {"id_str": "822215679726100480", "screen_name": "POTUS", "name": "President Trump", "id": 822215679726100480}], "source": "<a href=\"http://twitter.com/download/android\" rel=\"nofollow\">Twitter for Android</a>", "in_reply_to_status_id": 693443289370882049, "in_reply_to_screen_name": "ObamaWhiteHouse", "user": {"profile_use_background_image": true, "id": 3871128616, "profile_image_url_https": "https://pbs.twimg.com/profile_images/651017378902507520/o5h7-QGO_normal.jpg", "profile_sidebar_fill_color": "DDEEF6", "profile_text_color": "333333", "followers_count": 12, "id_str": "3871128616", "profile_background_color": "C0DEED", "listed_count": 1, "statuses_count": 1802, "friends_count": 77, "profile_link_color": "1DA1F2", "profile_image_url": "http://pbs.twimg.com/profile_images/651017378902507520/o5h7-QGO_normal.jpg", "profile_background_image_url_https": "https://abs.twimg.com/images/themes/theme1/bg.png", "profile_background_image_url": "http://abs.twimg.com/images/themes/theme1/bg.png", "name": "Thanomsri Bartelt", "lang": "en", "favourites_count": 1661, "screen_name": "ThanomsriBarte1", "created_at": "Mon Oct 05 12:36:16 +0000 2015", "profile_sidebar_border_color": "C0DEED", "default_profile": true}, "urls": [], "id": 693446022522081280, "id_str": "693446022522081280"}