{"lang": "en", "in_reply_to_user_id": 30313925, "text": "@WhiteHouse @POTUS our kids are already in #debt because of you!!!", "created_at": "Sat Jan 30 14:55:35 +0000 2016", "hashtags": [{"text": "debt"}], "user_mentions": [{"id_str": "822215673812119553", "screen_name": "WhiteHouse", "name": "The White House", "id": 822215673812119553}, {"id_str": "822215679726100480", "screen_name": "POTUS", "name": "President Trump", "id": 822215679726100480}], "source": "<a href=\"http://twitter.com/download/iphone\" rel=\"nofollow\">Twitter for iPhone</a>", "in_reply_to_status_id": 693443289370882049, "in_reply_to_screen_name": "ObamaWhiteHouse", "user": {"profile_use_background_image": true, "id": 545658010, "profile_image_url_https": "https://pbs.twimg.com/profile_images/1032474734947168257/eBnJNIB__normal.jpg", "profile_sidebar_fill_color": "DDEEF6", "profile_text_color": "333333", "followers_count": 130, "location": "Chicago, IL", "profile_background_color": "C0DEED", "id_str": "545658010", "statuses_count": 554, "description": "How you dooooin' !?", "friends_count": 665, "profile_link_color": "1DA1F2", "profile_image_url": "http://pbs.twimg.com/profile_images/1032474734947168257/eBnJNIB__normal.jpg", "profile_background_image_url_https": "https://abs.twimg.com/images/themes/theme1/bg.png", "profile_banner_url": "https://pbs.twimg.com/profile_banners/545658010/1475402945", "profile_background_image_url": "http://abs.twimg.com/images/themes/theme1/bg.png", "name": "Michael Sposato", "lang": "en", "favourites_count": 272, "screen_name": "mikespo1202", "created_at": "Thu Apr 05 03:35:15 +0000 2012", "profile_sidebar_border_color": "C0DEED", "default_profile": true, "listed_count": 2}, "urls": [], "id": 693447469846433792, "id_str": "693447469846433792"}