{"lang": "en", "in_reply_to_user_id": 30313925, "text": "Great call @WhiteHouse: \"We have to make sure all our kids are equipped for the jobs of the future,\"@POTUS #CSforAll https://t.co/sVn2OBb91F", "created_at": "Sat Jan 30 17:33:01 +0000 2016", "hashtags": [{"text": "CSforAll"}], "user_mentions": [{"id_str": "822215673812119553", "screen_name": "WhiteHouse", "name": "The White House", "id": 822215673812119553}, {"id_str": "822215679726100480", "screen_name": "POTUS", "name": "President Trump", "id": 822215679726100480}], "source": "<a href=\"http://www.twitter.com\" rel=\"nofollow\">Twitter for Windows Phone</a>", "in_reply_to_status_id": 693443289370882049, "in_reply_to_screen_name": "ObamaWhiteHouse", "user": {"profile_use_background_image": true, "id": 72952911, "profile_image_url_https": "https://pbs.twimg.com/profile_images/811392112201580544/sEp7y2H8_normal.jpg", "profile_sidebar_fill_color": "DDEEF6", "geo_enabled": true, "profile_text_color": "333333", "followers_count": 13821, "location": "Seattle, WA.", "profile_background_color": "C0DEED", "id_str": "72952911", "statuses_count": 1861, "description": "Global Field Director for @msphilanthropic. Frustrated musician turned PR & CSR Pro. Tweet about #CSR, #philanthropy, #socialgood, #music, #tech, #publicaffairs", "friends_count": 9552, "profile_link_color": "1DA1F2", "profile_image_url": "http://pbs.twimg.com/profile_images/811392112201580544/sEp7y2H8_normal.jpg", "profile_background_image_url_https": "https://abs.twimg.com/images/themes/theme1/bg.png", "profile_banner_url": "https://pbs.twimg.com/profile_banners/72952911/1482286379", "profile_background_image_url": "http://abs.twimg.com/images/themes/theme1/bg.png", "name": "Leonardo Ortiz", "lang": "en", "favourites_count": 302, "screen_name": "ortizvillacorta", "url": "https://t.co/YHPSOtLm8M", "created_at": "Wed Sep 09 21:14:52 +0000 2009", "profile_sidebar_border_color": "C0DEED", "default_profile": true, "listed_count": 282}, "urls": [{"url": "https://t.co/sVn2OBb91F", "expanded_url": "http://go.wh.gov/vmLWhx"}], "retweet_count": 6, "id": 693487089510273025, "favorite_count": 12, "id_str": "693487089510273025"}