{"lang": "en", "in_reply_to_user_id": 807095, "text": "@nytimes Obama nukes Hillary, admits server contained top U.S. secrets\nRead more at https://t.co/5THH3xYMcI", "created_at": "Sat Jan 30 21:39:06 +0000 2016", "hashtags": [], "user_mentions": [{"id_str": "807095", "screen_name": "nytimes", "name": "The New York Times", "id": 807095}], "source": "<a href=\"http://twitter.com\" rel=\"nofollow\">Twitter Web Client</a>", "in_reply_to_status_id": 693537938425171968, "in_reply_to_screen_name": "nytimes", "user": {"id": 25900060, "profile_image_url_https": "https://pbs.twimg.com/profile_images/1046378349071933441/Q5bTLRoX_normal.jpg", "profile_sidebar_fill_color": "000000", "profile_text_color": "000000", "followers_count": 2260, "id_str": "25900060", "profile_background_color": "000000", "location": "United States", "statuses_count": 22596, "description": "I love Jesus, and he loves me! I do speak my mind, & if you don't like what I say, then back off!! Conservative that wants our nation back!!  MAGA!!! \ud83c\uddfa\ud83c\uddf8\ud83c\uddfa\ud83c\uddf8\ud83d\ude82\ud83d\ude82", "friends_count": 3176, "profile_link_color": "E81C4F", "profile_image_url": "http://pbs.twimg.com/profile_images/1046378349071933441/Q5bTLRoX_normal.jpg", "profile_background_image_url_https": "https://abs.twimg.com/images/themes/theme1/bg.png", "profile_banner_url": "https://pbs.twimg.com/profile_banners/25900060/1479418568", "profile_background_image_url": "http://abs.twimg.com/images/themes/theme1/bg.png", "name": "Trump is my President", "lang": "en", "favourites_count": 4534, "screen_name": "nocandodo", "created_at": "Sun Mar 22 22:59:17 +0000 2009", "profile_sidebar_border_color": "000000", "listed_count": 12}, "urls": [{"url": "https://t.co/5THH3xYMcI", "expanded_url": "http://www.wnd.com/2016/01/obama-nukes-hillary-admits-server-contained-top-u-s-secrets/#wawY3WOudA4qo1CM.99"}], "id": 693549020128657408, "id_str": "693549020128657408"}