{"lang": "en", "in_reply_to_user_id": 1367531, "text": "@FoxNews @DanaPerino @HillaryClinton id call Obama, he gets away with anything", "created_at": "Sat Jan 30 23:47:55 +0000 2016", "hashtags": [], "user_mentions": [{"id_str": "1367531", "screen_name": "FoxNews", "name": "Fox News", "id": 1367531}, {"id_str": "27311044", "screen_name": "DanaPerino", "name": "Dana Perino", "id": 27311044}, {"id_str": "1339835893", "screen_name": "HillaryClinton", "name": "Hillary Clinton", "id": 1339835893}], "source": "<a href=\"http://twitter.com\" rel=\"nofollow\">Twitter Web Client</a>", "in_reply_to_status_id": 693573042111270912, "in_reply_to_screen_name": "FoxNews", "user": {"profile_use_background_image": true, "id": 2236637916, "profile_image_url_https": "https://pbs.twimg.com/profile_images/692194387342811136/HhFRTPFb_normal.jpg", "profile_sidebar_fill_color": "DDEEF6", "geo_enabled": true, "profile_text_color": "333333", "followers_count": 3, "id_str": "2236637916", "profile_background_color": "C0DEED", "statuses_count": 201, "friends_count": 46, "profile_link_color": "1DA1F2", "profile_image_url": "http://pbs.twimg.com/profile_images/692194387342811136/HhFRTPFb_normal.jpg", "profile_background_image_url_https": "https://abs.twimg.com/images/themes/theme1/bg.png", "profile_background_image_url": "http://abs.twimg.com/images/themes/theme1/bg.png", "name": "jerry maddy", "lang": "en", "favourites_count": 10, "screen_name": "maddy7543", "created_at": "Sun Dec 08 22:03:55 +0000 2013", "profile_sidebar_border_color": "C0DEED", "default_profile": true}, "urls": [], "place": {"full_name": "Chester, VA", "url": "https://api.twitter.com/1.1/geo/id/8a8fb2a0babe3b8a.json", "country": "United States", "place_type": "city", "bounding_box": {"type": "Polygon", "coordinates": [[[-77.480516, 37.307356], [-77.4001262, 37.307356], [-77.4001262, 37.391516], [-77.480516, 37.391516]]]}, "contained_within": [], "country_code": "US", "attributes": {}, "id": "8a8fb2a0babe3b8a", "name": "Chester"}, "id": 693581436868280320, "id_str": "693581436868280320"}