{"lang": "en", "in_reply_to_user_id": 1273480106, "text": "@WBCRejoice @CNN it's too late for you to #repentorperish I am #InHell and you shall all join me!", "created_at": "Sat Jan 30 22:09:03 +0000 2016", "hashtags": [{"text": "repentorperish"}, {"text": "InHell"}], "user_mentions": [{"id_str": "1273480106", "screen_name": "WBCRejoice", "name": "WBCRejoice", "id": 1273480106}, {"id_str": "759251", "screen_name": "CNN", "name": "CNN", "id": 759251}], "source": "<a href=\"http://twitter.com/download/android\" rel=\"nofollow\">Twitter for Android</a>", "in_reply_to_status_id": 693555680498704388, "in_reply_to_screen_name": "WBCRejoice", "user": {"profile_use_background_image": true, "id": 2395302090, "profile_image_url_https": "https://pbs.twimg.com/profile_images/445831535455793152/JOXbP9GT_normal.jpeg", "profile_sidebar_fill_color": "DDEEF6", "profile_text_color": "333333", "followers_count": 4, "location": "The Southside of Hell", "profile_background_color": "C0DEED", "id_str": "2395302090", "statuses_count": 118, "description": "I am Fred Phelps Sr, the excommunicated founder of the WBC, giving updates on my eternity in Hell.", "friends_count": 39, "profile_link_color": "1DA1F2", "profile_image_url": "http://pbs.twimg.com/profile_images/445831535455793152/JOXbP9GT_normal.jpeg", "profile_background_image_url_https": "https://abs.twimg.com/images/themes/theme1/bg.png", "profile_banner_url": "https://pbs.twimg.com/profile_banners/2395302090/1395187634", "profile_background_image_url": "http://abs.twimg.com/images/themes/theme1/bg.png", "name": "Fred Phelps Sr.", "lang": "en", "favourites_count": 1, "screen_name": "FredIsInHell", "created_at": "Tue Mar 18 00:02:16 +0000 2014", "profile_sidebar_border_color": "C0DEED", "default_profile": true}, "urls": [], "id": 693556557800321025, "id_str": "693556557800321025"}