{"lang": "en", "in_reply_to_user_id": 2557521, "text": "@espn well, let's cut open his little brain and find out. What are you waiting for? #OJSimpson", "created_at": "Sat Jan 30 19:07:54 +0000 2016", "hashtags": [{"text": "OJSimpson"}], "user_mentions": [{"id_str": "2557521", "screen_name": "espn", "name": "ESPN", "id": 2557521}], "source": "<a href=\"http://twitter.com/download/android\" rel=\"nofollow\">Twitter for Android</a>", "in_reply_to_status_id": 693487871806689280, "in_reply_to_screen_name": "espn", "user": {"profile_use_background_image": true, "id": 21798580, "profile_image_url_https": "https://pbs.twimg.com/profile_images/527171225643020288/PPHCFywQ_normal.jpeg", "profile_sidebar_fill_color": "99CC33", "geo_enabled": true, "profile_text_color": "3E4415", "followers_count": 64, "location": "West Coast", "profile_background_color": "352726", "id_str": "21798580", "statuses_count": 8155, "description": "Connoisseur of things and an avid LA Kings fan.  Dont judge a book by its cover.", "friends_count": 273, "profile_link_color": "3B94D9", "profile_image_url": "http://pbs.twimg.com/profile_images/527171225643020288/PPHCFywQ_normal.jpeg", "profile_background_image_url_https": "https://abs.twimg.com/images/themes/theme5/bg.gif", "profile_banner_url": "https://pbs.twimg.com/profile_banners/21798580/1494087927", "profile_background_image_url": "http://abs.twimg.com/images/themes/theme5/bg.gif", "name": "lovebigbobblers", "lang": "en", "profile_background_tile": true, "favourites_count": 15832, "screen_name": "lovebigbobblers", "created_at": "Tue Feb 24 21:14:45 +0000 2009", "profile_sidebar_border_color": "FFFFFF", "listed_count": 4}, "urls": [], "id": 693510969771888641, "id_str": "693510969771888641"}