{"lang": "en", "in_reply_to_user_id": 2557521, "text": "@espn I like him in TV don't know him personally so very happy for him.", "created_at": "Sat Jan 30 18:48:39 +0000 2016", "hashtags": [], "user_mentions": [{"id_str": "2557521", "screen_name": "espn", "name": "ESPN", "id": 2557521}], "source": "<a href=\"http://twitter.com/download/iphone\" rel=\"nofollow\">Twitter for iPhone</a>", "in_reply_to_status_id": 693501482721681408, "in_reply_to_screen_name": "espn", "user": {"profile_use_background_image": true, "id": 3327629131, "profile_image_url_https": "https://pbs.twimg.com/profile_images/751617530754543616/FkdGQEVS_normal.jpg", "profile_sidebar_fill_color": "DDEEF6", "profile_text_color": "333333", "followers_count": 278, "location": "United States", "profile_background_color": "C0DEED", "id_str": "3327629131", "statuses_count": 1908, "description": "Muslim American, love science,sports, and politics. #Spurs #Cowboys #pathology #Sooners Football. #purposeoflife: https://t.co/EWTyGkx4AR", "friends_count": 463, "profile_link_color": "1DA1F2", "profile_image_url": "http://pbs.twimg.com/profile_images/751617530754543616/FkdGQEVS_normal.jpg", "profile_background_image_url_https": "https://abs.twimg.com/images/themes/theme1/bg.png", "profile_banner_url": "https://pbs.twimg.com/profile_banners/3327629131/1448410453", "profile_background_image_url": "http://abs.twimg.com/images/themes/theme1/bg.png", "name": "J Mohammad", "lang": "en", "favourites_count": 5588, "screen_name": "rafmoh86", "created_at": "Mon Aug 24 01:26:44 +0000 2015", "profile_sidebar_border_color": "C0DEED", "default_profile": true, "listed_count": 5}, "urls": [], "id": 693506125551968257, "id_str": "693506125551968257"}