{"lang": "und", "in_reply_to_user_id": 5402612, "text": "@BBCBreaking https://t.co/wG1DyfphId https://t.co/nME4cDVHXL", "created_at": "Sat Jan 30 21:00:27 +0000 2016", "hashtags": [], "user_mentions": [{"id_str": "5402612", "screen_name": "BBCBreaking", "name": "BBC Breaking News", "id": 5402612}], "source": "<a href=\"http://twitter.com\" rel=\"nofollow\">Twitter Web Client</a>", "in_reply_to_status_id": 693465666259656705, "in_reply_to_screen_name": "BBCBreaking", "user": {"id": 3257929094, "profile_image_url_https": "https://pbs.twimg.com/profile_images/639500650510839808/IuibMx66_normal.jpg", "profile_sidebar_fill_color": "000000", "geo_enabled": true, "profile_text_color": "000000", "followers_count": 142, "location": "Georgia, USA", "profile_background_color": "000000", "id_str": "3257929094", "statuses_count": 2124, "description": "\ud83d\ude00\ud83d\ude00\ud83d\ude00\ud83d\ude00\ud83d\ude00\ud83d\ude00", "friends_count": 24, "profile_link_color": "981CEB", "profile_image_url": "http://pbs.twimg.com/profile_images/639500650510839808/IuibMx66_normal.jpg", "profile_background_image_url_https": "https://abs.twimg.com/images/themes/theme5/bg.gif", "profile_banner_url": "https://pbs.twimg.com/profile_banners/3257929094/1441303826", "profile_background_image_url": "http://abs.twimg.com/images/themes/theme5/bg.gif", "name": "\u041d\u0430\u0442\u0430\u043b\u044c\u044f \u0421\u043e\u043a\u043e\u043b\u043e\u0432\u0430", "lang": "en", "favourites_count": 3, "screen_name": "seqsigogoebi", "url": "https://t.co/LYkMJI6ttm", "created_at": "Sat Jun 27 16:03:49 +0000 2015", "profile_sidebar_border_color": "000000"}, "urls": [{"url": "https://t.co/wG1DyfphId", "expanded_url": "http://seflu.com/amberlite-if-if/"}], "media": [{"expanded_url": "https://twitter.com/Niupost_com/status/693539292895911936/photo/1", "display_url": "pic.twitter.com/nME4cDVHXL", "url": "https://t.co/nME4cDVHXL", "media_url_https": "https://pbs.twimg.com/media/CZ_yT6WW0AAzGF3.jpg", "sizes": {"small": {"h": 680, "resize": "fit", "w": 453}, "large": {"h": 900, "resize": "fit", "w": 600}, "medium": {"h": 900, "resize": "fit", "w": 600}, "thumb": {"h": 150, "resize": "crop", "w": 150}}, "type": "photo", "id": 693539291532808192, "media_url": "http://pbs.twimg.com/media/CZ_yT6WW0AAzGF3.jpg"}], "id": 693539292895911936, "id_str": "693539292895911936"}