{"lang": "en", "in_reply_to_user_id": 2557521, "text": "@espn Ulis = best PG in the game.", "created_at": "Sun Jan 31 01:04:02 +0000 2016", "hashtags": [], "user_mentions": [{"id_str": "2557521", "screen_name": "espn", "name": "ESPN", "id": 2557521}], "source": "<a href=\"http://twitter.com/download/android\" rel=\"nofollow\">Twitter for Android</a>", "in_reply_to_status_id": 693600369281253376, "in_reply_to_screen_name": "espn", "user": {"profile_use_background_image": true, "id": 39037972, "profile_image_url_https": "https://pbs.twimg.com/profile_images/922579678757453824/aqWEcGhM_normal.jpg", "profile_sidebar_fill_color": "17060A", "geo_enabled": true, "profile_text_color": "45222E", "followers_count": 850, "location": "Los Angeles, CA", "profile_background_color": "0D0207", "id_str": "39037972", "statuses_count": 85802, "description": "Remember Christina..Team Grimmie \ud83d\udc9a ajnoriega46 = me on instagram, facebook, tumblr. my Mandy Rain acct @CaliRainstormST", "friends_count": 200, "profile_link_color": "8A0340", "profile_image_url": "http://pbs.twimg.com/profile_images/922579678757453824/aqWEcGhM_normal.jpg", "profile_background_image_url_https": "https://abs.twimg.com/images/themes/theme6/bg.gif", "profile_banner_url": "https://pbs.twimg.com/profile_banners/39037972/1485993431", "profile_background_image_url": "http://abs.twimg.com/images/themes/theme6/bg.gif", "name": "CG Forever \ud83d\udc9a\ud83d\udc9a\ud83d\udc9a", "lang": "en", "profile_background_tile": true, "favourites_count": 11614, "screen_name": "ajnoriega46", "url": "https://t.co/YhWcCvWJYU", "created_at": "Sun May 10 12:17:26 +0000 2009", "profile_sidebar_border_color": "BA0447", "listed_count": 55}, "urls": [], "retweet_count": 1, "id": 693600594804633600, "favorite_count": 8, "id_str": "693600594804633600"}