{"lang": "en", "in_reply_to_user_id": 807095, "text": "@nytimes @nytopinion As 5.000 people march in NYC for Bernie. Where's the people in the street marching for her? Oh watching from highrises.", "created_at": "Sun Jan 31 05:44:25 +0000 2016", "hashtags": [], "user_mentions": [{"id_str": "807095", "screen_name": "nytimes", "name": "The New York Times", "id": 807095}, {"id_str": "16686144", "screen_name": "nytopinion", "name": "NYT Opinion", "id": 16686144}], "source": "<a href=\"http://twitter.com/download/android\" rel=\"nofollow\">Twitter for Android</a>", "in_reply_to_status_id": 693670046497935361, "in_reply_to_screen_name": "nytimes", "user": {"profile_use_background_image": true, "id": 2959785356, "profile_image_url_https": "https://pbs.twimg.com/profile_images/1026977565800628224/43e0-nQE_normal.jpg", "profile_sidebar_fill_color": "DDEEF6", "geo_enabled": true, "profile_text_color": "333333", "followers_count": 109, "location": "Houston, TX", "profile_background_color": "C0DEED", "id_str": "2959785356", "statuses_count": 2209, "description": "I'm an individual. One with opinions & ideas that you may not like. That's okay. Agree to disagree, but I'm a good debater - so watch it!", "friends_count": 170, "profile_link_color": "1DA1F2", "profile_image_url": "http://pbs.twimg.com/profile_images/1026977565800628224/43e0-nQE_normal.jpg", "profile_background_image_url_https": "https://abs.twimg.com/images/themes/theme1/bg.png", "profile_background_image_url": "http://abs.twimg.com/images/themes/theme1/bg.png", "name": "Ryan Ward", "lang": "en", "favourites_count": 2485, "screen_name": "skipajenkins", "url": "https://t.co/HcA6jY4JQy", "created_at": "Mon Jan 05 14:50:50 +0000 2015", "profile_sidebar_border_color": "C0DEED", "default_profile": true, "listed_count": 9}, "urls": [], "id": 693671155811483649, "favorite_count": 3, "id_str": "693671155811483649"}