{"lang": "en", "in_reply_to_user_id": 14511951, "text": "@HuffingtonPost  Maybe @realDonaldTrump should go back to \"The Apprentice\" and say all the horrible things he wants, just not as President!", "created_at": "Sun Jan 31 01:10:16 +0000 2016", "hashtags": [], "user_mentions": [{"id_str": "854402779879804928", "screen_name": "HuffingtonPost", "name": "HuffPost", "id": 854402779879804928}, {"id_str": "25073877", "screen_name": "realDonaldTrump", "name": "Donald J. Trump", "id": 25073877}], "source": "<a href=\"http://twitter.com/download/android\" rel=\"nofollow\">Twitter for Android</a>", "in_reply_to_status_id": 693492159635443714, "in_reply_to_screen_name": "HuffPost", "user": {"profile_use_background_image": true, "id": 1892180893, "profile_image_url_https": "https://pbs.twimg.com/profile_images/494671628119207937/EVHFAHhv_normal.jpeg", "profile_sidebar_fill_color": "DDEEF6", "geo_enabled": true, "profile_text_color": "333333", "followers_count": 3113, "id_str": "1892180893", "profile_background_color": "C0DEED", "listed_count": 51, "statuses_count": 46229, "description": "Days fan, opinionated but do not take myself too seriously and I do not use Twitter as a dating site!", "friends_count": 3994, "profile_link_color": "1DA1F2", "profile_image_url": "http://pbs.twimg.com/profile_images/494671628119207937/EVHFAHhv_normal.jpeg", "profile_background_image_url_https": "https://abs.twimg.com/images/themes/theme1/bg.png", "profile_background_image_url": "http://abs.twimg.com/images/themes/theme1/bg.png", "name": "Mari Fry", "lang": "en", "favourites_count": 22088, "screen_name": "FryMari", "created_at": "Sun Sep 22 02:08:20 +0000 2013", "profile_sidebar_border_color": "C0DEED", "default_profile": true}, "urls": [], "id": 693602163734421504, "id_str": "693602163734421504"}