{"lang": "en", "in_reply_to_user_id": 5402612, "text": "@BBCBreaking so sad , loved his sense of humour rip funny man", "created_at": "Sun Jan 31 09:48:19 +0000 2016", "hashtags": [], "user_mentions": [{"id_str": "5402612", "screen_name": "BBCBreaking", "name": "BBC Breaking News", "id": 5402612}], "source": "<a href=\"http://twitter.com/download/iphone\" rel=\"nofollow\">Twitter for iPhone</a>", "in_reply_to_status_id": 693729678306189313, "in_reply_to_screen_name": "BBCBreaking", "user": {"profile_use_background_image": true, "id": 979377853, "profile_image_url_https": "https://pbs.twimg.com/profile_images/926992519120015360/DftFMxQ4_normal.jpg", "profile_sidebar_fill_color": "DDEEF6", "geo_enabled": true, "profile_text_color": "333333", "followers_count": 210, "location": "Forest hill", "profile_background_color": "C0DEED", "id_str": "979377853", "statuses_count": 2370, "description": "Novice Gardener \ud83c\udf37 mum to teenagers \ud83d\ude29", "friends_count": 435, "profile_link_color": "1DA1F2", "profile_image_url": "http://pbs.twimg.com/profile_images/926992519120015360/DftFMxQ4_normal.jpg", "profile_background_image_url_https": "https://abs.twimg.com/images/themes/theme1/bg.png", "profile_banner_url": "https://pbs.twimg.com/profile_banners/979377853/1461522338", "profile_background_image_url": "http://abs.twimg.com/images/themes/theme1/bg.png", "name": "Nicola", "lang": "en", "favourites_count": 1679, "screen_name": "BurchNicola", "created_at": "Thu Nov 29 23:33:59 +0000 2012", "profile_sidebar_border_color": "C0DEED", "default_profile": true, "listed_count": 9}, "urls": [], "id": 693732534954364928, "id_str": "693732534954364928"}