{"lang": "en", "in_reply_to_user_id": 38515056, "text": "@jen_yeager @mashable that's easy for you to say, you're white, if we're all just people why do blacks get shot in the street for no reason", "created_at": "Sun Jan 31 14:09:19 +0000 2016", "hashtags": [], "user_mentions": [{"id_str": "38515056", "screen_name": "jen_yeager", "name": "Jen Yeager", "id": 38515056}, {"id_str": "972651", "screen_name": "mashable", "name": "Mashable", "id": 972651}], "source": "<a href=\"http://twitter.com/download/iphone\" rel=\"nofollow\">Twitter for iPhone</a>", "in_reply_to_status_id": 693644516939575296, "in_reply_to_screen_name": "jen_yeager", "user": {"profile_use_background_image": true, "id": 734748914, "profile_image_url_https": "https://pbs.twimg.com/profile_images/1038446097184772096/vz60q-J2_normal.jpg", "profile_sidebar_fill_color": "DDEEF6", "profile_text_color": "333333", "followers_count": 211, "id_str": "734748914", "profile_background_color": "C0DEED", "listed_count": 5, "statuses_count": 8041, "description": "inactive", "friends_count": 324, "profile_link_color": "1DA1F2", "profile_image_url": "http://pbs.twimg.com/profile_images/1038446097184772096/vz60q-J2_normal.jpg", "profile_background_image_url_https": "https://abs.twimg.com/images/themes/theme1/bg.png", "profile_banner_url": "https://pbs.twimg.com/profile_banners/734748914/1536419819", "profile_background_image_url": "http://abs.twimg.com/images/themes/theme1/bg.png", "name": "\u200f\u0670", "lang": "en", "favourites_count": 11048, "screen_name": "goofiesthoe", "created_at": "Fri Aug 03 11:54:00 +0000 2012", "profile_sidebar_border_color": "C0DEED", "default_profile": true}, "urls": [], "id": 693798215649509376, "id_str": "693798215649509376"}