{"lang": "en", "in_reply_to_user_id": 1367531, "text": "@FoxNews and we do what about it???????????????", "created_at": "Sun Jan 31 17:21:50 +0000 2016", "hashtags": [], "user_mentions": [{"id_str": "1367531", "screen_name": "FoxNews", "name": "Fox News", "id": 1367531}], "source": "<a href=\"http://twitter.com\" rel=\"nofollow\">Twitter Web Client</a>", "in_reply_to_status_id": 693830499047989248, "in_reply_to_screen_name": "FoxNews", "user": {"id": 16547438, "profile_image_url_https": "https://pbs.twimg.com/profile_images/956530502671970306/znok7qPz_normal.jpg", "profile_sidebar_fill_color": "000000", "geo_enabled": true, "profile_text_color": "000000", "followers_count": 2913, "id_str": "16547438", "profile_background_color": "000000", "listed_count": 50, "statuses_count": 67641, "description": "Constitutional conserv since I was 14, luv  C Span, politics, Va Tech, ancestor of Mayflower, Rev War, Civil War,WWII heroes. Love the USA & damn proud of it!", "friends_count": 2260, "profile_link_color": "1B95E0", "profile_image_url": "http://pbs.twimg.com/profile_images/956530502671970306/znok7qPz_normal.jpg", "profile_background_image_url_https": "https://abs.twimg.com/images/themes/theme5/bg.gif", "profile_banner_url": "https://pbs.twimg.com/profile_banners/16547438/1467562299", "profile_background_image_url": "http://abs.twimg.com/images/themes/theme5/bg.gif", "name": "Paulaspaulatics", "lang": "en", "favourites_count": 83544, "screen_name": "paulaspaulatics", "created_at": "Wed Oct 01 18:09:44 +0000 2008", "profile_sidebar_border_color": "000000"}, "urls": [], "id": 693846664822550528, "id_str": "693846664822550528"}