{"lang": "pt", "in_reply_to_user_id": 759251, "text": "@CNN @BBCWorld @bbcbrasil @UniversalPics @UniversalPicsBr Excellent awards on SAG * Excelente premia\u00e7\u00e3o no Sindicato https://t.co/HTDDJbU1yT", "created_at": "Sun Jan 31 15:03:16 +0000 2016", "hashtags": [], "user_mentions": [{"id_str": "759251", "screen_name": "CNN", "name": "CNN", "id": 759251}, {"id_str": "742143", "screen_name": "BBCWorld", "name": "BBC News (World)", "id": 742143}, {"id_str": "790680", "screen_name": "bbcbrasil", "name": "BBC News Brasil", "id": 790680}, {"id_str": "21904217", "screen_name": "UniversalPics", "name": "Universal Pictures", "id": 21904217}, {"id_str": "2230225514", "screen_name": "UniversalPicsBr", "name": "Universal Pictures", "id": 2230225514}], "source": "<a href=\"http://twitter.com\" rel=\"nofollow\">Twitter Web Client</a>", "in_reply_to_status_id": 693485676881403905, "in_reply_to_screen_name": "CNN", "user": {"profile_use_background_image": true, "id": 52572170, "profile_image_url_https": "https://pbs.twimg.com/profile_images/585118109138341891/F-jF0cPF_normal.jpg", "profile_sidebar_fill_color": "EADEAA", "geo_enabled": true, "profile_text_color": "333333", "followers_count": 10168, "location": "Rio de Janeiro, Brasil", "profile_background_color": "8B542B", "id_str": "52572170", "statuses_count": 21955, "description": "MUITO AMOR, MUITA SA\u00daDE E MUITA PROSPERIDADE 2018", "friends_count": 356, "profile_link_color": "9D582E", "profile_image_url": "http://pbs.twimg.com/profile_images/585118109138341891/F-jF0cPF_normal.jpg", "profile_background_image_url_https": "https://abs.twimg.com/images/themes/theme8/bg.gif", "profile_banner_url": "https://pbs.twimg.com/profile_banners/52572170/1442877551", "profile_background_image_url": "http://abs.twimg.com/images/themes/theme8/bg.gif", "name": "Angel Morsi", "lang": "pt", "profile_background_tile": true, "favourites_count": 4202, "screen_name": "AngelMorsi", "url": "https://t.co/hDUI3IbQnT", "created_at": "Wed Jul 01 00:20:04 +0000 2009", "profile_sidebar_border_color": "FFFFFF", "listed_count": 28}, "urls": [], "media": [{"expanded_url": "https://twitter.com/AngelMorsi/status/693811792896745473/photo/1", "display_url": "pic.twitter.com/HTDDJbU1yT", "url": "https://t.co/HTDDJbU1yT", "media_url_https": "https://pbs.twimg.com/media/CaDqJWkWIAE1XKk.jpg", "sizes": {"large": {"h": 2048, "resize": "fit", "w": 1536}, "small": {"h": 680, "resize": "fit", "w": 510}, "medium": {"h": 1200, "resize": "fit", "w": 900}, "thumb": {"h": 150, "resize": "crop", "w": 150}}, "type": "photo", "id": 693811789012803585, "media_url": "http://pbs.twimg.com/media/CaDqJWkWIAE1XKk.jpg"}], "id": 693811792896745473, "id_str": "693811792896745473"}