{"lang": "en", "in_reply_to_user_id": 1367531, "text": "@FoxNews THIS IS WHAT YOUR OBAMA MUSLIMS DO WHILE WE SIT IDLE https://t.co/mtxlxeHufM", "created_at": "Sun Jan 31 16:25:01 +0000 2016", "hashtags": [], "user_mentions": [{"id_str": "1367531", "screen_name": "FoxNews", "name": "Fox News", "id": 1367531}], "source": "<a href=\"http://twitter.com/download/iphone\" rel=\"nofollow\">Twitter for iPhone</a>", "in_reply_to_status_id": 693830499047989248, "in_reply_to_screen_name": "FoxNews", "user": {"profile_use_background_image": true, "id": 2647553718, "profile_image_url_https": "https://abs.twimg.com/sticky/default_profile_images/default_profile_normal.png", "profile_sidebar_fill_color": "DDEEF6", "geo_enabled": true, "profile_text_color": "333333", "followers_count": 372, "id_str": "2647553718", "default_profile_image": true, "listed_count": 13, "statuses_count": 21328, "profile_background_color": "C0DEED", "friends_count": 540, "profile_link_color": "1DA1F2", "profile_image_url": "http://abs.twimg.com/sticky/default_profile_images/default_profile_normal.png", "profile_background_image_url_https": "https://abs.twimg.com/images/themes/theme1/bg.png", "profile_background_image_url": "http://abs.twimg.com/images/themes/theme1/bg.png", "name": "Johnny Chino", "lang": "en", "favourites_count": 33, "screen_name": "johnchino01", "created_at": "Tue Jul 15 12:52:14 +0000 2014", "profile_sidebar_border_color": "C0DEED", "default_profile": true}, "urls": [], "media": [{"expanded_url": "https://twitter.com/johnchino01/status/693832365567840256/photo/1", "display_url": "pic.twitter.com/mtxlxeHufM", "url": "https://t.co/mtxlxeHufM", "media_url_https": "https://pbs.twimg.com/media/CaD81ojWYAA_dPs.jpg", "sizes": {"large": {"h": 1024, "resize": "fit", "w": 577}, "small": {"h": 680, "resize": "fit", "w": 383}, "medium": {"h": 1024, "resize": "fit", "w": 577}, "thumb": {"h": 150, "resize": "crop", "w": 150}}, "type": "photo", "id": 693832340964007936, "media_url": "http://pbs.twimg.com/media/CaD81ojWYAA_dPs.jpg"}, {"expanded_url": "https://twitter.com/johnchino01/status/693832365567840256/photo/1", "display_url": "pic.twitter.com/mtxlxeHufM", "url": "https://t.co/mtxlxeHufM", "media_url_https": "https://pbs.twimg.com/media/CaD81obWEAAdeeO.jpg", "sizes": {"small": {"h": 680, "resize": "fit", "w": 383}, "large": {"h": 1024, "resize": "fit", "w": 577}, "medium": {"h": 1024, "resize": "fit", "w": 577}, "thumb": {"h": 150, "resize": "crop", "w": 150}}, "type": "photo", "id": 693832340930433024, "media_url": "http://pbs.twimg.com/media/CaD81obWEAAdeeO.jpg"}, {"expanded_url": "https://twitter.com/johnchino01/status/693832365567840256/photo/1", "display_url": "pic.twitter.com/mtxlxeHufM", "url": "https://t.co/mtxlxeHufM", "media_url_https": "https://pbs.twimg.com/media/CaD81sNUMAAx00z.jpg", "sizes": {"small": {"h": 680, "resize": "fit", "w": 383}, "large": {"h": 1024, "resize": "fit", "w": 577}, "medium": {"h": 1024, "resize": "fit", "w": 577}, "thumb": {"h": 150, "resize": "crop", "w": 150}}, "type": "photo", "id": 693832341945331712, "media_url": "http://pbs.twimg.com/media/CaD81sNUMAAx00z.jpg"}], "id": 693832365567840256, "favorite_count": 2, "id_str": "693832365567840256"}