{"lang": "en", "in_reply_to_user_id": 15754281, "text": "@USATODAY no surprise, it's Justin Bieber\ud83d\ude0d", "created_at": "Sun Jan 31 21:20:21 +0000 2016", "hashtags": [], "user_mentions": [{"id_str": "15754281", "screen_name": "USATODAY", "name": "USA TODAY", "id": 15754281}], "source": "<a href=\"http://twitter.com/download/iphone\" rel=\"nofollow\">Twitter for iPhone</a>", "in_reply_to_status_id": 692812029611089920, "in_reply_to_screen_name": "USATODAY", "user": {"profile_use_background_image": true, "id": 3297123069, "profile_image_url_https": "https://pbs.twimg.com/profile_images/1044624618412224512/9uns4hhi_normal.jpg", "profile_sidebar_fill_color": "DDEEF6", "geo_enabled": true, "profile_text_color": "333333", "followers_count": 1761, "location": "c\u00f4te d'azur  ", "profile_background_color": "C0DEED", "id_str": "3297123069", "statuses_count": 55468, "description": "yass chlo\u2764\ufe0f @fcbarcelona", "friends_count": 580, "profile_link_color": "1DA1F2", "profile_image_url": "http://pbs.twimg.com/profile_images/1044624618412224512/9uns4hhi_normal.jpg", "profile_background_image_url_https": "https://abs.twimg.com/images/themes/theme1/bg.png", "profile_banner_url": "https://pbs.twimg.com/profile_banners/3297123069/1538250079", "profile_background_image_url": "http://abs.twimg.com/images/themes/theme1/bg.png", "name": "\u0646\u0631\u0645\u064a\u0646\ud83c\uddf9\ud83c\uddf3\ud83c\uddee\ud83c\uddf9", "lang": "fr", "favourites_count": 80062, "screen_name": "nermine_jb", "created_at": "Sun May 24 22:55:19 +0000 2015", "profile_sidebar_border_color": "C0DEED", "default_profile": true, "listed_count": 30}, "urls": [], "id": 693906687967764480, "id_str": "693906687967764480"}