{"lang": "en", "in_reply_to_user_id": 1367531, "text": "@FoxNews @tedcruz @TeamCavuto Cavuto, fair and balanced? Put Willie on too, to explain why he trusts Trump.", "created_at": "Sun Jan 31 22:47:40 +0000 2016", "hashtags": [], "user_mentions": [{"id_str": "1367531", "screen_name": "FoxNews", "name": "Fox News", "id": 1367531}, {"id_str": "23022687", "screen_name": "tedcruz", "name": "Ted Cruz", "id": 23022687}, {"id_str": "223970563", "screen_name": "TeamCavuto", "name": "Neil Cavuto", "id": 223970563}], "source": "<a href=\"http://twitter.com\" rel=\"nofollow\">Twitter Web Client</a>", "in_reply_to_status_id": 693912520923295745, "in_reply_to_screen_name": "FoxNews", "user": {"profile_use_background_image": true, "id": 65185026, "profile_image_url_https": "https://pbs.twimg.com/profile_images/697504567391424512/wNRLGZnu_normal.jpg", "profile_sidebar_fill_color": "DDEEF6", "profile_text_color": "333333", "followers_count": 1830, "location": "Southwest", "profile_background_color": "C0DEED", "id_str": "65185026", "statuses_count": 16668, "description": "GUNG HO CONSERVATIVE - God fearing Christian, Support DJT ,  anti-abortion/socialism/liberalism/ communism, gun owner, support 1A, 2A + whole constitution\n \u2764\ufe0f\ud83c\uddfa\ud83c\uddf8", "friends_count": 2096, "profile_link_color": "1DA1F2", "profile_image_url": "http://pbs.twimg.com/profile_images/697504567391424512/wNRLGZnu_normal.jpg", "profile_background_image_url_https": "https://abs.twimg.com/images/themes/theme1/bg.png", "profile_banner_url": "https://pbs.twimg.com/profile_banners/65185026/1455132960", "profile_background_image_url": "http://abs.twimg.com/images/themes/theme1/bg.png", "name": "LIbertyforAll", "lang": "en", "favourites_count": 2800, "screen_name": "bgooder", "created_at": "Wed Aug 12 22:33:05 +0000 2009", "profile_sidebar_border_color": "C0DEED", "default_profile": true, "listed_count": 16}, "urls": [], "id": 693928661993390080, "favorite_count": 2, "id_str": "693928661993390080"}