{"lang": "en", "in_reply_to_user_id": 1367531, "text": "@FoxNews @TeamCavuto @tedcruz shold read the constitution. You know. Since that's what he wld swear to uphold https://t.co/txXs85XSF5", "created_at": "Sun Jan 31 22:31:43 +0000 2016", "hashtags": [], "user_mentions": [{"id_str": "1367531", "screen_name": "FoxNews", "name": "Fox News", "id": 1367531}, {"id_str": "223970563", "screen_name": "TeamCavuto", "name": "Neil Cavuto", "id": 223970563}, {"id_str": "23022687", "screen_name": "tedcruz", "name": "Ted Cruz", "id": 23022687}], "source": "<a href=\"http://twitter.com/#!/download/ipad\" rel=\"nofollow\">Twitter for iPad</a>", "in_reply_to_status_id": 693912520923295745, "in_reply_to_screen_name": "FoxNews", "user": {"profile_use_background_image": true, "id": 15048135, "profile_image_url_https": "https://pbs.twimg.com/profile_images/905957230029152256/lXFWCn0W_normal.jpg", "profile_sidebar_fill_color": "DDEEF6", "geo_enabled": true, "profile_text_color": "333333", "followers_count": 592, "location": "Orange County California, USA", "profile_background_color": "C0DEED", "id_str": "15048135", "statuses_count": 26617, "description": "Racism is abhorrent behavior caused by mental defect. Former lifelong Republican. #Resist #BlueWave #NeverTrump #NotMyPresident", "friends_count": 1714, "profile_link_color": "1DA1F2", "profile_image_url": "http://pbs.twimg.com/profile_images/905957230029152256/lXFWCn0W_normal.jpg", "profile_background_image_url_https": "https://abs.twimg.com/images/themes/theme1/bg.png", "profile_banner_url": "https://pbs.twimg.com/profile_banners/15048135/1523728371", "profile_background_image_url": "http://abs.twimg.com/images/themes/theme1/bg.png", "name": "Harry", "lang": "en", "favourites_count": 25362, "screen_name": "iHarry", "created_at": "Sun Jun 08 17:16:23 +0000 2008", "profile_sidebar_border_color": "C0DEED", "default_profile": true, "listed_count": 11}, "urls": [], "media": [{"expanded_url": "https://twitter.com/iHarry/status/693924651118911488/photo/1", "display_url": "pic.twitter.com/txXs85XSF5", "url": "https://t.co/txXs85XSF5", "media_url_https": "https://pbs.twimg.com/media/CaFQymSUEAAZMc7.jpg", "sizes": {"large": {"h": 1024, "resize": "fit", "w": 716}, "small": {"h": 680, "resize": "fit", "w": 475}, "medium": {"h": 1024, "resize": "fit", "w": 716}, "thumb": {"h": 150, "resize": "crop", "w": 150}}, "type": "photo", "id": 693924647792807936, "media_url": "http://pbs.twimg.com/media/CaFQymSUEAAZMc7.jpg"}], "id": 693924651118911488, "id_str": "693924651118911488"}