{"lang": "en", "in_reply_to_user_id": 2557521, "text": "@espn perfect picture ESPN. Tells me a lot about the person behind your handles.", "created_at": "Mon Feb 01 01:04:33 +0000 2016", "hashtags": [], "user_mentions": [{"id_str": "2557521", "screen_name": "espn", "name": "ESPN", "id": 2557521}], "source": "<a href=\"http://twitter.com/download/iphone\" rel=\"nofollow\">Twitter for iPhone</a>", "in_reply_to_status_id": 693925198630821889, "in_reply_to_screen_name": "espn", "user": {"profile_use_background_image": true, "id": 3601864156, "profile_image_url_https": "https://pbs.twimg.com/profile_images/748623808991481859/dNxebDzp_normal.jpg", "profile_sidebar_fill_color": "DDEEF6", "profile_text_color": "333333", "followers_count": 4, "id_str": "3601864156", "profile_background_color": "C0DEED", "listed_count": 2, "statuses_count": 323, "profile_link_color": "1DA1F2", "profile_image_url": "http://pbs.twimg.com/profile_images/748623808991481859/dNxebDzp_normal.jpg", "profile_background_image_url_https": "https://abs.twimg.com/images/themes/theme1/bg.png", "profile_banner_url": "https://pbs.twimg.com/profile_banners/3601864156/1463682837", "profile_background_image_url": "http://abs.twimg.com/images/themes/theme1/bg.png", "name": "Sim Pedigree", "lang": "en", "favourites_count": 20, "screen_name": "SimPedigree", "created_at": "Wed Sep 09 20:16:03 +0000 2015", "profile_sidebar_border_color": "C0DEED", "default_profile": true}, "urls": [], "id": 693963110277890049, "id_str": "693963110277890049"}