{"lang": "en", "in_reply_to_user_id": 170025854, "text": "@M0L0NL4BE @dawnellemurray @FoxNews @HindaRifka @DrZuhdiJasser @POTUS @ffweekend CHANGE only comes with ACTION..complaining doesn't help !", "created_at": "Mon Feb 01 02:46:15 +0000 2016", "hashtags": [], "user_mentions": [{"id_str": "170025854", "screen_name": "M0L0NL4BE", "name": "\u039c\u03bf\u03bb\u1f7c\u03bd \u039b\u03b1\u03b2\u03ad", "id": 170025854}, {"id_str": "4495515442", "screen_name": "dawnellemurray", "name": "\ud83c\udf39I AM TRUMP ARMY \ud83c\udf39", "id": 4495515442}, {"id_str": "1367531", "screen_name": "FoxNews", "name": "Fox News", "id": 1367531}, {"id_str": "28578720", "screen_name": "HindaRifka", "name": "Amy", "id": 28578720}, {"id_str": "460848738", "screen_name": "DrZuhdiJasser", "name": "M. Zuhdi Jasser", "id": 460848738}, {"id_str": "822215679726100480", "screen_name": "POTUS", "name": "President Trump", "id": 822215679726100480}, {"id_str": "272395158", "screen_name": "ffweekend", "name": "FOX&friends Weekend", "id": 272395158}], "source": "<a href=\"http://twitter.com\" rel=\"nofollow\">Twitter Web Client</a>", "in_reply_to_status_id": 693925855882534912, "in_reply_to_screen_name": "M0L0NL4BE", "user": {"profile_use_background_image": true, "id": 2536545578, "profile_image_url_https": "https://pbs.twimg.com/profile_images/975842834636050434/l7rShX5L_normal.jpg", "profile_sidebar_fill_color": "DDEEF6", "geo_enabled": true, "profile_text_color": "333333", "followers_count": 758, "location": "The Netherlands,Biddinghuizen", "profile_background_color": "000000", "id_str": "2536545578", "statuses_count": 25129, "description": "Poster Designer /https://t.co/NzsEEs8Uja", "friends_count": 644, "profile_link_color": "000000", "profile_image_url": "http://pbs.twimg.com/profile_images/975842834636050434/l7rShX5L_normal.jpg", "profile_background_image_url_https": "https://abs.twimg.com/images/themes/theme1/bg.png", "profile_banner_url": "https://pbs.twimg.com/profile_banners/2536545578/1518834515", "profile_background_image_url": "http://abs.twimg.com/images/themes/theme1/bg.png", "name": "Jos Ripken", "lang": "nl", "profile_background_tile": true, "favourites_count": 2766, "screen_name": "KlodderPosters", "url": "https://t.co/8rVEUEOoLH", "created_at": "Sat May 31 04:01:28 +0000 2014", "profile_sidebar_border_color": "FFFFFF", "listed_count": 6}, "urls": [], "id": 693988704369668099, "id_str": "693988704369668099"}