{"lang": "en", "in_reply_to_user_id": 28785486, "text": "@ABC @asoldiersvoice When will these actions/the men who commit them be gone forever? How can they justify these atrocities to themselves?", "created_at": "Mon Feb 01 04:26:07 +0000 2016", "hashtags": [], "user_mentions": [{"id_str": "28785486", "screen_name": "ABC", "name": "ABC News", "id": 28785486}, {"id_str": "25588490", "screen_name": "asoldiersvoice", "name": "Sharon Sharp", "id": 25588490}], "source": "<a href=\"http://twitter.com/#!/download/ipad\" rel=\"nofollow\">Twitter for iPad</a>", "in_reply_to_status_id": 693866093123915776, "in_reply_to_screen_name": "ABC", "user": {"profile_use_background_image": true, "id": 16387184, "profile_image_url_https": "https://pbs.twimg.com/profile_images/413891994767740929/N29hM7w5_normal.jpeg", "profile_sidebar_fill_color": "262626", "profile_text_color": "696545", "followers_count": 1955, "location": "California", "profile_background_color": "091304", "id_str": "16387184", "statuses_count": 22673, "description": "Value genuineness, wit, compassion, tolerance, love for animals and the earth. Liberal. (No FaceBook)", "friends_count": 2184, "profile_link_color": "2E7019", "profile_image_url": "http://pbs.twimg.com/profile_images/413891994767740929/N29hM7w5_normal.jpeg", "profile_background_image_url_https": "https://abs.twimg.com/images/themes/theme1/bg.png", "profile_banner_url": "https://pbs.twimg.com/profile_banners/16387184/1387514760", "profile_background_image_url": "http://abs.twimg.com/images/themes/theme1/bg.png", "name": "Linda", "lang": "en", "favourites_count": 14887, "screen_name": "lindag1966", "url": "http://t.co/V7xeEg6nKe", "created_at": "Sun Sep 21 03:44:43 +0000 2008", "profile_sidebar_border_color": "FFFFFF", "listed_count": 41}, "urls": [], "retweet_count": 1, "id": 694013835053666305, "favorite_count": 1, "id_str": "694013835053666305"}