{"lang": "en", "in_reply_to_user_id": 3646911, "text": "@empiremagazine @BatmanvSuperman I FUCKING ADORE YOU SIR @IanMcKellen", "created_at": "Wed Feb 03 18:54:13 +0000 2016", "hashtags": [], "user_mentions": [{"id_str": "3646911", "screen_name": "empiremagazine", "name": "Empire Magazine", "id": 3646911}, {"id_str": "583288452", "screen_name": "BatmanvSuperman", "name": "Batman v Superman", "id": 583288452}, {"id_str": "104969057", "screen_name": "IanMcKellen", "name": "Ian McKellen", "id": 104969057}], "source": "<a href=\"http://twitter.com/download/android\" rel=\"nofollow\">Twitter for Android</a>", "in_reply_to_status_id": 692816955837804544, "in_reply_to_screen_name": "empiremagazine", "user": {"profile_use_background_image": true, "id": 354356512, "profile_image_url_https": "https://pbs.twimg.com/profile_images/1022812416130854912/plrFJbIU_normal.jpg", "profile_sidebar_fill_color": "F6F6F6", "geo_enabled": true, "profile_text_color": "333333", "followers_count": 1112, "location": "Middle-Earth/Middle-East", "profile_background_color": "ACDED6", "id_str": "354356512", "statuses_count": 74757, "description": "Welcome to my twitter \u2600 I pop up here sometimes.", "friends_count": 1840, "profile_link_color": "038543", "profile_image_url": "http://pbs.twimg.com/profile_images/1022812416130854912/plrFJbIU_normal.jpg", "profile_background_image_url_https": "https://abs.twimg.com/images/themes/theme1/bg.png", "profile_banner_url": "https://pbs.twimg.com/profile_banners/354356512/1532692629", "profile_background_image_url": "http://abs.twimg.com/images/themes/theme1/bg.png", "name": "Jorden", "lang": "he", "profile_background_tile": true, "favourites_count": 64579, "screen_name": "MarveLotRush", "url": "https://t.co/mxhKs7KpEK", "created_at": "Sat Aug 13 15:43:19 +0000 2011", "profile_sidebar_border_color": "FFFFFF", "listed_count": 124}, "urls": [], "retweet_count": 1, "id": 694957076624318465, "favorite_count": 1, "id_str": "694957076624318465"}