{"lang": "en", "in_reply_to_user_id": 30313925, "text": "@WhiteHouse @jahimes 129 million have pre-existing conditions means 40%  Americans are very sick. How does that square with how good ACA is?", "created_at": "Thu Feb 11 16:19:54 +0000 2016", "hashtags": [], "user_mentions": [{"id_str": "822215673812119553", "screen_name": "WhiteHouse", "name": "The White House", "id": 822215673812119553}, {"id_str": "31611298", "screen_name": "jahimes", "name": "Jim Himes", "id": 31611298}], "source": "<a href=\"http://twitter.com\" rel=\"nofollow\">Twitter Web Client</a>", "in_reply_to_status_id": 691299810553384960, "in_reply_to_screen_name": "ObamaWhiteHouse", "user": {"id": 54017477, "profile_image_url_https": "https://pbs.twimg.com/profile_images/1027198467117072385/jBhiipS1_normal.jpg", "profile_sidebar_fill_color": "000000", "profile_text_color": "000000", "followers_count": 311, "id_str": "54017477", "profile_background_color": "000000", "location": "United States", "statuses_count": 21761, "description": "Honest Debate Stops When Name Calling Starts! Promises Made Promises Kept!", "friends_count": 283, "profile_link_color": "1B95E0", "profile_image_url": "http://pbs.twimg.com/profile_images/1027198467117072385/jBhiipS1_normal.jpg", "profile_background_image_url_https": "https://abs.twimg.com/images/themes/theme1/bg.png", "profile_banner_url": "https://pbs.twimg.com/profile_banners/54017477/1533706496", "profile_background_image_url": "http://abs.twimg.com/images/themes/theme1/bg.png", "name": "Linda Dandy", "lang": "en", "favourites_count": 14985, "screen_name": "dcfodder", "created_at": "Sun Jul 05 21:48:08 +0000 2009", "profile_sidebar_border_color": "000000", "listed_count": 13}, "urls": [], "id": 697817346744958976, "id_str": "697817346744958976"}