{"lang": "es", "in_reply_to_user_id": 13215132, "text": "@io9 @rebeccasugar gracias", "created_at": "Sun Feb 14 23:01:57 +0000 2016", "hashtags": [], "user_mentions": [{"id_str": "13215132", "screen_name": "io9", "name": "io9", "id": 13215132}, {"id_str": "183300976", "screen_name": "rebeccasugar", "name": "Rebecca Sugar", "id": 183300976}], "source": "<a href=\"http://twitter.com\" rel=\"nofollow\">Twitter Web Client</a>", "in_reply_to_status_id": 677950378785271808, "in_reply_to_screen_name": "io9", "user": {"lang": "es", "default_profile": true, "statuses_count": 9, "screen_name": "MarcosJo5", "friends_count": 51, "profile_use_background_image": true, "profile_link_color": "1DA1F2", "created_at": "Sun Feb 14 22:43:14 +0000 2016", "profile_sidebar_fill_color": "DDEEF6", "profile_image_url": "http://pbs.twimg.com/profile_images/699294865398562818/dZscHshO_normal.jpg", "profile_image_url_https": "https://pbs.twimg.com/profile_images/699294865398562818/dZscHshO_normal.jpg", "profile_text_color": "333333", "followers_count": 4, "profile_sidebar_border_color": "C0DEED", "id_str": "4910728059", "profile_background_color": "F5F8FA", "favourites_count": 3, "profile_banner_url": "https://pbs.twimg.com/profile_banners/4910728059/1455559715", "id": 4910728059, "name": "marcos jose hernadez"}, "urls": [], "id": 699005688891248642, "id_str": "699005688891248642"}