{"lang": "und", "in_reply_to_user_id": 14075928, "text": "@TheOnion ugh !!!", "created_at": "Sat Feb 27 03:06:54 +0000 2016", "hashtags": [], "user_mentions": [{"id_str": "14075928", "screen_name": "TheOnion", "name": "The Onion", "id": 14075928}], "source": "<a href=\"http://twitter.com/download/android\" rel=\"nofollow\">Twitter for Android</a>", "in_reply_to_status_id": 691791477912014850, "in_reply_to_screen_name": "TheOnion", "user": {"profile_use_background_image": true, "id": 3236295351, "profile_image_url_https": "https://pbs.twimg.com/profile_images/691037070006095873/9SBNjwQz_normal.jpg", "profile_sidebar_fill_color": "DDEEF6", "geo_enabled": true, "profile_text_color": "333333", "followers_count": 2, "id_str": "3236295351", "profile_background_color": "C0DEED", "statuses_count": 31, "friends_count": 52, "profile_link_color": "1DA1F2", "profile_image_url": "http://pbs.twimg.com/profile_images/691037070006095873/9SBNjwQz_normal.jpg", "profile_background_image_url_https": "https://abs.twimg.com/images/themes/theme1/bg.png", "profile_background_image_url": "http://abs.twimg.com/images/themes/theme1/bg.png", "name": "Susan Turner", "lang": "en", "favourites_count": 43, "screen_name": "sidneychui287", "created_at": "Tue May 05 17:13:26 +0000 2015", "profile_sidebar_border_color": "C0DEED", "default_profile": true}, "urls": [], "place": {"full_name": "Hawthorne, NJ", "url": "https://api.twitter.com/1.1/geo/id/a40c7aae22398af1.json", "country": "United States", "place_type": "city", "bounding_box": {"type": "Polygon", "coordinates": [[[-74.17127, 40.934507], [-74.141067, 40.934507], [-74.141067, 40.983453], [-74.17127, 40.983453]]]}, "contained_within": [], "country_code": "US", "attributes": {}, "id": "a40c7aae22398af1", "name": "Hawthorne"}, "id": 703415984430911488, "id_str": "703415984430911488"}