{"lang": "en", "in_reply_to_user_id": 39308549, "text": "@DailyCaller Obama has no class.", "created_at": "Tue Mar 08 22:06:47 +0000 2016", "hashtags": [], "user_mentions": [{"id_str": "39308549", "screen_name": "DailyCaller", "name": "The Daily Caller", "id": 39308549}], "source": "<a href=\"http://twitter.com/download/iphone\" rel=\"nofollow\">Twitter for iPhone</a>", "in_reply_to_status_id": 707300612862566400, "in_reply_to_screen_name": "DailyCaller", "user": {"profile_use_background_image": true, "id": 863469247, "profile_image_url_https": "https://abs.twimg.com/sticky/default_profile_images/default_profile_normal.png", "profile_sidebar_fill_color": "DDEEF6", "profile_text_color": "333333", "followers_count": 5, "id_str": "863469247", "default_profile_image": true, "listed_count": 1, "statuses_count": 71, "profile_background_color": "C0DEED", "friends_count": 134, "profile_link_color": "1DA1F2", "profile_image_url": "http://abs.twimg.com/sticky/default_profile_images/default_profile_normal.png", "profile_background_image_url_https": "https://abs.twimg.com/images/themes/theme1/bg.png", "profile_background_image_url": "http://abs.twimg.com/images/themes/theme1/bg.png", "name": "Robert Smith", "lang": "en", "favourites_count": 21, "screen_name": "rsmith64586", "created_at": "Fri Oct 05 18:19:58 +0000 2012", "profile_sidebar_border_color": "C0DEED", "default_profile": true}, "urls": [], "id": 707326727089836032, "id_str": "707326727089836032"}