{"lang": "en", "in_reply_to_user_id": 1618641848, "text": "@ChristieC733 @CarmineZozzora Were she a Muslim he would be there with bells on.", "created_at": "Tue Mar 08 21:24:16 +0000 2016", "hashtags": [], "user_mentions": [{"id_str": "1618641848", "screen_name": "ChristieC733", "name": "Christie", "id": 1618641848}, {"id_str": "2167674121", "screen_name": "CarmineZozzora", "name": "JointheNRA NOW! \ud83c\uddfa\ud83c\uddf8", "id": 2167674121}], "source": "<a href=\"http://twitter.com\" rel=\"nofollow\">Twitter Web Client</a>", "in_reply_to_status_id": 707305999971921920, "in_reply_to_screen_name": "ChristieC733", "user": {"profile_use_background_image": true, "id": 2601852176, "profile_image_url_https": "https://pbs.twimg.com/profile_images/700572594735460353/zrWvhK2u_normal.png", "profile_sidebar_fill_color": "C0DFEC", "profile_text_color": "333333", "followers_count": 604, "location": "Out West Somewhere", "profile_background_color": "022330", "id_str": "2601852176", "statuses_count": 42063, "description": "Cowboy First last and always. Father and grandfather. Love horses cows children, pow wows and my wife. Independent voter, Vietnam Vet.", "friends_count": 39, "profile_link_color": "0084B4", "profile_image_url": "http://pbs.twimg.com/profile_images/700572594735460353/zrWvhK2u_normal.png", "profile_background_image_url_https": "https://abs.twimg.com/images/themes/theme15/bg.png", "profile_banner_url": "https://pbs.twimg.com/profile_banners/2601852176/1464016103", "profile_background_image_url": "http://abs.twimg.com/images/themes/theme15/bg.png", "name": "SteveSnow", "lang": "en", "favourites_count": 25817, "screen_name": "slim2go1", "created_at": "Thu Jul 03 15:41:09 +0000 2014", "profile_sidebar_border_color": "A8C7F7", "listed_count": 70}, "urls": [], "id": 707316026329812993, "id_str": "707316026329812993"}