{"lang": "en", "in_reply_to_user_id": 282695161, "text": "@WayneDupreeShow BHO skips Nancy Reagan's funeral? What a jerk!\nhttps://t.co/ICmPDcABd9", "created_at": "Tue Mar 08 22:33:10 +0000 2016", "hashtags": [], "user_mentions": [{"id_str": "282695161", "screen_name": "WayneDupreeShow", "name": "\ud83c\udf99Wayne Dupree", "id": 282695161}], "source": "<a href=\"http://twitter.com\" rel=\"nofollow\">Twitter Web Client</a>", "in_reply_to_status_id": 707332312724283392, "in_reply_to_screen_name": "WayneDupreeShow", "user": {"profile_use_background_image": true, "id": 16072323, "profile_image_url_https": "https://pbs.twimg.com/profile_images/532589431354445824/uaqIvaxl_normal.jpeg", "profile_sidebar_fill_color": "DDEEF6", "geo_enabled": true, "profile_text_color": "333333", "followers_count": 382, "location": "Idaho", "profile_background_color": "C0DEED", "id_str": "16072323", "statuses_count": 6045, "description": "Deplorable Crusader Against Liberal Stupidity", "friends_count": 304, "profile_link_color": "1DA1F2", "profile_image_url": "http://pbs.twimg.com/profile_images/532589431354445824/uaqIvaxl_normal.jpeg", "profile_background_image_url_https": "https://abs.twimg.com/images/themes/theme1/bg.png", "profile_banner_url": "https://pbs.twimg.com/profile_banners/16072323/1513891337", "profile_background_image_url": "http://abs.twimg.com/images/themes/theme1/bg.png", "name": "SuperElite_cpep", "lang": "en", "favourites_count": 12564, "screen_name": "cpep", "created_at": "Sun Aug 31 23:16:55 +0000 2008", "profile_sidebar_border_color": "C0DEED", "default_profile": true, "listed_count": 13}, "urls": [{"url": "https://t.co/ICmPDcABd9", "expanded_url": "http://newsninja2012.com/?p=46571"}], "id": 707333363753836546, "favorite_count": 1, "id_str": "707333363753836546"}