{"lang": "en", "in_reply_to_user_id": 39308549, "text": "@DailyCaller @steve0423 what a dueschbag. Fuck OBAMA", "created_at": "Wed Mar 09 01:03:53 +0000 2016", "hashtags": [], "user_mentions": [{"id_str": "39308549", "screen_name": "DailyCaller", "name": "The Daily Caller", "id": 39308549}], "source": "<a href=\"http://twitter.com/download/android\" rel=\"nofollow\">Twitter for Android</a>", "in_reply_to_status_id": 707300612862566400, "in_reply_to_screen_name": "DailyCaller", "user": {"profile_use_background_image": true, "id": 2795458499, "profile_image_url_https": "https://pbs.twimg.com/profile_images/966441377969123328/pW_G0Tne_normal.jpg", "profile_sidebar_fill_color": "DDEEF6", "geo_enabled": true, "profile_text_color": "333333", "followers_count": 344, "location": "Heltonville IN ", "profile_background_color": "C0DEED", "id_str": "2795458499", "statuses_count": 2092, "description": "Go big blue! Reds fan and Yankees. Raider for life....Proud TRUMP supporter.", "friends_count": 367, "profile_link_color": "1DA1F2", "profile_image_url": "http://pbs.twimg.com/profile_images/966441377969123328/pW_G0Tne_normal.jpg", "profile_background_image_url_https": "https://abs.twimg.com/images/themes/theme1/bg.png", "profile_banner_url": "https://pbs.twimg.com/profile_banners/2795458499/1519252556", "profile_background_image_url": "http://abs.twimg.com/images/themes/theme1/bg.png", "name": "Ozzie TSI", "lang": "en", "favourites_count": 3635, "screen_name": "troyikerd22", "created_at": "Tue Sep 30 16:35:40 +0000 2014", "profile_sidebar_border_color": "C0DEED", "default_profile": true, "listed_count": 1}, "urls": [], "id": 707371295671857152, "id_str": "707371295671857152"}