{"lang": "en", "in_reply_to_user_id": 1917731, "text": "@thehill and she'd have done the same if he'd went", "created_at": "Wed Mar 09 03:49:30 +0000 2016", "hashtags": [], "user_mentions": [{"id_str": "1917731", "screen_name": "thehill", "name": "The Hill", "id": 1917731}], "source": "<a href=\"http://twitter.com\" rel=\"nofollow\">Twitter Web Client</a>", "in_reply_to_status_id": 707412869860696064, "in_reply_to_screen_name": "thehill", "user": {"profile_use_background_image": true, "id": 2579357802, "profile_image_url_https": "https://pbs.twimg.com/profile_images/695120419041468416/ip1RDHao_normal.jpg", "profile_sidebar_fill_color": "DDEEF6", "profile_text_color": "333333", "followers_count": 960, "id_str": "2579357802", "profile_background_color": "C0DEED", "listed_count": 46, "statuses_count": 63455, "description": "Adding me to lists gets you BLOCKED, a RT does not = endorsement of that view, I simply found \"whatever\" an interesting read or perspective.", "friends_count": 795, "profile_link_color": "1DA1F2", "profile_image_url": "http://pbs.twimg.com/profile_images/695120419041468416/ip1RDHao_normal.jpg", "profile_background_image_url_https": "https://abs.twimg.com/images/themes/theme1/bg.png", "profile_banner_url": "https://pbs.twimg.com/profile_banners/2579357802/1454892327", "profile_background_image_url": "http://abs.twimg.com/images/themes/theme1/bg.png", "name": "TheFloof", "lang": "en", "favourites_count": 80215, "screen_name": "omgwtfbrb1min", "created_at": "Fri Jun 20 22:51:58 +0000 2014", "profile_sidebar_border_color": "C0DEED", "default_profile": true}, "urls": [], "id": 707412974080626689, "favorite_count": 2, "id_str": "707412974080626689"}