{"lang": "en", "in_reply_to_user_id": 3810021916, "text": "@serious_account @WillMcAvoyACN @KeithKote all I see are two guys padding their egos with word salads. AKA bullshit.", "created_at": "Wed Mar 09 21:07:22 +0000 2016", "hashtags": [], "user_mentions": [{"id_str": "1032244883417780229", "screen_name": "serious_account", "name": "\u30da\u30d7\u30c1\u30c9\u30b0\u30ea\u9928", "id": 1032244883417780229}, {"id_str": "617825073", "screen_name": "WillMcAvoyACN", "name": "Will McAvoy", "id": 617825073}], "source": "<a href=\"http://twitter.com/download/iphone\" rel=\"nofollow\">Twitter for iPhone</a>", "in_reply_to_status_id": 707672361860878336, "in_reply_to_screen_name": "HumblePyscho", "user": {"profile_use_background_image": true, "id": 2769619552, "profile_image_url_https": "https://pbs.twimg.com/profile_images/1040018917014601729/DCinn8JQ_normal.jpg", "profile_sidebar_fill_color": "DDEEF6", "profile_text_color": "333333", "followers_count": 3270, "location": "US", "profile_background_color": "C0DEED", "id_str": "2769619552", "statuses_count": 67743, "description": "Whatever I Want To Be", "friends_count": 4162, "profile_link_color": "1DA1F2", "profile_image_url": "http://pbs.twimg.com/profile_images/1040018917014601729/DCinn8JQ_normal.jpg", "profile_background_image_url_https": "https://abs.twimg.com/images/themes/theme1/bg.png", "profile_banner_url": "https://pbs.twimg.com/profile_banners/2769619552/1499166788", "profile_background_image_url": "http://abs.twimg.com/images/themes/theme1/bg.png", "name": "JD", "lang": "en", "favourites_count": 90696, "screen_name": "jdf0325", "created_at": "Sun Sep 14 02:47:13 +0000 2014", "profile_sidebar_border_color": "C0DEED", "default_profile": true, "listed_count": 57}, "urls": [], "id": 707674162093928448, "id_str": "707674162093928448"}