{"lang": "pt", "in_reply_to_user_id": 4714915461, "text": "@PaisleyTigerCo KKKKKKKKKKKKKKKKKKKKKKKKKKKKKKKKKKKKKKKKKKKKKKK PARECE AQUELE @ VAI DIZER @Pow3rR4ng3r4zul", "created_at": "Wed Mar 16 01:26:36 +0000 2016", "hashtags": [], "user_mentions": [{"id_str": "4714915461", "screen_name": "PaisleyTigerCo", "name": "Paisley Tiger \ud83d\udc2f", "id": 4714915461}], "source": "<a href=\"http://twitter.com\" rel=\"nofollow\">Twitter Web Client</a>", "in_reply_to_status_id": 707786906189303808, "in_reply_to_screen_name": "PaisleyTigerCo", "user": {"profile_use_background_image": true, "id": 438506345, "profile_image_url_https": "https://pbs.twimg.com/profile_images/1027732513572249601/kbvn5I8K_normal.jpg", "profile_sidebar_fill_color": "000000", "geo_enabled": true, "profile_text_color": "000000", "followers_count": 476, "id_str": "438506345", "profile_background_color": "131516", "statuses_count": 22922, "description": "SKRRT SKKRRT \n\ud83d\udc7b luiz_carl0sjr", "friends_count": 310, "profile_link_color": "981CEB", "profile_image_url": "http://pbs.twimg.com/profile_images/1027732513572249601/kbvn5I8K_normal.jpg", "profile_background_image_url_https": "https://abs.twimg.com/images/themes/theme1/bg.png", "profile_banner_url": "https://pbs.twimg.com/profile_banners/438506345/1532205990", "profile_background_image_url": "http://abs.twimg.com/images/themes/theme1/bg.png", "name": "Junior", "lang": "pt", "profile_background_tile": true, "favourites_count": 8278, "screen_name": "LuizaoMilGrau", "url": "https://t.co/YofNTnXqVx", "created_at": "Fri Dec 16 17:29:48 +0000 2011", "profile_sidebar_border_color": "000000"}, "urls": [], "id": 709913725382369281, "favorite_count": 2, "id_str": "709913725382369281"}