{"lang": "en", "in_reply_to_user_id": 19063323, "text": "@NME Keith Richards hasn't commented, but then I don't suppose he remembers the 80s.", "created_at": "Mon Mar 21 19:45:08 +0000 2016", "hashtags": [], "user_mentions": [{"id_str": "19063323", "screen_name": "NME", "name": "NME", "id": 19063323}], "source": "<a href=\"http://twitter.com/download/android\" rel=\"nofollow\">Twitter for Android</a>", "in_reply_to_status_id": 711994705333112832, "in_reply_to_screen_name": "NME", "user": {"profile_use_background_image": true, "id": 21241317, "profile_image_url_https": "https://pbs.twimg.com/profile_images/1511923874/IMG_0565_normal.JPG", "profile_sidebar_fill_color": "99CC33", "geo_enabled": true, "profile_text_color": "3E4415", "followers_count": 188, "location": "London", "profile_background_color": "352726", "id_str": "21241317", "statuses_count": 9040, "description": "Comments on life as it passes him by.  Day job: Healthcare IT.", "friends_count": 959, "profile_link_color": "D02B55", "profile_image_url": "http://pbs.twimg.com/profile_images/1511923874/IMG_0565_normal.JPG", "profile_background_image_url_https": "https://abs.twimg.com/images/themes/theme5/bg.gif", "profile_banner_url": "https://pbs.twimg.com/profile_banners/21241317/1434059807", "profile_background_image_url": "http://abs.twimg.com/images/themes/theme5/bg.gif", "name": "David Bowen", "lang": "en", "favourites_count": 339, "screen_name": "dwbowen", "created_at": "Wed Feb 18 21:12:12 +0000 2009", "profile_sidebar_border_color": "829D5E", "listed_count": 16}, "urls": [], "id": 712002120438964225, "id_str": "712002120438964225"}