{"lang": "nl", "in_reply_to_user_id": 19310250, "text": "@johnfund @xojanedotcom @RichLowry \"Top Strategist\"?", "created_at": "Mon Mar 28 19:49:56 +0000 2016", "hashtags": [], "user_mentions": [{"id_str": "19310250", "screen_name": "johnfund", "name": "John Fund", "id": 19310250}, {"id_str": "292432955", "screen_name": "xojanedotcom", "name": "xoJane.com", "id": 292432955}, {"id_str": "40116885", "screen_name": "RichLowry", "name": "Rich Lowry", "id": 40116885}], "source": "<a href=\"https://about.twitter.com/products/tweetdeck\" rel=\"nofollow\">TweetDeck</a>", "in_reply_to_status_id": 714503380476026880, "in_reply_to_screen_name": "johnfund", "user": {"profile_use_background_image": true, "id": 30534986, "profile_image_url_https": "https://pbs.twimg.com/profile_images/464483293/facebook_photo1_normal.jpg", "profile_sidebar_fill_color": "DDEEF6", "profile_text_color": "333333", "followers_count": 38569, "id_str": "30534986", "profile_background_color": "C0DEED", "listed_count": 1154, "statuses_count": 44965, "description": "The End of Equality [1992, Basic Books] The venerable liberal crusade for income equality is doomed. ... Time [to] try a different strategy.", "friends_count": 6514, "profile_link_color": "0084B4", "profile_image_url": "http://pbs.twimg.com/profile_images/464483293/facebook_photo1_normal.jpg", "profile_background_image_url_https": "https://abs.twimg.com/images/themes/theme1/bg.png", "profile_banner_url": "https://pbs.twimg.com/profile_banners/30534986/1424681302", "profile_background_image_url": "http://abs.twimg.com/images/themes/theme1/bg.png", "name": "Mickey Kaus", "lang": "en", "favourites_count": 1963, "screen_name": "kausmickey", "url": "http://t.co/2nvkI3Yirt", "created_at": "Sat Apr 11 22:00:09 +0000 2009", "profile_sidebar_border_color": "C0DEED"}, "urls": [], "id": 714540041452654592, "favorite_count": 1, "id_str": "714540041452654592"}