{"lang": "en", "in_reply_to_user_id": 14749383, "text": "@pennjillette @SCegielskiPR it's real. I commissioned piece. PS hi! From the tall blonde chick you met at @nypost years ago for photo shoot.", "created_at": "Mon Mar 28 21:19:16 +0000 2016", "hashtags": [], "user_mentions": [{"id_str": "14749383", "screen_name": "pennjillette", "name": "Penn Jillette", "id": 14749383}, {"id_str": "606274544", "screen_name": "SCegielskiPR", "name": "Stephanie Cegielski", "id": 606274544}, {"id_str": "17469289", "screen_name": "nypost", "name": "New York Post", "id": 17469289}], "source": "<a href=\"http://twitter.com/download/iphone\" rel=\"nofollow\">Twitter for iPhone</a>", "in_reply_to_status_id": 714560810266132480, "in_reply_to_screen_name": "pennjillette", "user": {"profile_use_background_image": true, "id": 27087844, "verified": true, "profile_image_url_https": "https://pbs.twimg.com/profile_images/764891042818785282/T0UOsTQO_normal.jpg", "profile_sidebar_fill_color": "DDFFCC", "profile_text_color": "333333", "followers_count": 90451, "location": "New York", "profile_background_color": "0A0101", "id_str": "27087844", "statuses_count": 23921, "description": "I wrote a memoir called UNWIFEABLE. Candace Bushnell calls it 'hilarious.' This book is my Mr. Big. Buy: https://t.co/rYQCTYxl8l mandystadt at gmail dot com", "friends_count": 8387, "profile_link_color": "DD2E44", "profile_image_url": "http://pbs.twimg.com/profile_images/764891042818785282/T0UOsTQO_normal.jpg", "profile_background_image_url_https": "https://abs.twimg.com/images/themes/theme1/bg.png", "profile_banner_url": "https://pbs.twimg.com/profile_banners/27087844/1533742498", "profile_background_image_url": "http://abs.twimg.com/images/themes/theme1/bg.png", "name": "Mandy Stadtmiller", "lang": "en", "profile_background_tile": true, "favourites_count": 36084, "screen_name": "mandystadt", "url": "https://t.co/rYQCTYxl8l", "created_at": "Fri Mar 27 20:21:08 +0000 2009", "profile_sidebar_border_color": "FFFFFF", "listed_count": 1988}, "urls": [], "id": 714562524130181121, "favorite_count": 5, "id_str": "714562524130181121"}