{"lang": "en", "in_reply_to_user_id": 755113, "text": "@ShaunKing @Jeannine_C_ @BernieSanders @ninaturner @Bernlennials @LucyFlores @People4Bernie game changed!", "created_at": "Sun Apr 03 02:28:39 +0000 2016", "hashtags": [], "user_mentions": [{"id_str": "755113", "screen_name": "shaunking", "name": "Shaun King", "id": 755113}, {"id_str": "34349031", "screen_name": "Jeannine_C_", "name": "Jeannine Comeau", "id": 34349031}, {"id_str": "216776631", "screen_name": "BernieSanders", "name": "Bernie Sanders", "id": 216776631}, {"id_str": "188793260", "screen_name": "ninaturner", "name": "Nina Turner", "id": 188793260}, {"id_str": "3337804853", "screen_name": "Bernlennials", "name": "Millennials for Revolution \ud83c\udf39", "id": 3337804853}, {"id_str": "17929529", "screen_name": "LucyFlores", "name": "Lucy Flores", "id": 17929529}, {"id_str": "3141672447", "screen_name": "People4Bernie", "name": "People For Bernie", "id": 3141672447}], "source": "<a href=\"http://twitter.com\" rel=\"nofollow\">Twitter Web Client</a>", "in_reply_to_status_id": 716451800581279744, "in_reply_to_screen_name": "shaunking", "user": {"id": 3430882365, "verified": true, "profile_image_url_https": "https://pbs.twimg.com/profile_images/1025778850268164098/gv2F5Xyx_normal.jpg", "profile_sidebar_fill_color": "000000", "geo_enabled": true, "profile_text_color": "000000", "followers_count": 19440, "location": "The Temple Of Babylon", "profile_background_color": "000000", "id_str": "3430882365", "statuses_count": 33786, "description": "occupying @berniesanders. organizing people @pplsummit. sr. advising @womensmarch @beaheroteam. roll with @cpdaction. founder of @peopleforbernie.\ud83d\udc2f", "friends_count": 662, "profile_link_color": "3B94D9", "profile_image_url": "http://pbs.twimg.com/profile_images/1025778850268164098/gv2F5Xyx_normal.jpg", "profile_background_image_url_https": "https://abs.twimg.com/images/themes/theme1/bg.png", "profile_banner_url": "https://pbs.twimg.com/profile_banners/3430882365/1515479293", "profile_background_image_url": "http://abs.twimg.com/images/themes/theme1/bg.png", "name": "Winifred", "lang": "en", "favourites_count": 22768, "screen_name": "WaywardWinifred", "url": "https://t.co/aaf1sVqbel", "created_at": "Wed Aug 19 03:49:25 +0000 2015", "profile_sidebar_border_color": "000000", "listed_count": 341}, "urls": [], "retweet_count": 6, "id": 716452321522294785, "favorite_count": 36, "id_str": "716452321522294785"}