{"lang": "en", "in_reply_to_user_id": 252221052, "text": "@marilocosta @ShaunKing no. We're proud of beating Hillary's cheating and lies.", "created_at": "Sun Apr 03 02:52:47 +0000 2016", "hashtags": [], "user_mentions": [{"id_str": "252221052", "screen_name": "marilocosta", "name": "Maril\u00f3 Costa", "id": 252221052}, {"id_str": "755113", "screen_name": "shaunking", "name": "Shaun King", "id": 755113}], "source": "<a href=\"http://twitter.com/download/android\" rel=\"nofollow\">Twitter for Android</a>", "in_reply_to_status_id": 716454424462266369, "in_reply_to_screen_name": "marilocosta", "user": {"profile_use_background_image": true, "id": 119968145, "profile_image_url_https": "https://pbs.twimg.com/profile_images/459604769896534017/vgQj3dqO_normal.png", "profile_sidebar_fill_color": "DDEEF6", "geo_enabled": true, "profile_text_color": "333333", "followers_count": 371, "location": "Avondale Estates, GA", "profile_background_color": "C0DEED", "id_str": "119968145", "statuses_count": 7422, "description": "I'm 37 years old and a novelist that writes YA Fantasy.\n\nAuthor of the Elysian Chronicles series.", "friends_count": 718, "profile_link_color": "1DA1F2", "profile_image_url": "http://pbs.twimg.com/profile_images/459604769896534017/vgQj3dqO_normal.png", "profile_background_image_url_https": "https://abs.twimg.com/images/themes/theme1/bg.png", "profile_background_image_url": "http://abs.twimg.com/images/themes/theme1/bg.png", "name": "Henry Walsh", "lang": "en", "favourites_count": 3922, "screen_name": "ProfHWalsh", "url": "https://t.co/PLmqXMkgSZ", "created_at": "Fri Mar 05 02:50:25 +0000 2010", "profile_sidebar_border_color": "C0DEED", "default_profile": true, "listed_count": 11}, "urls": [], "retweet_count": 7, "id": 716458398368313344, "favorite_count": 28, "id_str": "716458398368313344"}