{"lang": "en", "in_reply_to_user_id": 755113, "text": "@ShaunKing You'd be losing your mind power writing an article right now if this had happened with Hillary. Just saying.", "created_at": "Sun Apr 03 04:35:05 +0000 2016", "hashtags": [], "user_mentions": [{"id_str": "755113", "screen_name": "shaunking", "name": "Shaun King", "id": 755113}], "source": "<a href=\"http://twitter.com/#!/download/ipad\" rel=\"nofollow\">Twitter for iPad</a>", "in_reply_to_status_id": 716451800581279744, "in_reply_to_screen_name": "shaunking", "user": {"profile_use_background_image": true, "id": 14622694, "profile_image_url_https": "https://pbs.twimg.com/profile_images/940701824671256577/C04C5XKZ_normal.jpg", "profile_sidebar_fill_color": "F6F6F6", "profile_text_color": "333333", "followers_count": 416, "location": "Memphis, TN", "profile_background_color": "131516", "id_str": "14622694", "statuses_count": 31841, "description": "Perfect attendance award three semesters in a row. \"In times of crisis, the wise build bridges, while the foolish build barriers.\u201d - T\u2019Challa", "friends_count": 165, "profile_link_color": "1B95E0", "profile_image_url": "http://pbs.twimg.com/profile_images/940701824671256577/C04C5XKZ_normal.jpg", "profile_background_image_url_https": "https://abs.twimg.com/images/themes/theme18/bg.gif", "profile_banner_url": "https://pbs.twimg.com/profile_banners/14622694/1536643760", "profile_background_image_url": "http://abs.twimg.com/images/themes/theme18/bg.gif", "name": "Tony RandAAAAAHHH!zzo", "lang": "en", "profile_background_tile": true, "favourites_count": 6089, "screen_name": "LtRandazzo", "url": "https://t.co/qFqa7m74il", "created_at": "Fri May 02 04:33:53 +0000 2008", "profile_sidebar_border_color": "FFFFFF", "listed_count": 15}, "urls": [], "id": 716484141106208772, "id_str": "716484141106208772"}