{"lang": "en", "in_reply_to_user_id": 4008035476, "text": "@davidharbison4 on tweeter. What ever next lol !", "created_at": "Mon Apr 11 14:13:57 +0000 2016", "hashtags": [], "user_mentions": [{"id_str": "4008035476", "screen_name": "davidharbison4", "name": "David harbison", "id": 4008035476}], "source": "<a href=\"http://twitter.com/download/iphone\" rel=\"nofollow\">Twitter for iPhone</a>", "in_reply_to_status_id": 693738848652759041, "in_reply_to_screen_name": "davidharbison4", "user": {"profile_use_background_image": true, "id": 1875691668, "profile_image_url_https": "https://pbs.twimg.com/profile_images/444009356724805632/X918h2WL_normal.jpeg", "profile_sidebar_fill_color": "DDEEF6", "geo_enabled": true, "profile_text_color": "333333", "followers_count": 49, "id_str": "1875691668", "profile_background_color": "C0DEED", "statuses_count": 79, "friends_count": 104, "profile_link_color": "1DA1F2", "profile_image_url": "http://pbs.twimg.com/profile_images/444009356724805632/X918h2WL_normal.jpeg", "profile_background_image_url_https": "https://abs.twimg.com/images/themes/theme1/bg.png", "profile_background_image_url": "http://abs.twimg.com/images/themes/theme1/bg.png", "name": "Sammy Harbison Hall", "lang": "en", "favourites_count": 445, "screen_name": "HarbisonSam", "created_at": "Tue Sep 17 14:32:42 +0000 2013", "profile_sidebar_border_color": "C0DEED", "default_profile": true}, "urls": [], "id": 719528919670648832, "id_str": "719528919670648832"}