{"lang": "en", "in_reply_to_user_id": 1367531, "text": "@FoxNews good I would boycott target for their high prices not to mention the potty bad choice", "created_at": "Sun Apr 24 22:29:24 +0000 2016", "hashtags": [], "user_mentions": [{"id_str": "1367531", "screen_name": "FoxNews", "name": "Fox News", "id": 1367531}], "source": "<a href=\"http://twitter.com/#!/download/ipad\" rel=\"nofollow\">Twitter for iPad</a>", "in_reply_to_status_id": 724348906096590849, "in_reply_to_screen_name": "FoxNews", "user": {"profile_use_background_image": true, "id": 374701749, "profile_image_url_https": "https://pbs.twimg.com/profile_images/1020351151038976001/ddu9vOGi_normal.jpg", "profile_sidebar_fill_color": "DDEEF6", "geo_enabled": true, "profile_text_color": "333333", "followers_count": 605, "location": "lakewood co", "profile_background_color": "C0DEED", "id_str": "374701749", "statuses_count": 37062, "description": "patriot, love my president,love America,love our military", "friends_count": 165, "profile_link_color": "1DA1F2", "profile_image_url": "http://pbs.twimg.com/profile_images/1020351151038976001/ddu9vOGi_normal.jpg", "profile_background_image_url_https": "https://abs.twimg.com/images/themes/theme1/bg.png", "profile_banner_url": "https://pbs.twimg.com/profile_banners/374701749/1532105221", "profile_background_image_url": "http://abs.twimg.com/images/themes/theme1/bg.png", "name": "julie", "lang": "en", "favourites_count": 31413, "screen_name": "juliecarveth", "created_at": "Fri Sep 16 19:43:39 +0000 2011", "profile_sidebar_border_color": "C0DEED", "default_profile": true, "listed_count": 21}, "urls": [], "place": {"full_name": "Lakewood, CO", "url": "https://api.twitter.com/1.1/geo/id/f7eb2fa2fea288b1.json", "country": "United States", "place_type": "city", "bounding_box": {"type": "Polygon", "coordinates": [[[-105.193475, 39.60973], [-105.053164, 39.60973], [-105.053164, 39.761974], [-105.193475, 39.761974]]]}, "contained_within": [], "country_code": "US", "attributes": {}, "id": "f7eb2fa2fea288b1", "name": "Lakewood"}, "id": 724364647663460352, "id_str": "724364647663460352"}