{"lang": "en", "in_reply_to_user_id": 457984599, "text": "@BreitbartNews Beyond threats, what about causing discomfort to almost everyone, to prevent it for a few? What about my rights, comfort?", "created_at": "Mon Apr 25 14:58:07 +0000 2016", "hashtags": [], "user_mentions": [{"id_str": "457984599", "screen_name": "BreitbartNews", "name": "Breitbart News", "id": 457984599}], "source": "<a href=\"http://twitter.com/download/iphone\" rel=\"nofollow\">Twitter for iPhone</a>", "in_reply_to_status_id": 724603564946010112, "in_reply_to_screen_name": "BreitbartNews", "user": {"profile_use_background_image": true, "id": 28055127, "profile_image_url_https": "https://pbs.twimg.com/profile_images/734086236613185536/H5uUyKfi_normal.jpg", "profile_sidebar_fill_color": "DDFFCC", "profile_text_color": "333333", "followers_count": 76, "location": "Texas", "profile_background_color": "9AE4E8", "id_str": "28055127", "statuses_count": 1798, "description": "Your one stop political and social pundit. Writer, commentary, expert analysis. Points of view new to you. Follow me.", "friends_count": 203, "profile_link_color": "0084B4", "profile_image_url": "http://pbs.twimg.com/profile_images/734086236613185536/H5uUyKfi_normal.jpg", "profile_background_image_url_https": "https://abs.twimg.com/images/themes/theme16/bg.gif", "profile_banner_url": "https://pbs.twimg.com/profile_banners/28055127/1463855229", "profile_background_image_url": "http://abs.twimg.com/images/themes/theme16/bg.gif", "name": "MaureenTweets", "lang": "en", "favourites_count": 742, "screen_name": "MaureenTweeting", "created_at": "Wed Apr 01 05:06:02 +0000 2009", "profile_sidebar_border_color": "BDDCAD", "listed_count": 5}, "urls": [], "retweet_count": 1, "id": 724613465797586944, "favorite_count": 2, "id_str": "724613465797586944"}