{"lang": "en", "in_reply_to_user_id": 457984599, "text": "@BreitbartNews @AnnCoulter @Morning_Joe @seanhannity @GovMikeHuckabee @radiotalkermike ..  I boycotted Target a long time ago!", "created_at": "Mon Apr 25 15:55:46 +0000 2016", "hashtags": [], "user_mentions": [{"id_str": "457984599", "screen_name": "BreitbartNews", "name": "Breitbart News", "id": 457984599}, {"id_str": "196168350", "screen_name": "AnnCoulter", "name": "Ann Coulter", "id": 196168350}, {"id_str": "254117355", "screen_name": "Morning_Joe", "name": "Morning Joe", "id": 254117355}, {"id_str": "41634520", "screen_name": "seanhannity", "name": "Sean Hannity", "id": 41634520}, {"id_str": "15416505", "screen_name": "GovMikeHuckabee", "name": "Gov. Mike Huckabee", "id": 15416505}, {"id_str": "18087749", "screen_name": "radiotalkermike", "name": "Mike Gallagher", "id": 18087749}], "source": "<a href=\"http://twitter.com/download/iphone\" rel=\"nofollow\">Twitter for iPhone</a>", "in_reply_to_status_id": 724603564946010112, "in_reply_to_screen_name": "BreitbartNews", "user": {"profile_use_background_image": true, "id": 104638881, "profile_image_url_https": "https://pbs.twimg.com/profile_images/971244424972980224/TO_KITm__normal.jpg", "profile_sidebar_fill_color": "DDEEF6", "profile_text_color": "333333", "followers_count": 32, "id_str": "104638881", "profile_background_color": "C0DEED", "listed_count": 1, "statuses_count": 2810, "description": "I told my mum I wanted to talk politics too!", "friends_count": 92, "profile_link_color": "1DA1F2", "profile_image_url": "http://pbs.twimg.com/profile_images/971244424972980224/TO_KITm__normal.jpg", "profile_background_image_url_https": "https://abs.twimg.com/images/themes/theme1/bg.png", "profile_banner_url": "https://pbs.twimg.com/profile_banners/104638881/1520657619", "profile_background_image_url": "http://abs.twimg.com/images/themes/theme1/bg.png", "name": "isabella4truth", "lang": "en", "favourites_count": 1672, "screen_name": "mscharle10", "created_at": "Wed Jan 13 23:15:55 +0000 2010", "profile_sidebar_border_color": "C0DEED", "default_profile": true}, "urls": [], "retweet_count": 1, "id": 724627975375716352, "favorite_count": 3, "id_str": "724627975375716352"}