{"lang": "en", "in_reply_to_user_id": 457984599, "text": "@NBA \u201c@BreitbartNews: Twenty-Five Stories Proving Target\u2019s Pro-Trans Bathroom Policy Is Dangerous https://t.co/riysj9pkNK\u201d", "created_at": "Mon Apr 25 14:20:22 +0000 2016", "hashtags": [], "user_mentions": [{"id_str": "19923144", "screen_name": "NBA", "name": "NBA", "id": 19923144}, {"id_str": "457984599", "screen_name": "BreitbartNews", "name": "Breitbart News", "id": 457984599}], "source": "<a href=\"http://twitter.com/download/iphone\" rel=\"nofollow\">Twitter for iPhone</a>", "in_reply_to_status_id": 724603564946010112, "in_reply_to_screen_name": "BreitbartNews", "user": {"profile_use_background_image": true, "id": 173278051, "profile_image_url_https": "https://pbs.twimg.com/profile_images/671346889703428096/mAlHftMC_normal.jpg", "profile_sidebar_fill_color": "DDEEF6", "profile_text_color": "333333", "followers_count": 316, "location": "North Carolina", "profile_background_color": "C0DEED", "id_str": "173278051", "statuses_count": 23450, "description": "Child of God, Husband, Father. Christian. Southern. Conservative. History Buff. UNCCharlotte '95 #USA #NC #Constitution #2A #GodBlessAmerica", "friends_count": 439, "profile_link_color": "1DA1F2", "profile_image_url": "http://pbs.twimg.com/profile_images/671346889703428096/mAlHftMC_normal.jpg", "profile_background_image_url_https": "https://abs.twimg.com/images/themes/theme1/bg.png", "profile_banner_url": "https://pbs.twimg.com/profile_banners/173278051/1448896959", "profile_background_image_url": "http://abs.twimg.com/images/themes/theme1/bg.png", "name": "Bryan Tomberlin", "lang": "en", "favourites_count": 6895, "screen_name": "NCDeere", "created_at": "Sun Aug 01 00:01:34 +0000 2010", "profile_sidebar_border_color": "C0DEED", "default_profile": true, "listed_count": 32}, "urls": [{"url": "https://t.co/riysj9pkNK", "expanded_url": "http://trib.al/ugBDwan"}], "id": 724603967217512448, "id_str": "724603967217512448"}