{"lang": "en", "in_reply_to_user_id": 15754281, "text": "@USATODAY looks like the transgenders got Target crapped on.", "created_at": "Mon Apr 25 21:01:24 +0000 2016", "hashtags": [], "user_mentions": [{"id_str": "15754281", "screen_name": "USATODAY", "name": "USA TODAY", "id": 15754281}], "source": "<a href=\"http://twitter.com/download/iphone\" rel=\"nofollow\">Twitter for iPhone</a>", "in_reply_to_status_id": 724703995147751424, "in_reply_to_screen_name": "USATODAY", "user": {"profile_use_background_image": true, "id": 3188668505, "profile_image_url_https": "https://pbs.twimg.com/profile_images/595717471644098562/KI3PLZdZ_normal.jpg", "profile_sidebar_fill_color": "DDEEF6", "profile_text_color": "333333", "followers_count": 651, "id_str": "3188668505", "profile_background_color": "C0DEED", "listed_count": 8, "statuses_count": 26571, "description": "I will follow you will you follow me.   Genesis", "friends_count": 841, "profile_link_color": "1DA1F2", "profile_image_url": "http://pbs.twimg.com/profile_images/595717471644098562/KI3PLZdZ_normal.jpg", "profile_background_image_url_https": "https://abs.twimg.com/images/themes/theme1/bg.png", "profile_banner_url": "https://pbs.twimg.com/profile_banners/3188668505/1429573439", "profile_background_image_url": "http://abs.twimg.com/images/themes/theme1/bg.png", "name": "GacWell", "lang": "en", "favourites_count": 2766, "screen_name": "glenn_carswell", "created_at": "Mon Apr 20 23:22:37 +0000 2015", "profile_sidebar_border_color": "C0DEED", "default_profile": true}, "urls": [], "id": 724704886999408641, "id_str": "724704886999408641"}