{"lang": "en", "in_reply_to_user_id": 26900055, "text": "@DrMartyFox @ProudInfidel33 once US stepped on slippery slope (equal rights), descent to degeneracy is unstoppable", "created_at": "Fri Apr 29 20:41:25 +0000 2016", "hashtags": [], "user_mentions": [{"id_str": "26900055", "screen_name": "DrMartyFox", "name": "Dr. Marty Fox", "id": 26900055}], "source": "<a href=\"http://twitter.com/download/android\" rel=\"nofollow\">Twitter for Android</a>", "in_reply_to_status_id": 725983128444129280, "in_reply_to_screen_name": "DrMartyFox", "user": {"profile_use_background_image": true, "id": 1696302200, "profile_image_url_https": "https://pbs.twimg.com/profile_images/1030154978067980293/y-JpGl1Y_normal.jpg", "profile_sidebar_fill_color": "DDEEF6", "geo_enabled": true, "profile_text_color": "333333", "followers_count": 1029, "location": "Virginia", "profile_background_color": "C0DEED", "id_str": "1696302200", "statuses_count": 10504, "description": "Fairness and common sense;\npro-Israel, 1John 5:12\nArtist, author", "friends_count": 1647, "profile_link_color": "1DA1F2", "profile_image_url": "http://pbs.twimg.com/profile_images/1030154978067980293/y-JpGl1Y_normal.jpg", "profile_background_image_url_https": "https://abs.twimg.com/images/themes/theme1/bg.png", "profile_banner_url": "https://pbs.twimg.com/profile_banners/1696302200/1433608967", "profile_background_image_url": "http://abs.twimg.com/images/themes/theme1/bg.png", "name": "Grant Spencer", "lang": "en", "favourites_count": 478, "screen_name": "oprzhm", "created_at": "Sat Aug 24 11:56:07 +0000 2013", "profile_sidebar_border_color": "C0DEED", "default_profile": true, "listed_count": 24}, "urls": [], "id": 726149413278732290, "favorite_count": 1, "id_str": "726149413278732290"}