{"lang": "und", "in_reply_to_user_id": 457984599, "text": "@BreitbartNews https://t.co/CZALylERqP", "created_at": "Fri Apr 29 20:34:26 +0000 2016", "hashtags": [], "user_mentions": [{"id_str": "457984599", "screen_name": "BreitbartNews", "name": "Breitbart News", "id": 457984599}], "source": "<a href=\"http://twitter.com/download/iphone\" rel=\"nofollow\">Twitter for iPhone</a>", "in_reply_to_status_id": 726043971911213057, "in_reply_to_screen_name": "BreitbartNews", "user": {"lang": "en", "default_profile": true, "statuses_count": 459, "screen_name": "Uskrog", "friends_count": 27, "profile_use_background_image": true, "profile_link_color": "1DA1F2", "created_at": "Thu Sep 15 02:27:06 +0000 2011", "profile_sidebar_fill_color": "DDEEF6", "profile_image_url": "http://pbs.twimg.com/profile_images/793989723417022464/1GVDfaOf_normal.jpg", "profile_image_url_https": "https://pbs.twimg.com/profile_images/793989723417022464/1GVDfaOf_normal.jpg", "profile_text_color": "333333", "followers_count": 24, "profile_sidebar_border_color": "C0DEED", "id_str": "373709663", "profile_background_color": "C0DEED", "favourites_count": 102, "profile_background_image_url_https": "https://abs.twimg.com/images/themes/theme1/bg.png", "id": 373709663, "profile_background_image_url": "http://abs.twimg.com/images/themes/theme1/bg.png", "name": "kroger"}, "urls": [], "media": [{"expanded_url": "https://twitter.com/Uskrog/status/726147653533212673/photo/1", "display_url": "pic.twitter.com/CZALylERqP", "url": "https://t.co/CZALylERqP", "media_url_https": "https://pbs.twimg.com/media/ChPLcI_U4AAQ22Z.jpg", "sizes": {"large": {"h": 878, "resize": "fit", "w": 747}, "small": {"h": 680, "resize": "fit", "w": 579}, "medium": {"h": 878, "resize": "fit", "w": 747}, "thumb": {"h": 150, "resize": "crop", "w": 150}}, "type": "photo", "id": 726147649246650368, "media_url": "http://pbs.twimg.com/media/ChPLcI_U4AAQ22Z.jpg"}], "id": 726147653533212673, "id_str": "726147653533212673"}