{"lang": "en", "text": "Target Boycott Crosses 1 Million Signers, Stock Sinks by $1.5 Billion https://t.co/TRfEZxNAYx", "created_at": "Fri Apr 29 23:22:46 +0000 2016", "hashtags": [], "user_mentions": [], "source": "<a href=\"http://www.socialflow.com\" rel=\"nofollow\">SocialFlow</a>", "user": {"profile_use_background_image": true, "id": 457984599, "verified": true, "profile_image_url_https": "https://pbs.twimg.com/profile_images/949270171755077632/dw3M-58z_normal.jpg", "profile_sidebar_fill_color": "DDEEF6", "profile_text_color": "333333", "followers_count": 994684, "id_str": "457984599", "profile_background_color": "0C0D0D", "listed_count": 8454, "statuses_count": 97162, "description": "News, commentary, and destruction of the political/media establishment.", "friends_count": 101, "profile_link_color": "FF5402", "profile_image_url": "http://pbs.twimg.com/profile_images/949270171755077632/dw3M-58z_normal.jpg", "profile_background_image_url_https": "https://abs.twimg.com/images/themes/theme1/bg.png", "profile_banner_url": "https://pbs.twimg.com/profile_banners/457984599/1359997459", "profile_background_image_url": "http://abs.twimg.com/images/themes/theme1/bg.png", "name": "Breitbart News", "lang": "en", "profile_background_tile": true, "favourites_count": 960, "screen_name": "BreitbartNews", "url": "http://t.co/2sVbt3n6lO", "created_at": "Sun Jan 08 01:50:52 +0000 2012", "profile_sidebar_border_color": "FFFFFF"}, "urls": [{"url": "https://t.co/TRfEZxNAYx", "expanded_url": "http://trib.al/O1snoFW"}], "retweet_count": 235, "id": 726190016435728385, "favorite_count": 230, "id_str": "726190016435728385"}