{"lang": "de", "in_reply_to_user_id": 14511951, "text": "@HuffingtonPost @Caitlyn_Jenner vomit", "created_at": "Wed May 04 21:07:16 +0000 2016", "hashtags": [], "user_mentions": [{"id_str": "854402779879804928", "screen_name": "HuffingtonPost", "name": "HuffPost", "id": 854402779879804928}, {"id_str": "3303293865", "screen_name": "Caitlyn_Jenner", "name": "Caitlyn Jenner", "id": 3303293865}], "source": "<a href=\"http://twitter.com/download/iphone\" rel=\"nofollow\">Twitter for iPhone</a>", "in_reply_to_status_id": 727966590084485120, "in_reply_to_screen_name": "HuffPost", "user": {"profile_use_background_image": true, "id": 31313253, "profile_image_url_https": "https://pbs.twimg.com/profile_images/965400411871039488/IrWZB03u_normal.jpg", "profile_sidebar_fill_color": "252429", "geo_enabled": true, "profile_text_color": "666666", "followers_count": 185, "location": "McKinney,TX", "profile_background_color": "03081C", "id_str": "31313253", "statuses_count": 5354, "description": "Sports watcher and opinionated about it. Veteran and LEO. Bears, A's, Lakers, Liverpool and Sports in general.", "friends_count": 748, "profile_link_color": "2FC2EF", "profile_image_url": "http://pbs.twimg.com/profile_images/965400411871039488/IrWZB03u_normal.jpg", "profile_background_image_url_https": "https://abs.twimg.com/images/themes/theme1/bg.png", "profile_banner_url": "https://pbs.twimg.com/profile_banners/31313253/1512094254", "profile_background_image_url": "http://abs.twimg.com/images/themes/theme1/bg.png", "name": "RichTheSportsFan", "lang": "en", "profile_background_tile": true, "favourites_count": 2737, "screen_name": "r_dallatorre", "created_at": "Wed Apr 15 02:35:55 +0000 2009", "profile_sidebar_border_color": "FFFFFF", "listed_count": 2}, "urls": [], "id": 727967854998343680, "id_str": "727967854998343680"}