{"lang": "en", "in_reply_to_user_id": 707363567415205889, "text": "@Ryumoau_Juno @scrowder @Target\nAMERICA, there r more of us than there r of them. We don't have 2 settle 4 this sick  perversion. #StandUp", "created_at": "Wed May 04 22:19:13 +0000 2016", "hashtags": [{"text": "StandUp"}], "user_mentions": [{"id_str": "707363567415205889", "screen_name": "Ryumoau_Juno", "name": "Ryumoau", "id": 707363567415205889}, {"id_str": "19091173", "screen_name": "scrowder", "name": "Steven Crowder", "id": 19091173}, {"id_str": "89084561", "screen_name": "Target", "name": "Target", "id": 89084561}], "source": "<a href=\"http://twitter.com/download/android\" rel=\"nofollow\">Twitter for Android</a>", "in_reply_to_status_id": 727982485112561664, "in_reply_to_screen_name": "Ryumoau_Juno", "user": {"id": 3589878313, "profile_image_url_https": "https://pbs.twimg.com/profile_images/973037387642109952/NuS-sjdh_normal.jpg", "profile_sidebar_fill_color": "000000", "geo_enabled": true, "profile_text_color": "000000", "followers_count": 8282, "location": "*FL Panhandle*", "profile_background_color": "000000", "id_str": "3589878313", "statuses_count": 80135, "description": "Happily married,\nCCOT,\nMAGA,\nAUDIT PP, Clinton foundation & Congress.\nWHO IS BRIBING WHO??\n#LockThemAllUp, POLITICS ONLY, NO DM, I block bluewave/resist morons", "friends_count": 7847, "profile_link_color": "94D487", "profile_image_url": "http://pbs.twimg.com/profile_images/973037387642109952/NuS-sjdh_normal.jpg", "profile_background_image_url_https": "https://abs.twimg.com/images/themes/theme1/bg.png", "profile_banner_url": "https://pbs.twimg.com/profile_banners/3589878313/1533143477", "profile_background_image_url": "http://abs.twimg.com/images/themes/theme1/bg.png", "name": "PoliticallyIncorrect", "lang": "en", "favourites_count": 2442, "screen_name": "Politicallyin18", "created_at": "Thu Sep 17 03:54:13 +0000 2015", "profile_sidebar_border_color": "000000", "listed_count": 60}, "urls": [], "place": {"full_name": "Florida, USA", "url": "https://api.twitter.com/1.1/geo/id/4ec01c9dbc693497.json", "country": "United States", "place_type": "admin", "bounding_box": {"type": "Polygon", "coordinates": [[[-87.634643, 24.396308], [-79.974307, 24.396308], [-79.974307, 31.001056], [-87.634643, 31.001056]]]}, "contained_within": [], "country_code": "US", "attributes": {}, "id": "4ec01c9dbc693497", "name": "Florida"}, "id": 727985964128165888, "favorite_count": 3, "id_str": "727985964128165888"}