{"lang": "en", "in_reply_to_user_id": 19091173, "text": "So what's Walmarts excuse. @scrowder @Target https://t.co/H448cgggS5", "created_at": "Thu May 05 17:56:18 +0000 2016", "hashtags": [], "user_mentions": [{"id_str": "19091173", "screen_name": "scrowder", "name": "Steven Crowder", "id": 19091173}, {"id_str": "89084561", "screen_name": "Target", "name": "Target", "id": 89084561}], "source": "<a href=\"http://twitter.com/#!/download/ipad\" rel=\"nofollow\">Twitter for iPad</a>", "in_reply_to_status_id": 727982226290442240, "in_reply_to_screen_name": "scrowder", "user": {"profile_use_background_image": true, "id": 2564631644, "profile_image_url_https": "https://pbs.twimg.com/profile_images/836496298123505664/jAG-TehT_normal.jpg", "profile_sidebar_fill_color": "000000", "geo_enabled": true, "profile_text_color": "000000", "followers_count": 785, "location": "Iowa", "profile_background_color": "C6E2EE", "id_str": "2564631644", "statuses_count": 96122, "description": "part-time fact checker,full-time insulter - Reserves the right to softblock followers - Reddit: VforVanarchy", "friends_count": 261, "profile_link_color": "1F98C7", "profile_image_url": "http://pbs.twimg.com/profile_images/836496298123505664/jAG-TehT_normal.jpg", "profile_background_image_url_https": "https://abs.twimg.com/images/themes/theme2/bg.gif", "profile_banner_url": "https://pbs.twimg.com/profile_banners/2564631644/1506636464", "profile_background_image_url": "http://abs.twimg.com/images/themes/theme2/bg.gif", "name": "Tremendously Big & Wet", "lang": "en", "favourites_count": 80859, "screen_name": "SirGoldenrod", "created_at": "Fri Jun 13 04:45:24 +0000 2014", "profile_sidebar_border_color": "000000", "listed_count": 78}, "urls": [], "media": [{"expanded_url": "https://twitter.com/SirGoldenrod/status/728282186332307456/photo/1", "display_url": "pic.twitter.com/H448cgggS5", "url": "https://t.co/H448cgggS5", "media_url_https": "https://pbs.twimg.com/media/ChtgySLUgAE7urO.jpg", "sizes": {"small": {"h": 469, "resize": "fit", "w": 680}, "large": {"h": 887, "resize": "fit", "w": 1285}, "medium": {"h": 828, "resize": "fit", "w": 1200}, "thumb": {"h": 150, "resize": "crop", "w": 150}}, "type": "photo", "id": 728282181739511809, "media_url": "http://pbs.twimg.com/media/ChtgySLUgAE7urO.jpg"}], "id": 728282186332307456, "favorite_count": 4, "id_str": "728282186332307456"}