{"lang": "en", "in_reply_to_user_id": 30313925, "text": "@WhiteHouse @TheIranDeal @POTUS At what cost", "created_at": "Mon May 09 22:39:35 +0000 2016", "hashtags": [], "user_mentions": [{"id_str": "822215673812119553", "screen_name": "WhiteHouse", "name": "The White House", "id": 822215673812119553}, {"id_str": "3281853858", "screen_name": "TheIranDeal", "name": "The Iran Deal (NARA)", "id": 3281853858}, {"id_str": "822215679726100480", "screen_name": "POTUS", "name": "President Trump", "id": 822215679726100480}], "source": "<a href=\"http://twitter.com/download/iphone\" rel=\"nofollow\">Twitter for iPhone</a>", "in_reply_to_status_id": 688751183645782016, "in_reply_to_screen_name": "ObamaWhiteHouse", "user": {"profile_use_background_image": true, "id": 94927639, "profile_image_url_https": "https://pbs.twimg.com/profile_images/432394024603746304/QfbzeiSN_normal.jpeg", "profile_sidebar_fill_color": "DDEEF6", "geo_enabled": true, "profile_text_color": "333333", "followers_count": 1151, "location": "Australia", "profile_background_color": "C0DEED", "id_str": "94927639", "statuses_count": 42682, "description": "Environmentalist", "friends_count": 2685, "profile_link_color": "15613A", "profile_image_url": "http://pbs.twimg.com/profile_images/432394024603746304/QfbzeiSN_normal.jpeg", "profile_background_image_url_https": "https://abs.twimg.com/images/themes/theme1/bg.png", "profile_banner_url": "https://pbs.twimg.com/profile_banners/94927639/1398512844", "profile_background_image_url": "http://abs.twimg.com/images/themes/theme1/bg.png", "name": "Lyn Holdsworth OAM", "lang": "en", "favourites_count": 5581, "screen_name": "LHoldsworthOAM", "url": "http://t.co/eNntPg24AI", "created_at": "Sun Dec 06 03:45:40 +0000 2009", "profile_sidebar_border_color": "C0DEED", "listed_count": 33}, "urls": [], "id": 729803027461201920, "id_str": "729803027461201920"}