{"lang": "en", "in_reply_to_user_id": 82447359, "text": "@ScottBaio @HillaryClinton @realDonaldTrump Victoria dressed better &amp; was better looking! I'm sure she also was not under investigation!", "created_at": "Thu Jun 09 06:37:29 +0000 2016", "hashtags": [], "user_mentions": [{"id_str": "82447359", "screen_name": "ScottBaio", "name": "Scott Baio", "id": 82447359}, {"id_str": "1339835893", "screen_name": "HillaryClinton", "name": "Hillary Clinton", "id": 1339835893}, {"id_str": "25073877", "screen_name": "realDonaldTrump", "name": "Donald J. Trump", "id": 25073877}], "source": "<a href=\"http://twitter.com/download/android\" rel=\"nofollow\">Twitter for Android</a>", "in_reply_to_status_id": 740791134146965504, "in_reply_to_screen_name": "ScottBaio", "user": {"profile_use_background_image": true, "id": 1954765429, "profile_image_url_https": "https://pbs.twimg.com/profile_images/948953338753835010/HZiVDf2j_normal.jpg", "profile_sidebar_fill_color": "DDEEF6", "geo_enabled": true, "profile_text_color": "333333", "followers_count": 79, "id_str": "1954765429", "profile_background_color": "C0DEED", "statuses_count": 2578, "friends_count": 232, "profile_link_color": "1DA1F2", "profile_image_url": "http://pbs.twimg.com/profile_images/948953338753835010/HZiVDf2j_normal.jpg", "profile_background_image_url_https": "https://abs.twimg.com/images/themes/theme1/bg.png", "profile_background_image_url": "http://abs.twimg.com/images/themes/theme1/bg.png", "name": "Beth", "lang": "en", "favourites_count": 13886, "screen_name": "hickme62", "created_at": "Fri Oct 11 17:55:48 +0000 2013", "profile_sidebar_border_color": "C0DEED", "default_profile": true}, "urls": [], "retweet_count": 1, "id": 740794932710002688, "favorite_count": 2, "id_str": "740794932710002688"}