{"lang": "en", "in_reply_to_user_id": 497585347, "text": "@ajhlawless @andieiamwhoiam Paris has very strick gun laws. That didn't stop the Paris attacks. Gun laws are irrelevant.", "created_at": "Sun Jun 12 15:13:07 +0000 2016", "hashtags": [], "user_mentions": [{"id_str": "497585347", "screen_name": "ajhlawless", "name": "LawlessInSeattle", "id": 497585347}, {"id_str": "3092625141", "screen_name": "andieiamwhoiam", "name": "andieiam", "id": 3092625141}], "source": "<a href=\"http://twitter.com/download/android\" rel=\"nofollow\">Twitter for Android</a>", "in_reply_to_status_id": 741996756368510976, "in_reply_to_screen_name": "ajhlawless", "user": {"profile_use_background_image": true, "id": 2516595448, "profile_image_url_https": "https://pbs.twimg.com/profile_images/773475345269940228/NSELUqFC_normal.jpg", "profile_sidebar_fill_color": "DDEEF6", "profile_text_color": "333333", "followers_count": 3551, "id_str": "2516595448", "profile_background_color": "C0DEED", "listed_count": 62, "statuses_count": 25637, "description": "Conservative, lover of aviation, 2nd Amendment defender. Molon Labe. I support Military & #Trump 100%.", "friends_count": 3623, "profile_link_color": "1DA1F2", "profile_image_url": "http://pbs.twimg.com/profile_images/773475345269940228/NSELUqFC_normal.jpg", "profile_background_image_url_https": "https://abs.twimg.com/images/themes/theme1/bg.png", "profile_banner_url": "https://pbs.twimg.com/profile_banners/2516595448/1492179936", "profile_background_image_url": "http://abs.twimg.com/images/themes/theme1/bg.png", "name": "Brent", "lang": "en", "favourites_count": 26946, "screen_name": "gunmaster0702", "created_at": "Tue Apr 29 10:03:11 +0000 2014", "profile_sidebar_border_color": "C0DEED", "default_profile": true}, "urls": [], "id": 742011859755241472, "id_str": "742011859755241472"}