{"lang": "en", "in_reply_to_user_id": 16190478, "text": "@HouseCracka @FrenchForTrump and was ready to give his life for ISIS, despite his hate, which some might say was Allah's call to him", "created_at": "Sun Jun 12 18:21:19 +0000 2016", "hashtags": [], "user_mentions": [{"id_str": "16190478", "screen_name": "HouseCracka", "name": "L@@K SQUIRREL!!!!!!!", "id": 16190478}, {"id_str": "3410689588", "screen_name": "frenchfortrump", "name": "Jean Pierre \ud83c\uddfa\ud83c\uddf8", "id": 3410689588}], "source": "<a href=\"http://twitter.com\" rel=\"nofollow\">Twitter Web Client</a>", "in_reply_to_status_id": 742050150307246080, "in_reply_to_screen_name": "HouseCracka", "user": {"profile_use_background_image": true, "id": 3038448744, "profile_image_url_https": "https://pbs.twimg.com/profile_images/569971035944919040/u2mWleo__normal.jpeg", "profile_sidebar_fill_color": "000000", "profile_text_color": "000000", "followers_count": 1192, "id_str": "3038448744", "profile_background_color": "000000", "listed_count": 126, "statuses_count": 37019, "description": "Chairman of the Russian Council of Ministers, served as Prime Minister, and Minister of Internal Affairs from 1906 to 1911.", "friends_count": 4958, "profile_link_color": "DD2E44", "profile_image_url": "http://pbs.twimg.com/profile_images/569971035944919040/u2mWleo__normal.jpeg", "profile_background_image_url_https": "https://abs.twimg.com/images/themes/theme1/bg.png", "profile_banner_url": "https://pbs.twimg.com/profile_banners/3038448744/1425410083", "profile_background_image_url": "http://abs.twimg.com/images/themes/theme1/bg.png", "name": "Pyotr Stolypin", "lang": "en", "profile_background_tile": true, "favourites_count": 5683, "screen_name": "Pyotr__Stolypin", "url": "http://t.co/R1WDcI9pJq", "created_at": "Mon Feb 23 20:48:55 +0000 2015", "profile_sidebar_border_color": "000000"}, "urls": [], "id": 742059219466084353, "favorite_count": 1, "id_str": "742059219466084353"}