{"lang": "en", "in_reply_to_user_id": 759251, "text": "@cnn remember in biafra africa dies support #biaexit from lies called nigeria", "created_at": "Sat Jul 02 17:04:19 +0000 2016", "hashtags": [{"text": "biaexit"}], "user_mentions": [{"id_str": "759251", "screen_name": "CNN", "name": "CNN", "id": 759251}], "source": "<a href=\"https://mobile.twitter.com\" rel=\"nofollow\">Mobile Web (M2)</a>", "in_reply_to_status_id": 749286768554438658, "in_reply_to_screen_name": "CNN", "user": {"lang": "en-gb", "default_profile": true, "statuses_count": 158, "screen_name": "NCommas", "friends_count": 93, "profile_use_background_image": true, "profile_link_color": "1DA1F2", "created_at": "Fri May 27 23:02:05 +0000 2016", "profile_sidebar_fill_color": "DDEEF6", "profile_image_url": "http://abs.twimg.com/sticky/default_profile_images/default_profile_normal.png", "profile_image_url_https": "https://abs.twimg.com/sticky/default_profile_images/default_profile_normal.png", "listed_count": 1, "profile_text_color": "333333", "followers_count": 9, "profile_sidebar_border_color": "C0DEED", "id_str": "736331671700705282", "default_profile_image": true, "favourites_count": 24, "profile_background_color": "F5F8FA", "id": 736331671700705282, "name": "Nwankwo Cosmas"}, "urls": [], "id": 749287598879870976, "id_str": "749287598879870976"}