{"lang": "en", "in_reply_to_user_id": 3293118434, "text": "@Veteran4Trump @magnifier661 @FOX59 come on someone did this on purpose. Someone needs to be arrested", "created_at": "Tue Jul 19 22:49:38 +0000 2016", "hashtags": [], "user_mentions": [{"id_str": "3293118434", "screen_name": "Veteran4Trump", "name": "Veteran For Trump  #MAGAveteran", "id": 3293118434}, {"id_str": "809953603486154753", "screen_name": "magnifier661", "name": "Nicola Skinner", "id": 809953603486154753}, {"id_str": "16440677", "screen_name": "FOX59", "name": "FOX59 News", "id": 16440677}], "source": "<a href=\"http://twitter.com/download/android\" rel=\"nofollow\">Twitter for Android</a>", "in_reply_to_status_id": 755523157700648960, "in_reply_to_screen_name": "Veteran4Trump", "user": {"profile_use_background_image": true, "id": 157569158, "profile_image_url_https": "https://pbs.twimg.com/profile_images/1000750767530180609/9duU9p2Z_normal.jpg", "profile_sidebar_fill_color": "DDEEF6", "profile_text_color": "333333", "followers_count": 4282, "id_str": "157569158", "profile_background_color": "C0DEED", "listed_count": 8, "statuses_count": 24491, "description": "#MAGA #DrainTheSwamp #BuildTheWall\n#Catholic", "friends_count": 4930, "profile_link_color": "1DA1F2", "profile_image_url": "http://pbs.twimg.com/profile_images/1000750767530180609/9duU9p2Z_normal.jpg", "profile_background_image_url_https": "https://abs.twimg.com/images/themes/theme1/bg.png", "profile_banner_url": "https://pbs.twimg.com/profile_banners/157569158/1524436827", "profile_background_image_url": "http://abs.twimg.com/images/themes/theme1/bg.png", "name": "Lou", "lang": "en", "favourites_count": 22824, "screen_name": "time1068", "created_at": "Sun Jun 20 05:55:26 +0000 2010", "profile_sidebar_border_color": "C0DEED", "default_profile": true}, "urls": [], "id": 755535096367702016, "id_str": "755535096367702016"}