{"lang": "en", "in_reply_to_user_id": 3272284375, "text": "@santiagos58 @TheLastRefuge2 Incredibly evil Hoodrats", "created_at": "Wed Jul 20 00:40:56 +0000 2016", "hashtags": [], "user_mentions": [{"id_str": "3272284375", "screen_name": "santiagos58", "name": "Santiago", "id": 3272284375}, {"id_str": "594886554", "screen_name": "TheLastRefuge2", "name": "TheLastRefuge", "id": 594886554}], "source": "<a href=\"http://twitter.com/download/android\" rel=\"nofollow\">Twitter for Android</a>", "in_reply_to_status_id": 755475529294352385, "in_reply_to_screen_name": "santiagos58", "user": {"profile_use_background_image": true, "id": 3142081493, "profile_image_url_https": "https://pbs.twimg.com/profile_images/799055528223797248/HNaCAhXp_normal.jpg", "profile_sidebar_fill_color": "DDEEF6", "geo_enabled": true, "profile_text_color": "333333", "followers_count": 5967, "location": "Pennsylvania, USA", "profile_background_color": "C0DEED", "id_str": "3142081493", "statuses_count": 39615, "description": "#PhillyPAMAGA \n#PRESIDENTTRUMP \nsupport police veterans \nIsrael.\nrelated to William Clayton first judge of PA \nI want my country back", "friends_count": 1754, "profile_link_color": "1DA1F2", "profile_image_url": "http://pbs.twimg.com/profile_images/799055528223797248/HNaCAhXp_normal.jpg", "profile_background_image_url_https": "https://abs.twimg.com/images/themes/theme1/bg.png", "profile_banner_url": "https://pbs.twimg.com/profile_banners/3142081493/1483826424", "profile_background_image_url": "http://abs.twimg.com/images/themes/theme1/bg.png", "name": "#Deplorable Debra", "lang": "en", "favourites_count": 6307, "screen_name": "DebraAr49979596", "created_at": "Mon Apr 06 22:06:57 +0000 2015", "profile_sidebar_border_color": "C0DEED", "default_profile": true, "listed_count": 127}, "urls": [], "retweet_count": 2, "id": 755563106474954753, "favorite_count": 1, "id_str": "755563106474954753"}