{"lang": "en", "in_reply_to_user_id": 393190233, "text": "@LeahR77 @DrMartyFox WTF is going on in this pic?", "created_at": "Tue Jul 26 02:40:44 +0000 2016", "hashtags": [], "user_mentions": [{"id_str": "393190233", "screen_name": "LeahR77", "name": "\ud835\udcdb\ud835\udcee\ud835\udcea\ud835\udcf1 RED WAVE \u271d\ufe0f\ud83c\uddfa\ud83c\uddf8\ud83c\udf35\ud83c\udfb8", "id": 393190233}, {"id_str": "26900055", "screen_name": "DrMartyFox", "name": "Dr. Marty Fox", "id": 26900055}], "source": "<a href=\"http://twitter.com/download/android\" rel=\"nofollow\">Twitter for Android</a>", "in_reply_to_status_id": 757748522481491968, "in_reply_to_screen_name": "LeahR77", "user": {"profile_use_background_image": true, "id": 443096611, "profile_image_url_https": "https://pbs.twimg.com/profile_images/3454374965/2eb36925c8f08f49dfe4a1558ecf80cf_normal.jpeg", "profile_sidebar_fill_color": "DDEEF6", "profile_text_color": "333333", "followers_count": 157, "location": "CA", "profile_background_color": "C0DEED", "id_str": "443096611", "statuses_count": 3253, "description": "I have a Federal Firearms License for fun and sometimes money. Bellicose bloodthirstiness. I follow the #NewRules #KAG #balagan", "friends_count": 156, "profile_link_color": "1DA1F2", "profile_image_url": "http://pbs.twimg.com/profile_images/3454374965/2eb36925c8f08f49dfe4a1558ecf80cf_normal.jpeg", "profile_background_image_url_https": "https://abs.twimg.com/images/themes/theme1/bg.png", "profile_banner_url": "https://pbs.twimg.com/profile_banners/443096611/1351981027", "profile_background_image_url": "http://abs.twimg.com/images/themes/theme1/bg.png", "name": "TheHandgunGuy", "lang": "en", "favourites_count": 952, "screen_name": "TheHandgunGuy", "created_at": "Wed Dec 21 20:19:39 +0000 2011", "profile_sidebar_border_color": "C0DEED", "default_profile": true, "listed_count": 2}, "urls": [], "id": 757767582065659904, "id_str": "757767582065659904"}