{"lang": "en", "in_reply_to_user_id": 30313925, "text": "@WhiteHouse @POTUS how sweet now how about some real news in the mist CORUPT criminal administration in history", "created_at": "Fri Aug 05 00:23:17 +0000 2016", "hashtags": [], "user_mentions": [{"id_str": "822215673812119553", "screen_name": "WhiteHouse", "name": "The White House", "id": 822215673812119553}, {"id_str": "822215679726100480", "screen_name": "POTUS", "name": "President Trump", "id": 822215679726100480}], "source": "<a href=\"http://twitter.com/download/iphone\" rel=\"nofollow\">Twitter for iPhone</a>", "in_reply_to_status_id": 761355585724055553, "in_reply_to_screen_name": "ObamaWhiteHouse", "user": {"profile_use_background_image": true, "id": 4063914814, "description": "Father of 2  grandfather of 5 Viet Nam Era army vet proud Kentuckian and heart surgery survivor Sports Cincinnati Bengals Fan (not always a happy one)", "profile_image_url_https": "https://abs.twimg.com/sticky/default_profile_images/default_profile_normal.png", "profile_sidebar_fill_color": "DDEEF6", "geo_enabled": true, "profile_text_color": "333333", "followers_count": 175, "location": "Kentucky, USA", "default_profile_image": true, "id_str": "4063914814", "statuses_count": 17842, "profile_background_color": "C0DEED", "friends_count": 257, "profile_link_color": "1DA1F2", "profile_image_url": "http://abs.twimg.com/sticky/default_profile_images/default_profile_normal.png", "profile_background_image_url_https": "https://abs.twimg.com/images/themes/theme1/bg.png", "profile_background_image_url": "http://abs.twimg.com/images/themes/theme1/bg.png", "name": "Steve Wagner", "lang": "en", "favourites_count": 6093, "screen_name": "daddywags56", "created_at": "Wed Oct 28 23:14:27 +0000 2015", "profile_sidebar_border_color": "C0DEED", "default_profile": true, "listed_count": 11}, "urls": [], "id": 761356866937098244, "favorite_count": 2, "id_str": "761356866937098244"}