{"lang": "en", "in_reply_to_user_id": 30313925, "text": "@WhiteHouse you haven't seen a disaster until you get that dirty nasty bigot Trump in office", "created_at": "Fri Aug 12 20:20:28 +0000 2016", "hashtags": [], "user_mentions": [{"id_str": "822215673812119553", "screen_name": "WhiteHouse", "name": "The White House", "id": 822215673812119553}], "source": "<a href=\"http://twitter.com/download/android\" rel=\"nofollow\">Twitter for Android</a>", "in_reply_to_status_id": 764158239089029120, "in_reply_to_screen_name": "ObamaWhiteHouse", "user": {"profile_use_background_image": true, "id": 3382501305, "profile_image_url_https": "https://pbs.twimg.com/profile_images/766719318784704512/vRSJo7pH_normal.jpg", "profile_sidebar_fill_color": "DDEEF6", "profile_text_color": "333333", "followers_count": 24, "location": "Massachusetts, USA", "profile_background_color": "C0DEED", "id_str": "3382501305", "statuses_count": 33, "description": "I'm Jewel I'm a mother of six 3G&3B who is all adults now. God is good.I love my Lord&Savior JesusChrist. Now I'm waiting on the next chapter of my life.", "friends_count": 188, "profile_link_color": "1DA1F2", "profile_image_url": "http://pbs.twimg.com/profile_images/766719318784704512/vRSJo7pH_normal.jpg", "profile_background_image_url_https": "https://abs.twimg.com/images/themes/theme1/bg.png", "profile_banner_url": "https://pbs.twimg.com/profile_banners/3382501305/1471635103", "profile_background_image_url": "http://abs.twimg.com/images/themes/theme1/bg.png", "name": "Jewel Bethea", "lang": "en", "favourites_count": 13, "screen_name": "JewelBethea1", "created_at": "Sun Jul 19 02:33:26 +0000 2015", "profile_sidebar_border_color": "C0DEED", "default_profile": true}, "urls": [], "id": 764194865416634368, "id_str": "764194865416634368"}