{"lang": "und", "in_reply_to_user_id": 30313925, "text": "@WhiteHouse @POTUS https://t.co/edK5H43ISz", "created_at": "Sat Aug 13 15:02:48 +0000 2016", "hashtags": [], "user_mentions": [{"id_str": "822215673812119553", "screen_name": "WhiteHouse", "name": "The White House", "id": 822215673812119553}, {"id_str": "822215679726100480", "screen_name": "POTUS", "name": "President Trump", "id": 822215679726100480}], "source": "<a href=\"http://twitter.com/download/android\" rel=\"nofollow\">Twitter for Android</a>", "in_reply_to_status_id": 764473554431725568, "in_reply_to_screen_name": "ObamaWhiteHouse", "user": {"profile_use_background_image": true, "id": 726984437502763009, "profile_image_url_https": "https://pbs.twimg.com/profile_images/727019492623130624/G1rfS_Fd_normal.jpg", "profile_sidebar_fill_color": "DDEEF6", "profile_text_color": "333333", "followers_count": 62, "id_str": "726984437502763009", "profile_background_color": "F5F8FA", "location": "Mount Healthy, OH", "statuses_count": 1706, "description": "HELLO MY NAME IS HERO.", "friends_count": 683, "profile_link_color": "1DA1F2", "profile_image_url": "http://pbs.twimg.com/profile_images/727019492623130624/G1rfS_Fd_normal.jpg", "geo_enabled": true, "profile_banner_url": "https://pbs.twimg.com/profile_banners/726984437502763009/1462169928", "name": "DAVID cooper", "lang": "en", "favourites_count": 1, "screen_name": "DAVIDco87240747", "created_at": "Mon May 02 03:59:31 +0000 2016", "profile_sidebar_border_color": "C0DEED", "default_profile": true}, "urls": [], "media": [{"expanded_url": "https://twitter.com/DAVIDco87240747/status/764477308635869184/photo/1", "display_url": "pic.twitter.com/edK5H43ISz", "url": "https://t.co/edK5H43ISz", "media_url_https": "https://pbs.twimg.com/media/Cpv4AuuXYAEQvAa.jpg", "sizes": {"small": {"h": 383, "resize": "fit", "w": 680}, "large": {"h": 1152, "resize": "fit", "w": 2048}, "medium": {"h": 675, "resize": "fit", "w": 1200}, "thumb": {"h": 150, "resize": "crop", "w": 150}}, "type": "photo", "id": 764477253195620353, "media_url": "http://pbs.twimg.com/media/Cpv4AuuXYAEQvAa.jpg"}, {"expanded_url": "https://twitter.com/DAVIDco87240747/status/764477308635869184/photo/1", "display_url": "pic.twitter.com/edK5H43ISz", "url": "https://t.co/edK5H43ISz", "media_url_https": "https://pbs.twimg.com/media/Cpv4Bm8WYAA_LRJ.jpg", "sizes": {"small": {"h": 383, "resize": "fit", "w": 680}, "large": {"h": 1152, "resize": "fit", "w": 2048}, "medium": {"h": 675, "resize": "fit", "w": 1200}, "thumb": {"h": 150, "resize": "crop", "w": 150}}, "type": "photo", "id": 764477268286660608, "media_url": "http://pbs.twimg.com/media/Cpv4Bm8WYAA_LRJ.jpg"}, {"expanded_url": "https://twitter.com/DAVIDco87240747/status/764477308635869184/photo/1", "display_url": "pic.twitter.com/edK5H43ISz", "url": "https://t.co/edK5H43ISz", "media_url_https": "https://pbs.twimg.com/media/Cpv4Cu4WIAU_WwS.jpg", "sizes": {"small": {"h": 383, "resize": "fit", "w": 680}, "large": {"h": 1152, "resize": "fit", "w": 2048}, "medium": {"h": 675, "resize": "fit", "w": 1200}, "thumb": {"h": 150, "resize": "crop", "w": 150}}, "type": "photo", "id": 764477287597219845, "media_url": "http://pbs.twimg.com/media/Cpv4Cu4WIAU_WwS.jpg"}], "place": {"full_name": "Groesbeck, OH", "url": "https://api.twitter.com/1.1/geo/id/5e88ab9b08a852b7.json", "country": "United States", "place_type": "city", "bounding_box": {"type": "Polygon", "coordinates": [[[-84.6341303, 39.219074], [-84.4712871, 39.219074], [-84.4712871, 39.2801859], [-84.6341303, 39.2801859]]]}, "contained_within": [], "country_code": "US", "attributes": {}, "id": "5e88ab9b08a852b7", "name": "Groesbeck"}, "id": 764477308635869184, "id_str": "764477308635869184"}