{"lang": "en", "in_reply_to_user_id": 30313925, "text": "@WhiteHouse @POTUS too bad you couldn't balance the budget in 8 years. Thanks for increasing the debt from 10 to 20 trillion.", "created_at": "Sat Aug 13 21:28:31 +0000 2016", "hashtags": [], "user_mentions": [{"id_str": "822215673812119553", "screen_name": "WhiteHouse", "name": "The White House", "id": 822215673812119553}, {"id_str": "822215679726100480", "screen_name": "POTUS", "name": "President Trump", "id": 822215679726100480}], "source": "<a href=\"http://twitter.com/download/android\" rel=\"nofollow\">Twitter for Android</a>", "in_reply_to_status_id": 764573523713011713, "in_reply_to_screen_name": "ObamaWhiteHouse", "user": {"lang": "en", "default_profile": true, "id_str": "760650239560691712", "statuses_count": 1366, "screen_name": "Traitor_Hillary", "friends_count": 855, "profile_use_background_image": true, "profile_link_color": "1DA1F2", "created_at": "Wed Aug 03 01:35:24 +0000 2016", "profile_sidebar_fill_color": "DDEEF6", "profile_image_url": "http://pbs.twimg.com/profile_images/911682570315743232/SS52vqle_normal.jpg", "name": "Trump is my Prez", "profile_text_color": "333333", "followers_count": 569, "profile_sidebar_border_color": "C0DEED", "profile_image_url_https": "https://pbs.twimg.com/profile_images/911682570315743232/SS52vqle_normal.jpg", "profile_background_color": "F5F8FA", "favourites_count": 2460, "listed_count": 4, "id": 760650239560691712, "description": "The American people have spoken..."}, "urls": [], "id": 764574377107009536, "id_str": "764574377107009536"}