{"lang": "en", "in_reply_to_user_id": 30313925, "text": "@WhiteHouse @HouseGOP @SpeakerRyan \nToo bad. The GOP will repeal this immediately if they get control rather than promote green technology.", "created_at": "Sat Aug 13 22:11:44 +0000 2016", "hashtags": [], "user_mentions": [{"id_str": "822215673812119553", "screen_name": "WhiteHouse", "name": "The White House", "id": 822215673812119553}, {"id_str": "15207668", "screen_name": "HouseGOP", "name": "House Republicans", "id": 15207668}, {"id_str": "18916432", "screen_name": "SpeakerRyan", "name": "Paul Ryan", "id": 18916432}], "source": "<a href=\"http://twitter.com\" rel=\"nofollow\">Twitter Web Client</a>", "in_reply_to_status_id": 764573523713011713, "in_reply_to_screen_name": "ObamaWhiteHouse", "user": {"profile_use_background_image": true, "id": 2178187816, "profile_image_url_https": "https://pbs.twimg.com/profile_images/446712159004004352/72QRzDFh_normal.jpeg", "profile_sidebar_fill_color": "DDEEF6", "profile_text_color": "333333", "followers_count": 10, "id_str": "2178187816", "profile_background_color": "C0DEED", "listed_count": 5, "statuses_count": 3588, "friends_count": 14, "profile_link_color": "1DA1F2", "profile_image_url": "http://pbs.twimg.com/profile_images/446712159004004352/72QRzDFh_normal.jpeg", "profile_background_image_url_https": "https://abs.twimg.com/images/themes/theme1/bg.png", "profile_background_image_url": "http://abs.twimg.com/images/themes/theme1/bg.png", "name": "johnnie", "lang": "en", "favourites_count": 15, "screen_name": "GovByMnyforMny", "created_at": "Tue Nov 12 13:16:53 +0000 2013", "profile_sidebar_border_color": "C0DEED", "default_profile": true}, "urls": [], "id": 764585254589829120, "id_str": "764585254589829120"}