{"lang": "en", "in_reply_to_user_id": 3646911, "text": "@empiremagazine These guys could knock up a R2D2 look-alike in no time flat ... https://t.co/0Ub6nHyInj", "created_at": "Sat Aug 13 23:14:24 +0000 2016", "hashtags": [], "user_mentions": [{"id_str": "3646911", "screen_name": "empiremagazine", "name": "Empire Magazine", "id": 3646911}], "source": "<a href=\"http://twitter.com\" rel=\"nofollow\">Twitter Web Client</a>", "in_reply_to_status_id": 764505291853627392, "in_reply_to_screen_name": "empiremagazine", "user": {"lang": "en", "default_profile": true, "id_str": "730458553727782913", "statuses_count": 179, "screen_name": "Guy_Van_Rimes", "friends_count": 13, "profile_use_background_image": true, "profile_link_color": "1DA1F2", "created_at": "Wed May 11 18:04:25 +0000 2016", "profile_sidebar_fill_color": "DDEEF6", "profile_image_url": "http://pbs.twimg.com/profile_images/948244602204672001/HubPUK-A_normal.jpg", "name": "Guy Van Rimes", "profile_image_url_https": "https://pbs.twimg.com/profile_images/948244602204672001/HubPUK-A_normal.jpg", "profile_text_color": "333333", "profile_sidebar_border_color": "C0DEED", "location": "\u200d", "profile_background_color": "F5F8FA", "favourites_count": 3, "id": 730458553727782913, "description": "\u200d"}, "urls": [{"url": "https://t.co/0Ub6nHyInj", "expanded_url": "https://www.buzzfeed.com/katienotopoulos/29-amazing-custom-coffins-from-ghana"}], "id": 764601024212598784, "id_str": "764601024212598784"}