{"lang": "es", "in_reply_to_user_id": 30313925, "text": "@WhiteHouse @NiliMajumder @POTUS || Pues si, se est\u00e1n robando el petr\u00f3leo de Irak y Libia.", "created_at": "Sun Aug 14 13:15:41 +0000 2016", "hashtags": [], "user_mentions": [{"id_str": "822215673812119553", "screen_name": "WhiteHouse", "name": "The White House", "id": 822215673812119553}, {"id_str": "389548615", "screen_name": "NiliMajumder", "name": "Nili Majumder", "id": 389548615}, {"id_str": "822215679726100480", "screen_name": "POTUS", "name": "President Trump", "id": 822215679726100480}], "source": "<a href=\"http://twitter.com/#!/download/ipad\" rel=\"nofollow\">Twitter for iPad</a>", "in_reply_to_status_id": 764573523713011713, "in_reply_to_screen_name": "ObamaWhiteHouse", "user": {"profile_use_background_image": true, "id": 201947424, "profile_image_url_https": "https://pbs.twimg.com/profile_images/378800000464353819/a4bfe4c3831cf016654ab618dfdcd446_normal.jpeg", "profile_sidebar_fill_color": "DDEEF6", "geo_enabled": true, "profile_text_color": "333333", "followers_count": 275, "location": "Guadalajara, Jalisco, M\u00e9xico", "profile_background_color": "C0DEED", "id_str": "201947424", "statuses_count": 112619, "description": "Biofilia. M\u00e9dico Internista. UdeG. IMSS. hugorubalcava@gmail.com. Skype:HugoRub1. Consultas:+529512611610", "friends_count": 728, "profile_link_color": "1DA1F2", "profile_image_url": "http://pbs.twimg.com/profile_images/378800000464353819/a4bfe4c3831cf016654ab618dfdcd446_normal.jpeg", "profile_background_image_url_https": "https://abs.twimg.com/images/themes/theme1/bg.png", "profile_banner_url": "https://pbs.twimg.com/profile_banners/201947424/1379298009", "profile_background_image_url": "http://abs.twimg.com/images/themes/theme1/bg.png", "name": "Hugo Rubalcava", "lang": "es", "favourites_count": 4389, "screen_name": "HugoRubalcava", "url": "https://t.co/nZQ0iwEMKn", "created_at": "Wed Oct 13 00:04:38 +0000 2010", "profile_sidebar_border_color": "C0DEED", "default_profile": true, "listed_count": 82}, "urls": [], "id": 764812739420180480, "id_str": "764812739420180480"}