{"lang": "en", "in_reply_to_user_id": 5402612, "text": "@BBCBreaking I don't think the police come round and shoot you with a taser for no reason.", "created_at": "Mon Aug 15 11:29:03 +0000 2016", "hashtags": [], "user_mentions": [{"id_str": "5402612", "screen_name": "BBCBreaking", "name": "BBC Breaking News", "id": 5402612}], "source": "<a href=\"http://twitter.com\" rel=\"nofollow\">Twitter Web Client</a>", "in_reply_to_status_id": 765141361033109504, "in_reply_to_screen_name": "BBCBreaking", "user": {"profile_use_background_image": true, "id": 2488627392, "profile_image_url_https": "https://pbs.twimg.com/profile_images/858786115976933376/Ue0WAsiL_normal.jpg", "profile_sidebar_fill_color": "DDEEF6", "profile_text_color": "333333", "followers_count": 854, "location": "England", "profile_background_color": "C0DEED", "id_str": "2488627392", "statuses_count": 6745, "description": "Like cycling, books, sport, writing and cute animals. Hate injustice. Work as a librarian.", "friends_count": 732, "profile_link_color": "1DA1F2", "profile_image_url": "http://pbs.twimg.com/profile_images/858786115976933376/Ue0WAsiL_normal.jpg", "profile_background_image_url_https": "https://abs.twimg.com/images/themes/theme1/bg.png", "profile_banner_url": "https://pbs.twimg.com/profile_banners/2488627392/1499419959", "profile_background_image_url": "http://abs.twimg.com/images/themes/theme1/bg.png", "name": "Aimee Dove", "lang": "en-gb", "favourites_count": 38646, "screen_name": "1_Aimee_", "created_at": "Sat May 10 19:23:33 +0000 2014", "profile_sidebar_border_color": "C0DEED", "default_profile": true, "listed_count": 12}, "urls": [], "id": 765148292195946496, "id_str": "765148292195946496"}