{"lang": "en", "in_reply_to_user_id": 428333, "text": "@cnnbrk Lochte is already back in US. Good job CNN!", "created_at": "Wed Aug 17 15:34:26 +0000 2016", "hashtags": [], "user_mentions": [{"id_str": "428333", "screen_name": "cnnbrk", "name": "CNN Breaking News", "id": 428333}], "source": "<a href=\"http://twitter.com/download/android\" rel=\"nofollow\">Twitter for Android</a>", "in_reply_to_status_id": 765934198297362432, "in_reply_to_screen_name": "cnnbrk", "user": {"profile_use_background_image": true, "id": 51243568, "profile_image_url_https": "https://pbs.twimg.com/profile_images/1011016906000748546/Uw8rXP08_normal.jpg", "profile_sidebar_fill_color": "000000", "profile_text_color": "000000", "followers_count": 34, "location": "NY", "profile_background_color": "FA743E", "id_str": "51243568", "statuses_count": 7957, "description": "NYI, NYG, NYK, AC Milan, RBNY, NYM, MCFC & the Azzurri. Bandwagon fans are the worst. If you don't like my opinions that's okay. Block me.", "friends_count": 66, "profile_link_color": "1B95E0", "profile_image_url": "http://pbs.twimg.com/profile_images/1011016906000748546/Uw8rXP08_normal.jpg", "profile_background_image_url_https": "https://abs.twimg.com/images/themes/theme10/bg.gif", "profile_banner_url": "https://pbs.twimg.com/profile_banners/51243568/1515340796", "profile_background_image_url": "http://abs.twimg.com/images/themes/theme10/bg.gif", "name": "Matt C", "lang": "en", "profile_background_tile": true, "favourites_count": 709, "screen_name": "mofunky77", "created_at": "Fri Jun 26 21:54:57 +0000 2009", "profile_sidebar_border_color": "000000", "listed_count": 5}, "urls": [], "id": 765934821076037632, "favorite_count": 18, "id_str": "765934821076037632"}