{"lang": "en", "in_reply_to_user_id": 428333, "text": "@cnnbrk this is ridiculous! Really? Shame on these Rio Officials.", "created_at": "Wed Aug 17 21:02:51 +0000 2016", "hashtags": [], "user_mentions": [{"id_str": "428333", "screen_name": "cnnbrk", "name": "CNN Breaking News", "id": 428333}], "source": "<a href=\"http://twitter.com/download/android\" rel=\"nofollow\">Twitter for Android</a>", "in_reply_to_status_id": 765934198297362432, "in_reply_to_screen_name": "cnnbrk", "user": {"profile_use_background_image": true, "id": 2199866300, "profile_image_url_https": "https://pbs.twimg.com/profile_images/938599037787258880/bquznMoh_normal.jpg", "profile_sidebar_fill_color": "DDEEF6", "geo_enabled": true, "profile_text_color": "333333", "followers_count": 365, "location": "Los Angeles, CA", "profile_background_color": "C0DEED", "id_str": "2199866300", "statuses_count": 13219, "friends_count": 1060, "profile_link_color": "00B3B3", "profile_image_url": "http://pbs.twimg.com/profile_images/938599037787258880/bquznMoh_normal.jpg", "profile_background_image_url_https": "https://abs.twimg.com/images/themes/theme1/bg.png", "profile_banner_url": "https://pbs.twimg.com/profile_banners/2199866300/1512565747", "profile_background_image_url": "http://abs.twimg.com/images/themes/theme1/bg.png", "name": "Lexy90042", "lang": "en", "favourites_count": 17183, "screen_name": "Lexy90042", "created_at": "Sun Nov 17 17:10:22 +0000 2013", "profile_sidebar_border_color": "C0DEED", "listed_count": 33}, "urls": [], "id": 766017470163357696, "id_str": "766017470163357696"}