{"lang": "en", "in_reply_to_user_id": 30313925, "text": "@WhiteHouse @arendabdoory @POTUS When will you do something for patients dying of cancer being withheld pain meds? Good work w/criminals tho", "created_at": "Thu Aug 18 01:48:00 +0000 2016", "hashtags": [], "user_mentions": [{"id_str": "822215673812119553", "screen_name": "WhiteHouse", "name": "The White House", "id": 822215673812119553}, {"id_str": "264192601", "screen_name": "arendabdoory", "name": "CarolinaGirl", "id": 264192601}, {"id_str": "822215679726100480", "screen_name": "POTUS", "name": "President Trump", "id": 822215679726100480}], "source": "<a href=\"http://twitter.com\" rel=\"nofollow\">Twitter Web Client</a>", "in_reply_to_status_id": 765631087867367426, "in_reply_to_screen_name": "ObamaWhiteHouse", "user": {"profile_use_background_image": true, "id": 774872802, "profile_image_url_https": "https://pbs.twimg.com/profile_images/940597599664594944/V9rXNRO9_normal.jpg", "profile_sidebar_fill_color": "DDEEF6", "geo_enabled": true, "profile_text_color": "333333", "followers_count": 1990, "location": "Ellenton, FL", "profile_background_color": "C0DEED", "id_str": "774872802", "statuses_count": 4816, "description": "Retired Paralegal & Advocate for Chronic Pain Patients' Rights - Veterans And Americans UNITED for Equality in Medical Care", "friends_count": 1008, "profile_link_color": "1DA1F2", "profile_image_url": "http://pbs.twimg.com/profile_images/940597599664594944/V9rXNRO9_normal.jpg", "profile_background_image_url_https": "https://abs.twimg.com/images/themes/theme1/bg.png", "profile_banner_url": "https://pbs.twimg.com/profile_banners/774872802/1467109329", "profile_background_image_url": "http://abs.twimg.com/images/themes/theme1/bg.png", "name": "Lana Kirby", "lang": "en", "favourites_count": 1167, "screen_name": "KirbyLana", "url": "https://t.co/zgCpVFtATr", "created_at": "Thu Aug 23 01:20:02 +0000 2012", "profile_sidebar_border_color": "C0DEED", "default_profile": true, "listed_count": 23}, "urls": [], "retweet_count": 1, "id": 766089230401490945, "id_str": "766089230401490945"}