{"lang": "en", "in_reply_to_user_id": 8936082, "text": "@Gawker you just got... JACKED UP", "created_at": "Thu Aug 18 18:39:16 +0000 2016", "hashtags": [], "user_mentions": [{"id_str": "8936082", "screen_name": "Gawker", "name": "Gawker", "id": 8936082}], "source": "<a href=\"http://twitter.com\" rel=\"nofollow\">Twitter Web Client</a>", "in_reply_to_status_id": 766316494695305218, "in_reply_to_screen_name": "Gawker", "user": {"profile_use_background_image": true, "id": 3718777274, "profile_image_url_https": "https://pbs.twimg.com/profile_images/712715027032182785/w2VXrmac_normal.jpg", "profile_sidebar_fill_color": "DDEEF6", "profile_text_color": "333333", "followers_count": 13, "location": "Kentares IV", "profile_background_color": "C0DEED", "id_str": "3718777274", "statuses_count": 57, "description": "Ha Ha Ha Ha.", "friends_count": 4, "profile_link_color": "1DA1F2", "profile_image_url": "http://pbs.twimg.com/profile_images/712715027032182785/w2VXrmac_normal.jpg", "profile_background_image_url_https": "https://abs.twimg.com/images/themes/theme1/bg.png", "profile_background_image_url": "http://abs.twimg.com/images/themes/theme1/bg.png", "name": "Big Teddy Kurita", "lang": "en", "favourites_count": 64, "screen_name": "Tasker2016", "url": "https://t.co/8c532V5qIu", "created_at": "Mon Sep 28 21:26:44 +0000 2015", "profile_sidebar_border_color": "C0DEED", "default_profile": true, "listed_count": 1}, "urls": [], "id": 766343724355887104, "favorite_count": 1, "id_str": "766343724355887104"}