{"lang": "en", "in_reply_to_user_id": 5402612, "text": "@BBCBreaking @BBCNews The only ?. Can Hillary Clinton make $ off of this?", "created_at": "Thu Aug 18 17:47:13 +0000 2016", "hashtags": [], "user_mentions": [{"id_str": "5402612", "screen_name": "BBCBreaking", "name": "BBC Breaking News", "id": 5402612}, {"id_str": "612473", "screen_name": "BBCNews", "name": "BBC News (UK)", "id": 612473}], "source": "<a href=\"http://twitter.com/download/iphone\" rel=\"nofollow\">Twitter for iPhone</a>", "in_reply_to_status_id": 766299560415223808, "in_reply_to_screen_name": "BBCBreaking", "user": {"profile_use_background_image": true, "id": 2158032035, "profile_image_url_https": "https://pbs.twimg.com/profile_images/1043564497007464448/MvNnyJ-r_normal.jpg", "profile_sidebar_fill_color": "DDEEF6", "geo_enabled": true, "profile_text_color": "333333", "followers_count": 471, "location": "South Carolina, USA", "profile_background_color": "C0DEED", "id_str": "2158032035", "statuses_count": 7440, "description": "Thank you President Trump. -signed Independent voter.", "friends_count": 512, "profile_link_color": "1DA1F2", "profile_image_url": "http://pbs.twimg.com/profile_images/1043564497007464448/MvNnyJ-r_normal.jpg", "profile_background_image_url_https": "https://abs.twimg.com/images/themes/theme1/bg.png", "profile_banner_url": "https://pbs.twimg.com/profile_banners/2158032035/1532855296", "profile_background_image_url": "http://abs.twimg.com/images/themes/theme1/bg.png", "name": "Auntie Char Char", "lang": "en", "favourites_count": 2481, "screen_name": "DBonacker", "url": "https://t.co/DHRWm4KRN1", "created_at": "Tue Oct 29 02:16:35 +0000 2013", "profile_sidebar_border_color": "C0DEED", "default_profile": true, "listed_count": 4}, "urls": [], "id": 766330626844876800, "id_str": "766330626844876800"}