{"lang": "en", "in_reply_to_user_id": 8936082, "text": "@Gawker I may not agree with Peter Thiel's methods but I love the outcome regardless. You brought this misery upon yourselves.", "created_at": "Thu Aug 18 18:19:41 +0000 2016", "hashtags": [], "user_mentions": [{"id_str": "8936082", "screen_name": "Gawker", "name": "Gawker", "id": 8936082}], "source": "<a href=\"http://twitter.com/download/android\" rel=\"nofollow\">Twitter for Android</a>", "in_reply_to_status_id": 766316494695305218, "in_reply_to_screen_name": "Gawker", "user": {"profile_use_background_image": true, "id": 3087531, "profile_image_url_https": "https://pbs.twimg.com/profile_images/907260020328464391/-cUbjq1I_normal.jpg", "profile_sidebar_fill_color": "F3F3F3", "profile_text_color": "333333", "followers_count": 644, "location": "People's Republic of Yorkshire", "profile_background_color": "EBEBEB", "id_str": "3087531", "statuses_count": 19345, "description": "Software engineer/husband/dad from Yorkshire. I \u2764\ufe0f steampunk, MUFC, & infosec. Feminist. 48%er Libtard/Remoaner/Snowflake. Views are all mine!", "friends_count": 217, "profile_link_color": "2980B9", "profile_image_url": "http://pbs.twimg.com/profile_images/907260020328464391/-cUbjq1I_normal.jpg", "profile_background_image_url_https": "https://abs.twimg.com/images/themes/theme7/bg.gif", "profile_banner_url": "https://pbs.twimg.com/profile_banners/3087531/1505142642", "profile_background_image_url": "http://abs.twimg.com/images/themes/theme7/bg.gif", "name": "Dan Atkinson", "lang": "en", "favourites_count": 12219, "screen_name": "Danbo", "created_at": "Sat Mar 31 23:28:31 +0000 2007", "profile_sidebar_border_color": "DFDFDF", "listed_count": 67}, "urls": [], "id": 766338795910356992, "favorite_count": 1, "id_str": "766338795910356992"}