{"lang": "und", "in_reply_to_user_id": 8936082, "text": "@Gawker https://t.co/w8FlqR9OI0", "created_at": "Thu Aug 18 20:54:17 +0000 2016", "hashtags": [], "user_mentions": [{"id_str": "8936082", "screen_name": "Gawker", "name": "Gawker", "id": 8936082}], "source": "<a href=\"http://twitter.com/download/iphone\" rel=\"nofollow\">Twitter for iPhone</a>", "in_reply_to_status_id": 766316494695305218, "in_reply_to_screen_name": "Gawker", "user": {"profile_use_background_image": true, "id": 475999827, "profile_image_url_https": "https://pbs.twimg.com/profile_images/911568131591741441/y9t_55-R_normal.jpg", "profile_sidebar_fill_color": "DDEEF6", "geo_enabled": true, "profile_text_color": "333333", "followers_count": 1207, "location": "E8  // BN1 ", "profile_background_color": "C0DEED", "id_str": "475999827", "statuses_count": 9851, "description": "Brand manager @frontierlager \ud83c\udf7b // @cornishorchards \ud83c\udf4f \ud83c\udf4e // Volunteer @drapenihavet \ud83d\udca7", "friends_count": 1560, "profile_link_color": "89C9FA", "profile_image_url": "http://pbs.twimg.com/profile_images/911568131591741441/y9t_55-R_normal.jpg", "profile_background_image_url_https": "https://abs.twimg.com/images/themes/theme1/bg.png", "profile_banner_url": "https://pbs.twimg.com/profile_banners/475999827/1520879250", "profile_background_image_url": "http://abs.twimg.com/images/themes/theme1/bg.png", "name": "Matt Bass", "lang": "en", "favourites_count": 6255, "screen_name": "matt_bassant", "created_at": "Fri Jan 27 17:22:05 +0000 2012", "profile_sidebar_border_color": "C0DEED", "listed_count": 27}, "urls": [], "media": [{"expanded_url": "https://twitter.com/matt_bassant/status/766377703767478273/photo/1", "display_url": "pic.twitter.com/w8FlqR9OI0", "url": "https://t.co/w8FlqR9OI0", "media_url_https": "https://pbs.twimg.com/tweet_video_thumb/CqK4dDEWYAASC0S.jpg", "video_info": {"aspect_ratio": [80, 61], "variants": [{"url": "https://video.twimg.com/tweet_video/CqK4dDEWYAASC0S.mp4", "bitrate": 0, "content_type": "video/mp4"}]}, "sizes": {"large": {"h": 122, "resize": "fit", "w": 160}, "small": {"h": 122, "resize": "fit", "w": 160}, "medium": {"h": 122, "resize": "fit", "w": 160}, "thumb": {"h": 122, "resize": "crop", "w": 122}}, "type": "animated_gif", "id": 766377695785672704, "media_url": "http://pbs.twimg.com/tweet_video_thumb/CqK4dDEWYAASC0S.jpg"}], "id": 766377703767478273, "id_str": "766377703767478273"}