{"lang": "en", "in_reply_to_user_id": 5402612, "text": "@BBCBreaking not good  they covered up the altercation with a lie. Don't they know that one small turns into bigger lies", "created_at": "Thu Aug 18 16:56:43 +0000 2016", "hashtags": [], "user_mentions": [{"id_str": "5402612", "screen_name": "BBCBreaking", "name": "BBC Breaking News", "id": 5402612}], "source": "<a href=\"http://twitter.com/download/iphone\" rel=\"nofollow\">Twitter for iPhone</a>", "in_reply_to_status_id": 766299560415223808, "in_reply_to_screen_name": "BBCBreaking", "user": {"profile_use_background_image": true, "id": 760484880211992576, "profile_image_url_https": "https://pbs.twimg.com/profile_images/760489815745949696/M6WUbfEd_normal.jpg", "profile_sidebar_fill_color": "DDEEF6", "profile_text_color": "333333", "followers_count": 220, "id_str": "760484880211992576", "profile_background_color": "F5F8FA", "location": "Scranton, PA", "statuses_count": 817, "description": "News News News News News News", "friends_count": 444, "profile_link_color": "1DA1F2", "profile_image_url": "http://pbs.twimg.com/profile_images/760489815745949696/M6WUbfEd_normal.jpg", "geo_enabled": true, "name": "Joseph Daniel Walsh", "lang": "en", "favourites_count": 3385, "screen_name": "drjoe6078", "created_at": "Tue Aug 02 14:38:19 +0000 2016", "profile_sidebar_border_color": "C0DEED", "default_profile": true, "listed_count": 1}, "urls": [], "id": 766317917927452672, "favorite_count": 1, "id_str": "766317917927452672"}