{"lang": "en", "in_reply_to_user_id": 5402612, "text": "@BBCBreaking @BBCNews damn shame, we have US Swimmers, huge egos demanding to be treated like gods, being generally dicks to everyone", "created_at": "Thu Aug 18 15:54:59 +0000 2016", "hashtags": [], "user_mentions": [{"id_str": "5402612", "screen_name": "BBCBreaking", "name": "BBC Breaking News", "id": 5402612}, {"id_str": "612473", "screen_name": "BBCNews", "name": "BBC News (UK)", "id": 612473}], "source": "<a href=\"http://twitter.com/download/iphone\" rel=\"nofollow\">Twitter for iPhone</a>", "in_reply_to_status_id": 766299560415223808, "in_reply_to_screen_name": "BBCBreaking", "user": {"id": 531714912, "profile_image_url_https": "https://pbs.twimg.com/profile_images/706334257292050436/iXNeU3Mz_normal.jpg", "profile_sidebar_fill_color": "000000", "profile_text_color": "000000", "followers_count": 2993, "location": "California, USA", "profile_background_color": "000000", "id_str": "531714912", "statuses_count": 18849, "description": "Photographer & Writer musing on Politics, Syria, Iraq, Terrorism & Civil Rights. Now writing 'Factions of the Syrian Civil War' : iam@gregoro.us : he/him : ENFP", "friends_count": 2647, "profile_link_color": "ABB8C2", "profile_image_url": "http://pbs.twimg.com/profile_images/706334257292050436/iXNeU3Mz_normal.jpg", "profile_background_image_url_https": "https://abs.twimg.com/images/themes/theme9/bg.gif", "profile_banner_url": "https://pbs.twimg.com/profile_banners/531714912/1479171229", "profile_background_image_url": "http://abs.twimg.com/images/themes/theme9/bg.gif", "name": "\ud83c\udfdd Gregorous \ud83d\udcad", "lang": "en", "favourites_count": 59288, "screen_name": "imgregorous", "url": "https://t.co/o3D5J8Pcwg", "created_at": "Tue Mar 20 20:52:49 +0000 2012", "profile_sidebar_border_color": "000000", "listed_count": 38}, "urls": [], "retweet_count": 3, "id": 766302380417622016, "favorite_count": 17, "id_str": "766302380417622016"}