{"lang": "tl", "in_reply_to_user_id": 355265479, "text": "@Deckerj24 @cnnbrk hahahahaha so naive #hastobesarcasm", "created_at": "Thu Aug 18 20:04:56 +0000 2016", "hashtags": [{"text": "hastobesarcasm"}], "user_mentions": [{"id_str": "355265479", "screen_name": "Deckerj24", "name": "Jason Decker", "id": 355265479}, {"id_str": "428333", "screen_name": "cnnbrk", "name": "CNN Breaking News", "id": 428333}], "source": "<a href=\"http://twitter.com/download/iphone\" rel=\"nofollow\">Twitter for iPhone</a>", "in_reply_to_status_id": 766360074428219392, "in_reply_to_screen_name": "Deckerj24", "user": {"profile_use_background_image": true, "id": 2896467394, "profile_image_url_https": "https://pbs.twimg.com/profile_images/870256602435248128/HzOp1NMY_normal.jpg", "profile_sidebar_fill_color": "DDEEF6", "profile_text_color": "333333", "followers_count": 12, "id_str": "2896467394", "profile_background_color": "C0DEED", "location": "Berlin, Germany", "statuses_count": 183, "description": "I don't tolerate intolerance", "friends_count": 38, "profile_link_color": "1DA1F2", "profile_image_url": "http://pbs.twimg.com/profile_images/870256602435248128/HzOp1NMY_normal.jpg", "profile_background_image_url_https": "https://abs.twimg.com/images/themes/theme1/bg.png", "profile_background_image_url": "http://abs.twimg.com/images/themes/theme1/bg.png", "name": "Daniel D", "lang": "en", "favourites_count": 204, "screen_name": "ddurpe68", "created_at": "Fri Nov 28 21:00:42 +0000 2014", "profile_sidebar_border_color": "C0DEED", "default_profile": true}, "urls": [], "id": 766365281077846021, "favorite_count": 1, "id_str": "766365281077846021"}