{"lang": "en", "in_reply_to_user_id": 428333, "text": "@cnnbrk @RyanLochte should apologize, remain in jail until court date, filing a false complaint. Brazil please seek extradition of Lochte!", "created_at": "Thu Aug 18 19:46:32 +0000 2016", "hashtags": [], "user_mentions": [{"id_str": "428333", "screen_name": "cnnbrk", "name": "CNN Breaking News", "id": 428333}, {"id_str": "35348026", "screen_name": "RyanLochte", "name": "Ryan Lochte", "id": 35348026}], "source": "<a href=\"http://twitter.com/#!/download/ipad\" rel=\"nofollow\">Twitter for iPad</a>", "in_reply_to_status_id": 766358933296517121, "in_reply_to_screen_name": "cnnbrk", "user": {"profile_use_background_image": true, "id": 2200630458, "profile_image_url_https": "https://pbs.twimg.com/profile_images/378800000758383414/6c0c7ea094180c7b6b7430f5bf6ec3c9_normal.jpeg", "profile_sidebar_fill_color": "95E8EC", "profile_text_color": "3C3940", "followers_count": 769, "location": "Estero, Florida", "profile_background_color": "0087B8", "id_str": "2200630458", "statuses_count": 61239, "description": "Captain U.S. Navy (Ret.), Attorney (KU MBA & JD) Chief Officer (USMMA); HMS Bounty research; Navy news & cruise ship comments; Estero FL, Portland ME and Aruba", "friends_count": 264, "profile_link_color": "0034B8", "profile_image_url": "http://pbs.twimg.com/profile_images/378800000758383414/6c0c7ea094180c7b6b7430f5bf6ec3c9_normal.jpeg", "profile_background_image_url_https": "https://abs.twimg.com/images/themes/theme4/bg.gif", "profile_background_image_url": "http://abs.twimg.com/images/themes/theme4/bg.gif", "name": "Capt. Mark Esher", "lang": "en", "favourites_count": 28211, "screen_name": "CruiseNavyFL", "url": "https://t.co/Z3iddm2KPI", "created_at": "Mon Nov 18 04:13:14 +0000 2013", "profile_sidebar_border_color": "FFFFFF", "listed_count": 126}, "urls": [], "id": 766360653686865920, "id_str": "766360653686865920"}