{"lang": "und", "in_reply_to_user_id": 8936082, "text": "@Gawker https://t.co/DwQxE5d2o2", "created_at": "Thu Aug 18 17:39:58 +0000 2016", "hashtags": [], "user_mentions": [{"id_str": "8936082", "screen_name": "Gawker", "name": "Gawker", "id": 8936082}], "source": "<a href=\"http://twitter.com\" rel=\"nofollow\">Twitter Web Client</a>", "in_reply_to_status_id": 766316494695305218, "in_reply_to_screen_name": "Gawker", "user": {"id": 2999612278, "profile_image_url_https": "https://pbs.twimg.com/profile_images/611196229435809792/uCd0Ve66_normal.png", "profile_sidebar_fill_color": "000000", "profile_text_color": "000000", "followers_count": 103, "id_str": "2999612278", "profile_background_color": "000000", "listed_count": 3, "statuses_count": 2708, "description": "Happily married to Blanc. I love her! Blanc is my sunshine!", "friends_count": 463, "profile_link_color": "DD2E44", "profile_image_url": "http://pbs.twimg.com/profile_images/611196229435809792/uCd0Ve66_normal.png", "profile_background_image_url_https": "https://abs.twimg.com/images/themes/theme1/bg.png", "profile_banner_url": "https://pbs.twimg.com/profile_banners/2999612278/1538087525", "profile_background_image_url": "http://abs.twimg.com/images/themes/theme1/bg.png", "name": "Blancanon", "lang": "en", "favourites_count": 2611, "screen_name": "kirbydamasta", "created_at": "Mon Jan 26 12:51:13 +0000 2015", "profile_sidebar_border_color": "000000"}, "urls": [], "media": [{"expanded_url": "https://twitter.com/kirbydamasta/status/766328802326745089/photo/1", "display_url": "pic.twitter.com/DwQxE5d2o2", "url": "https://t.co/DwQxE5d2o2", "media_url_https": "https://pbs.twimg.com/media/CqKL9bPW8AAwDZn.jpg", "sizes": {"large": {"h": 832, "resize": "fit", "w": 608}, "small": {"h": 680, "resize": "fit", "w": 497}, "medium": {"h": 832, "resize": "fit", "w": 608}, "thumb": {"h": 150, "resize": "crop", "w": 150}}, "type": "photo", "id": 766328774006861824, "media_url": "http://pbs.twimg.com/media/CqKL9bPW8AAwDZn.jpg"}], "id": 766328802326745089, "favorite_count": 5, "id_str": "766328802326745089"}