{"lang": "en", "in_reply_to_user_id": 8936082, "text": "@Gawker and with this battles conclusion, the war continues #GamerGate #MediaGate", "created_at": "Fri Aug 19 00:06:20 +0000 2016", "hashtags": [{"text": "GamerGate"}, {"text": "MediaGate"}], "user_mentions": [{"id_str": "8936082", "screen_name": "Gawker", "name": "Gawker", "id": 8936082}], "source": "<a href=\"http://twitter.com\" rel=\"nofollow\">Twitter Web Client</a>", "in_reply_to_status_id": 766316494695305218, "in_reply_to_screen_name": "Gawker", "user": {"lang": "da", "id_str": "3186883325", "statuses_count": 27145, "screen_name": "Multi_Badger", "friends_count": 728, "profile_sidebar_fill_color": "000000", "created_at": "Mon Apr 20 11:31:59 +0000 2015", "profile_link_color": "19CF86", "profile_image_url": "http://pbs.twimg.com/profile_images/777306438616113152/KKQh_AO7_normal.jpg", "name": "FreeTheSpeech", "profile_text_color": "000000", "followers_count": 467, "profile_sidebar_border_color": "000000", "profile_image_url_https": "https://pbs.twimg.com/profile_images/777306438616113152/KKQh_AO7_normal.jpg", "profile_background_color": "000000", "favourites_count": 19961, "profile_background_image_url_https": "https://abs.twimg.com/images/themes/theme1/bg.png", "listed_count": 27, "id": 3186883325, "profile_background_image_url": "http://abs.twimg.com/images/themes/theme1/bg.png", "description": "Liberalist"}, "urls": [], "id": 766426032954015745, "id_str": "766426032954015745"}