{"lang": "en", "in_reply_to_user_id": 63260999, "text": "@dfennell2 he shldn't be meddling in US politics, but his TL is full of fake quotes. It's libel.\n@Limerick1914 @marybschneider", "created_at": "Fri Aug 19 01:06:30 +0000 2016", "hashtags": [], "user_mentions": [{"id_str": "63260999", "screen_name": "dfennell2", "name": "Darin Fennell", "id": 63260999}, {"id_str": "510455186", "screen_name": "Limerick1914", "name": "Liam Hogan", "id": 510455186}, {"id_str": "102716915", "screen_name": "marybschneider", "name": "Mary Beth Schneider", "id": 102716915}], "source": "<a href=\"https://mobile.twitter.com\" rel=\"nofollow\">Twitter Lite</a>", "in_reply_to_status_id": 766386397590589442, "in_reply_to_screen_name": "dfennell2", "user": {"id": 714943919717396480, "profile_image_url_https": "https://pbs.twimg.com/profile_images/791723963374186496/eUmdR2Ge_normal.jpg", "profile_sidebar_fill_color": "000000", "profile_text_color": "000000", "followers_count": 1627, "id_str": "714943919717396480", "profile_background_color": "000000", "listed_count": 48, "statuses_count": 67676, "description": "Reagan/Trump America 1st conservative. End 30 years of #Neocons' failed rule over the GOP base. #Trump2020 #MAGA #MakeAmericaGreatAgain", "friends_count": 2095, "profile_link_color": "0084B4", "profile_image_url": "http://pbs.twimg.com/profile_images/791723963374186496/eUmdR2Ge_normal.jpg", "profile_background_image_url_https": "https://abs.twimg.com/images/themes/theme1/bg.png", "profile_banner_url": "https://pbs.twimg.com/profile_banners/714943919717396480/1463085503", "profile_background_image_url": "http://abs.twimg.com/images/themes/theme1/bg.png", "name": "Pax Trumpiana", "lang": "en", "favourites_count": 50915, "screen_name": "CincinnatusPax", "url": "https://t.co/FRLPkWTc1Q", "created_at": "Tue Mar 29 22:34:48 +0000 2016", "profile_sidebar_border_color": "000000"}, "urls": [], "id": 766441176454922240, "id_str": "766441176454922240"}