{"lang": "de", "in_reply_to_user_id": 428333, "text": "@cnnbrk strange.so strange.", "created_at": "Fri Aug 19 02:46:38 +0000 2016", "hashtags": [], "user_mentions": [{"id_str": "428333", "screen_name": "cnnbrk", "name": "CNN Breaking News", "id": 428333}], "source": "<a href=\"http://twitter.com/download/iphone\" rel=\"nofollow\">Twitter for iPhone</a>", "in_reply_to_status_id": 766299795833102336, "in_reply_to_screen_name": "cnnbrk", "user": {"profile_use_background_image": true, "id": 766290858450751488, "profile_image_url_https": "https://pbs.twimg.com/profile_images/766292565280694272/hEovpmnz_normal.jpg", "profile_sidebar_fill_color": "DDEEF6", "profile_text_color": "333333", "followers_count": 1, "id_str": "766290858450751488", "profile_background_color": "F5F8FA", "location": "\u5e7f\u4e1c, \u4e2d\u534e\u4eba\u6c11\u5171\u548c\u56fd", "statuses_count": 3, "description": "\u4f11\u9592 \u52d5\u6f2b \u5a1b\u6a02 \u9ad4\u80b2", "friends_count": 22, "profile_link_color": "1DA1F2", "profile_image_url": "http://pbs.twimg.com/profile_images/766292565280694272/hEovpmnz_normal.jpg", "profile_banner_url": "https://pbs.twimg.com/profile_banners/766290858450751488/1471534631", "name": "\u9648\u4e00\u6735\uff0a", "lang": "en", "favourites_count": 5, "screen_name": "VictorChan_1995", "created_at": "Thu Aug 18 15:09:12 +0000 2016", "profile_sidebar_border_color": "C0DEED", "default_profile": true}, "urls": [], "id": 766466373685907456, "id_str": "766466373685907456"}