{"lang": "und", "in_reply_to_user_id": 428333, "text": "@cnnbrk https://t.co/NS2epjCibn", "created_at": "Fri Aug 19 01:57:29 +0000 2016", "hashtags": [], "user_mentions": [{"id_str": "428333", "screen_name": "cnnbrk", "name": "CNN Breaking News", "id": 428333}], "source": "<a href=\"http://twitter.com\" rel=\"nofollow\">Twitter Web Client</a>", "in_reply_to_status_id": 766452700049473536, "in_reply_to_screen_name": "cnnbrk", "user": {"profile_use_background_image": true, "id": 170987447, "profile_image_url_https": "https://pbs.twimg.com/profile_images/786101992523493377/z1mNENUr_normal.jpg", "profile_sidebar_fill_color": "281E17", "geo_enabled": true, "profile_text_color": "7A5C45", "followers_count": 109, "location": "N 3\u00b06' 0'' / E 101\u00b040' 0''", "profile_background_color": "3C2C22", "id_str": "170987447", "statuses_count": 8665, "description": "They see me rollin', they hatin'", "friends_count": 263, "profile_link_color": "ABB8C2", "profile_image_url": "http://pbs.twimg.com/profile_images/786101992523493377/z1mNENUr_normal.jpg", "profile_background_image_url_https": "https://abs.twimg.com/images/themes/theme1/bg.png", "profile_banner_url": "https://pbs.twimg.com/profile_banners/170987447/1378704660", "profile_background_image_url": "http://abs.twimg.com/images/themes/theme1/bg.png", "name": "Adila Sunny", "lang": "en", "profile_background_tile": true, "favourites_count": 206, "screen_name": "kupukupumauslim", "created_at": "Mon Jul 26 08:15:16 +0000 2010", "profile_sidebar_border_color": "FFFFFF", "listed_count": 1}, "urls": [], "media": [{"expanded_url": "https://twitter.com/kupukupumauslim/status/766454005018923008/photo/1", "display_url": "pic.twitter.com/NS2epjCibn", "url": "https://t.co/NS2epjCibn", "media_url_https": "https://pbs.twimg.com/media/CqL92RFVIAE0KeZ.jpg", "sizes": {"small": {"h": 609, "resize": "fit", "w": 659}, "large": {"h": 609, "resize": "fit", "w": 659}, "medium": {"h": 609, "resize": "fit", "w": 659}, "thumb": {"h": 150, "resize": "crop", "w": 150}}, "type": "photo", "id": 766453995346927617, "media_url": "http://pbs.twimg.com/media/CqL92RFVIAE0KeZ.jpg"}], "id": 766454005018923008, "id_str": "766454005018923008"}