{"lang": "en", "in_reply_to_user_id": 428333, "text": "@cnnbrk A very very fast JamacaMonnnnn!", "created_at": "Fri Aug 19 05:41:38 +0000 2016", "hashtags": [], "user_mentions": [{"id_str": "428333", "screen_name": "cnnbrk", "name": "CNN Breaking News", "id": 428333}], "source": "<a href=\"https://mobile.twitter.com\" rel=\"nofollow\">Twitter Lite</a>", "in_reply_to_status_id": 766452700049473536, "in_reply_to_screen_name": "cnnbrk", "user": {"profile_use_background_image": true, "id": 228973658, "description": "Carpenter & Cabinet maker", "profile_image_url_https": "https://abs.twimg.com/sticky/default_profile_images/default_profile_normal.png", "profile_sidebar_fill_color": "DDEEF6", "profile_text_color": "333333", "followers_count": 16, "location": "Lismore, Minn", "default_profile_image": true, "id_str": "228973658", "statuses_count": 3271, "profile_background_color": "C0DEED", "friends_count": 28, "profile_link_color": "1DA1F2", "profile_image_url": "http://abs.twimg.com/sticky/default_profile_images/default_profile_normal.png", "profile_background_image_url_https": "https://abs.twimg.com/images/themes/theme1/bg.png", "profile_background_image_url": "http://abs.twimg.com/images/themes/theme1/bg.png", "name": "ken leinen", "lang": "en", "favourites_count": 383, "screen_name": "kennnyll", "created_at": "Tue Dec 21 05:29:18 +0000 2010", "profile_sidebar_border_color": "C0DEED", "default_profile": true, "listed_count": 1}, "urls": [], "id": 766510412711854080, "favorite_count": 1, "id_str": "766510412711854080"}