{"lang": "en", "in_reply_to_user_id": 30313925, "text": "@WhiteHouse @POTUS See you were out spending the tax payer money on all  your vacations and partying", "created_at": "Sat Aug 20 21:34:15 +0000 2016", "hashtags": [], "user_mentions": [{"id_str": "822215673812119553", "screen_name": "WhiteHouse", "name": "The White House", "id": 822215673812119553}, {"id_str": "822215679726100480", "screen_name": "POTUS", "name": "President Trump", "id": 822215679726100480}], "source": "<a href=\"http://twitter.com\" rel=\"nofollow\">Twitter Web Client</a>", "in_reply_to_status_id": 767094580634202112, "in_reply_to_screen_name": "ObamaWhiteHouse", "user": {"profile_use_background_image": true, "id": 506692540, "profile_image_url_https": "https://pbs.twimg.com/profile_images/957083586800185345/kso23pQQ_normal.jpg", "profile_sidebar_fill_color": "DDEEF6", "profile_text_color": "333333", "followers_count": 85, "location": "USA", "profile_background_color": "C0DEED", "id_str": "506692540", "statuses_count": 22635, "description": "WOW rebirth 1/20/17 was great..Navy vet, pic is my 100 lb. Germ Shep loves chase deer, & tennis balls,loves UPS trucks", "friends_count": 117, "profile_link_color": "1DA1F2", "profile_image_url": "http://pbs.twimg.com/profile_images/957083586800185345/kso23pQQ_normal.jpg", "profile_background_image_url_https": "https://abs.twimg.com/images/themes/theme1/bg.png", "profile_banner_url": "https://pbs.twimg.com/profile_banners/506692540/1517021935", "profile_background_image_url": "http://abs.twimg.com/images/themes/theme1/bg.png", "name": "Frank F", "lang": "en", "favourites_count": 5001, "screen_name": "ffajaz2", "created_at": "Tue Feb 28 01:37:00 +0000 2012", "profile_sidebar_border_color": "C0DEED", "default_profile": true, "listed_count": 9}, "urls": [], "id": 767112534264471552, "id_str": "767112534264471552"}