{"lang": "en", "in_reply_to_user_id": 2557521, "text": "@espn by running away.....", "created_at": "Sun Aug 21 04:35:07 +0000 2016", "hashtags": [], "user_mentions": [{"id_str": "2557521", "screen_name": "espn", "name": "ESPN", "id": 2557521}], "source": "<a href=\"http://twitter.com/download/iphone\" rel=\"nofollow\">Twitter for iPhone</a>", "in_reply_to_status_id": 767218194385866752, "in_reply_to_screen_name": "espn", "user": {"profile_use_background_image": true, "id": 455311252, "profile_image_url_https": "https://pbs.twimg.com/profile_images/933105364244955137/_iw2lkOe_normal.jpg", "profile_sidebar_fill_color": "DDEEF6", "geo_enabled": true, "profile_text_color": "333333", "followers_count": 275, "location": "Cali", "profile_background_color": "C0DEED", "id_str": "455311252", "statuses_count": 26214, "description": "| Chico State | Snapchat : jortiz_530", "friends_count": 212, "profile_link_color": "E5040E", "profile_image_url": "http://pbs.twimg.com/profile_images/933105364244955137/_iw2lkOe_normal.jpg", "profile_background_image_url_https": "https://abs.twimg.com/images/themes/theme1/bg.png", "profile_banner_url": "https://pbs.twimg.com/profile_banners/455311252/1483225860", "profile_background_image_url": "http://abs.twimg.com/images/themes/theme1/bg.png", "name": "Jaime Ortiz", "lang": "en", "favourites_count": 27885, "screen_name": "Ortiz530", "created_at": "Wed Jan 04 23:55:42 +0000 2012", "profile_sidebar_border_color": "C0DEED", "listed_count": 4}, "urls": [], "id": 767218450242662400, "favorite_count": 1, "id_str": "767218450242662400"}