{"lang": "und", "in_reply_to_user_id": 2683354645, "text": "@nukem_jukem24 @espn lol", "created_at": "Sun Aug 21 04:35:52 +0000 2016", "hashtags": [], "user_mentions": [{"id_str": "2557521", "screen_name": "espn", "name": "ESPN", "id": 2557521}], "source": "<a href=\"http://twitter.com/download/iphone\" rel=\"nofollow\">Twitter for iPhone</a>", "in_reply_to_status_id": 767218268423815168, "in_reply_to_screen_name": "nukem_jukem", "user": {"id": 2268277766, "profile_image_url_https": "https://pbs.twimg.com/profile_images/907793464645046273/lLBzjKGL_normal.jpg", "profile_sidebar_fill_color": "000000", "geo_enabled": true, "profile_text_color": "000000", "followers_count": 146, "location": "Snapchat: jacooties", "profile_background_color": "000000", "id_str": "2268277766", "statuses_count": 2000, "description": "I have the biggest YouTube channel known to man... but I still could use your sub! You should be able to see my link below! :D", "friends_count": 82, "profile_link_color": "3B94D9", "profile_image_url": "http://pbs.twimg.com/profile_images/907793464645046273/lLBzjKGL_normal.jpg", "profile_background_image_url_https": "https://abs.twimg.com/images/themes/theme1/bg.png", "profile_banner_url": "https://pbs.twimg.com/profile_banners/2268277766/1472952331", "profile_background_image_url": "http://abs.twimg.com/images/themes/theme1/bg.png", "name": "Jacooties", "lang": "en", "favourites_count": 3964, "screen_name": "jacooties", "url": "https://t.co/6Z9SM2mT2n", "created_at": "Mon Dec 30 03:53:46 +0000 2013", "profile_sidebar_border_color": "000000", "listed_count": 10}, "urls": [], "id": 767218640206893056, "id_str": "767218640206893056"}