{"lang": "en", "in_reply_to_user_id": 5402612, "text": "@BBCBreaking \nAwesome \ud83d\udc4d\ud83d\ude0a", "created_at": "Sun Aug 21 11:49:57 +0000 2016", "hashtags": [], "user_mentions": [{"id_str": "5402612", "screen_name": "BBCBreaking", "name": "BBC Breaking News", "id": 5402612}], "source": "<a href=\"http://twitter.com/download/iphone\" rel=\"nofollow\">Twitter for iPhone</a>", "in_reply_to_status_id": 767300637012951040, "in_reply_to_screen_name": "BBCBreaking", "user": {"lang": "en", "statuses_count": 10181, "screen_name": "kenro42", "friends_count": 394, "profile_use_background_image": true, "profile_link_color": "0099B9", "created_at": "Thu Apr 16 00:58:17 +0000 2009", "profile_sidebar_fill_color": "95E8EC", "profile_image_url": "http://pbs.twimg.com/profile_images/3200996912/f8111a44519f3ad08d3b04e868f9340f_normal.jpeg", "profile_image_url_https": "https://pbs.twimg.com/profile_images/3200996912/f8111a44519f3ad08d3b04e868f9340f_normal.jpeg", "profile_text_color": "3C3940", "followers_count": 157, "profile_sidebar_border_color": "5ED4DC", "id_str": "31582399", "profile_background_color": "0099B9", "favourites_count": 7610, "profile_background_image_url_https": "https://abs.twimg.com/images/themes/theme4/bg.gif", "listed_count": 10, "id": 31582399, "profile_background_image_url": "http://abs.twimg.com/images/themes/theme4/bg.gif", "name": "kenneth"}, "urls": [], "id": 767327880174985216, "id_str": "767327880174985216"}