{"lang": "en", "in_reply_to_user_id": 2557521, "text": "@espn Nate won this fight period!", "created_at": "Sun Aug 21 12:52:12 +0000 2016", "hashtags": [], "user_mentions": [{"id_str": "2557521", "screen_name": "espn", "name": "ESPN", "id": 2557521}], "source": "<a href=\"http://twitter.com/download/android\" rel=\"nofollow\">Twitter for Android</a>", "in_reply_to_status_id": 767330549262278658, "in_reply_to_screen_name": "espn", "user": {"profile_use_background_image": true, "id": 2295997797, "profile_image_url_https": "https://abs.twimg.com/sticky/default_profile_images/default_profile_normal.png", "profile_sidebar_fill_color": "DDEEF6", "profile_text_color": "333333", "followers_count": 27, "id_str": "2295997797", "default_profile_image": true, "statuses_count": 33, "profile_background_color": "C0DEED", "friends_count": 150, "profile_link_color": "1DA1F2", "profile_image_url": "http://abs.twimg.com/sticky/default_profile_images/default_profile_normal.png", "profile_background_image_url_https": "https://abs.twimg.com/images/themes/theme1/bg.png", "profile_background_image_url": "http://abs.twimg.com/images/themes/theme1/bg.png", "name": "William Bruner", "lang": "en", "favourites_count": 32, "screen_name": "williambruner88", "created_at": "Tue Jan 21 19:05:53 +0000 2014", "profile_sidebar_border_color": "C0DEED", "default_profile": true}, "urls": [], "id": 767343545640427520, "id_str": "767343545640427520"}