{"lang": "en", "in_reply_to_user_id": 2557521, "text": "@espn @carmeloanthony Enjoy the necklaces, because you'll never win a ring!", "created_at": "Sun Aug 21 21:00:28 +0000 2016", "hashtags": [], "user_mentions": [{"id_str": "2557521", "screen_name": "espn", "name": "ESPN", "id": 2557521}, {"id_str": "42384760", "screen_name": "carmeloanthony", "name": "Carmelo Anthony", "id": 42384760}], "source": "<a href=\"http://twitter.com/download/android\" rel=\"nofollow\">Twitter for Android</a>", "in_reply_to_status_id": 767463109778894848, "in_reply_to_screen_name": "espn", "user": {"profile_use_background_image": true, "id": 2812347871, "profile_image_url_https": "https://pbs.twimg.com/profile_images/787895277143281664/bD-d8FZn_normal.jpg", "profile_sidebar_fill_color": "DDEEF6", "geo_enabled": true, "profile_text_color": "333333", "followers_count": 7, "id_str": "2812347871", "profile_background_color": "C0DEED", "statuses_count": 3732, "description": "I live anywhere you don't.", "friends_count": 71, "profile_link_color": "1DA1F2", "profile_image_url": "http://pbs.twimg.com/profile_images/787895277143281664/bD-d8FZn_normal.jpg", "profile_background_image_url_https": "https://abs.twimg.com/images/themes/theme1/bg.png", "profile_background_image_url": "http://abs.twimg.com/images/themes/theme1/bg.png", "name": "Joe Hackbarth", "lang": "en", "favourites_count": 921, "screen_name": "JaeHalla", "created_at": "Tue Sep 16 02:31:07 +0000 2014", "profile_sidebar_border_color": "C0DEED", "default_profile": true}, "urls": [], "id": 767466421831938048, "favorite_count": 1, "id_str": "767466421831938048"}