{"lang": "en", "in_reply_to_user_id": 2557521, "text": "@espn Congrats@ #USA GOLD #Rio2016", "created_at": "Sun Aug 21 20:44:38 +0000 2016", "hashtags": [{"text": "USA"}, {"text": "Rio2016"}], "user_mentions": [{"id_str": "2557521", "screen_name": "espn", "name": "ESPN", "id": 2557521}], "source": "<a href=\"http://twitter.com\" rel=\"nofollow\">Twitter Web Client</a>", "in_reply_to_status_id": 767462297270968321, "in_reply_to_screen_name": "espn", "user": {"profile_use_background_image": true, "id": 137390682, "profile_image_url_https": "https://pbs.twimg.com/profile_images/853179368/301-2215_w_normal.jpg", "profile_sidebar_fill_color": "C0DFEC", "profile_text_color": "333333", "followers_count": 4247, "location": "New York", "profile_background_color": "022330", "id_str": "137390682", "statuses_count": 65890, "description": "Writer, Producer, Lyricist, Philosopher, Traveler, Amateur Chef, Inventor, Tech, Sports, Fitness. A family friendly New York #Giants website currently on hiatus", "friends_count": 4994, "profile_link_color": "0084B4", "profile_image_url": "http://pbs.twimg.com/profile_images/853179368/301-2215_w_normal.jpg", "profile_background_image_url_https": "https://abs.twimg.com/images/themes/theme15/bg.png", "profile_banner_url": "https://pbs.twimg.com/profile_banners/137390682/1401388194", "profile_background_image_url": "http://abs.twimg.com/images/themes/theme15/bg.png", "name": "Robert", "lang": "en", "profile_background_tile": true, "favourites_count": 42747, "screen_name": "nygreporter", "url": "http://t.co/sQMtfYrzkk", "created_at": "Mon Apr 26 16:22:55 +0000 2010", "profile_sidebar_border_color": "A8C7F7", "listed_count": 192}, "urls": [], "id": 767462436060459009, "id_str": "767462436060459009"}