{"lang": "en", "in_reply_to_user_id": 2557521, "text": "@espn. It's very close I see \ud83d\ude09", "created_at": "Sun Aug 21 19:41:24 +0000 2016", "hashtags": [], "user_mentions": [{"id_str": "2557521", "screen_name": "espn", "name": "ESPN", "id": 2557521}], "source": "<a href=\"http://twitter.com/download/iphone\" rel=\"nofollow\">Twitter for iPhone</a>", "in_reply_to_status_id": 767444114229059584, "in_reply_to_screen_name": "espn", "user": {"profile_use_background_image": true, "id": 28598725, "profile_image_url_https": "https://pbs.twimg.com/profile_images/1635554206/281649_10150265396136359_707646358_7860013_5857348_n_normal.jpg", "profile_sidebar_fill_color": "DDEEF6", "geo_enabled": true, "profile_text_color": "333333", "followers_count": 2419, "location": "Enfield, London ", "profile_background_color": "C0DEED", "id_str": "28598725", "statuses_count": 19283, "description": "Man United is life the rest is mere basics. I am an avid United Fan and not afraid to defend my Team. United I stand.", "friends_count": 2533, "profile_link_color": "1DA1F2", "profile_image_url": "http://pbs.twimg.com/profile_images/1635554206/281649_10150265396136359_707646358_7860013_5857348_n_normal.jpg", "profile_background_image_url_https": "https://abs.twimg.com/images/themes/theme1/bg.png", "profile_banner_url": "https://pbs.twimg.com/profile_banners/28598725/1495969656", "profile_background_image_url": "http://abs.twimg.com/images/themes/theme1/bg.png", "name": "Sharon Stephenson", "lang": "en", "favourites_count": 2327, "screen_name": "shazzstevo", "created_at": "Fri Apr 03 16:35:35 +0000 2009", "profile_sidebar_border_color": "C0DEED", "default_profile": true, "listed_count": 29}, "urls": [], "id": 767446524288704512, "id_str": "767446524288704512"}