{"lang": "en", "in_reply_to_user_id": 15754281, "text": "@USATODAY @Simone_Biles @Aly_Raisman @USATODAYsports have fun ladies. \u2764 \ud83d\udc99 proud to have you represent the USA.", "created_at": "Mon Aug 22 02:13:13 +0000 2016", "hashtags": [], "user_mentions": [{"id_str": "15754281", "screen_name": "USATODAY", "name": "USA TODAY", "id": 15754281}, {"id_str": "173677727", "screen_name": "Simone_Biles", "name": "Simone Biles", "id": 173677727}, {"id_str": "372891057", "screen_name": "Aly_Raisman", "name": "Alexandra Raisman", "id": 372891057}, {"id_str": "15764001", "screen_name": "usatodaysports", "name": "USA TODAY Sports", "id": 15764001}], "source": "<a href=\"http://twitter.com/download/android\" rel=\"nofollow\">Twitter for Android</a>", "in_reply_to_status_id": 767520433247809536, "in_reply_to_screen_name": "USATODAY", "user": {"lang": "en", "default_profile": true, "id_str": "765348850789777408", "statuses_count": 133, "screen_name": "alice_daugh", "friends_count": 72, "profile_use_background_image": true, "profile_link_color": "1DA1F2", "created_at": "Tue Aug 16 00:46:00 +0000 2016", "profile_sidebar_fill_color": "DDEEF6", "profile_image_url": "http://pbs.twimg.com/profile_images/765420974384648192/WHbvrr8y_normal.jpg", "profile_image_url_https": "https://pbs.twimg.com/profile_images/765420974384648192/WHbvrr8y_normal.jpg", "profile_text_color": "333333", "followers_count": 2, "profile_sidebar_border_color": "C0DEED", "location": "St. Louis,  MO ", "profile_background_color": "F5F8FA", "favourites_count": 602, "id": 765348850789777408, "name": "Alice Larkin - Daugh"}, "urls": [], "id": 767545126084222976, "id_str": "767545126084222976"}