{"lang": "en", "in_reply_to_user_id": 2557521, "text": "@espn And my question is are they going to eat the fish? Or release it at least?", "created_at": "Mon Aug 22 14:04:18 +0000 2016", "hashtags": [], "user_mentions": [{"id_str": "2557521", "screen_name": "espn", "name": "ESPN", "id": 2557521}], "source": "<a href=\"http://twitter.com\" rel=\"nofollow\">Twitter Web Client</a>", "in_reply_to_status_id": 767715489485205505, "in_reply_to_screen_name": "espn", "user": {"lang": "en", "default_profile": true, "id_str": "759826269601206272", "statuses_count": 160, "screen_name": "StayGoode", "friends_count": 141, "profile_use_background_image": true, "profile_link_color": "1DA1F2", "created_at": "Sun Jul 31 19:01:14 +0000 2016", "profile_sidebar_fill_color": "DDEEF6", "profile_image_url": "http://pbs.twimg.com/profile_images/769871466582118400/kmfRRY1-_normal.jpg", "name": "Smyles P. Goode", "profile_text_color": "333333", "followers_count": 7, "profile_sidebar_border_color": "C0DEED", "profile_image_url_https": "https://pbs.twimg.com/profile_images/769871466582118400/kmfRRY1-_normal.jpg", "profile_background_color": "F5F8FA", "favourites_count": 23, "listed_count": 3, "id": 759826269601206272, "description": "Muslim. Polygamist. Loving Husband. Doting Father. Diligent Employee. Network Architect. Devoted Servant of God. Committed son."}, "urls": [], "id": 767724079491219456, "id_str": "767724079491219456"}