{"lang": "en", "in_reply_to_user_id": 5988062, "text": "@TheEconomist The RIGHT: YOU are WRRONG!! We can always wash our hands with Flint water! Ask the party of WATERGATE! https://t.co/Z967liuFRf", "created_at": "Mon Aug 22 14:10:00 +0000 2016", "hashtags": [], "user_mentions": [{"id_str": "5988062", "screen_name": "TheEconomist", "name": "The Economist", "id": 5988062}], "source": "<a href=\"http://twitter.com\" rel=\"nofollow\">Twitter Web Client</a>", "in_reply_to_status_id": 767668607803359234, "in_reply_to_screen_name": "TheEconomist", "user": {"profile_use_background_image": true, "id": 53323830, "profile_image_url_https": "https://pbs.twimg.com/profile_images/919726619324850176/8TTYsYKG_normal.jpg", "profile_sidebar_fill_color": "F6F6F6", "geo_enabled": true, "profile_text_color": "333333", "followers_count": 19, "location": "California,USA", "profile_background_color": "ACDED6", "id_str": "53323830", "statuses_count": 4624, "description": "Creative solutions https://t.co/B8QLYlwJop", "friends_count": 32, "profile_link_color": "3B94D9", "profile_image_url": "http://pbs.twimg.com/profile_images/919726619324850176/8TTYsYKG_normal.jpg", "profile_background_image_url_https": "https://abs.twimg.com/images/themes/theme18/bg.gif", "profile_banner_url": "https://pbs.twimg.com/profile_banners/53323830/1508092528", "profile_background_image_url": "http://abs.twimg.com/images/themes/theme18/bg.gif", "name": "hasuCP", "lang": "en", "favourites_count": 579, "screen_name": "hasucares", "created_at": "Fri Jul 03 07:27:51 +0000 2009", "profile_sidebar_border_color": "EEEEEE", "listed_count": 6}, "urls": [], "media": [{"expanded_url": "https://twitter.com/hasucares/status/767725510747185152/photo/1", "display_url": "pic.twitter.com/Z967liuFRf", "url": "https://t.co/Z967liuFRf", "media_url_https": "https://pbs.twimg.com/media/CqeCCV-VIAE4LEH.jpg", "sizes": {"large": {"h": 1536, "resize": "fit", "w": 2048}, "small": {"h": 510, "resize": "fit", "w": 680}, "medium": {"h": 900, "resize": "fit", "w": 1200}, "thumb": {"h": 150, "resize": "crop", "w": 150}}, "type": "photo", "id": 767725238259884033, "media_url": "http://pbs.twimg.com/media/CqeCCV-VIAE4LEH.jpg"}], "id": 767725510747185152, "id_str": "767725510747185152"}