{"lang": "und", "in_reply_to_user_id": 2557521, "text": "@espn @morin0512", "created_at": "Mon Aug 22 18:53:24 +0000 2016", "hashtags": [], "user_mentions": [{"id_str": "2557521", "screen_name": "espn", "name": "ESPN", "id": 2557521}], "source": "<a href=\"http://twitter.com/download/android\" rel=\"nofollow\">Twitter for Android</a>", "in_reply_to_status_id": 767715489485205505, "in_reply_to_screen_name": "espn", "user": {"profile_use_background_image": true, "id": 463210797, "profile_image_url_https": "https://pbs.twimg.com/profile_images/932766825145946112/ZvgoAPHF_normal.jpg", "profile_sidebar_fill_color": "EFEFEF", "profile_text_color": "333333", "followers_count": 240, "id_str": "463210797", "profile_background_color": "131516", "listed_count": 1, "statuses_count": 12542, "description": "1st off snacks over everythang\n2nd I got arthritis and I wear crocs....", "friends_count": 251, "profile_link_color": "20E638", "profile_image_url": "http://pbs.twimg.com/profile_images/932766825145946112/ZvgoAPHF_normal.jpg", "profile_background_image_url_https": "https://abs.twimg.com/images/themes/theme14/bg.gif", "profile_banner_url": "https://pbs.twimg.com/profile_banners/463210797/1439569526", "profile_background_image_url": "http://abs.twimg.com/images/themes/theme14/bg.gif", "name": "Croc Gawd \ud83d\udc0a", "lang": "en", "profile_background_tile": true, "favourites_count": 2486, "screen_name": "letter_before_Y", "created_at": "Fri Jan 13 21:13:57 +0000 2012", "profile_sidebar_border_color": "FFFFFF"}, "urls": [], "id": 767796833741438976, "id_str": "767796833741438976"}