{"lang": "en", "in_reply_to_user_id": 20694720, "text": "@VanOlympics @Reuters He is  not a Real nothing", "created_at": "Mon Aug 22 18:07:47 +0000 2016", "hashtags": [], "user_mentions": [{"id_str": "20694720", "screen_name": "VanOlympics", "name": "Vancouver \u26f7 Olympicks", "id": 20694720}, {"id_str": "1652541", "screen_name": "Reuters", "name": "Reuters Top News", "id": 1652541}], "source": "<a href=\"http://twitter.com/download/android\" rel=\"nofollow\">Twitter for Android</a>", "in_reply_to_status_id": 767585955112824832, "in_reply_to_screen_name": "VanOlympics", "user": {"profile_use_background_image": true, "id": 704139441783205889, "profile_image_url_https": "https://pbs.twimg.com/profile_images/1003166005907152896/zumiPefV_normal.jpg", "profile_sidebar_fill_color": "DDEEF6", "profile_text_color": "333333", "followers_count": 122, "id_str": "704139441783205889", "profile_background_color": "F5F8FA", "location": "Tonal\u00e1, Jalisco", "statuses_count": 19568, "friends_count": 113, "profile_link_color": "1DA1F2", "profile_image_url": "http://pbs.twimg.com/profile_images/1003166005907152896/zumiPefV_normal.jpg", "geo_enabled": true, "profile_banner_url": "https://pbs.twimg.com/profile_banners/704139441783205889/1528008389", "name": "Tess Aguirre", "lang": "es", "favourites_count": 15614, "screen_name": "tessyaguirreM", "created_at": "Mon Feb 29 03:01:40 +0000 2016", "profile_sidebar_border_color": "C0DEED", "default_profile": true}, "urls": [], "id": 767785354195722240, "id_str": "767785354195722240"}