{"lang": "en", "text": "Minor leaguer hits grand slam, later finds out that he broke his own windshield https://t.co/SmT03oXcY0 https://t.co/iZwGsrZgoP", "created_at": "Mon Aug 22 22:07:00 +0000 2016", "hashtags": [], "user_mentions": [], "source": "<a href=\"https://www.sprinklr.com\" rel=\"nofollow\">Sprinklr</a>", "user": {"id": 759251, "verified": true, "profile_image_url_https": "https://pbs.twimg.com/profile_images/508960761826131968/LnvhR8ED_normal.png", "profile_sidebar_fill_color": "EEEEEE", "geo_enabled": true, "profile_text_color": "000000", "followers_count": 40450533, "id_str": "759251", "profile_background_color": "323232", "listed_count": 134949, "statuses_count": 204449, "description": "It\u2019s our job to #GoThere & tell the most difficult stories. Join us! For more breaking news updates follow @CNNBRK  & Download our app \ud83d\udcf2https://t.co/Xgo5kjIt8c", "friends_count": 1116, "profile_link_color": "004287", "profile_image_url": "http://pbs.twimg.com/profile_images/508960761826131968/LnvhR8ED_normal.png", "profile_background_image_url_https": "https://abs.twimg.com/images/themes/theme1/bg.png", "profile_banner_url": "https://pbs.twimg.com/profile_banners/759251/1508752874", "profile_background_image_url": "http://abs.twimg.com/images/themes/theme1/bg.png", "name": "CNN", "lang": "en", "favourites_count": 1453, "screen_name": "CNN", "url": "http://t.co/IaghNW8Xm2", "created_at": "Fri Feb 09 00:35:02 +0000 2007", "profile_sidebar_border_color": "000000", "following": true}, "urls": [{"url": "https://t.co/SmT03oXcY0", "expanded_url": "http://cnn.it/2bHRj8N"}], "media": [{"expanded_url": "https://twitter.com/CNN/status/767845555313774593/photo/1", "display_url": "pic.twitter.com/iZwGsrZgoP", "url": "https://t.co/iZwGsrZgoP", "media_url_https": "https://pbs.twimg.com/media/CqfvdmsWcAABWqX.jpg", "sizes": {"large": {"h": 360, "resize": "fit", "w": 640}, "small": {"h": 360, "resize": "fit", "w": 640}, "medium": {"h": 360, "resize": "fit", "w": 640}, "thumb": {"h": 150, "resize": "crop", "w": 150}}, "type": "photo", "id": 767845553371770880, "media_url": "http://pbs.twimg.com/media/CqfvdmsWcAABWqX.jpg"}], "retweet_count": 709, "id": 767845555313774593, "favorite_count": 1334, "id_str": "767845555313774593"}