{"lang": "en", "in_reply_to_user_id": 9300262, "text": "@politico cuz Americans who \"get caught\" aren't heroes &amp; worth getting back? Who will U pay ransom 2, good guys? @SenJohnMcCain @mike_pence", "created_at": "Mon Aug 22 21:46:53 +0000 2016", "hashtags": [], "user_mentions": [{"id_str": "9300262", "screen_name": "politico", "name": "POLITICO", "id": 9300262}, {"id_str": "19394188", "screen_name": "SenJohnMcCain", "name": "John McCain", "id": 19394188}, {"id_str": "22203756", "screen_name": "mike_pence", "name": "Mike Pence", "id": 22203756}], "source": "<a href=\"http://twitter.com/download/android\" rel=\"nofollow\">Twitter for Android</a>", "in_reply_to_status_id": 767823175480647681, "in_reply_to_screen_name": "politico", "user": {"profile_use_background_image": true, "id": 2978294676, "profile_image_url_https": "https://pbs.twimg.com/profile_images/1032143499645181952/x22tRACR_normal.jpg", "profile_sidebar_fill_color": "DDEEF6", "geo_enabled": true, "profile_text_color": "333333", "followers_count": 401, "location": "los angeles ", "profile_background_color": "C0DEED", "id_str": "2978294676", "statuses_count": 4269, "description": "#BabylonSister", "friends_count": 614, "profile_link_color": "1DA1F2", "profile_image_url": "http://pbs.twimg.com/profile_images/1032143499645181952/x22tRACR_normal.jpg", "profile_background_image_url_https": "https://abs.twimg.com/images/themes/theme1/bg.png", "profile_banner_url": "https://pbs.twimg.com/profile_banners/2978294676/1534917161", "profile_background_image_url": "http://abs.twimg.com/images/themes/theme1/bg.png", "name": "julie brown", "lang": "en", "favourites_count": 19110, "screen_name": "blondjuliebrown", "created_at": "Tue Jan 13 03:20:50 +0000 2015", "profile_sidebar_border_color": "C0DEED", "default_profile": true, "listed_count": 10}, "urls": [], "id": 767840492406976513, "id_str": "767840492406976513"}