{"lang": "en", "text": "Mike Pence: \"When Donald Trump becomes president, we won't be pay ransom to terrorists or terror-sponsoring states.\" https://t.co/SorH4eK3lv", "created_at": "Mon Aug 22 20:38:05 +0000 2016", "hashtags": [], "user_mentions": [], "source": "<a href=\"http://www.snapstream.com\" rel=\"nofollow\">SnapStream TV Search</a>", "user": {"id": 9300262, "verified": true, "profile_image_url_https": "https://pbs.twimg.com/profile_images/677177503694237697/y6yTzWn6_normal.png", "profile_sidebar_fill_color": "DDEEF6", "geo_enabled": true, "profile_text_color": "333333", "followers_count": 3648754, "location": "Washington, D.C.", "profile_background_color": "E6E6E6", "id_str": "9300262", "statuses_count": 287412, "description": "Nobody knows politics like POLITICO. Got a news tip for us? \n\ud83d\udc49 https://t.co/fp9nugJuND", "friends_count": 1383, "profile_link_color": "DD2E44", "profile_image_url": "http://pbs.twimg.com/profile_images/677177503694237697/y6yTzWn6_normal.png", "profile_background_image_url_https": "https://abs.twimg.com/images/themes/theme1/bg.png", "profile_banner_url": "https://pbs.twimg.com/profile_banners/9300262/1479760803", "profile_background_image_url": "http://abs.twimg.com/images/themes/theme1/bg.png", "name": "POLITICO", "lang": "en", "profile_background_tile": true, "favourites_count": 22, "screen_name": "politico", "url": "https://t.co/PPMyQsPlIg", "created_at": "Mon Oct 08 00:29:38 +0000 2007", "profile_sidebar_border_color": "FFFFFF", "listed_count": 38297}, "urls": [], "media": [{"expanded_url": "https://twitter.com/politico/status/767823175480647681/video/1", "display_url": "pic.twitter.com/SorH4eK3lv", "url": "https://t.co/SorH4eK3lv", "media_url_https": "https://pbs.twimg.com/ext_tw_video_thumb/767822961671831552/pu/img/-v-PoeoLIGg-ex3y.jpg", "video_info": {"aspect_ratio": [16, 9], "duration_millis": 113480, "variants": [{"url": "https://video.twimg.com/ext_tw_video/767822961671831552/pu/vid/320x180/ML9RBX-1RRv7Dpd8.mp4", "bitrate": 320000, "content_type": "video/mp4"}, {"url": "https://video.twimg.com/ext_tw_video/767822961671831552/pu/vid/640x360/HIHExn1ALYHvjbMm.mp4", "bitrate": 832000, "content_type": "video/mp4"}, {"url": "https://video.twimg.com/ext_tw_video/767822961671831552/pu/pl/7QTjgm-NVauZzvJm.m3u8", "content_type": "application/x-mpegURL"}]}, "sizes": {"large": {"h": 360, "resize": "fit", "w": 640}, "small": {"h": 360, "resize": "fit", "w": 640}, "medium": {"h": 360, "resize": "fit", "w": 640}, "thumb": {"h": 150, "resize": "crop", "w": 150}}, "type": "video", "id": 767822961671831552, "media_url": "http://pbs.twimg.com/ext_tw_video_thumb/767822961671831552/pu/img/-v-PoeoLIGg-ex3y.jpg"}], "retweet_count": 1901, "id": 767823175480647681, "favorite_count": 3579, "id_str": "767823175480647681"}