{"lang": "en", "in_reply_to_user_id": 9300262, "text": "@politico @mike_pence @CNNPolitics @realDonaldTrump WE WONT HAVE 2..WE R BUILDING A WALL &amp; DEPORTING...THERE WONT B ANY THREATS...RIGHT ?", "created_at": "Mon Aug 22 22:39:54 +0000 2016", "hashtags": [], "user_mentions": [{"id_str": "9300262", "screen_name": "politico", "name": "POLITICO", "id": 9300262}, {"id_str": "22203756", "screen_name": "mike_pence", "name": "Mike Pence", "id": 22203756}, {"id_str": "13850422", "screen_name": "CNNPolitics", "name": "CNN Politics", "id": 13850422}, {"id_str": "25073877", "screen_name": "realDonaldTrump", "name": "Donald J. Trump", "id": 25073877}], "source": "<a href=\"http://twitter.com/#!/download/ipad\" rel=\"nofollow\">Twitter for iPad</a>", "in_reply_to_status_id": 767823175480647681, "in_reply_to_screen_name": "politico", "user": {"profile_use_background_image": true, "id": 205947849, "profile_image_url_https": "https://pbs.twimg.com/profile_images/1390307652/1007111_normal.jpg", "profile_sidebar_fill_color": "DDEEF6", "geo_enabled": true, "profile_text_color": "333333", "followers_count": 224, "location": "Pgh, PA", "profile_background_color": "C0DEED", "id_str": "205947849", "statuses_count": 16731, "description": "Advocate for morals, manners, fairness and freedom.", "friends_count": 799, "profile_link_color": "1DA1F2", "profile_image_url": "http://pbs.twimg.com/profile_images/1390307652/1007111_normal.jpg", "profile_background_image_url_https": "https://abs.twimg.com/images/themes/theme1/bg.png", "profile_background_image_url": "http://abs.twimg.com/images/themes/theme1/bg.png", "name": "Leslee Bloom", "lang": "en", "favourites_count": 4559, "screen_name": "2simplyb", "created_at": "Thu Oct 21 23:28:12 +0000 2010", "profile_sidebar_border_color": "C0DEED", "default_profile": true, "listed_count": 9}, "urls": [], "id": 767853832760012800, "id_str": "767853832760012800"}