{"lang": "en", "in_reply_to_user_id": 759251, "text": "@CNN How does he know he did that?  How do we know the whole story isnt bullshit?  #MSM", "created_at": "Mon Aug 22 22:10:21 +0000 2016", "hashtags": [{"text": "MSM"}], "user_mentions": [{"id_str": "759251", "screen_name": "CNN", "name": "CNN", "id": 759251}], "source": "<a href=\"http://twitter.com\" rel=\"nofollow\">Twitter Web Client</a>", "in_reply_to_status_id": 767845555313774593, "in_reply_to_screen_name": "CNN", "user": {"profile_use_background_image": true, "id": 264530860, "profile_image_url_https": "https://pbs.twimg.com/profile_images/1004860820218662913/1YW_jxfQ_normal.jpg", "profile_sidebar_fill_color": "0D1654", "profile_text_color": "889DF0", "followers_count": 1171, "location": "Scotland", "profile_background_color": "2E3042", "id_str": "264530860", "statuses_count": 43988, "description": "Software engineer, wildlife rescue volunteer, composer, dabbler in electronics and 3d printing", "friends_count": 1465, "profile_link_color": "A0AABA", "profile_image_url": "http://pbs.twimg.com/profile_images/1004860820218662913/1YW_jxfQ_normal.jpg", "profile_background_image_url_https": "https://abs.twimg.com/images/themes/theme2/bg.gif", "profile_banner_url": "https://pbs.twimg.com/profile_banners/264530860/1468039939", "profile_background_image_url": "http://abs.twimg.com/images/themes/theme2/bg.gif", "name": "Raven Luni", "lang": "en", "favourites_count": 35371, "screen_name": "Raven_Luni", "created_at": "Sat Mar 12 02:03:13 +0000 2011", "profile_sidebar_border_color": "000000", "listed_count": 35}, "urls": [], "id": 767846395378294785, "favorite_count": 2, "id_str": "767846395378294785"}