{"lang": "en", "in_reply_to_user_id": 9300262, "text": "@politico @Brainykid2010 We'll be too busy fighting all of the countries he's pissed off. And not protecting the ones we agreed to.", "created_at": "Mon Aug 22 23:11:02 +0000 2016", "hashtags": [], "user_mentions": [{"id_str": "9300262", "screen_name": "politico", "name": "POLITICO", "id": 9300262}, {"id_str": "2819993218", "screen_name": "Brainykid2010", "name": "Luv America", "id": 2819993218}], "source": "<a href=\"http://twitter.com/download/android\" rel=\"nofollow\">Twitter for Android</a>", "in_reply_to_status_id": 767823175480647681, "in_reply_to_screen_name": "politico", "user": {"profile_use_background_image": true, "id": 154963826, "profile_image_url_https": "https://pbs.twimg.com/profile_images/1035610806186995712/qb4L7kJW_normal.jpg", "profile_sidebar_fill_color": "7AC3EE", "geo_enabled": true, "profile_text_color": "1F2AFF", "followers_count": 194, "location": "New Mexico, USA", "profile_background_color": "702726", "id_str": "154963826", "statuses_count": 10326, "description": "Someone has to be the one.", "friends_count": 534, "profile_link_color": "FF0000", "profile_image_url": "http://pbs.twimg.com/profile_images/1035610806186995712/qb4L7kJW_normal.jpg", "profile_background_image_url_https": "https://abs.twimg.com/images/themes/theme9/bg.gif", "profile_banner_url": "https://pbs.twimg.com/profile_banners/154963826/1353973604", "profile_background_image_url": "http://abs.twimg.com/images/themes/theme9/bg.gif", "name": "Michael Alexander", "lang": "en", "profile_background_tile": true, "favourites_count": 6566, "screen_name": "twtoreason", "created_at": "Sat Jun 12 18:28:55 +0000 2010", "profile_sidebar_border_color": "65B0DA", "listed_count": 2}, "urls": [], "place": {"full_name": "Albuquerque, NM", "url": "https://api.twitter.com/1.1/geo/id/813a485b26b8dae2.json", "country": "United States", "place_type": "city", "bounding_box": {"type": "Polygon", "coordinates": [[[-106.7916912, 35.0158912], [-106.473745, 35.0158912], [-106.473745, 35.218114], [-106.7916912, 35.218114]]]}, "contained_within": [], "country_code": "US", "attributes": {}, "id": "813a485b26b8dae2", "name": "Albuquerque"}, "id": 767861669108166656, "id_str": "767861669108166656"}