{"lang": "en", "in_reply_to_user_id": 1377719425, "text": "@assholeofday And he thinks he's a prime cut??", "created_at": "Sun Sep 18 15:20:17 +0000 2016", "hashtags": [], "user_mentions": [{"id_str": "1377719425", "screen_name": "assholeofday", "name": "Some Asshole", "id": 1377719425}], "source": "<a href=\"http://twitter.com/#!/download/ipad\" rel=\"nofollow\">Twitter for iPad</a>", "in_reply_to_status_id": 566999951449001984, "in_reply_to_screen_name": "assholeofday", "user": {"profile_use_background_image": true, "id": 279234955, "profile_image_url_https": "https://pbs.twimg.com/profile_images/966172718818213888/Wj8xwbjX_normal.jpg", "profile_sidebar_fill_color": "DDEEF6", "profile_text_color": "333333", "followers_count": 1731, "id_str": "279234955", "profile_background_color": "C0DEED", "location": "Chicago", "statuses_count": 28849, "description": "#TheResistance, #NotMypresident, #NeverMypresident", "friends_count": 2936, "profile_link_color": "1DA1F2", "profile_image_url": "http://pbs.twimg.com/profile_images/966172718818213888/Wj8xwbjX_normal.jpg", "profile_background_image_url_https": "https://abs.twimg.com/images/themes/theme1/bg.png", "profile_background_image_url": "http://abs.twimg.com/images/themes/theme1/bg.png", "name": "Joelle", "lang": "en", "favourites_count": 31654, "screen_name": "Jo18327", "created_at": "Fri Apr 08 21:28:33 +0000 2011", "profile_sidebar_border_color": "C0DEED", "default_profile": true, "listed_count": 2}, "urls": [], "id": 777527673283342336, "id_str": "777527673283342336"}