{"lang": "en", "in_reply_to_user_id": 7900962, "text": "@lhfang what the fuck", "created_at": "Tue Sep 27 21:46:55 +0000 2016", "hashtags": [], "user_mentions": [{"id_str": "7900962", "screen_name": "lhfang", "name": "Lee Fang", "id": 7900962}], "source": "<a href=\"http://twitter.com/download/android\" rel=\"nofollow\">Twitter for Android</a>", "in_reply_to_status_id": 780882510645370880, "in_reply_to_screen_name": "lhfang", "user": {"profile_use_background_image": true, "id": 63353506, "profile_image_url_https": "https://pbs.twimg.com/profile_images/1018447049065299968/k7e7hbk-_normal.jpg", "profile_sidebar_fill_color": "F6FFD1", "geo_enabled": true, "profile_text_color": "333333", "followers_count": 2916, "location": "\ud83c\udf0e", "profile_background_color": "FFF04D", "id_str": "63353506", "statuses_count": 9401, "description": "i feel therefore i think", "friends_count": 1721, "profile_link_color": "0099CC", "profile_image_url": "http://pbs.twimg.com/profile_images/1018447049065299968/k7e7hbk-_normal.jpg", "profile_background_image_url_https": "https://abs.twimg.com/images/themes/theme14/bg.gif", "profile_banner_url": "https://pbs.twimg.com/profile_banners/63353506/1485123130", "profile_background_image_url": "http://abs.twimg.com/images/themes/theme14/bg.gif", "name": "Cory Albertson", "lang": "en", "profile_background_tile": true, "favourites_count": 18211, "screen_name": "coryalbertson", "created_at": "Thu Aug 06 03:17:24 +0000 2009", "profile_sidebar_border_color": "FFF8AD", "listed_count": 132}, "urls": [], "id": 780886463965560832, "favorite_count": 13, "id_str": "780886463965560832"}