{"lang": "en", "in_reply_to_user_id": 7900962, "text": "@lhfang Seems as though she is implying a detrimental chemical interaction between marijuana and other medications.", "created_at": "Tue Sep 27 21:42:19 +0000 2016", "hashtags": [], "user_mentions": [{"id_str": "7900962", "screen_name": "lhfang", "name": "Lee Fang", "id": 7900962}], "source": "<a href=\"http://twitter.com/download/iphone\" rel=\"nofollow\">Twitter for iPhone</a>", "in_reply_to_status_id": 780882510645370880, "in_reply_to_screen_name": "lhfang", "user": {"profile_use_background_image": true, "id": 132937267, "profile_image_url_https": "https://pbs.twimg.com/profile_images/1248183577/pond_skating_normal.jpg", "profile_sidebar_fill_color": "DDEEF6", "geo_enabled": true, "profile_text_color": "333333", "followers_count": 950, "id_str": "132937267", "profile_background_color": "C0DEED", "listed_count": 47, "statuses_count": 25555, "description": "Full-time hockey addict, part-time writer, part-time sieve. **Hockey tweets will take a back seat to more urgent matters until conditions are more stable**", "friends_count": 454, "profile_link_color": "0084B4", "profile_image_url": "http://pbs.twimg.com/profile_images/1248183577/pond_skating_normal.jpg", "profile_background_image_url_https": "https://abs.twimg.com/images/themes/theme1/bg.png", "profile_banner_url": "https://pbs.twimg.com/profile_banners/132937267/1426990022", "profile_background_image_url": "http://abs.twimg.com/images/themes/theme1/bg.png", "name": "Brian Sullivan", "lang": "en", "favourites_count": 120, "screen_name": "SullivanHockey", "created_at": "Wed Apr 14 15:36:17 +0000 2010", "profile_sidebar_border_color": "C0DEED"}, "urls": [], "id": 780885304186114048, "favorite_count": 6, "id_str": "780885304186114048"}