{"lang": "en", "in_reply_to_user_id": 7900962, "text": "@lhfang so wrong.", "created_at": "Wed Sep 28 17:14:09 +0000 2016", "hashtags": [], "user_mentions": [{"id_str": "7900962", "screen_name": "lhfang", "name": "Lee Fang", "id": 7900962}], "source": "<a href=\"http://twitter.com\" rel=\"nofollow\">Twitter Web Client</a>", "in_reply_to_status_id": 780882510645370880, "in_reply_to_screen_name": "lhfang", "user": {"profile_use_background_image": true, "id": 2452281002, "profile_image_url_https": "https://pbs.twimg.com/profile_images/787885574963154946/ymPgibjY_normal.jpg", "profile_sidebar_fill_color": "DDEEF6", "profile_text_color": "333333", "followers_count": 2059, "location": "National", "profile_background_color": "C0DEED", "id_str": "2452281002", "statuses_count": 5396, "description": "Cannabis Ceremonies for self-actualization & emotional healing.  Subscribe & join me. Becca", "friends_count": 143, "profile_link_color": "1DA1F2", "profile_image_url": "http://pbs.twimg.com/profile_images/787885574963154946/ymPgibjY_normal.jpg", "profile_background_image_url_https": "https://abs.twimg.com/images/themes/theme1/bg.png", "profile_banner_url": "https://pbs.twimg.com/profile_banners/2452281002/1479417381", "profile_background_image_url": "http://abs.twimg.com/images/themes/theme1/bg.png", "name": "Becca Williams", "lang": "en", "favourites_count": 730, "screen_name": "Canna_naut", "url": "https://t.co/X7fY12kY2Q", "created_at": "Sat Apr 19 02:57:21 +0000 2014", "profile_sidebar_border_color": "C0DEED", "default_profile": true, "listed_count": 110}, "urls": [], "id": 781180205951922176, "id_str": "781180205951922176"}