{"lang": "en", "in_reply_to_user_id": 7900962, "text": "@lhfang @BricksnBullets Did she ever inhale?", "created_at": "Thu Sep 29 05:32:58 +0000 2016", "hashtags": [], "user_mentions": [{"id_str": "7900962", "screen_name": "lhfang", "name": "Lee Fang", "id": 7900962}, {"id_str": "785315185", "screen_name": "BricksnBullets", "name": "Bricks & Bullets", "id": 785315185}], "source": "<a href=\"http://twitter.com\" rel=\"nofollow\">Twitter Web Client</a>", "in_reply_to_status_id": 780882510645370880, "in_reply_to_screen_name": "lhfang", "user": {"id": 31359323, "profile_image_url_https": "https://pbs.twimg.com/profile_images/1044706088531124224/tEZ6JX2b_normal.jpg", "profile_sidebar_fill_color": "000000", "geo_enabled": true, "profile_text_color": "000000", "followers_count": 1087, "location": "Los Angeles, CA", "profile_background_color": "000000", "id_str": "31359323", "statuses_count": 21395, "description": "What we've got here is - failure to communicate.", "friends_count": 532, "profile_link_color": "ABB8C2", "profile_image_url": "http://pbs.twimg.com/profile_images/1044706088531124224/tEZ6JX2b_normal.jpg", "profile_background_image_url_https": "https://abs.twimg.com/images/themes/theme2/bg.gif", "profile_banner_url": "https://pbs.twimg.com/profile_banners/31359323/1537794728", "profile_background_image_url": "http://abs.twimg.com/images/themes/theme2/bg.gif", "name": "Jim", "lang": "en", "favourites_count": 552, "screen_name": "DearAnxiety_", "created_at": "Wed Apr 15 06:54:39 +0000 2009", "profile_sidebar_border_color": "000000", "listed_count": 35}, "urls": [], "id": 781366134251462656, "favorite_count": 1, "id_str": "781366134251462656"}